{"type":"FeatureCollection","metadata":{"countryCode":"IT","countryNameTr":"İtalya","coverage":"İtalya ana karası, Sicilya ve Sardinya","source":"European Commission, Eurostat/GISCO — Countries 2024","sourceUrl":"https://gisco-services.ec.europa.eu/distribution/v2/countries/geojson/CNTR_RG_01M_2024_4326.geojson","scale":"1:1 million","crs":"EPSG:4326","copyright":"© EuroGeographics for the administrative boundaries"},"features":[{"type":"Feature","properties":{"countryCode":"IT","countryNameTr":"İtalya","coverage":"İtalya ana karası, Sicilya ve Sardinya","source":"Eurostat/GISCO Countries 2024","copyright":"© EuroGeographics for the administrative boundaries"},"geometry":{"type":"MultiPolygon","coordinates":[[[[12.15310346900003,47.07984759500005],[12.186345053000025,47.091723400000035],[12.225678966000032,47.08216235300006],[12.240745397000069,47.06916836200003],[12.217890745000034,47.05795212500004],[12.216700511000056,47.05150552400005],[12.215477527000075,47.04488154200004],[12.204869105000057,47.027030007000064],[12.176342064000039,47.024097752000046],[12.164346365000029,47.01950805000007],[12.152064790000054,47.02296165900003],[12.147045104000028,47.02437320700005],[12.127584133000028,47.01391127800008],[12.121343714000034,47.00700202000007],[12.129333226000028,46.99387099200004],[12.129497442000059,46.993601098000056],[12.129492506000076,46.99335246900006],[12.12932717700005,46.98502445300005],[12.132482939000056,46.98361734900004],[12.137432237000041,46.981410537000045],[12.136577014000068,46.97028941000008],[12.136299544000053,46.96668124900003],[12.132544247000055,46.963062996000076],[12.138808064000045,46.95668795900008],[12.14652774700005,46.95410003000006],[12.157685619000063,46.95035948900005],[12.168118683000046,46.93725273300004],[12.159622919000071,46.92633377800007],[12.153265103000024,46.918162564000056],[12.143811034000066,46.91377993900005],[12.162320657000066,46.90770192900004],[12.168940959000054,46.90930171700006],[12.169851751000067,46.90952180900007],[12.188914512000053,46.90615434600005],[12.19821779700004,46.89706582600007],[12.198758645000055,46.89507798400007],[12.200770821000049,46.88768239600006],[12.218508818000032,46.87394894400006],[12.221584051000036,46.87812416600008],[12.222204400000066,46.87896641000003],[12.224126372000057,46.87931126700005],[12.231893717000048,46.88070495100004],[12.233962061000057,46.88390390300003],[12.237056819000031,46.88869033000003],[12.241603009000073,46.890232181000044],[12.271917812000027,46.88503906900007],[12.277168207000045,46.87986061700008],[12.277136894000023,46.87409865600006],[12.277125582000053,46.872017120000066],[12.27949767900003,46.87091759100008],[12.29184662700004,46.86519353300008],[12.290068867000059,46.85700331500004],[12.290290567000056,46.85637460400005],[12.292243158000076,46.850837306000074],[12.29684035300005,46.84406738300004],[12.300203871000065,46.84301681900007],[12.305505783000058,46.841360816000076],[12.30527975800004,46.833841850000056],[12.291574016000027,46.822067477000076],[12.284225569000057,46.815754549000076],[12.286839409000038,46.81080098700005],[12.291080902000033,46.80276281600004],[12.290084230000048,46.801028994000035],[12.286534947000064,46.794854619000034],[12.285757604000025,46.794494549000035],[12.280237638000074,46.79193766800006],[12.28591967400007,46.78318612800007],[12.29994799900004,46.78387978400008],[12.310458874000062,46.78439951300004],[12.331046695000055,46.77937087300006],[12.357430626000053,46.77496853500003],[12.365062090000038,46.753499429000044],[12.369241915000032,46.74174059600006],[12.378458711000064,46.721960231000025],[12.384059282000067,46.71633195000004],[12.414616109000065,46.70075056400003],[12.427037116000065,46.69908997700003],[12.42946224700006,46.69470221500006],[12.44180592300006,46.68934113100005],[12.458287403000043,46.68762734500007],[12.474051234000058,46.68598818300006],[12.47792408600003,46.67983561400007],[12.487797235000073,46.676821034000056],[12.494179520000046,46.67810127100006],[12.502103348000048,46.67969072900007],[12.517229100000066,46.678006226000036],[12.527040804000023,46.67405773300004],[12.533337298000049,46.66942466900008],[12.547098561000041,46.65929890500007],[12.551243415000044,46.658757990000026],[12.570071314000074,46.65145339400004],[12.574758134000035,46.65431844400007],[12.577923788000021,46.656253606000064],[12.588712342000065,46.65630743000003],[12.60297515600007,46.65637858600007],[12.614687480000043,46.660009838000065],[12.619733863000022,46.66157440200004],[12.631036989000052,46.66138950000004],[12.632981724000047,46.65773844300003],[12.634256707000077,46.65534478300003],[12.642803505000074,46.65235402900004],[12.650696741000047,46.65434559200003],[12.66251920600007,46.657328550000045],[12.690635196000073,46.656972041000074],[12.700325895000049,46.65144003700004],[12.715524494000022,46.648882152000056],[12.724883270000078,46.640879615000074],[12.731393018000063,46.63428810100004],[12.743348163000064,46.63720885500004],[12.746411696000052,46.64078935400005],[12.748457656000028,46.64318056600007],[12.757039629000076,46.64711870700006],[12.776962669000056,46.64632549800007],[12.793742236000071,46.642487317000075],[12.797164185000042,46.63988504200006],[12.800367268000059,46.63744920700003],[12.807852309000054,46.631757090000065],[12.819440203000056,46.62870295700003],[12.824589746000072,46.62965088800007],[12.830026246000045,46.63065164200003],[12.835552563000022,46.627508797000075],[12.834915274000025,46.61850526500007],[12.834356408000076,46.610609675000035],[12.841108960000042,46.60697776100005],[12.853393082000025,46.60491553900005],[12.856955482000046,46.60611465800008],[12.866441825000038,46.60930780100006],[12.888080415000047,46.60664060700003],[12.890212026000029,46.60722356000008],[12.928944130000048,46.61027602300004],[12.94503279600002,46.60390615100005],[12.947414421000076,46.60296321100003],[12.949961374000054,46.60378256900003],[12.956815217000042,46.60598745800007],[12.970315736000032,46.60327219000004],[12.988162859000056,46.59968272000003],[13.000218286000063,46.60210537700004],[13.007859034000035,46.59973220900008],[13.022417365000024,46.601365196000074],[13.032229441000027,46.59631033100004],[13.056068147000076,46.597593569000026],[13.070636320000062,46.59951599800007],[13.080350582000051,46.60051310600005],[13.08760630200004,46.60125786100008],[13.092065167000044,46.59955953100007],[13.103575061000072,46.59517554400003],[13.145951489000026,46.58788959700007],[13.160799605000022,46.58855171300007],[13.16860052900006,46.58889957700006],[13.169231319000062,46.58674416500003],[13.169774910000058,46.58488671300006],[13.18040893500006,46.57771813900007],[13.195280374000049,46.571925391000036],[13.201625110000066,46.572177037000074],[13.203336101000048,46.572244899000054],[13.218055634000052,46.56947232700003],[13.230903799000032,46.56014221500004],[13.231229703000054,46.55886418100005],[13.23256684100005,46.55362058900005],[13.239470133000054,46.552706442000044],[13.243404842000075,46.55508191500007],[13.251221078000071,46.559800755000026],[13.260736763000068,46.557868864000056],[13.27126019000002,46.560882621000076],[13.284053712000059,46.55837658300004],[13.297437998000078,46.55984950800007],[13.308503306000034,46.55430253800006],[13.308524551000062,46.55429188800008],[13.320895566000047,46.55226290000007],[13.327116425000042,46.556843995000065],[13.343491576000076,46.56890279800007],[13.352351421000037,46.567039616000045],[13.353943703000027,46.56749668000003],[13.362892282000075,46.57006536500006],[13.369694801000037,46.56799265800004],[13.369233735000023,46.573568108000075],[13.36917427700007,46.574287112000036],[13.372988483000029,46.578642666000064],[13.388643668000043,46.576415644000065],[13.407061996000039,46.57095687300006],[13.40794253100006,46.565510749000055],[13.408548475000032,46.561762980000026],[13.423484875000042,46.55857501300005],[13.472776580000072,46.55744985800004],[13.504249360000074,46.566303849000064],[13.506515246000049,46.55640712500008],[13.514850379000052,46.548739013000045],[13.519894327000031,46.54690155000003],[13.533686526000054,46.550343259000044],[13.545913176000056,46.553394301000026],[13.562729795000052,46.55068884600007],[13.566419191000023,46.54533616500004],[13.566536289000055,46.54516627600003],[13.570039889000043,46.54008315200008],[13.574762541000041,46.53845813100003],[13.581073057000026,46.54111555700007],[13.592415125000059,46.54589182400008],[13.62189451300003,46.54219683400004],[13.663763366000069,46.52704506300006],[13.676337505000049,46.522494652000034],[13.71418508100004,46.52270344000004],[13.715734249000036,46.507440089000056],[13.703221976000066,46.49908413800006],[13.70398188400003,46.485258815000066],[13.70829481900006,46.48052504100008],[13.694325622000065,46.467558516000054],[13.697865427000067,46.455562677000046],[13.692774917000065,46.44335065800004],[13.684031874000027,46.43747236200005],[13.656664224000053,46.440161905000025],[13.651046313000052,46.442626103000066],[13.645011359000023,46.445273229000065],[13.597062786000038,46.43847143000005],[13.582086545000038,46.428972344000044],[13.57873089900005,46.41711488800007],[13.57654332900006,46.40938492400005],[13.566536289000055,46.39925597300004],[13.542979356000046,46.39158770600005],[13.537048345000073,46.38603052700006],[13.529043460000025,46.38713945000006],[13.527119012000071,46.387406045000034],[13.517680105000068,46.38330151400004],[13.516923157000065,46.38297235400006],[13.517743910000036,46.37814892500006],[13.49803027300004,46.370990429000074],[13.482399848000057,46.36887421100005],[13.469799728000055,46.36126733200007],[13.455714373000035,46.362372795000056],[13.45047934400003,46.36278365600003],[13.439664050000033,46.35968387400004],[13.437749058000065,46.35431267600006],[13.44402635800003,46.34321566300008],[13.448263156000053,46.335725850000074],[13.447762280000063,46.33225998200004],[13.438348444000042,46.32241120100008],[13.433552011000074,46.32237458700007],[13.426206586000035,46.322318514000074],[13.418469455000036,46.31812013200005],[13.415644856000029,46.313292303000026],[13.416292579000071,46.30986130300005],[13.416988653000033,46.306174189000046],[13.410855424000033,46.30591930400004],[13.40668015700004,46.30574578800008],[13.402879967000047,46.300137007000046],[13.375492661000067,46.29823262300005],[13.376797199000066,46.29456203700005],[13.380000993000067,46.28992546000006],[13.381744836000053,46.28984503700008],[13.386406240000042,46.28963006200007],[13.391181842000037,46.283027107000066],[13.392872766000039,46.272694914000056],[13.393918338000049,46.26630606700007],[13.40668015700004,46.24309622000004],[13.40909397200005,46.24143108000004],[13.416451856000037,46.23635533500004],[13.42187701100005,46.23261285900003],[13.417955102000064,46.230270121000046],[13.412630153000066,46.227089283000055],[13.415906089000032,46.22158503600008],[13.410166484000058,46.215447605000065],[13.410719681000046,46.21235584200008],[13.423357018000047,46.20605403800005],[13.445954379000057,46.21331115100003],[13.447581462000073,46.21650146800005],[13.446562975000063,46.22004467200003],[13.44517713600004,46.224865856000065],[13.45510411500004,46.225855617000036],[13.491486526000074,46.22295871500006],[13.496673137000073,46.22004579500003],[13.50424229500004,46.215794781000056],[13.512734598000065,46.21673710400006],[13.52771746600007,46.218399634000036],[13.529139142000076,46.21335773900006],[13.529461604000062,46.21221414300004],[13.538131706000058,46.21150525400003],[13.547771960000034,46.210717043000045],[13.559001311000031,46.20525679600007],[13.564310117000048,46.19535705900006],[13.566536289000055,46.19120574600004],[13.569079051000074,46.186464063000074],[13.574114544000054,46.18556650600004],[13.584173770000064,46.18903117100007],[13.588435782000033,46.19049912200006],[13.589195962000076,46.18931149800005],[13.589853921000042,46.18828357400008],[13.611233166000034,46.18894086000006],[13.614582208000058,46.18432588700006],[13.622435407000069,46.18683586600008],[13.625239264000072,46.18807197000007],[13.633614378000061,46.19179083000006],[13.658118290000061,46.18431725700003],[13.665529794000065,46.17526417500005],[13.664051766000057,46.170440609000025],[13.653471124000077,46.15862960700008],[13.654521445000057,46.15559749100004],[13.654995117000055,46.154230073000065],[13.652413310000043,46.14771052000003],[13.643102111000076,46.136881610000046],[13.638397819000033,46.135404822000055],[13.63342758400006,46.13384454800007],[13.628382835000025,46.12910604700005],[13.622790504000022,46.123853206000035],[13.605506908000052,46.11471857500004],[13.60247927200004,46.11311842500004],[13.601930585000048,46.112469299000054],[13.595270084000049,46.104589582000074],[13.580557129000056,46.09865172200006],[13.573237290000066,46.08964117600004],[13.566536289000055,46.08790625300003],[13.560314272000028,46.08629534100004],[13.544392723000044,46.08217317100008],[13.530244727000024,46.067383550000045],[13.502114457000062,46.06144776000008],[13.497262789000047,46.05775409800003],[13.496939053000062,46.05133502700005],[13.497737588000064,46.04826913000005],[13.499012481000022,46.04785047400003],[13.506476044000067,46.04539955000007],[13.509648300000038,46.041069607000054],[13.497418966000055,46.01725368000007],[13.487015261000067,46.013632639000036],[13.481269247000057,46.01163272100007],[13.477247833000035,46.006023612000035],[13.494983245000071,45.986665369000036],[13.50154587700007,45.981033283000045],[13.506466009000064,45.98039372900007],[13.51306732300003,45.97953564300008],[13.526537881000024,45.972318580000035],[13.527166865000027,45.971173530000044],[13.529359015000068,45.96718277300005],[13.541470856000046,45.96516074200008],[13.545931367000037,45.96764174600003],[13.550310215000025,45.97007732800006],[13.558018407000077,45.96967042600005],[13.566536289000055,45.969220782000036],[13.574291882000068,45.97674115500007],[13.585442525000076,45.98755361100007],[13.604540063000059,45.98682215400004],[13.620869162000076,45.98459602600008],[13.633541150000042,45.988344426000026],[13.641793722000045,45.98307225100007],[13.633354162000046,45.94978114600008],[13.637172391000036,45.938025613000036],[13.614059544000042,45.90761020600007],[13.611410263000039,45.90376807400003],[13.607418346000031,45.89873194900008],[13.595525130000055,45.89393486300003],[13.586661,45.88071213200004],[13.592119506000074,45.87483063500008],[13.576201703000038,45.853469999000026],[13.575945432000026,45.843768011000066],[13.587976688000026,45.83523465500008],[13.597137159000056,45.819470729000045],[13.596242761000042,45.80793732800004],[13.625601347000043,45.79756728400008],[13.62995111400005,45.79861937900006],[13.635636986000065,45.79999464300005],[13.66670434100007,45.799309004000065],[13.672818704000065,45.79455122000007],[13.675796741000056,45.792233913000075],[13.676769258000036,45.79237581900003],[13.681030083000053,45.79299754300007],[13.708288689000028,45.77501941700007],[13.721295612000063,45.769315617000075],[13.745343753000043,45.755867237000075],[13.759087492000049,45.75585820500004],[13.761192086000051,45.755856822000055],[13.762862553000048,45.75443425900005],[13.767383366000047,45.75058435300008],[13.779293512000038,45.74823653200008],[13.789371318000065,45.74624991700006],[13.799406823000027,45.74020470100004],[13.802797763000058,45.73514141700008],[13.810254018000023,45.72400788400006],[13.825221163000037,45.713529891000064],[13.832572889000062,45.70838319600006],[13.835142746000031,45.69913035700006],[13.834363318000044,45.69643188200007],[13.832470016000059,45.689877040000056],[13.854681682000034,45.670093647000044],[13.87408128800007,45.65502456400003],[13.890672204000055,45.647115358000065],[13.89832621000005,45.64346654700006],[13.898685555000043,45.643424794000055],[13.915995267000028,45.635032710000075],[13.917666802000042,45.63159935900006],[13.890672204000055,45.617736308000076],[13.87946204800005,45.61197934200004],[13.869098217000044,45.60921497600003],[13.865859257000068,45.59777586300004],[13.854355896000072,45.592245942000034],[13.849824151000064,45.58501443500006],[13.821810463000077,45.58168543100004],[13.782482634000075,45.583891563000066],[13.747980003000066,45.597333107000054],[13.735415188000047,45.59616097600008],[13.723158649000027,45.59480677000005],[13.720977580000067,45.60460194600006],[13.73372555700007,45.60972713500007],[13.763354739000022,45.606476514000065],[13.77636676700007,45.60189549800003],[13.784028152000076,45.59919823100006],[13.804405283000051,45.60937839400003],[13.789679230000047,45.61373304700004],[13.780381168000076,45.61648258500003],[13.774394180000058,45.623641451000026],[13.77472330200004,45.62509899300005],[13.776131500000076,45.631335300000046],[13.773410076000062,45.634444193000036],[13.768469596000045,45.635289313000044],[13.765340379000065,45.63222966300003],[13.763646874000074,45.630573807000076],[13.759406030000036,45.63054376700006],[13.760296064000045,45.634455100000025],[13.752733008000064,45.63734645900007],[13.749819539000043,45.64413182800007],[13.757491609000056,45.646795273000066],[13.760488071000054,45.647835529000076],[13.767211628000041,45.65451802700005],[13.746091044000025,45.68617199400006],[13.732203587000072,45.696383258000026],[13.731095649000054,45.69676700500003],[13.720030674000043,45.70059948100004],[13.71378309000005,45.70276340100003],[13.709549335000077,45.711736321000046],[13.675796741000056,45.736165967000034],[13.673666238000067,45.73770799500005],[13.668336040000042,45.74156591600007],[13.66773362300006,45.74193731100007],[13.641593416000035,45.75805295100008],[13.63519653800006,45.76513275100007],[13.630711692000034,45.770096393000074],[13.613555630000064,45.771028339000054],[13.604353678000052,45.77152820400005],[13.593303092000042,45.77492837600005],[13.579783203000034,45.78695155400004],[13.578818025000032,45.77711207300007],[13.575982658000044,45.776158269000064],[13.566536289000055,45.77798101900004],[13.562582937000059,45.77874385000007],[13.55717487000004,45.783554999000046],[13.54921411500004,45.790637082000046],[13.541461230000039,45.79136582800004],[13.534449874000074,45.78688133600008],[13.536345170000061,45.780253275000064],[13.527940809000029,45.77182566700003],[13.521222131000059,45.762005663000025],[13.521626178000076,45.75178834600007],[13.524581647000048,45.74817261000004],[13.519191843000044,45.74710883600005],[13.518511677000049,45.743636921000075],[13.526023587000054,45.73744302600005],[13.528901308000059,45.736538160000066],[13.553193431000068,45.72889978300003],[13.550806882000074,45.726813237000044],[13.546886474000075,45.72376568300007],[13.530870914000047,45.722408709000035],[13.527349946000072,45.72211038300003],[13.48638969600006,45.705316382000035],[13.46968890900007,45.70613423200007],[13.458136430000025,45.693038830000035],[13.453715852000073,45.69051342200004],[13.430265754000061,45.677116745000035],[13.403293190000056,45.67608402900004],[13.387426059000063,45.67547651400008],[13.381126860000052,45.677923348000036],[13.376082384000028,45.679882803000055],[13.380283303000056,45.682885105000025],[13.390049059000035,45.681819879000045],[13.399976329000026,45.68073703500005],[13.402736833000063,45.68167617200004],[13.41124729300003,45.68457147300006],[13.418905075000055,45.69186312200003],[13.42963573700007,45.68981013600006],[13.439020700000071,45.68801460900005],[13.444102608000037,45.691390727000055],[13.445707945000038,45.69880984900004],[13.458884449000038,45.708049634000076],[13.447650647000046,45.718229594000036],[13.431161018000068,45.71634693400006],[13.428092721000041,45.715996619000066],[13.40668015700004,45.72524406900004],[13.389592077000032,45.72431173800004],[13.36579153300005,45.732726436000064],[13.353668619000075,45.735111963000065],[13.31963660200006,45.74378002700007],[13.313979666000023,45.748505642000055],[13.274373027000024,45.74807724800007],[13.270710592000057,45.75305590700003],[13.25481394600007,45.75029969000008],[13.239361336000059,45.75305752600008],[13.237588287000051,45.75523656400003],[13.22786878100004,45.75712596200003],[13.226925923000067,45.75942310800008],[13.221848462000025,45.771793659000025],[13.215398361000041,45.77185283600005],[13.206746702000032,45.767346417000056],[13.204800078000062,45.766332472000045],[13.199536650000027,45.76950579800007],[13.193330985000046,45.773247199000025],[13.184230011000068,45.77324124100005],[13.181679372000076,45.76512788400004],[13.180507821000049,45.76369262600008],[13.179341453000063,45.76226371800004],[13.176079239000046,45.76233972600005],[13.167792174000056,45.76253281100003],[13.165458903000058,45.75921717500006],[13.165356060000022,45.75906387100008],[13.161750227000027,45.753688828000065],[13.15428141600006,45.75500248600008],[13.145273829000075,45.751331194000045],[13.138902608000024,45.755623204000074],[13.139631507000047,45.75737098900004],[13.14040144300003,45.75921717500006],[13.133485553000071,45.765348233000054],[13.130852834000052,45.77184447900004],[13.123535035000032,45.76311508200007],[13.11237604200005,45.75772750900006],[13.114591197000038,45.75394028800008],[13.11544298800004,45.752483992000066],[13.107237928000075,45.743959853000035],[13.105818890000023,45.73720035000008],[13.099321411000062,45.73575116300003],[13.092360473000042,45.73419860700005],[13.087790865000045,45.722016162000045],[13.08674549500006,45.71922923400007],[13.085022070000036,45.71871801700007],[13.080068320000066,45.71724859300008],[13.080599703000075,45.71345016400005],[13.080826654000077,45.71182787600003],[13.079478786000038,45.71211494600004],[13.070583975000034,45.714009367000074],[13.06950209100006,45.71261240700005],[13.068458067000051,45.71049918600005],[13.077026645000046,45.69670496100008],[13.076452801000073,45.69102449400003],[13.098103537000043,45.68938860600008],[13.111585028000036,45.68616142400003],[13.119192328000054,45.68822754000007],[13.133517681000058,45.692118255000025],[13.145292175000066,45.69892770300004],[13.152192184000057,45.69884190500005],[13.152496151000037,45.69435002500006],[13.147328457000071,45.68871663300007],[13.122484094000072,45.67305483000007],[13.117786761000048,45.670093647000044],[13.109409197000048,45.66247125900003],[13.098785273000033,45.64453290000006],[13.098994447000052,45.638344533000065],[13.095099339000058,45.63571231600008],[13.07887267700005,45.63426990700003],[12.978331268000034,45.625332653000044],[12.922425786000076,45.61390638300003],[12.908430834000058,45.61426852300008],[12.902479658000061,45.60937346700007],[12.889195742000027,45.59844696700003],[12.800367268000059,45.56188262200004],[12.788383641000053,45.55694981700003],[12.787842254000054,45.55672696700003],[12.787485124000057,45.556536976000075],[12.761764979000077,45.54285403000006],[12.719412641000076,45.52501312800007],[12.712020559000052,45.523244197000054],[12.686193631000037,45.51706379400008],[12.648235632000024,45.50484684700007],[12.617529416000025,45.49366625300007],[12.591714277000051,45.482510355000045],[12.583967241000039,45.47916250700007],[12.569522359000075,45.47499651500004],[12.473177600000042,45.447210099000074],[12.45289942200003,45.43832840700003],[12.444875343000035,45.43279296700007],[12.434418486000027,45.42557926600006],[12.427630771000054,45.42886910800007],[12.42165895900007,45.43736764500005],[12.424451220000037,45.44699149200005],[12.437496059000068,45.45836005800004],[12.446345880000024,45.47076294200008],[12.460209215000077,45.47406417800005],[12.469080420000068,45.47617665300004],[12.477018646000033,45.48411936200006],[12.477724680000051,45.48825418500007],[12.478193358000055,45.49099895200004],[12.483445170000039,45.49366625300007],[12.486962078000033,45.49911210500005],[12.495566781000036,45.498344221000025],[12.50277537900007,45.49770092600005],[12.507608785000059,45.501744753000025],[12.509204616000034,45.50307989100003],[12.51201330300006,45.502988541000036],[12.523935668000036,45.502600777000055],[12.531242533000068,45.49904921900003],[12.543508305000046,45.49909363000006],[12.552915289000055,45.49366625300007],[12.553549331000056,45.48596247200004],[12.562547308000035,45.48731246500006],[12.574682086000053,45.49366625300007],[12.572849203000033,45.495946083000035],[12.569808226000077,45.49972859800005],[12.575881125000024,45.50442021200007],[12.588253348000023,45.50663207400004],[12.602830953000023,45.51493257900006],[12.614953333000074,45.514194846000066],[12.623031327000035,45.513703242000076],[12.631189755000037,45.52318907400007],[12.630826396000032,45.53411524200004],[12.618510637000043,45.53727583700004],[12.599461955000038,45.53726181300004],[12.593357009000044,45.53243419700004],[12.585662099000047,45.52634928300006],[12.579601488000037,45.526535213000045],[12.585682993000034,45.537453568000046],[12.588962877000029,45.53980733000003],[12.596632287000034,45.54531117300007],[12.584892054000022,45.548565015000065],[12.574263573000053,45.551510731000064],[12.571447507000073,45.55460253900003],[12.562281098000028,45.564666497000076],[12.558074351000073,45.56060800300003],[12.556833877000031,45.559411245000035],[12.550489005000031,45.563871017000054],[12.542520772000046,45.564806754000074],[12.541011689000072,45.56827030900007],[12.537985484000046,45.57521587200006],[12.473621907000052,45.562061881000034],[12.458411825000042,45.55294186800006],[12.45808962600006,45.54907131700003],[12.45782450200005,45.54588641300006],[12.45220914500004,45.54490866800006],[12.451869786000032,45.54484957900007],[12.451765266000052,45.54459445700007],[12.448583036000059,45.53682698600005],[12.439905269000064,45.53542125300004],[12.435467814000049,45.52890895300004],[12.430361310000023,45.52704414400006],[12.42792761100003,45.52801728000003],[12.428685770000072,45.53530914300006],[12.428494795000063,45.53560001300008],[12.424490632000072,45.54169865800003],[12.414890695000054,45.54387826100003],[12.41030439800005,45.54052699700003],[12.409451407000063,45.53684474100004],[12.408388563000074,45.532256576000066],[12.406139852000024,45.534844314000054],[12.404459419000034,45.53677809900006],[12.395981654000025,45.53192661400004],[12.394519765000041,45.527824914000064],[12.391407212000047,45.519091857000035],[12.380348913000034,45.51926466100008],[12.371473758000036,45.51940334900007],[12.347538420000035,45.49944467100005],[12.338942872000075,45.49227720300007],[12.332211371000028,45.49123116800007],[12.332251366000037,45.49270891000003],[12.332369822000032,45.49708569100005],[12.304592408000076,45.482197158000076],[12.299483788000032,45.47945896700003],[12.296206943000072,45.47901027200004],[12.281668702000047,45.47701956800006],[12.282406093000077,45.47045523200006],[12.282805765000035,45.46689730500003],[12.273883652000052,45.45142426600006],[12.266878561000055,45.453066111000055],[12.260969915000032,45.454450972000075],[12.259839913000064,45.44156265400005],[12.257808127000033,45.418388967000055],[12.254132595000044,45.41693629500003],[12.246696790000044,45.41963485100007],[12.237663028000043,45.42291332700006],[12.194124723000073,45.412724094000055],[12.16584258100005,45.39081728800005],[12.174372941000058,45.384238595000056],[12.18622502900007,45.37509815400006],[12.18404993400003,45.36839639900006],[12.176967984000044,45.36745008300005],[12.163763734000042,45.37200618900005],[12.160315484000023,45.376971722000064],[12.153025575000072,45.387469303000046],[12.146261288000062,45.39064653600008],[12.144128078000051,45.38282668200003],[12.148123078000026,45.37037355900003],[12.149547004000055,45.36882848700003],[12.156110538000064,45.361706534000064],[12.147369479000076,45.36005190800006],[12.146888826000065,45.359960923000074],[12.141869876000044,45.35542223900006],[12.140202761000069,45.33116623600006],[12.139624603000073,45.32275421700007],[12.13711806200007,45.31873326600004],[12.133884650000027,45.313546279000036],[12.13256214100005,45.300370489000045],[12.129469842000049,45.26485398800003],[12.132660783000063,45.25913309200007],[12.147548248000021,45.26331330100004],[12.15879817900003,45.25426007200008],[12.173165751000056,45.25280624200008],[12.188880571000027,45.25776793600005],[12.200493965000021,45.257336888000054],[12.206340967000074,45.25752485700008],[12.213428056000055,45.25294221900003],[12.21289721200003,45.24565396500003],[12.208656818000065,45.240307347000055],[12.203107457000044,45.23331028400003],[12.208040004000054,45.22511931500003],[12.221588558000064,45.20262063500007],[12.216918109000062,45.20119878600008],[12.206457466000074,45.19801419700008],[12.206582623000031,45.196098876000065],[12.24724026000007,45.18451850200006],[12.258333616000073,45.18412093200004],[12.269019994000075,45.19286327000003],[12.264951719000067,45.20292454300005],[12.262191396000048,45.209751115000074],[12.267641955000045,45.20898291000003],[12.269961377000072,45.20865600900004],[12.274635624000041,45.22423046900008],[12.274989021000067,45.22540797900007],[12.280011604000038,45.22361130500008],[12.284483730000034,45.22201154100003],[12.283739622000041,45.21624351300005],[12.274603153000044,45.21378005100007],[12.27880658500004,45.204539658000044],[12.282365905000063,45.20316578500007],[12.292974710000067,45.222118316000035],[12.293153104000055,45.222437015000025],[12.294001239000067,45.22864226000007],[12.299634811000033,45.229244264000044],[12.299124328000062,45.219228875000056],[12.29896510900005,45.216105079000044],[12.302899930000024,45.201730489000056],[12.310912780000024,45.186454352000055],[12.32313315600004,45.17443108000003],[12.328435293000041,45.16921446200007],[12.330572226000072,45.160550605000026],[12.327198489000068,45.12690031500006],[12.332525223000061,45.10610179500003],[12.334157127000026,45.09972993800005],[12.332819525000048,45.09083657200006],[12.345930014000032,45.08477148900005],[12.355443315000059,45.07394121600004],[12.355830609000066,45.063163290000034],[12.34437164700006,45.05930810600006],[12.343117566000046,45.066393153000035],[12.338791466000032,45.069309187000044],[12.335558828000046,45.07394121600004],[12.32789738300005,45.08598764100003],[12.326346680000029,45.102789131000065],[12.323139887000025,45.11087361800003],[12.321300549000057,45.115510682000036],[12.312746687000072,45.12005626200005],[12.314602208000053,45.12556395900003],[12.31257167800004,45.13455871300005],[12.295847563000052,45.138411664000046],[12.292412813000055,45.13331322000005],[12.297197683000036,45.122692863000054],[12.274362395000026,45.11548438400007],[12.269340345000046,45.11060455300003],[12.262797490000025,45.09576092000003],[12.27654642400006,45.07920000900003],[12.289591657000074,45.07903221600003],[12.292873205000035,45.07899000700007],[12.301274084000056,45.07394121600004],[12.300651170000037,45.072133215000065],[12.295219821000046,45.07056412000003],[12.290047727000058,45.06906992200004],[12.283692680000058,45.062177543000075],[12.287286737000045,45.05613489700005],[12.310059812000077,45.04823597400008],[12.311477270000069,45.047744324000064],[12.333454761000041,45.044488096000066],[12.324730546000069,45.03160758900003],[12.315248739000026,45.026385282000035],[12.313359524000077,45.02534475700003],[12.300477318000048,45.011698541000044],[12.30112175100004,45.00128132400005],[12.308987407000075,44.99500325500003],[12.311738074000061,44.97223256700005],[12.313064336000025,44.967246749000026],[12.317004264000047,44.96556420700006],[12.321489603000032,44.96735351900003],[12.322207326000068,44.97223256700005],[12.333474168000066,44.980941905000066],[12.338791466000032,44.988925411000025],[12.339050159000067,44.98943869100003],[12.340906142000051,44.993121203000044],[12.349608146000037,44.99807456100007],[12.36142541700002,44.99829840700005],[12.36460117200005,44.99724816300005],[12.373932602000025,44.99416219400007],[12.381018120000022,44.99631831900007],[12.38233983300006,44.99986003500004],[12.379530388000035,45.00181116300007],[12.377830310000036,45.00299184800008],[12.386666433000073,45.00722116800006],[12.39341431500003,45.006054679000044],[12.401245969000058,45.004700842000034],[12.410737138000059,45.00831343600004],[12.410306129000048,45.011217533000035],[12.408913878000021,45.02059839800006],[12.405450328000029,45.02458928400006],[12.409930798000062,45.02980820700003],[12.419080355000062,45.027528790000076],[12.437360785000067,45.014025239000034],[12.447820286000024,44.99917278000004],[12.46449248700003,44.993274840000026],[12.473559170000044,44.97959786700005],[12.490991072000043,44.970956396000076],[12.495727801000044,44.95908869700003],[12.494045591000031,44.95259051800008],[12.489453315000048,44.93485110900008],[12.483684320000066,44.92633520800007],[12.483362305000071,44.89902077900007],[12.472376471000075,44.88973432200004],[12.463802094000073,44.88248629800006],[12.46367880200006,44.87728883800003],[12.463529621000077,44.87100001300007],[12.462859046000062,44.84273144700006],[12.452882275000036,44.82970984600007],[12.448001131000069,44.829869409000025],[12.454460909000034,44.83955165700007],[12.43710193100003,44.853686149000055],[12.440443221000066,44.86583386900003],[12.441097288000037,44.868211821000045],[12.439482234000025,44.87728883800003],[12.436393525000028,44.89464817000004],[12.424102706000042,44.898389671000075],[12.41029306300004,44.89500826600005],[12.393715273000055,44.87728883800003],[12.39124130700003,44.865997625000034],[12.40110284900004,44.84939383700004],[12.398004510000021,44.82856128100008],[12.401920734000043,44.825233326000046],[12.41737399300007,44.81210135300006],[12.416085959000043,44.80608700600004],[12.409169141000064,44.797918561000074],[12.399056638000047,44.792615339000065],[12.390411302000075,44.786527439000054],[12.379418732000033,44.784166535000054],[12.33218656200006,44.79390378700003],[12.332379394000043,44.796516058000066],[12.342690043000061,44.802342285000066],[12.343650815000046,44.802380362000065],[12.357910392000065,44.80294549400003],[12.359095326000045,44.80498625400003],[12.311796281000056,44.84202374200004],[12.286443104000057,44.84009884100004],[12.271335496000063,44.82672562700003],[12.270940058000065,44.81958540200003],[12.277283448000048,44.81759084000004],[12.278193446000046,44.81729237300004],[12.28427115900007,44.815298969000025],[12.276037054000028,44.804643964000036],[12.261672194000028,44.78605570900004],[12.252236887000038,44.76790422200003],[12.249556852000069,44.76274841500003],[12.24008010800003,44.70227571400005],[12.24046458500004,44.68740055600006],[12.248610883000026,44.674982500000056],[12.253437408000025,44.65187906700004],[12.269902172000059,44.62999512700003],[12.277140875000043,44.618361091000054],[12.27805752300003,44.60447202600005],[12.278330112000049,44.600341754000056],[12.279938292000054,44.598585945000025],[12.283100320000074,44.59513364600008],[12.28347576300007,44.57852727100004],[12.284038974000055,44.55361564900005],[12.281348666000042,44.54560483600005],[12.280694776000075,44.54365777500004],[12.279983879000042,44.51948544600003],[12.279907837000053,44.51689982700003],[12.288872881000032,44.46375113700003],[12.291638732000024,44.45771498500005],[12.294251029000066,44.45201394900005],[12.314269368000055,44.40832622700003],[12.32409203700007,44.36548706000008],[12.325220811000065,44.36056418800007],[12.334908836000068,44.33474717400003],[12.34751224100006,44.30116114200007],[12.351225444000022,44.288377567000055],[12.352858454000057,44.28275554700008],[12.36328474000004,44.257918208000035],[12.384282033000034,44.224726446000034],[12.39590916000003,44.21025841200003],[12.401806769000075,44.20813811700003],[12.40484271300005,44.207046641000034],[12.411044491000041,44.19939399700007],[12.421646077000048,44.18631224100005],[12.437019500000076,44.174128360000054],[12.439071631000047,44.17286444400003],[12.444666858000062,44.16941832100008],[12.445052296000028,44.167203347000054],[12.44510037200007,44.16692706900005],[12.450348990000066,44.16218967300006],[12.453630606000047,44.15932465900005],[12.503743605000068,44.115573519000066],[12.554611317000024,44.07898358600005],[12.56715787500002,44.075379146000046],[12.570991038000045,44.07622141300004],[12.576206032000073,44.077367312000035],[12.581551140000045,44.07240210300006],[12.583195853000063,44.07087428600005],[12.632169220000037,44.02538165400006],[12.688341766000065,43.98749241200005],[12.697972133000064,43.98226426200006],[12.720839845000057,43.97248866500007],[12.738439929000037,43.96807918600007],[12.750671434000026,43.97063326400007],[12.762154863000035,43.96687358500003],[12.787590599000055,43.96466849700005],[12.788451044000055,43.96461594900006],[12.800367268000059,43.963888214000065],[12.810982317000025,43.959237322000035],[12.891716468000027,43.92386434800005],[12.903499495000062,43.92238777100005],[12.908655384000042,43.92174166600006],[12.916770608000036,43.915739958000074],[12.963028918000077,43.88152909000007],[13.00330542000006,43.85570339700007],[13.012061265000057,43.852142283000035],[13.014507614000024,43.85255653100006],[13.020771229000047,43.853617169000074],[13.02620509600007,43.84674375000003],[13.068549911000048,43.82093353000005],[13.10845726100007,43.79182149400003],[13.13333854800004,43.773670829000025],[13.172615030000031,43.75034582400008],[13.219919508000032,43.721809664000034],[13.22365764500006,43.71911516500006],[13.250517371000058,43.69975431800003],[13.300303927000073,43.67222740900007],[13.348203744000045,43.65127653600007],[13.360027631000037,43.64741446000005],[13.385509575000071,43.639091207000035],[13.387679804000072,43.63800779300004],[13.41712923600005,43.623306144000026],[13.422791652000058,43.620479371000044],[13.452989657000046,43.61080581500005],[13.479504635000069,43.607159412000044],[13.492511634000039,43.613332686000035],[13.494567662000065,43.61944856300005],[13.495158815000025,43.62120701300006],[13.496474736000039,43.62059617300008],[13.50459079500007,43.61682876100008],[13.507592901000066,43.62240573400004],[13.503557325000031,43.624793054000065],[13.50354898200004,43.624853202000054],[13.502909111000065,43.62946636600003],[13.506070821000037,43.63057344400005],[13.53054854900006,43.61974780300005],[13.552200363000054,43.60242660200004],[13.564819703000069,43.588785958000074],[13.566536289000055,43.585133350000035],[13.570633346000022,43.57641549900006],[13.573295363000057,43.570751175000055],[13.584507256000052,43.56520224800005],[13.588016460000063,43.565164183000036],[13.594490117000078,43.56509396100006],[13.609017444000074,43.559281052000074],[13.627590750000024,43.546007915000075],[13.623417076000067,43.53691741000006],[13.621375560000047,43.532470870000054],[13.62397156700007,43.51600119100004],[13.624040108000031,43.51556634900004],[13.624037409000039,43.513517540000066],[13.624033965000024,43.510904064000044],[13.624020684000072,43.50082393500003],[13.642096372000026,43.474142491000066],[13.667004938000048,43.43198879800008],[13.679288690000021,43.40438185600004],[13.69892993700006,43.36004293500008],[13.700274403000037,43.35700788500003],[13.703709821000075,43.34925263700006],[13.720157174000065,43.321520391000035],[13.72369320100006,43.318567915000074],[13.729457344000025,43.31375503000004],[13.730400099000065,43.31295540600007],[13.734815259000072,43.30921056400007],[13.74297032000004,43.29414709300005],[13.778358161000028,43.23436403200003],[13.790692837000051,43.19894143800008],[13.805506060000027,43.172594470000035],[13.81083972500005,43.163107952000075],[13.829109782000046,43.126813051000056],[13.841848006000077,43.10317311700004],[13.845665064000059,43.09382451100004],[13.846695074000024,43.08013252500007],[13.849476116000062,43.06673911100006],[13.852372211000045,43.05445937700006],[13.865493007000055,43.009974699000054],[13.881870652000032,42.962624934000075],[13.890672204000055,42.94492010100004],[13.915740683000024,42.894493400000044],[13.919813060000024,42.89281320400005],[13.922479294000027,42.87786403500007],[13.925185827000064,42.867940600000054],[13.933343465000064,42.83803082500003],[13.940245729000026,42.814253601000075],[13.955239925000058,42.78161609800003],[13.960582991000024,42.77266726300007],[13.96718340800004,42.761612555000056],[13.980163493000077,42.73987285900006],[13.996010308000052,42.71121268200005],[14.005906950000053,42.69331385000004],[14.013837025000043,42.68372735100007],[14.038303834000033,42.654149947000064],[14.047271901000045,42.64035161500004],[14.059729814000036,42.62118378300005],[14.095935245000021,42.57896953200003],[14.116936683000063,42.555941559000075],[14.146269234000044,42.53050590200007],[14.151560304000043,42.52678447900007],[14.160954291000053,42.51785332900005],[14.18616012800004,42.49388937000003],[14.209098878000077,42.476147414000025],[14.228707731000043,42.46664317300008],[14.253960642000038,42.44479847500003],[14.320960054000068,42.40496684500005],[14.356999453000071,42.386057952000044],[14.377143514000068,42.37801282000004],[14.392245572000036,42.37198136200004],[14.39540276300005,42.368113263000055],[14.398811161000026,42.363937391000036],[14.399202127000024,42.36373380900005],[14.409689152000055,42.35827305000004],[14.413039183000024,42.346263058000034],[14.414011180000045,42.34277841200003],[14.418431008000027,42.339455308000026],[14.421063564000065,42.33747598700006],[14.424881146000075,42.33460568900006],[14.426152570000056,42.329706017000035],[14.427398264000033,42.324905502000036],[14.441350131000036,42.31206646800007],[14.471407869000075,42.29307505200006],[14.475772053000071,42.29031762500006],[14.501697883000077,42.27215910700005],[14.501393818000054,42.267870422000044],[14.501153608000038,42.26448238800003],[14.502637377000042,42.25877903000003],[14.511126809000075,42.25054061600008],[14.533690653000065,42.24054146000003],[14.536021266000034,42.23950865000006],[14.54445757600007,42.23577010400004],[14.547032860000058,42.23415954200004],[14.562264982000045,42.224633493000056],[14.607543874000044,42.20484205200006],[14.645983238000042,42.19245554200006],[14.647084078000034,42.192100813000025],[14.69718474800004,42.17525931400007],[14.715092540000057,42.171959808000054],[14.719108601000073,42.15667521000006],[14.719478726000034,42.13617677000008],[14.722449769000036,42.126077860000066],[14.721020807000059,42.11645536900005],[14.719430780000039,42.10574828800003],[14.728827307000074,42.09522274600005],[14.751555477000068,42.080771911000056],[14.779562767000073,42.07005935900003],[14.795511034000072,42.064963668000075],[14.82844530400007,42.04724906300004],[14.900232351000056,42.02140454700003],[14.960095764000073,42.009383558000025],[14.997347039000033,42.00508324900005],[15.004511028000024,41.99129313700007],[15.027237014000036,41.981076589000054],[15.057490061000067,41.96067420800006],[15.064259712000023,41.95297537400006],[15.08838238900006,41.938975054000025],[15.113398239000048,41.93296304000006],[15.138178679000077,41.92700760300005],[15.173650730000077,41.92165247500003],[15.176644500000066,41.92149183400005],[15.227081309000027,41.91878548300008],[15.273070361000066,41.919879681000054],[15.288144308000028,41.92023832900003],[15.323442051000029,41.917582104000076],[15.34123621200007,41.91607447400003],[15.34429680200003,41.913657870000065],[15.35245592900003,41.90721552400004],[15.36489709700004,41.90306781100003],[15.390494077000028,41.90064394600006],[15.455070673000023,41.903565306000075],[15.517946536000068,41.91106773400003],[15.592894974000046,41.92247309700008],[15.612852202000056,41.92551011100005],[15.640630099000077,41.92675896900005],[15.659894911000038,41.921628019000025],[15.675465562000056,41.917104219000066],[15.684139509000033,41.91458414500005],[15.737990443000058,41.91595690500003],[15.819315326000037,41.922420611000064],[15.933518825000021,41.934508623000056],[15.989941730000055,41.94560842200008],[16.004154524000057,41.94623370100004],[16.00949134500007,41.94900574900004],[16.011611755000047,41.95010713100004],[16.01907630000005,41.948719879000066],[16.035601066000027,41.94564882600008],[16.046202280000045,41.94655839400008],[16.060173602000077,41.94775711300008],[16.089030467000043,41.93883754400008],[16.092462399000055,41.93439783600007],[16.093708795000055,41.93278544000003],[16.103541230000076,41.92930551500007],[16.106617655000036,41.92821669700004],[16.107552723000026,41.92746165500006],[16.12298946800007,41.91499689600005],[16.141375596000046,41.91191516400005],[16.146844224000063,41.91099855700003],[16.152307440000072,41.90428068400007],[16.163989694000065,41.88991554000006],[16.172168834000047,41.88787396200007],[16.17998228500005,41.88592366200004],[16.177940444000058,41.87680446500008],[16.176146351000057,41.868791748000035],[16.177354926000078,41.85512416300003],[16.182139977000077,41.84542573600004],[16.18363792200006,41.84238967500005],[16.190317278000066,41.83649396900006],[16.189672322000035,41.828773960000035],[16.197884488000057,41.82589802600006],[16.19472012700004,41.82078679400007],[16.196722988000033,41.80353201200006],[16.194316635000064,41.799695592000035],[16.194906767000077,41.791392563000045],[16.190468646000056,41.788227205000055],[16.18863822000003,41.78692170800008],[16.189717607000034,41.78527653100008],[16.19164947300004,41.78233202600006],[16.187957667000035,41.773912051000025],[16.177569084000027,41.76757601200006],[16.17163693400005,41.76684837600004],[16.168667991000063,41.76648420600003],[16.16701733700006,41.76410199700007],[16.16482159800006,41.760933126000054],[16.162247922000063,41.75465503100003],[16.147883242000034,41.749207315000035],[16.142470657000047,41.742846762000056],[16.124607724000043,41.738889216000075],[16.12151751500005,41.73820457800008],[16.119908354000074,41.736095411000065],[16.116513712000028,41.73164597200008],[16.109583438000072,41.72995718400006],[16.10392723700005,41.72857886600008],[16.09802142500007,41.723083495000026],[16.08977015000005,41.71540566600004],[16.07922512600004,41.711908977000064],[16.073206350000078,41.709913175000054],[16.069582398000023,41.70324946800008],[16.06422562100005,41.69339945000007],[16.058924584000067,41.69197973400003],[16.053673703000072,41.690573451000034],[16.04305398300005,41.68361631700003],[16.039470082000037,41.68126845100005],[16.015831898000044,41.67021100300008],[16.010878167000044,41.66874646600007],[15.991924995000034,41.66314308800003],[15.938046749000023,41.63785450300003],[15.904298600000061,41.618693843000074],[15.897067891000063,41.60259703200006],[15.89479960600005,41.57230358800007],[15.900731209000071,41.54299151600003],[15.909377706000043,41.52465802000006],[15.923958538000022,41.49635293800003],[15.945288724000022,41.47133443400003],[15.958845015000065,41.46059124800007],[15.962631356000031,41.457590621000065],[15.993366166000044,41.43906632200003],[16.024738592000062,41.42559044500007],[16.13903603800003,41.384449338000024],[16.168916981000052,41.369465354000056],[16.202397486000052,41.35975617400004],[16.223505131000024,41.348529959000075],[16.233675086000062,41.34312101300003],[16.26894026100007,41.326331941000035],[16.275678049000078,41.32533685400006],[16.296203412000068,41.32230551300006],[16.354441287000043,41.30612165800005],[16.361259611000037,41.30304787400007],[16.37961789700006,41.29477173500004],[16.399200138000026,41.285943822000036],[16.407858481000062,41.28410207200005],[16.418437,41.28185187300005],[16.42380197800003,41.27761989000004],[16.430466482000043,41.27236281900008],[16.44099644000005,41.26986187400007],[16.449970551000035,41.26134144500003],[16.467671687000063,41.25573140500006],[16.477194990000044,41.25591177800004],[16.481017827000073,41.255984183000066],[16.484360865000042,41.25299833300005],[16.486816082000075,41.25080544400004],[16.491829305000067,41.249961873000075],[16.50183680300006,41.24827792000008],[16.506726014000037,41.24390528600003],[16.506810512000072,41.24382971600005],[16.50696338700004,41.24380877700003],[16.524416334000023,41.24141825500004],[16.534549688000027,41.23703806800006],[16.535866510000062,41.23349852600006],[16.54230254600003,41.22944085900008],[16.557654772000035,41.22532158200005],[16.56607731200006,41.21976595000007],[16.584785100000033,41.20742601400008],[16.598832036000033,41.20643673300003],[16.599508359000026,41.20638910200006],[16.60869606400007,41.20242266300005],[16.618056554000077,41.198381631000075],[16.627737101000037,41.19420242600006],[16.635248356000034,41.19434152100007],[16.640248276000023,41.19443411000003],[16.67258719800003,41.19061731100004],[16.67661038600005,41.188522883000076],[16.699309517000074,41.176705963000074],[16.732045397000036,41.169654355000034],[16.764645185000063,41.160546012000054],[16.772205963000033,41.16021475200006],[16.777562053000054,41.159980086000076],[16.784033484000076,41.15512250000006],[16.79282610200005,41.148522584000034],[16.809520940000027,41.14057582200007],[16.830645427000036,41.13676619800003],[16.83479604300004,41.137397658000054],[16.845640201000037,41.13904744900003],[16.848905211000044,41.13535955100008],[16.854356082000038,41.129202676000034],[16.86476186400006,41.13033618700007],[16.868139034000023,41.13258117400005],[16.871262451000064,41.134657479000055],[16.872297424000067,41.13143806800008],[16.873876093000035,41.12652742100005],[16.878947247000042,41.12276908600006],[16.930851602000075,41.10898051800007],[16.934878284000035,41.10791081600007],[16.949705037000058,41.10174957400005],[16.961707170000068,41.096762100000035],[16.972222422000073,41.09461739400007],[17.03342133900003,41.08213517300004],[17.05374480100005,41.07811826200003],[17.09219571400007,41.06296367400006],[17.092993372000024,41.062331811000035],[17.099801194000065,41.056939011000054],[17.144793322000055,41.036662388000025],[17.17167587700004,41.02931093600006],[17.177618230000064,41.027685907000034],[17.199301181000067,41.01056665800007],[17.201155474000075,41.00721508400005],[17.203401142000075,41.003156113000045],[17.212035435000075,41.00048779700006],[17.237435078000033,40.992638369000076],[17.239889677000065,40.99095271300007],[17.253115929000046,40.98186980000003],[17.25801494500007,40.97850548100007],[17.260299840000073,40.978613996000036],[17.261511117000055,40.97867152300006],[17.262338129000057,40.97769022800003],[17.265498011000034,40.97394085700006],[17.273239201000024,40.972749778000036],[17.277973083000063,40.97202141100007],[17.286392916000068,40.964295822000054],[17.305202708000024,40.954718815000035],[17.308201171000064,40.94774836900007],[17.31882469100003,40.94004035900008],[17.334459158000072,40.92869660100007],[17.347259657000052,40.91055162600003],[17.350636653000038,40.90576466400006],[17.388981155000067,40.89186350600005],[17.41326864000007,40.871110102000046],[17.451617137000028,40.85173951500008],[17.46859627500004,40.84197049200003],[17.47331977600004,40.832170579000035],[17.515019401000075,40.814280616000076],[17.563357852000024,40.797291580000035],[17.627345199000047,40.78111883500003],[17.67700376700003,40.76856767600003],[17.71620171400002,40.75393544800005],[17.721592259000033,40.74969682200003],[17.722826275000045,40.748726506000025],[17.725763518000065,40.74767579500008],[17.73456320400004,40.744527971000025],[17.737230598000053,40.74211985300008],[17.74587573900004,40.734315036000055],[17.767226609000033,40.72390272500007],[17.78405576800003,40.719432477000055],[17.797713806000047,40.71580455900005],[17.799523513000054,40.71193816300007],[17.80123063800005,40.70829093200007],[17.841312155000026,40.69073319300003],[17.894061091000026,40.682264985000074],[17.928092873000026,40.67975015300004],[17.930225480000047,40.68053075500006],[17.938011626000048,40.68338073100006],[17.945935598000062,40.676190467000026],[17.947759219000034,40.669598793000034],[17.96158632500004,40.65899299400007],[17.957497943000078,40.65440328200003],[17.953662396000027,40.65009740800008],[17.953891549000048,40.64488404800005],[17.963514969000073,40.64715056400007],[17.964353767000034,40.647348118000025],[17.969789524000078,40.646514754000066],[17.984070262000046,40.644325353000056],[17.98958723000004,40.64597005300004],[17.997448982000037,40.64831377100006],[18.005076733000067,40.64554388400006],[18.016302891000066,40.64146729700008],[18.014490452000075,40.63231581200006],[18.018150055000035,40.62237392600008],[18.034713904000057,40.60653304300007],[18.044140735000042,40.597517666000044],[18.04200529700006,40.584703981000075],[18.04145237700004,40.58138618900006],[18.035000377000074,40.57209977400004],[18.04267055100007,40.558624819000045],[18.05988000600007,40.547440917000074],[18.07166305800007,40.53978347000003],[18.076360903000023,40.53799714300004],[18.078246242000034,40.53172926000008],[18.079904459000034,40.52621645200003],[18.097446024000078,40.51530453400005],[18.112548366000055,40.508142994000025],[18.113667260000057,40.506977289000076],[18.122673390000045,40.49759437100005],[18.128743077000024,40.49229737400003],[18.144417021000038,40.486483046000046],[18.162254618000077,40.482034750000025],[18.16982383800007,40.480147156000044],[18.180343952000044,40.47274850900004],[18.184202278000043,40.47003500200003],[18.186120935000076,40.46978286800004],[18.201126162000037,40.467811004000055],[18.21216233900003,40.46250051200008],[18.221472626000036,40.45356523100003],[18.234736329000043,40.448330198000065],[18.244806307000033,40.43907369200008],[18.247244341000055,40.43683260700004],[18.278261198000052,40.40832135000005],[18.290442049000035,40.400977563000026],[18.305069462000063,40.392158754000036],[18.305403462000072,40.38855926300005],[18.305918322000025,40.38301064900003],[18.31738726900005,40.37244801000003],[18.344272543000045,40.35629707500004],[18.34970379400005,40.35303433000007],[18.35772470200004,40.34513148800005],[18.375283784000032,40.32783087200005],[18.387019515000077,40.31400752800005],[18.406890861000022,40.30276199600007],[18.41039028600005,40.29830126400003],[18.41728984200006,40.29569111700005],[18.42188610100004,40.29395232300004],[18.430440821000047,40.28515739800008],[18.430614777000073,40.27820541500006],[18.43074510300005,40.272997083000064],[18.43500369700007,40.270916947000046],[18.441137780000076,40.26792071800003],[18.44510753000003,40.25446767600005],[18.463143514000024,40.22839324500006],[18.46441442300005,40.22275820300007],[18.46192673200005,40.217748079000046],[18.458669668000027,40.21118846600007],[18.45885213500003,40.20419147100006],[18.464602502000048,40.19283872400007],[18.46692997300005,40.19137033100003],[18.47253729700003,40.18783268800007],[18.48143551800007,40.17152218700005],[18.481700416000024,40.16592282300007],[18.490081429000043,40.153992937000055],[18.48970425300007,40.151959712000064],[18.488893173000065,40.147587454000075],[18.49570950100002,40.14709114200008],[18.502891161000036,40.146568229000025],[18.515864245000046,40.13601613800006],[18.51309837200006,40.13243988200003],[18.507364952000046,40.12502660400003],[18.51493694900006,40.11422010600006],[18.519574507000073,40.107601540000076],[18.516434145000062,40.10257302300005],[18.500024582000037,40.09023327300008],[18.482877201000065,40.07733869500004],[18.480049991000044,40.06577361300003],[18.47478866800003,40.04425146600005],[18.46366824000006,40.03630762600005],[18.455101212000045,40.033754370000054],[18.444400483000038,40.03056520000007],[18.435794568000063,40.02454569400004],[18.434842041000024,40.01974699800007],[18.430954550000024,40.00016236600004],[18.424332313000036,39.99965851200005],[18.421047755000075,39.99722353000004],[18.416712354000026,39.99400951400003],[18.407547625000063,39.97478056600005],[18.40303218500003,39.96006359800003],[18.393148864000068,39.92039617800003],[18.39341690200007,39.91819566200007],[18.394019399000058,39.91324932100008],[18.392812653000078,39.91073881500006],[18.390924471000062,39.90681065500007],[18.393086332000053,39.90325063100005],[18.394804493000038,39.90020188600005],[18.397210210000026,39.895933128000024],[18.39882958800007,39.88042260900005],[18.397315709000054,39.871900605000064],[18.396218629000032,39.870913001000076],[18.393330158000026,39.86831276700008],[18.39450458700003,39.86429852400005],[18.391673467000032,39.86029397900006],[18.39027732900007,39.85054436900003],[18.385278022000023,39.840586407000046],[18.38950766100004,39.824045399000056],[18.390763652000032,39.819133548000025],[18.382635437000033,39.808900462000054],[18.369127383000034,39.793783285000075],[18.363710539000067,39.79630866400004],[18.361597139000025,39.79729395000004],[18.355635653000036,39.795024339000065],[18.34492079300003,39.79094505900008],[18.334416135000026,39.79616176400003],[18.33253077200004,39.79870350500005],[18.32673109500007,39.80652230700008],[18.31851890300004,39.809946327000034],[18.31364896200006,39.80933613800005],[18.308046068000067,39.81670887900003],[18.288241334000077,39.824966354000026],[18.277065175000075,39.829546668000035],[18.276120820000074,39.829933692000054],[18.269805378000058,39.833388882000065],[18.265723773000047,39.83562193600005],[18.24780339800003,39.83482173500005],[18.244806307000033,39.83468790500007],[18.24008105400003,39.834476908000056],[18.206062909000025,39.83724650800008],[18.20000648900003,39.84095751500007],[18.19056531600006,39.84674249400007],[18.175481610000077,39.850100499000064],[18.17109133500003,39.85107788200003],[18.169718087000035,39.852345324000055],[18.164799807000065,39.85688466000005],[18.15888730100005,39.85927088400007],[18.147681442000078,39.86379345000006],[18.122191045000022,39.88273567700003],[18.11933947500006,39.88485471400003],[18.117537097000024,39.885711564000076],[18.08605953700004,39.900675998000054],[18.071766662000073,39.91497868600004],[18.068362455000056,39.91838523000007],[18.057367863000024,39.92418575100004],[18.048343561000024,39.928946788000076],[18.04697313400004,39.93181788900006],[18.04514178100004,39.93565465200004],[18.03975590600004,39.94091125600005],[18.030387165000036,39.95005512900008],[18.029834436000044,39.95341183800008],[18.029274921000024,39.95680975700003],[18.02275736100006,39.96511323100003],[18.01867991200004,39.96746601000007],[18.01290360300004,39.970799070000055],[17.994744394000065,39.99671925500007],[18.000850221000064,39.99646326100003],[18.006165535000036,39.99624041000004],[18.013625484000045,40.00171795600005],[18.020159387000035,40.01495031200005],[18.01921496400007,40.02605026200007],[18.01454545200005,40.036362060000044],[18.006122405000042,40.04558504200003],[17.993326576000072,40.050867233000076],[17.984060357000033,40.05469238100005],[17.981784636000043,40.05563181200006],[17.98518808800003,40.05788779000005],[17.991003118000037,40.06174228200007],[18.002820900000074,40.06957569700006],[18.010609427000077,40.08485733200007],[18.01089939800005,40.10566145400003],[18.006626810000057,40.110634412000024],[18.003900532000046,40.11380758700005],[17.998485622000032,40.12137761200006],[17.995883254000034,40.12555221500003],[17.988045225000064,40.13812563100004],[17.985960935000037,40.138820235000026],[17.97722918100004,40.14173014900007],[17.973844841000073,40.14729515500005],[17.963511448000077,40.14864800400005],[17.958509208000066,40.15779201200007],[17.945259289000035,40.16861486600004],[17.937310780000075,40.171483918000035],[17.927489192000053,40.181578881000064],[17.92678654900004,40.185456799000065],[17.926356059000057,40.18783268800007],[17.924199271000077,40.18934465800004],[17.920004961000075,40.19228498800004],[17.918337902000076,40.19894226100007],[17.92171608500007,40.20867198900004],[17.920366537000064,40.215238355000054],[17.92208917100004,40.21786503900006],[17.92475664500006,40.221932422000066],[17.91974700700007,40.22637640600004],[17.910409602000072,40.23465949600006],[17.911590094000076,40.23853132000005],[17.904176737000057,40.24190889600004],[17.908300921000034,40.24502596000008],[17.908446471000047,40.24513596700007],[17.90343054500005,40.255298323000034],[17.89616541500004,40.25760927700003],[17.89178753300007,40.259001830000045],[17.887658850000037,40.263161654000044],[17.882621337000046,40.26823716200005],[17.87309865700007,40.272665335000056],[17.86969610700004,40.27424756600004],[17.866192771000044,40.277172922000034],[17.858379567000043,40.283697105000044],[17.85023648600003,40.28505207400008],[17.845737018000023,40.28408600100005],[17.837610125000026,40.282341089000056],[17.819605127000045,40.28771196400004],[17.81473380600005,40.28916507500003],[17.800046819000045,40.29042580200007],[17.76674489100003,40.293284431000075],[17.76349642100007,40.295497399000055],[17.741830323000045,40.295581147000064],[17.72909521300005,40.29899198500004],[17.722826275000045,40.30067099100006],[17.67755627500003,40.304660382000066],[17.637835498000072,40.30225195600008],[17.610204725000074,40.30057659400006],[17.512226423000072,40.29494930000004],[17.50687416200003,40.29631575500008],[17.50441266200005,40.30113148000004],[17.50369921600003,40.30252728000005],[17.49320688100005,40.31023504900003],[17.47720679300005,40.31317684900006],[17.469188764000023,40.31465105500007],[17.45881681700007,40.316833888000076],[17.45049098100003,40.32500524500006],[17.448053736000077,40.32739726800003],[17.43225866000006,40.33125610700006],[17.420213192000062,40.331205100000034],[17.403687424000054,40.331135120000056],[17.386017008000067,40.33739205100005],[17.38479033400006,40.33850008100006],[17.374112851000064,40.34814483200006],[17.348658863000026,40.35548244600005],[17.340175353000063,40.361759377000055],[17.328255504000026,40.36184682000004],[17.32464171500004,40.36187333100003],[17.311285337000072,40.366450893000035],[17.304993619000072,40.37145309600004],[17.296771283000055,40.37799023000008],[17.285048790000076,40.37968955400004],[17.28465157900007,40.37974713500006],[17.28372683500004,40.38023547100005],[17.254991639000025,40.395409881000035],[17.231555669000045,40.40242647800005],[17.223997890000078,40.40795773800005],[17.211505359000057,40.41006020100008],[17.203369088000045,40.411429516000055],[17.21038139500007,40.42111147700007],[17.22673041400003,40.423969043000056],[17.234283838000067,40.425289269000075],[17.24504733400005,40.43442925900007],[17.250431095000067,40.45182601600004],[17.24787814700005,40.459677631000034],[17.241524651000077,40.46673588300007],[17.223187532000054,40.47999696100004],[17.213457538000057,40.47870743200008],[17.21302644600007,40.478280865000045],[17.210412516000076,40.47569436900005],[17.204688580000038,40.478717810000035],[17.20465305500005,40.47873657500003],[17.203038924000055,40.47880426100005],[17.18435385600003,40.479587785000035],[17.18204503100003,40.486043418000065],[17.18033501800005,40.49082473300007],[17.171693254000047,40.49596672200005],[17.166436916000066,40.49909432900006],[17.161665122000045,40.49898141700004],[17.162014765000038,40.50027612100007],[17.162999937000052,40.50392414300006],[17.154824276000056,40.500323887000036],[17.14820307900004,40.49740816000008],[17.147605,40.50173524300004],[17.146734852000066,40.50803073800006],[17.127098170000068,40.51762044900005],[17.090124613000057,40.51989122400005],[17.061325366000062,40.51588109200003],[17.02317617700004,40.50588477900004],[16.99323134200006,40.493706614000075],[16.947787866000056,40.468569597000055],[16.909698797000033,40.441574623000065],[16.901557421000064,40.43514631100004],[16.896241162000024,40.42969681400007],[16.89049032500003,40.42380184900003],[16.884155924000027,40.417751321000026],[16.879680440000072,40.412713679000035],[16.871625467000058,40.40405853300007],[16.869216167000047,40.40116918000007],[16.867263855000033,40.39784533900007],[16.822473553000066,40.34198796800007],[16.786968783000077,40.30314921000007],[16.775124118000065,40.28385893500007],[16.74993684800006,40.24598496100003],[16.737162563000027,40.210660447000066],[16.718214167000042,40.18783268800007],[16.686670665000065,40.146240026000044],[16.663989669000046,40.13144483600007],[16.644044043000065,40.11913496200003],[16.618056554000077,40.093712176000054],[16.606941135000056,40.082838293000066],[16.602930109000056,40.067357618000074],[16.603348357000073,40.062966077000056],[16.604087802000038,40.05520201000007],[16.60216278300004,40.04873556800004],[16.599405364000063,40.03947296300004],[16.602831570000035,40.03302830200005],[16.60644466100007,40.02623211200006],[16.608623134000027,40.01470168000003],[16.614003428000046,39.986224349000054],[16.618056554000077,39.98061248800008],[16.620437967000043,39.97731524000005],[16.62968461500003,39.964512554000066],[16.625942210000062,39.956431860000066],[16.618056554000077,39.94935915700006],[16.60430737100006,39.93018066900004],[16.57731580600006,39.90735618300005],[16.576314938000053,39.90685444400003],[16.545729256000072,39.878446076000046],[16.53821877000007,39.87147024200004],[16.51891575700006,39.84372201700006],[16.506199795000043,39.831922243000065],[16.49648692900007,39.817569013000025],[16.49040937500007,39.803270799000074],[16.486208412000053,39.78240157600004],[16.488663832000043,39.759402728000055],[16.49520755900005,39.74676227700007],[16.507224308000048,39.73606966400007],[16.51661822600005,39.73115795800004],[16.52949989500007,39.72442264600005],[16.52490854100006,39.68799532300005],[16.526530862000072,39.67471188800005],[16.523079478000056,39.67185803500007],[16.519376443000056,39.66879609800003],[16.52299753400007,39.66151857300008],[16.52791571100005,39.66133223700007],[16.52800934800007,39.662883184000066],[16.52828970300004,39.66752682300006],[16.54171020600006,39.656003723000026],[16.544117906000054,39.65393642600003],[16.594564011000045,39.629313126000056],[16.618056554000077,39.62393944000007],[16.635220851000042,39.620013277000055],[16.675629284000024,39.62117325400004],[16.688345726000023,39.62153829600004],[16.692284663000066,39.62108531300004],[16.73292767500004,39.61641130900006],[16.74530863800004,39.620805344000075],[16.75409559800005,39.62392385800007],[16.770733539000048,39.621105380000074],[16.81775933600005,39.58808686500004],[16.82158650100007,39.578213488000074],[16.821608929000035,39.57815562900004],[16.82333660300003,39.573698551000064],[16.83357061600003,39.56124549200007],[16.861420903000067,39.54397966300007],[16.87503472000003,39.534616853000045],[16.880822703000035,39.53252616200007],[16.901901036000027,39.524912407000045],[16.91219592500005,39.51804539400007],[16.912252935000026,39.51800736700005],[16.912410754000064,39.51794623700005],[16.939250385000037,39.50755010800003],[16.942949859000066,39.50385046800005],[16.94499907100004,39.501801165000074],[16.96226979100004,39.49510583400007],[17.025064504000056,39.48357864800005],[17.03918505200005,39.45341081300006],[17.041919163000046,39.45061702600003],[17.05289431500006,39.43940232400007],[17.070205298000076,39.42943842500006],[17.094790361000037,39.41591133500003],[17.119783376000044,39.40589195800004],[17.137554769000076,39.402935754000055],[17.15559112400007,39.399935474000074],[17.147199984000054,39.38843309200007],[17.135592298000063,39.372521541000026],[17.128848524000034,39.349042792000034],[17.121370220000074,39.33531130800003],[17.113812043000053,39.32143316300005],[17.109872434000067,39.308321265000075],[17.110193052000056,39.302860664000036],[17.110940261000053,39.290134558000034],[17.107910575000062,39.27850253500003],[17.104828946000055,39.26667108500004],[17.106376883000053,39.253777299000035],[17.123071707000065,39.23068846600006],[17.126946579000048,39.22737603500008],[17.141233311000065,39.21516303400006],[17.14767643700003,39.20970727300005],[17.14581540000006,39.19754585800007],[17.134351999000046,39.17822255400006],[17.126477329000068,39.16494860200004],[17.123611382000036,39.15834158100006],[17.114592729000037,39.13755039400007],[17.11016670600003,39.11955498800006],[17.109981524000034,39.11533637400004],[17.109514099000023,39.10468802100007],[17.113700089000076,39.09238963300004],[17.120663679000074,39.087218997000036],[17.12976705400007,39.084310009000035],[17.13541320300004,39.08250577900003],[17.13237823000003,39.07739911400006],[17.130580464000047,39.07437418200004],[17.13257956700005,39.06460648500007],[17.14864464900006,39.04539675800004],[17.178046648000077,39.031797193000045],[17.18943784100003,39.02885703900006],[17.197122300000046,39.02687362200004],[17.205898328000046,39.027523436000024],[17.203494598000077,39.02203860100008],[17.191857637000055,39.02094811000006],[17.19010471100006,39.02078384500004],[17.167944875000046,38.99955234200007],[17.160222714000042,38.98115837000006],[17.161196757000027,38.96848475200005],[17.164644103000057,38.96394268700004],[17.16910942100003,38.95805939100006],[17.166601052000033,38.95279998900003],[17.159607896000068,38.94926930300005],[17.149919601000022,38.94437790100005],[17.134667982000053,38.930228029000034],[17.114411865000022,38.911435174000076],[17.101339248000045,38.90450335300005],[17.094653727000036,38.89341919100008],[17.091125485000077,38.89512914300008],[17.092240839000056,38.90168018500003],[17.092759025000078,38.904723757000056],[17.09067436500004,38.90842937300005],[17.070205298000076,38.91553689800003],[17.041249571000037,38.91867055300003],[17.032241875000068,38.91601016900006],[17.027588286000025,38.91141770200005],[17.023328724000066,38.90721408700006],[17.00891191200003,38.91295563600005],[17.004926570000066,38.91868644300007],[16.997579483000038,38.92925134300003],[16.98396592200004,38.93769167900007],[16.959754802000077,38.93870519300003],[16.89073205400007,38.927128682000046],[16.87655294500007,38.925611815000025],[16.821772838000072,38.910729342000025],[16.79824420700004,38.903521495000064],[16.762266366000063,38.889542506000055],[16.708554798000023,38.863147154000046],[16.685969036000074,38.850797956000065],[16.641641616000072,38.82941406900005],[16.624415644000067,38.82479668000008],[16.618056554000077,38.82036617800003],[16.61047963900006,38.81508719300007],[16.58842835200005,38.789831141000036],[16.56993804600006,38.76921388900007],[16.569571475000032,38.75872143400005],[16.569427639000025,38.754604390000054],[16.563675860000046,38.75049542800008],[16.560356221000063,38.748123941000074],[16.55934815200004,38.74445708400003],[16.558445423000023,38.741173401000026],[16.554452035000054,38.737625653000066],[16.546225150000055,38.730316842000036],[16.536434730000053,38.71552361500005],[16.535823308000033,38.70611855200008],[16.546480511000027,38.69303454400006],[16.551739345000044,38.690775157000076],[16.555223917000035,38.689278057000024],[16.55876821800007,38.680590633000065],[16.55816443200007,38.675369352000075],[16.55718786400007,38.666924411000025],[16.556554574000074,38.654967673000044],[16.55861126900004,38.641702520000024],[16.56069548100004,38.61908768200004],[16.564109107000036,38.60925012000007],[16.568122609000056,38.59403490500006],[16.568448518000025,38.591814388000046],[16.573023117000048,38.56064630800006],[16.572118850000038,38.534378107000066],[16.577327293000053,38.50483766200006],[16.58208446200007,38.469790354000054],[16.581587437000053,38.450634371000035],[16.570898998000075,38.42671650300008],[16.567507384000066,38.42286904000008],[16.547090680000053,38.40297543600008],[16.538859596000066,38.396037301000035],[16.51627921100004,38.377003873000035],[16.48837198800004,38.352533651000044],[16.46238627500003,38.337400383000045],[16.448932902000024,38.333524812000064],[16.441772712000045,38.331462145000046],[16.353113075000067,38.30511335600005],[16.335886708000032,38.30039216100005],[16.32620822800004,38.294521307000025],[16.320088087000045,38.28983309300003],[16.30873482100003,38.275361529000065],[16.287375196000028,38.258153769000046],[16.28169454400006,38.249348644000065],[16.23772039800002,38.20443663000003],[16.236142948000065,38.202931671000044],[16.234234291000064,38.201110726000024],[16.23246460200005,38.199422362000064],[16.223505123000052,38.18959265900003],[16.222533918000067,38.18852712200004],[16.192869164000058,38.157726997000054],[16.18872930400005,38.15406718100007],[16.18693481500003,38.152653318000034],[16.184987872000022,38.151351111000054],[16.180569518000027,38.14811774700007],[16.169620955000028,38.14010555700003],[16.16181097200007,38.128026883000075],[16.159756774000073,38.11386310600005],[16.150820785000064,38.07310101300004],[16.15057907100004,38.069283890000065],[16.14975847900007,38.05632519100004],[16.145790912000052,38.04888649600008],[16.14298956500005,38.043634318000045],[16.143349069000067,38.03848432600006],[16.143830527000034,38.031587298000034],[16.140589755000065,38.02510298300007],[16.124952780000058,37.999349676000065],[16.116121177000025,37.98175862800008],[16.100003048000076,37.95911640400004],[16.080943434000062,37.94015196000004],[16.06450011000004,37.925359409000066],[16.05747490400006,37.92411331400007],[16.043547387000046,37.92132790900007],[16.03574795000003,37.921974807000026],[16.025780336000025,37.922801537000055],[16.007693802000063,37.918226686000025],[15.99869400800003,37.91595025600003],[15.976211977000048,37.91914241100005],[15.956503446000056,37.91963368800003],[15.939864807000049,37.92492082600006],[15.927665557000068,37.92879729200007],[15.918464870000037,37.92817790600003],[15.89850806100003,37.92683442300006],[15.898462628000061,37.92683385400005],[15.878536408000059,37.92658430300003],[15.86621116300006,37.924323075000075],[15.839912231000028,37.91949819100006],[15.80659861600003,37.91968223400005],[15.804681715000072,37.91969282400004],[15.802699051000047,37.919378652000034],[15.782518672000037,37.916180885000074],[15.762822449000055,37.91650878400003],[15.740838391000068,37.92626082600003],[15.709456721000038,37.93688900300003],[15.69330522000007,37.95049873100004],[15.678134003000025,37.95460199200005],[15.646425707000049,37.99142442400006],[15.638357232000033,38.004101443000025],[15.634586588000047,38.01769515800004],[15.64490519800006,38.02426723700006],[15.652321778000044,38.02899097000005],[15.656687393000027,38.04023318800006],[15.65021424400004,38.05095748300005],[15.64896469100006,38.053027662000034],[15.64912402400006,38.053784300000075],[15.65159421900006,38.06551472600006],[15.642231486000071,38.071655863000046],[15.635730736000028,38.07591978900007],[15.631006721000062,38.09495683000006],[15.63255738600003,38.10233855100006],[15.636556626000072,38.105457725000065],[15.646956239000076,38.11356881800003],[15.651655206000044,38.12364130100008],[15.656202577000045,38.13613868600004],[15.654459232000022,38.14005654700003],[15.652698240000063,38.14401406600007],[15.653737136000075,38.14679730600005],[15.655436928000029,38.151351111000054],[15.647540129000049,38.16073054800006],[15.63973248700006,38.17000408900003],[15.640612324000074,38.17630690500005],[15.641105371000037,38.179838905000054],[15.63733572600006,38.18367395100006],[15.633875429000057,38.187194282000064],[15.633469422000076,38.19820925300007],[15.63332792600005,38.20204804300005],[15.633160205000024,38.222256075000075],[15.636555971000064,38.23110572500008],[15.661910663000072,38.23782256800007],[15.668546523000032,38.239580508000074],[15.673122059000036,38.24270338800005],[15.678747876000045,38.24654310300008],[15.684652992000053,38.247723317000066],[15.685792452000044,38.247951053000065],[15.687712069000042,38.24854422900006],[15.700930250000056,38.25262874900005],[15.708112507000067,38.251961521000055],[15.715057385000023,38.25567959500006],[15.72549256600007,38.25427035800004],[15.734138998000049,38.253102686000034],[15.750735994000024,38.25763680600005],[15.770127440000067,38.267817955000055],[15.79728977800005,38.28265155400004],[15.810777448000067,38.29438203300003],[15.825092906000066,38.314864224000075],[15.82938587700005,38.32592406500004],[15.830066111000065,38.33330279200004],[15.830738018000034,38.34059118400006],[15.83556181800003,38.36155707700004],[15.847635611000044,38.371921659000066],[15.858265459000052,38.38104670700005],[15.860459983000055,38.38780563600005],[15.86313268300006,38.396037301000035],[15.864483121000035,38.40019652400008],[15.876656679000064,38.42200390700003],[15.890952183000024,38.439017825000064],[15.897563556000023,38.439911203000065],[15.90324817800007,38.440679352000075],[15.907314123000049,38.458620893000045],[15.916342726000039,38.47044253100006],[15.917477929000029,38.473814720000064],[15.91159889000005,38.47244539800005],[15.905434678000063,38.45941613800005],[15.900925449000056,38.44988500800008],[15.89699022700006,38.44743783700005],[15.908595472000059,38.47255335600005],[15.911562006000054,38.48087053000006],[15.913984624000022,38.487662742000055],[15.918458453000028,38.504887104000034],[15.918956427000069,38.50676155000008],[15.92899260300004,38.53175105500003],[15.930277894000028,38.54636470500003],[15.927508743000033,38.550473140000065],[15.918442636000066,38.55520321500006],[15.907683348000035,38.56081667600006],[15.901738263000027,38.564651609000066],[15.897584180000024,38.57082536900003],[15.893561283000054,38.57680416200003],[15.870998992000068,38.59073661800005],[15.867280707000077,38.59303269900005],[15.865281408000044,38.59501886100003],[15.856909182000038,38.60333607700005],[15.845428769000023,38.61234214700005],[15.838192106000065,38.61530767200003],[15.828967884000065,38.61908768200004],[15.827883461000056,38.62506771300008],[15.838976590000073,38.64817742200006],[15.850969257000031,38.66065174800008],[15.871228074000044,38.67223347100003],[15.876888139000073,38.672941568000056],[15.88523729600007,38.673986081000066],[15.889828173000069,38.676699530000064],[15.896317773000078,38.68053522200006],[15.903935834000038,38.68079658600004],[15.907532481000032,38.680919981000045],[15.923062818000062,38.686351321000075],[15.937055246000057,38.69124481700004],[15.940849466000031,38.69151680500005],[15.948312357000077,38.69205178200008],[15.962716102000059,38.70297830700008],[15.964273842000068,38.70478960300005],[15.973563023000054,38.71559079700006],[15.985480877000043,38.722398686000076],[15.993801759000064,38.723549320000075],[16.000838216000034,38.72306133400008],[16.006234797000047,38.72268707500007],[16.01797816100003,38.72485197700007],[16.033292294000034,38.72767515500004],[16.074593219000064,38.719828078000035],[16.084968195000044,38.717302430000075],[16.10324589800007,38.71285297000003],[16.109276931000068,38.715588439000044],[16.12112120300003,38.720960594000076],[16.127080043000035,38.71870112600004],[16.131335363000062,38.717087597000045],[16.147015082000053,38.72424046100008],[16.15455477100005,38.73145082000008],[16.159842033000075,38.736507137000046],[16.169733336000036,38.741964610000025],[16.184055871000055,38.749866990000044],[16.213753437000037,38.810439760000065],[16.215420954000024,38.81579050700003],[16.221635625000033,38.84883681300005],[16.220652613000027,38.911136096000064],[16.215453439000044,38.92621260800007],[16.209783770000058,38.930304232000026],[16.195042873000034,38.933192287000054],[16.17264678300006,38.94605646200006],[16.158948026000076,38.949752088000025],[16.153688663000025,38.955241656000055],[16.14808735200006,38.96888299200003],[16.124538244000064,39.00412410100006],[16.099003370000048,39.02831191900003],[16.093152918000044,39.04874289800006],[16.083417482000073,39.09106795800005],[16.073956378000048,39.11533637400004],[16.06858922600003,39.12910350900006],[16.065389226000036,39.15234071000003],[16.064835414000072,39.15834158100006],[16.062472503000038,39.183945089000076],[16.058900003000076,39.22080183500003],[16.058435006000025,39.22737603600007],[16.05622001000006,39.25869199500005],[16.053901103000044,39.28047696300007],[16.042512868000074,39.32332017200008],[16.039692374000026,39.33531130800003],[16.03646252300007,39.349042792000034],[16.02032225800002,39.38472256000006],[15.991689294000025,39.44693273900003],[15.98829414100004,39.45061702600003],[15.973205460000031,39.46699066600007],[15.972655314000065,39.46739883300006],[15.960757052000076,39.47622646800005],[15.948231497000052,39.49632738200006],[15.947228912000071,39.49777752000006],[15.941963076000036,39.505394024000054],[15.921872133000022,39.52809350200005],[15.917737688000045,39.52819516400007],[15.915367737000054,39.528253439000025],[15.908568125000045,39.533929158000035],[15.904319362000024,39.53747565200007],[15.902241020000076,39.537885680000045],[15.890106977000073,39.540279559000055],[15.881902707000052,39.544808096000054],[15.874918445000048,39.55370110300004],[15.864673667000034,39.57726251500003],[15.859664766000037,39.59291136500008],[15.85610169000006,39.604144107000025],[15.851550541000051,39.618491791000054],[15.849376362000044,39.62141567000003],[15.84434778700006,39.62817819400004],[15.834954584000059,39.65845276500005],[15.832086501000049,39.66769668000006],[15.823917638000069,39.67311294600006],[15.815928882000037,39.67840979400006],[15.806313479000039,39.71396232500007],[15.807780833000038,39.71659028600004],[15.809873610000068,39.72033834900003],[15.808517097000049,39.73029008900005],[15.804821599000036,39.743676547000064],[15.798377462000076,39.76138060400007],[15.79735338300003,39.76414843800006],[15.792153848000055,39.77820150800005],[15.788138875000072,39.80617453000008],[15.78673672900004,39.81594353100007],[15.782808060000036,39.81858905800004],[15.776855352000041,39.82259755300004],[15.777233783000042,39.82913245100008],[15.777409006000028,39.832158281000034],[15.775197154000068,39.832984606000025],[15.77015134100003,39.83486966900006],[15.772240693000072,39.84121362500008],[15.780525751000027,39.84798884800006],[15.781758961000037,39.848362344000066],[15.789107583000032,39.85058798100005],[15.791526058000045,39.861644589000036],[15.788710816000048,39.86900551400004],[15.78356629600006,39.87316030900007],[15.783363535000035,39.87332406200005],[15.783371515000056,39.87351485700003],[15.783722943000043,39.88191712100007],[15.779718117000073,39.892487972000026],[15.76790255800006,39.90765467600005],[15.755955854000035,39.92341801900005],[15.750899052000022,39.93210511400008],[15.749258110000028,39.93280993400003],[15.741549191000047,39.93612108200006],[15.735238035000066,39.94305308700007],[15.737013448000027,39.944851320000055],[15.735819182000057,39.95165468000005],[15.734892813000044,39.95693191400005],[15.720409593000056,39.976405140000054],[15.716166328000043,39.97921290600004],[15.71316041700004,39.98120191600003],[15.711297168000044,39.98520650700004],[15.710400132000075,39.987134463000075],[15.70602248800003,39.98932111900007],[15.69911761800006,39.992770137000036],[15.698515287000077,39.99517725000004],[15.697791395000024,39.998070159000065],[15.690254315000061,40.00162137500007],[15.683497054000043,40.00480516600004],[15.67616174400007,40.01429242000006],[15.676477916000067,40.020253393000075],[15.676915701000041,40.028507199000046],[15.672974626000041,40.02956197700007],[15.671614917000056,40.02992588600006],[15.66866025400003,40.033378896000045],[15.663630363000038,40.03925715100007],[15.65292815600003,40.039658632000055],[15.64864734200006,40.03981922200006],[15.644965154000033,40.042837201000054],[15.626885798000046,40.05763153000004],[15.63002354300005,40.06416759200005],[15.631601917000069,40.06745541600003],[15.63063422700003,40.07073514500007],[15.625714989000073,40.07339493300003],[15.621308699000053,40.07155978000003],[15.621106202000021,40.07126846700004],[15.620710666000036,40.07102442300004],[15.617435521000061,40.06900367500003],[15.61567007800005,40.06905136200004],[15.614190833000066,40.06979264000006],[15.605850759000077,40.071553289000065],[15.575355226000056,40.07799111500003],[15.53279912000005,40.07377962700008],[15.514683212000023,40.06861413000007],[15.501803657000039,40.060395140000026],[15.493303543000025,40.050118465000025],[15.48457829800003,40.039569605000054],[15.47599701200005,40.03956452400007],[15.470347110000034,40.03744278000005],[15.461420193000038,40.03409039700006],[15.445409359000053,40.019628855000065],[15.43120581200003,40.00480516600004],[15.430417672000033,40.00350048200005],[15.42552476700007,39.99540078500007],[15.419246072000021,39.99139377000006],[15.413281224000059,39.995525255000075],[15.41152545400007,39.99674136900006],[15.402366210000025,39.99644654300005],[15.395044765000023,39.99621087400004],[15.391255276000038,39.99738436800004],[15.381167154000025,40.000508366000076],[15.374895897000044,39.998765192000064],[15.371231081000076,39.99774651000007],[15.354614318000074,40.00031006700004],[15.348915177000038,40.00480516600004],[15.339944456000069,40.007454987000074],[15.32591284700004,40.02178944600007],[15.317846469000074,40.03002992300003],[15.309339356000066,40.03163816000006],[15.294662077000055,40.02833319500007],[15.293727201000024,40.027460277000046],[15.289522867000073,40.02353458300007],[15.26917320900003,40.02451698700003],[15.269639076000033,40.031387782000024],[15.27520590100005,40.03080031500008],[15.279517560000045,40.03034530600007],[15.28528035200003,40.03610105200005],[15.282393305000028,40.05365695200004],[15.276327863000063,40.06663197300003],[15.263512425000044,40.08171919700004],[15.257749356000033,40.08409958400006],[15.241774442000064,40.090697886000044],[15.217070358000058,40.11335836500007],[15.214768435000053,40.11546986600007],[15.214143998000054,40.11604264700003],[15.209268337000026,40.12051497700003],[15.202501604000076,40.12409853100007],[15.19343361700004,40.12446977600007],[15.193000901000062,40.124487491000025],[15.180935549000026,40.12491890200005],[15.170815909000055,40.13516925600004],[15.146296526000071,40.16000535000006],[15.136436710000055,40.16820342600005],[15.116312394000033,40.17703519100007],[15.094654958000035,40.173536384000045],[15.08517988500006,40.172803988000055],[15.073095429000034,40.167764316000046],[15.067189516000042,40.165301329000044],[15.041752475000067,40.17050706800006],[15.026450442000055,40.17824286700005],[15.02012798100003,40.19146286400007],[15.019637227000032,40.19201906500007],[15.006380389000071,40.207043816000066],[14.990743578000036,40.21872182000004],[14.980646356000022,40.22010498100008],[14.970976240000027,40.22142963600004],[14.966599960000053,40.22424689300004],[14.953754368000034,40.23251632100005],[14.942477358000076,40.233445248000066],[14.940097563000052,40.23206175100006],[14.93516949800005,40.229196812000055],[14.927525548000062,40.23158663000004],[14.909303568000041,40.243965306000064],[14.905695568000056,40.25227218900005],[14.91811374200006,40.26040328600004],[14.926439389000052,40.26585470300006],[14.935228614000039,40.26857666400008],[14.94346061400006,40.27650354100007],[14.946782090000056,40.30183713200006],[14.944572004000065,40.31229009900005],[14.943707055000061,40.313346022000076],[14.93953934700005,40.31843392500008],[14.945039361000056,40.33481334600003],[14.953624154000067,40.33781823600003],[14.961172486000066,40.33926278400003],[14.968460874000073,40.34065758600008],[14.973968840000055,40.34644020400003],[14.976769567000076,40.34938058900008],[14.983486732000074,40.35177875000005],[14.996108227000036,40.35628487300005],[14.999456983000073,40.36232140000004],[15.001006124000071,40.37920928800003],[14.996207924000032,40.397701522000034],[14.98439238900005,40.42189263800003],[14.948774884000045,40.472984702000076],[14.942389314000025,40.48214457800003],[14.933111664000023,40.49840393900007],[14.927397671000051,40.50841788200006],[14.906357353000033,40.547183294000035],[14.882927823000045,40.58000406700006],[14.839256188000036,40.62598416800006],[14.803881700000034,40.65552351300005],[14.77640755300007,40.67127159800003],[14.759788231000073,40.676997232000076],[14.747729338000056,40.67706891000006],[14.742840715000057,40.67256899700004],[14.734784304000073,40.67057666900007],[14.718593982000073,40.66595363600004],[14.710135252000043,40.65681563000004],[14.70652123900004,40.65194433200003],[14.70197087200006,40.64581093100003],[14.692634560000045,40.63483350900003],[14.679900545000066,40.633290497000075],[14.659375584000031,40.64004892000003],[14.63357619900006,40.648544095000034],[14.624883191000038,40.64761266600004],[14.616171276000046,40.64082984500004],[14.61034623300003,40.636294650000025],[14.607874004000053,40.63438785000005],[14.603366409000046,40.63333232200006],[14.597327908000068,40.631918308000024],[14.576998864000075,40.61815938800004],[14.576786023000068,40.617768941000065],[14.574618265000026,40.61379229900007],[14.565683991000071,40.613730119000024],[14.554528789000074,40.61365248300007],[14.539298857000063,40.61332502500005],[14.532631367000022,40.61055869000006],[14.526359462000073,40.607956483000066],[14.519074444000069,40.61360272600007],[14.510850240000025,40.61997688300005],[14.488670771000045,40.62683106900005],[14.468572555000037,40.62019633700004],[14.448508608000054,40.61793692900005],[14.436907106000035,40.612795005000066],[14.419016660000068,40.61012038400003],[14.40822256000007,40.60045547900006],[14.406886755000073,40.59925941500006],[14.396324981000078,40.595401303000074],[14.39270764500003,40.59482738400004],[14.350340221000067,40.58094778100008],[14.343955963000042,40.57250619400003],[14.338355713000055,40.57104641300003],[14.337515062000023,40.57678766200007],[14.32430837100003,40.57030726800008],[14.322522031000062,40.57959709900007],[14.325948933000063,40.58563324700003],[14.326073805000021,40.58585319700006],[14.32594965100003,40.58601406300005],[14.323333882000043,40.58940331100007],[14.330406544000027,40.606371841000055],[14.335074983000027,40.611176740000076],[14.34102107900003,40.61729664200004],[14.340537490000031,40.620667282000056],[14.339829532000067,40.625601793000044],[14.343824724000058,40.62637850900006],[14.346888479000029,40.62697414200005],[14.348575854000046,40.62914319600003],[14.35209132600005,40.633662195000056],[14.358980555000073,40.630996614000026],[14.367608417000042,40.62765832000008],[14.387600144000032,40.633196361000046],[14.39106814400003,40.63621758900007],[14.396324981000078,40.637332024000045],[14.39969168500005,40.63791903400005],[14.40586539900005,40.64316413600005],[14.408285687000046,40.65167705700003],[14.407089297000027,40.65341909400007],[14.405129653000074,40.65627248700008],[14.413731994000045,40.65998264500007],[14.431013869000026,40.66743625300006],[14.434451289000037,40.67249923800006],[14.441807675000064,40.68333447800006],[14.466176235000034,40.69326629400007],[14.468417054000042,40.693018067000025],[14.468572555000037,40.69300084100007],[14.474284185000045,40.69236813500004],[14.479912634000073,40.69726847900006],[14.480874927000059,40.70682706200006],[14.470585866000022,40.72870917600005],[14.468572555000037,40.73144670100004],[14.458554953000032,40.745067766000034],[14.447292412000024,40.75360623300003],[14.435160178000046,40.75429123400005],[14.434230588000048,40.754007339000054],[14.425619261000065,40.75137745500007],[14.41380210400007,40.752111538000065],[14.396324981000078,40.75915501500003],[14.357055502000037,40.79146847900006],[14.352077264000059,40.79268423900004],[14.338448984000024,40.80436555600005],[14.334182196000029,40.81056234700003],[14.331831825000052,40.81397586500003],[14.320049691000065,40.82146252200005],[14.290903735000029,40.837627730000065],[14.28709260900007,40.839741493000076],[14.268306752000058,40.84351082500007],[14.264605603000064,40.84425345000005],[14.255121334000023,40.83768781200007],[14.252991673000054,40.83621352000006],[14.249560554000027,40.830067978000045],[14.23567646400005,40.83168427800007],[14.233644370000036,40.831920842000045],[14.223473400000046,40.82908566400005],[14.207503046000056,40.81192430800007],[14.206732369000065,40.80535326900008],[14.206167085000061,40.80053346900007],[14.186801070000058,40.79284036100006],[14.173926691000077,40.79917263100003],[14.171611643000062,40.80547093500007],[14.168735120000065,40.808110029000034],[14.159216830000048,40.81684267700007],[14.146936977000053,40.81817473800004],[14.120710993000046,40.821019611000054],[14.11913807600007,40.82373246800006],[14.116968539000027,40.82747433500003],[14.107127717000026,40.831283523000025],[14.089252259000034,40.83050005100006],[14.077301628000043,40.82556556600008],[14.074968495000064,40.817892940000036],[14.07774998900004,40.81179104300003],[14.083970287000056,40.79814527800005],[14.081974033000051,40.786742494000066],[14.06488554300006,40.78872491800007],[14.05509766800003,40.78837521600008],[14.046561042000064,40.790448154000046],[14.04087054200005,40.798114514000076],[14.043577429000038,40.807249703000025],[14.044688678000057,40.810999939000055],[14.047607606000042,40.84508854300003],[14.046917620000045,40.85173951500008],[14.040750591000062,40.87790400700004],[14.032136107000042,40.89889418100006],[14.014087722000056,40.93129463200006],[14.007404973000064,40.94004035900008],[13.98758203400007,40.965982679000035],[13.960316448000071,40.99095271300007],[13.960128413000064,40.991124917000036],[13.922658082000055,41.02544053500003],[13.918831271000045,41.03497980000003],[13.90265785500003,41.07529600200007],[13.887581131000047,41.100602966000054],[13.882196084000043,41.10677399800005],[13.873637789000043,41.11658143500006],[13.853342288000022,41.139839205000044],[13.839979321000044,41.15663868000007],[13.813751634000027,41.18438213700006],[13.81086077200007,41.186589696000055],[13.787841742000069,41.20353920900004],[13.762086966000027,41.22250312400007],[13.730393474000039,41.243249708000064],[13.72369320100006,41.24626348800007],[13.709690024000054,41.25256211000004],[13.702298432000077,41.25339491300008],[13.692166083000075,41.248204272000066],[13.688992315000064,41.24657840100008],[13.682888782000077,41.24478094800003],[13.672039622000057,41.24719226900004],[13.66907198000007,41.24879385400004],[13.655060413000058,41.25635565500005],[13.628664421000053,41.260947850000036],[13.617486303000021,41.25945766700005],[13.579265039000063,41.24433276000008],[13.572888195000075,41.23729110600004],[13.569793365000066,41.227132675000064],[13.573060270000042,41.21730719300007],[13.57621178900007,41.21523243900003],[13.584992261000025,41.20945195100006],[13.576584358000048,41.205041376000054],[13.563427837000063,41.20877806800007],[13.560158020000074,41.20970675600006],[13.554603137000072,41.209335768000074],[13.547433148000039,41.20885691400008],[13.53242995200003,41.21689077700006],[13.521104997000066,41.22295502700007],[13.517066944000021,41.22327657500006],[13.504762407000044,41.22425637900005],[13.48843686600003,41.23517697300008],[13.484836117000043,41.23758561100004],[13.480017275000023,41.23867666600006],[13.475256853000076,41.23975449400007],[13.470823465000024,41.23778856400003],[13.462660499000037,41.24029614300008],[13.446700544000066,41.252525121000076],[13.446673636000071,41.25254573900003],[13.39644467900007,41.273869156000046],[13.394679215000053,41.274485706000064],[13.341862976000073,41.290027345000055],[13.281508491000068,41.29756445100003],[13.267545390000066,41.29484924800005],[13.259262630000023,41.28674473400008],[13.255242624000061,41.28281124000006],[13.247828635000076,41.28316124300005],[13.22028458400007,41.284461555000064],[13.188966916000027,41.27984711900007],[13.157607750000068,41.26995059300003],[13.135305344000074,41.25831268300004],[13.107142547000024,41.242614529000036],[13.097799504000022,41.23072743500006],[13.094862027000033,41.22699010100007],[13.06945816600006,41.222361051000064],[13.046982383000056,41.22690637800008],[13.040710055000034,41.23115332300006],[13.03419787200005,41.24133646400003],[13.034687789000031,41.24500225700007],[13.034958274000076,41.247026160000075],[13.02921122600003,41.26418397500004],[13.013656972000035,41.291839380000056],[12.982587464000062,41.33282607500007],[12.952454198000055,41.360116],[12.915670993000049,41.38359750700005],[12.870691898000075,41.40600010600008],[12.845017251000058,41.41404502300003],[12.81144749300006,41.41428885000005],[12.807515543000022,41.414317409000034],[12.786301994000041,41.41785111300004],[12.773321527000064,41.41626389800007],[12.762842525000053,41.41108082900007],[12.754566675000035,41.41608353600003],[12.715038022000044,41.439978395000026],[12.691025635000074,41.450679111000056],[12.665471182000033,41.456747535000034],[12.637031770000021,41.451441454000076],[12.635328557000037,41.45019092700005],[12.62806080300004,41.444854822000025],[12.618951158000073,41.44699085900004],[12.612739094000062,41.457636456000046],[12.611014874000034,41.46059124800007],[12.604710179000051,41.471395587000075],[12.591542564000065,41.48457682800006],[12.589649485000052,41.486471866000045],[12.588426680000055,41.48853705500005],[12.580023634000042,41.50272891700007],[12.564184777000037,41.521373065000034],[12.552830288000052,41.53403841200003],[12.486759684000049,41.59681368100007],[12.44762839200007,41.631975933000035],[12.416086389000043,41.655724150000026],[12.365825617000041,41.68922662600005],[12.325089344000048,41.70949538000008],[12.260914486000047,41.73423748000005],[12.245004109000035,41.73788322000007],[12.231221090000076,41.74104149300007],[12.22631597800006,41.74367186300003],[12.22833735100005,41.751992173000076],[12.228413106000062,41.752303994000044],[12.228139249000037,41.75290525300005],[12.220837263000021,41.76893694000006],[12.221859762000065,41.781848342000046],[12.222221045000026,41.786410370000056],[12.202723179000031,41.828773960000035],[12.192129284000032,41.85179162800006],[12.160434357000042,41.89460341200004],[12.157301092000068,41.898835656000074],[12.153357242000027,41.90416279500005],[12.124859319000052,41.92650506800004],[12.117574150000053,41.92857770400008],[12.092390657000067,41.93574242400007],[12.081469628000036,41.94397270600007],[12.077692673000058,41.94681908700005],[12.061912406000033,41.95231192500006],[12.050645871000029,41.95623361000003],[12.043415199000037,41.96291799200003],[12.042089024000063,41.96441697400007],[12.02887173800002,41.97935654500003],[12.011984336000069,41.987970733000054],[12.007147196000062,41.99043813600008],[11.999758984000039,41.99306607500006],[11.98425708700006,41.99626039300006],[11.977599591000057,41.99763223600007],[11.974835411000072,42.00099337000006],[11.964174486000047,42.013956638000025],[11.91294414600003,42.039925835000076],[11.877971116000026,42.037651690000075],[11.87193250100006,42.03516561400005],[11.867978899000036,42.03353793000008],[11.835814931000073,42.029506549000075],[11.821097057000031,42.04800120700003],[11.818360648000066,42.05703470100008],[11.809604199000034,42.06896701800008],[11.804385393000075,42.07929551900003],[11.801901448000024,42.08421147700005],[11.798655344000053,42.08639283800005],[11.785182859000031,42.09544626100006],[11.76963872400006,42.11259505900006],[11.766730722000034,42.12077621200007],[11.75527154100007,42.126008039000055],[11.749049598000056,42.134972135000055],[11.744928898000069,42.14090892400003],[11.743311104000043,42.147423322000066],[11.742749269000058,42.14968567100004],[11.735151955000049,42.15667521000006],[11.733759588000055,42.15795619100004],[11.738762543000064,42.17084497600007],[11.733340484000053,42.17577580900007],[11.721735248000073,42.186329638000075],[11.700680066000075,42.225911722000035],[11.695918597000059,42.23486290900007],[11.690937492000046,42.23861500400005],[11.689751130000047,42.23950865000006],[11.680246836000038,42.24666790900005],[11.664580390000026,42.26556368800004],[11.654788471000074,42.27737402100007],[11.632385279000061,42.29534656000004],[11.602546269000072,42.30989463700007],[11.602383530000054,42.30997398100004],[11.549745864000045,42.34171585100006],[11.44993868000006,42.37767045700008],[11.383113687000048,42.39502869200004],[11.315692627000033,42.40562736900006],[11.308147581000071,42.40689998600004],[11.30813123300004,42.40690131500003],[11.306178787000022,42.40706003400004],[11.302437075000057,42.407623976000025],[11.287889001000053,42.40545636300004],[11.281037624000021,42.408355725000035],[11.278874987000052,42.41293192300003],[11.27691181800003,42.41708604100006],[11.25632978300007,42.41952239200003],[11.225639839000053,42.41472143800007],[11.21007749000006,42.408722440000076],[11.207469876000062,42.401943439000036],[11.210749705000069,42.39912050200007],[11.211744441000064,42.39826433600007],[11.207398731000069,42.39452509900008],[11.206487286000026,42.393740852000064],[11.20668792600003,42.393550326000025],[11.21220806100007,42.38830845700005],[11.198638561000053,42.382511720000025],[11.192781750000051,42.38000975600005],[11.188715633000072,42.37363423100004],[11.18851408200004,42.37010383100005],[11.188188913000033,42.36440811800003],[11.170892901000059,42.36690935800004],[11.166612390000068,42.36752837900008],[11.16218679700006,42.36533106400003],[11.154846004000035,42.361686347000045],[11.151222630000063,42.36428766100005],[11.150174462000052,42.370932002000075],[11.148493864000045,42.37217106800006],[11.142295169000022,42.37674122400006],[11.138670959000024,42.37775704300003],[11.133161631000064,42.37930123700005],[11.130581524000036,42.38235724800006],[11.128293039000027,42.38506784900005],[11.11802543300007,42.38956702200005],[11.117838757000072,42.389603657000066],[11.097333720000051,42.39362775200004],[11.09597718200007,42.39826433600007],[11.089295762000063,42.40650564400005],[11.091147349000039,42.41080855900003],[11.088592639000069,42.42919500700003],[11.095260105000023,42.43115409700005],[11.09543079100007,42.431204249000075],[11.09546294200004,42.431421786000044],[11.096482317000039,42.438318980000076],[11.105141508000031,42.446896002000074],[11.112164896000024,42.446367905000045],[11.117729507000035,42.440397172000075],[11.122083943000064,42.43572493700003],[11.131556188000047,42.43841928300003],[11.140971529000069,42.434245118000035],[11.15009240300003,42.43612567300005],[11.156890198000042,42.43410634300005],[11.169667760000038,42.44117177800007],[11.184291495000025,42.464330817000075],[11.190858215000048,42.488537043000065],[11.190623349000077,42.515843794000034],[11.176889520000032,42.540937890000066],[11.156595249000077,42.56215300100007],[11.14068448200004,42.56108002900004],[11.13964980000003,42.56004792700003],[11.132512937000058,42.552928863000034],[11.123203698000054,42.55764160800004],[11.115870991000065,42.56828803700006],[11.10766647500003,42.58178720800004],[11.106788211000037,42.586411930000054],[11.104809138000064,42.59683324400004],[11.098738537000031,42.604823501000055],[11.093294101000026,42.60615147300007],[11.089966316000073,42.606963165000025],[11.08360482200004,42.61208325200005],[11.082713351000052,42.61580506000007],[11.085314124000035,42.617824797000026],[11.087837056000069,42.61978408300007],[11.083889002000035,42.62786404500008],[11.064828749000071,42.63797692900005],[11.04091769300004,42.646771251000075],[11.014970783000024,42.656314345000055],[11.007216361000076,42.66451237500007],[10.998223776000032,42.68542441200003],[10.992740471000047,42.69817570200007],[10.979211044000067,42.71685446600003],[10.950081682000075,42.73762960200003],[10.911863090000054,42.75321278000007],[10.83977668500006,42.77018629400004],[10.800675805000026,42.775902958000074],[10.794571308000059,42.77499503800004],[10.792251204000024,42.77464997000004],[10.787135700000022,42.773889143000076],[10.749538347000055,42.79521691200006],[10.748223608000046,42.79596272100008],[10.747705024000027,42.796159669000076],[10.732934681000074,42.80176914600003],[10.737052574000074,42.80876946300003],[10.74894858500005,42.80629657500003],[10.74928965600003,42.806436543000075],[10.760801213000036,42.81116064500003],[10.77214820200004,42.830025059000036],[10.775415126000041,42.844529582000064],[10.774031069000046,42.85535667800008],[10.773854615000062,42.85673703200007],[10.769336983000073,42.86044214200007],[10.769969608000054,42.869047841000054],[10.778496070000074,42.879546230000074],[10.786208629000043,42.88904248400007],[10.783974080000064,42.89564134500006],[10.771925537000072,42.91045258300005],[10.756169267000075,42.92043666700005],[10.705672413000059,42.94186459700006],[10.658327437000025,42.95196531200003],[10.61887465600006,42.95428020500003],[10.575197626000033,42.95274511300005],[10.551823166000077,42.946652967000034],[10.550458776000028,42.94071138700008],[10.544067281000025,42.933345176000046],[10.544371396000031,42.93217171800006],[10.545755195000027,42.926832184000034],[10.543479181000066,42.92262590300004],[10.524717831000032,42.92136616800008],[10.511089458000072,42.93133106800008],[10.510918813000046,42.93145584200005],[10.510654979000037,42.931482808000055],[10.49707206000005,42.932871076000026],[10.497098678000043,42.939510993000056],[10.484751508000045,42.965010523000046],[10.486667846000046,42.97537555000008],[10.485690813000076,42.98292056200006],[10.485594066000033,42.983667678000074],[10.484991232000027,42.98832298800005],[10.494540524000058,42.993459845000075],[10.499917109000023,42.99217454600006],[10.504538065000077,42.99106988300008],[10.510893645000067,42.993638952000026],[10.514837476000025,42.99977487100006],[10.51364463300007,43.003466186000026],[10.511517851000065,43.01004762800005],[10.516750624000053,43.015193691000036],[10.51865037300007,43.01733412500005],[10.52216142900005,43.02129000600007],[10.532224776000021,43.05512921800005],[10.539090680000072,43.113559405000046],[10.538823740000055,43.165021685000056],[10.528247818000068,43.23160405500005],[10.511271829000066,43.27369968700003],[10.500568638000061,43.29158358300003],[10.484352495000053,43.30338068200007],[10.462697190000029,43.31913472200006],[10.456129260000068,43.32894789900007],[10.455518117000054,43.33290349300006],[10.453514559000041,43.34587143700003],[10.444701437000049,43.35551630700007],[10.443338488000052,43.35700788500003],[10.442786476000038,43.359519628000044],[10.440009076000024,43.37215724300006],[10.431164699000021,43.38381553500005],[10.430511283000044,43.384676841000044],[10.429731322000066,43.38681208100007],[10.425580027000024,43.398176772000056],[10.41833758200005,43.40263564500003],[10.411354029000051,43.40208886400006],[10.404789738000034,43.40157490900003],[10.406058870000038,43.40559256700004],[10.406749051000077,43.40777745200006],[10.400584428000059,43.41605102200003],[10.399880793000023,43.42495025000005],[10.389605259000064,43.43218979900007],[10.378466116000027,43.44733663100004],[10.365799524000067,43.45747952500005],[10.35775231100007,43.460261924000065],[10.342113702000063,43.46566912000003],[10.332554843000025,43.47349059000004],[10.328828151000039,43.48269748900003],[10.315112842000076,43.51658155500007],[10.304719488000046,43.529878644000064],[10.299441358000024,43.536631397000065],[10.301726104000068,43.54842350300004],[10.297381961000042,43.554172761000075],[10.302298877000055,43.56894125300005],[10.305789383000047,43.569365445000074],[10.309329027000047,43.56979560800005],[10.299766824000073,43.581966617000035],[10.294325272000037,43.58839255600003],[10.288923451000073,43.610449489000075],[10.287074116000042,43.62473420500004],[10.28535568500007,43.63800779300004],[10.28390483100003,43.64921454600005],[10.273870834000036,43.66922215500006],[10.272148514000037,43.672656430000075],[10.270106560000045,43.67672804800003],[10.275375361000044,43.67910772700003],[10.278518446000021,43.68052731600005],[10.282059874000026,43.68763975500008],[10.279994399000032,43.69736022400008],[10.276125648000061,43.71556720800004],[10.277871699000059,43.72267720800005],[10.278221513000062,43.72410166600008],[10.274619078000057,43.75014162900004],[10.267249798000023,43.78139152800003],[10.267807001000051,43.78791850300007],[10.258118042000035,43.81514719300003],[10.237775920000047,43.85655931700006],[10.241810478000048,43.86081582400004],[10.23852133500003,43.87203481200004],[10.227695808000021,43.88777416000005],[10.209918043000073,43.91054793600006],[10.181368513000052,43.942166720000046],[10.143475973000022,43.97542055300005],[10.136921800000039,43.98010858600003],[10.090287701000022,44.012958695000066],[10.060420350000072,44.02896970200004],[10.044416993000027,44.03479738900006],[10.03525356800003,44.03496528900007],[10.01876966900005,44.04453592200008],[9.999373372000036,44.05093355100007],[9.986382742000046,44.04698802900003],[9.985944967000023,44.04613929000004],[9.98250003100003,44.03946039600004],[9.976748504000057,44.03590580700006],[9.963187962000063,44.03810017300003],[9.949618204000046,44.04731950000007],[9.927974612000071,44.05834651300006],[9.924201911000068,44.063803008000036],[9.91479127100007,44.066753464000044],[9.913740425000071,44.06970603900004],[9.909285012000055,44.069739293000055],[9.909097029000066,44.076915505000045],[9.909049607000043,44.078725829000064],[9.901631973000065,44.08279470000008],[9.891598431000034,44.082637641000076],[9.881550079000021,44.082480350000026],[9.88048725300007,44.08446381600004],[9.878744544000028,44.08771609200005],[9.872512265000069,44.08888902100006],[9.869642530000021,44.08942911200006],[9.865286653000055,44.09392328600006],[9.851542670000072,44.10810363500008],[9.846922053000071,44.10671836400007],[9.845411158000047,44.10626539400005],[9.842674918000057,44.10743428100005],[9.837956404000067,44.10944997100006],[9.81873842500005,44.095849205000036],[9.823851846000025,44.08273182000005],[9.831958046000068,44.07503010600004],[9.839023663000035,44.072959343000036],[9.839036126000053,44.07295569000007],[9.839033305000044,44.072947585000065],[9.836735012000076,44.06634324600003],[9.843300706000036,44.06774401700005],[9.843796871000052,44.06784987200007],[9.851074243000028,44.06032720400003],[9.840799016000062,44.05816159300008],[9.832952480000074,44.049566914000025],[9.826736930000038,44.05425859800005],[9.822155038000062,44.05771714800005],[9.811431792000064,44.061325983000074],[9.803282616000047,44.06406853200008],[9.77508896300003,44.07608874300007],[9.768977387000064,44.08092996200003],[9.765841328000022,44.08341415700005],[9.761871899000027,44.08421103100005],[9.760147076000067,44.084557294000035],[9.759766048000074,44.08518344000004],[9.756490461000055,44.090566240000044],[9.74461468900006,44.092179815000065],[9.739636018000056,44.09285627300005],[9.738494409000054,44.09581932300006],[9.737773723000032,44.09768986800003],[9.72949292900006,44.104417194000064],[9.72685890400004,44.10655707900003],[9.726695205000055,44.10708947300003],[9.725050769000063,44.11243764200003],[9.716679691000024,44.118086428000026],[9.712181930000042,44.11877436800006],[9.705129113000055,44.119853109000076],[9.70244179100007,44.123915442000055],[9.700864069000033,44.12630043100006],[9.66523763300006,44.143398459000025],[9.645115461000046,44.144135283000026],[9.639556997000057,44.138008617000025],[9.635507287000053,44.13354493300005],[9.621442341000034,44.143398459000025],[9.61706822900004,44.15051815900006],[9.607361812000022,44.15744439100007],[9.606849745000034,44.15932465900005],[9.606219125000052,44.16164024400007],[9.607986465000067,44.16519886400005],[9.609194655000067,44.16763161000006],[9.602504633000024,44.17265385400003],[9.596610571000042,44.17372082600008],[9.585544389000063,44.175724081000055],[9.583343722000052,44.17918234600006],[9.581366692000074,44.18228917300007],[9.575452647000077,44.18243083900006],[9.56908366700003,44.182583402000034],[9.568011183000067,44.187521401000026],[9.566936320000025,44.192470351000054],[9.561310973000047,44.194942025000046],[9.550669157000073,44.20558894700008],[9.543063277000044,44.20654931300004],[9.54179132400003,44.20670991800006],[9.52944332900006,44.207732727000064],[9.51738802500006,44.21413762800006],[9.51134379900003,44.21667556700004],[9.502161736000062,44.22326764200005],[9.499253116000034,44.227287809000075],[9.493185315000062,44.23567445800006],[9.479644863000033,44.239225661000035],[9.474534352000035,44.23632300500003],[9.470220227000027,44.23387267900006],[9.452670555000054,44.24015293800005],[9.442111410000052,44.24042151400005],[9.433409769000036,44.25166926800006],[9.43278521600007,44.25247656600004],[9.420556040000065,44.25851910600005],[9.413047486000039,44.25634396500004],[9.404162277000069,44.25377002400006],[9.395475408000038,44.266743432000055],[9.388352085000065,44.26914648200005],[9.391685318000043,44.27447420900006],[9.392142609000075,44.27520512800004],[9.386929732000056,44.283376589000056],[9.384110214000032,44.28510932800003],[9.364804130000039,44.29697390900003],[9.332945769000048,44.310344144000055],[9.328590484000074,44.31067763200008],[9.325411827000039,44.31092102400004],[9.320173147000048,44.31385471300007],[9.307570712000029,44.320912143000044],[9.280441576000044,44.32984537900006],[9.254745651000064,44.33854998700008],[9.243371675000049,44.34240297200006],[9.240829637000047,44.34380251600004],[9.233232788000066,44.34798503500008],[9.230611494000073,44.34736732700003],[9.230872186000056,44.34396583500006],[9.22515340900003,44.337215951000076],[9.223890304000065,44.33572510600004],[9.222275037000031,44.335437666000075],[9.219669684000053,44.33497403700005],[9.21383540000005,44.33245728400004],[9.215879509000047,44.325181428000064],[9.216066513000044,44.324515801000075],[9.215529683000057,44.32345351600003],[9.214245388000052,44.320912143000044],[9.213456870000073,44.31321518200008],[9.213312403000032,44.311805],[9.213162364000027,44.311760519000075],[9.209015125000064,44.310531007000066],[9.211206825000033,44.30819869100003],[9.213024147000056,44.306264773000066],[9.20817224700005,44.30202991600004],[9.18792055800003,44.30849129300003],[9.18240325100004,44.30880340400006],[9.178722226000048,44.311407289000044],[9.174402641000029,44.314462879000075],[9.165394093000032,44.31529875900003],[9.155217870000058,44.31624298400004],[9.149156567000034,44.320912143000044],[9.153152289000047,44.33573708500006],[9.155282915000043,44.343642138000064],[9.147217032000071,44.35525494600006],[9.141744201000051,44.36018856600003],[9.135964356000045,44.36149758100004],[9.135039497000037,44.36170704300008],[9.12283237500003,44.36447170400004],[9.09905586800005,44.37184602900004],[9.076791311000022,44.37553557000007],[9.058321511000031,44.38009302800003],[9.003529638000032,44.38583416200004],[8.982701649000035,44.39120791500005],[8.952247294000074,44.39267228600005],[8.946870493000063,44.392930825000064],[8.930706099000076,44.39886163800003],[8.925321248000046,44.40656049800003],[8.921540655000058,44.41196571000006],[8.914035470000044,44.40990222600004],[8.913845853000055,44.40832313000004],[8.913352885000052,44.404217766000045],[8.910743698000033,44.403027251000026],[8.862050335000049,44.40728993100004],[8.838234844000056,44.412620719000074],[8.840730304000033,44.41788039100004],[8.841243162000069,44.41896134000007],[8.828793287000053,44.423160978000055],[8.800715738000065,44.42389082100004],[8.799768380000046,44.42348842200005],[8.78970256100007,44.41921287300005],[8.755203770000037,44.424740084000064],[8.747252322000065,44.42601402200006],[8.70452801500005,44.41296603400008],[8.690054237000027,44.406016546000046],[8.687712953000073,44.40156261200008],[8.685579940000025,44.39750488200008],[8.680294583000034,44.393881597000075],[8.66525153300006,44.39025901700006],[8.65766665600006,44.389611080000066],[8.646313918000033,44.388641275000055],[8.633010367000054,44.379803535000065],[8.614690969000037,44.36762105300005],[8.588348918000065,44.360948833000066],[8.569683331000022,44.35622099600005],[8.567416815000058,44.352111937000075],[8.565064914000061,44.34784807900007],[8.526256081000042,44.33130121000005],[8.512876939000023,44.32908686300004],[8.509324262000064,44.32849886900004],[8.50735183300003,44.32733797000003],[8.496115088000067,44.320724434000056],[8.489200881000045,44.31218355100003],[8.491282926000054,44.31005833100005],[8.493137931000035,44.30816486000003],[8.479177504000063,44.30164738000008],[8.460905935000028,44.29311722700004],[8.454936072000066,44.29033017300003],[8.445384942000032,44.28064200600005],[8.441097611000032,44.27508760500007],[8.441078580000067,44.27002749300004],[8.443509059000064,44.26502107500005],[8.44664573700004,44.264050602000054],[8.450195052000026,44.262952460000065],[8.45380388600006,44.261780517000034],[8.455172872000048,44.25708772400003],[8.45124262500002,44.25284635500003],[8.445682411000064,44.246845990000054],[8.44558909500006,44.24674528700007],[8.444194548000041,44.23945548900008],[8.436243188000049,44.236728955000046],[8.42983578600007,44.23287564700007],[8.421461518000058,44.22783949600006],[8.415748756000028,44.21875215700004],[8.417250942000067,44.201563289000035],[8.420665775000032,44.198822610000036],[8.42431216400007,44.19589608900003],[8.416370198000038,44.19085859100005],[8.414536515000066,44.18969550700007],[8.40963952800007,44.18504784400005],[8.406036826000047,44.181628569000054],[8.392409881000049,44.18025312100008],[8.374308438000071,44.178426036000076],[8.369179744000064,44.17378856200003],[8.368980130000068,44.17360806700003],[8.322980624000024,44.160185400000046],[8.319010121000076,44.15932465900005],[8.310838739000076,44.15755323500008],[8.303172927000048,44.15589141000004],[8.269204891000072,44.13914108000006],[8.264374094000061,44.131429608000076],[8.261749068000029,44.12723924200003],[8.259126672000036,44.12497226000005],[8.24954372600007,44.11668809300005],[8.23751340900003,44.102037239000026],[8.227869011000053,44.08282335000007],[8.225875951000035,44.07238210000003],[8.225688829000035,44.057105808000074],[8.225536044000023,44.044632731000036],[8.218360045000054,44.04048861900003],[8.208371069000066,44.03472002400008],[8.190940671000021,44.01654723100006],[8.17703797300004,44.00870580700007],[8.162159360000032,43.989886666000075],[8.159484601000031,43.97898556400003],[8.161747208000065,43.96980480500008],[8.16308459000004,43.968518532000076],[8.169204227000023,43.96263275900003],[8.172530763000054,43.95943334700007],[8.17397861400002,43.95518947200003],[8.164703982000049,43.95323586100005],[8.16308459000004,43.95289475200008],[8.146485618000042,43.94939833900003],[8.138805435000052,43.94495222300003],[8.135350904000063,43.938940426000045],[8.128550835000055,43.927404369000044],[8.107120043000066,43.920940399000074],[8.099480819000064,43.91860018500006],[8.094116867000025,43.916956982000045],[8.079423295000026,43.90489258000008],[8.079089410000051,43.90109437700005],[8.078648239000074,43.89607572500006],[8.07131167500006,43.89063058700003],[8.055825752000032,43.888835818000075],[8.039147094000043,43.88690281400005],[8.020584042000053,43.878924321000056],[8.019003664000024,43.87708491200004],[8.015147188000071,43.872596343000055],[7.99707793400006,43.86771248100007],[7.98057800600003,43.86325278600003],[7.970114089000049,43.860424539000064],[7.967644674000042,43.85513086200007],[7.966150103000075,43.85192695400008],[7.956332035000059,43.850012451000055],[7.949316256000031,43.84718772000008],[7.93379406300005,43.84554463600006],[7.92141679100007,43.84423445400006],[7.918658698000058,43.84289883900004],[7.915591194000058,43.84141339100006],[7.905917398000042,43.83698663200005],[7.885379084000022,43.836635982000075],[7.880937564000021,43.836304848000054],[7.87180062300007,43.83562365000006],[7.860963471000048,43.83137605100006],[7.846675430000062,43.82851842300005],[7.83924986300002,43.822285556000054],[7.83244090900007,43.81657026200003],[7.821643305000066,43.81912730400006],[7.805571533000034,43.822933351000074],[7.784726697000053,43.81887140400005],[7.774777584000049,43.81360654100007],[7.753585239000074,43.80665540800004],[7.748771623000039,43.80318293100004],[7.740066409000065,43.79690310600006],[7.735426248000067,43.79572965800003],[7.723775075000049,43.79828043600003],[7.712708688000021,43.80070318800006],[7.702690424000025,43.79901089600003],[7.689632293000045,43.789281704000075],[7.672705008000037,43.77666973000004],[7.646188283000072,43.781991563000076],[7.633399461000067,43.783820441000046],[7.631035598000039,43.78434360800003],[7.613037081000073,43.78701136600006],[7.574855656000068,43.79267065400006],[7.560672489000069,43.788145652000026],[7.560558140000069,43.78796167200005],[7.556103533000055,43.78079451700006],[7.529860025000062,43.78401301800005],[7.527231147000066,43.79276909600003],[7.524167761000058,43.796296951000045],[7.518338904000075,43.80300957600008],[7.513703863000046,43.81887809300008],[7.507175005000022,43.84123027900006],[7.501805059000048,43.844555770000056],[7.501406380000049,43.84480266300005],[7.496502376000024,43.85084084600004],[7.49533911900005,43.86239778100003],[7.499317054000073,43.86601238500003],[7.498383714000056,43.87095389000007],[7.501208102000021,43.87497414300003],[7.512248321000072,43.88262398900008],[7.537956811000072,43.89276628600004],[7.545623357000068,43.89377396800006],[7.551500738000072,43.894546484000045],[7.553545946000042,43.89592886400004],[7.55746705200005,43.89654788300004],[7.559551216000045,43.897398665000026],[7.561155918000054,43.898778099000026],[7.562473441000066,43.900468430000046],[7.563168162000068,43.902418890000035],[7.561483205000059,43.90970720900003],[7.559658046000038,43.917601974000036],[7.568881008000062,43.92723996800004],[7.570247109000036,43.928667544000064],[7.572889458000077,43.93630469200008],[7.572772842000063,43.936463598000046],[7.568029320000051,43.94292731000007],[7.57189338400002,43.94718309000007],[7.581542070000069,43.94815900100008],[7.587815017000025,43.954948183000056],[7.603029082000035,43.95564071500007],[7.612009657000044,43.95604950300003],[7.639134879000039,43.96980480500008],[7.640911998000036,43.97129774800004],[7.643562725000038,43.973524602000055],[7.647290124000051,43.97412175200003],[7.653463061000025,43.975110692000044],[7.656013011000027,43.98432858900003],[7.656046452000055,43.98444947400003],[7.656153534000055,43.984493017000034],[7.662102495000056,43.986912043000075],[7.670519851000051,43.99840537400007],[7.667158204000032,44.005944286000044],[7.663229022000053,44.01475596800003],[7.663898957000072,44.02960768600008],[7.671389287000068,44.02990954900008],[7.674105281000038,44.03001900400005],[7.680345724000063,44.033950118000064],[7.687877382000067,44.038694623000026],[7.693207944000051,44.039752727000064],[7.700349668000058,44.04117034300003],[7.702978492000057,44.04808029000003],[7.705484656000067,44.054667822000056],[7.714236357000061,44.06151361700006],[7.715738341000076,44.084158857000034],[7.708237156000052,44.08951923600006],[7.698586543000033,44.09641560500006],[7.690520775000039,44.107143998000026],[7.689489941000033,44.10851512600004],[7.688533291000056,44.109121205000065],[7.674570312000071,44.11796735000007],[7.667031503000032,44.13167386900005],[7.671172206000051,44.136188178000054],[7.676635996000073,44.14214495300007],[7.678454504000058,44.14700945200008],[7.67342397300007,44.15111667200006],[7.67164557500007,44.15256866000004],[7.67128708000007,44.15663503400003],[7.674315980000074,44.15932465900005],[7.674715560000038,44.15967948100007],[7.680506526000045,44.164821784000026],[7.684466221000037,44.17394916400008],[7.672753348000072,44.17740115500004],[7.642497217000027,44.17808348900007],[7.631924106000042,44.17252597000004],[7.628973672000029,44.16507140500005],[7.628567368000063,44.16404483700006],[7.625193885000044,44.15932465900005],[7.618446594000034,44.14988384600008],[7.585971689000075,44.15086528000006],[7.576846260000025,44.152600343000074],[7.566129041000067,44.15463806100007],[7.562198436000074,44.15199030800005],[7.554798409000057,44.14700546800003],[7.542377094000074,44.14720348000003],[7.532655482000052,44.147358455000074],[7.528879972000027,44.14394394200008],[7.522707949000051,44.13836206000008],[7.514737886000034,44.14052864700005],[7.503916567000033,44.14347032100005],[7.466946404000055,44.12898706500005],[7.460419254000044,44.12643002000004],[7.44527501500005,44.128096570000025],[7.430844280000031,44.129684603000044],[7.426953989000026,44.12076071100006],[7.427006394000045,44.11899191200007],[7.427182565000066,44.11304565700004],[7.409033005000026,44.119382544000075],[7.393479673000058,44.12481296300007],[7.385981739000044,44.123979605000045],[7.377517706000049,44.120657522000045],[7.368783073000031,44.11722923100007],[7.358651799000029,44.116823483000076],[7.350156607000031,44.13313941300004],[7.34420543400006,44.14456928200008],[7.320554973000071,44.143397857000025],[7.319102949000069,44.14332593700004],[7.318842360000076,44.143452453000066],[7.310046342000021,44.14772291100007],[7.307723478000071,44.14497307500005],[7.290104332000055,44.145331344000056],[7.288109740000039,44.14443216500007],[7.281540484000061,44.14147068900007],[7.275920466000059,44.144820742000036],[7.271789759000058,44.14728302700007],[7.268557519000069,44.14758283100008],[7.262372271000061,44.14815653900007],[7.248512574000074,44.15932465900005],[7.243864120000069,44.16795569300007],[7.241347015000031,44.17262933600006],[7.235687555000027,44.17466399600005],[7.232798638000077,44.17250263100004],[7.228246783000031,44.16909712700004],[7.220751300000074,44.16865953800004],[7.213728940000067,44.17367849400006],[7.212824505000071,44.17432490300007],[7.206238915000029,44.17903169500005],[7.204939800000034,44.18116171300005],[7.201872115000072,44.186191464000046],[7.198697008000067,44.18657482400005],[7.193601344000058,44.18719007000004],[7.191402710000034,44.192899692000026],[7.189111376000028,44.198850048000054],[7.178435218000061,44.19883202200003],[7.176905837000049,44.198829440000054],[7.176463990000059,44.19907763200007],[7.162699972000041,44.20680908800006],[7.147511696000038,44.20268501400005],[7.142462561000059,44.201314022000076],[7.13449399700005,44.20577041700005],[7.114099208000027,44.21717614100004],[7.103587365000067,44.21905871100006],[7.092677861000027,44.22101249800005],[7.089355467000075,44.225177709000036],[7.086706949000074,44.228498098000046],[7.078029206000053,44.231883260000075],[7.069779847000063,44.232230093000055],[7.064824680000072,44.22893952000004],[7.062850850000075,44.22762876000007],[7.059233439000025,44.22821802200008],[7.054640249000045,44.22896623400004],[7.046268744000031,44.22654504700006],[7.038206847000026,44.22421340500006],[7.032601535000026,44.22863987300008],[7.029723752000052,44.23091243400006],[7.023873023000021,44.23173166200007],[7.019288201000052,44.232373636000034],[7.008032013000047,44.23634813900003],[6.997448821000035,44.251352661000055],[6.996610002000068,44.26021547600004],[6.994780667000043,44.27954391800006],[6.98089083800005,44.28638932000007],[6.980052987000022,44.286240117000034],[6.971241453000061,44.28467097400005],[6.97031654500006,44.29150862100005],[6.970018581000033,44.293711409000025],[6.964508339000076,44.29465151100004],[6.957489911000039,44.29584892500003],[6.958820381000066,44.30332251200008],[6.960058996000043,44.310280127000055],[6.955725734000055,44.314124252000056],[6.953711823000049,44.31591083400008],[6.953260111000077,44.31757024600006],[6.952755266000054,44.31942484800004],[6.949639828000045,44.32109837300004],[6.927840472000071,44.33280836700004],[6.922099618000061,44.34793753500003],[6.920569273000069,44.35197053200005],[6.905522470000051,44.35809388400003],[6.887427980000041,44.36128689800006],[6.888448823000033,44.36660607700003],[6.891790625000056,44.370173366000074],[6.896539148000045,44.37524229500008],[6.895785851000028,44.385380558000065],[6.894733153000061,44.399548322000044],[6.895994367000071,44.40345001400004],[6.896702142000038,44.40563958800004],[6.896053594000023,44.40858251800006],[6.893517599000063,44.42009015900004],[6.917074113000069,44.42685884500003],[6.917759152000031,44.42672635800005],[6.928374444000042,44.424673348000056],[6.934902145000024,44.42941773500007],[6.947061647000055,44.42750565500006],[6.935695449000036,44.44024537000007],[6.923820264000028,44.445994229000064],[6.912931517000061,44.45126554700005],[6.910380932000066,44.45662961600004],[6.90469345300005,44.468590806000066],[6.88975802300007,44.472949819000064],[6.889459012000032,44.47303708700008],[6.877613985000039,44.48146665100006],[6.876898190000077,44.484883687000035],[6.87613084000003,44.48854683600007],[6.87199337800007,44.49122646600006],[6.866423495000049,44.49483380400005],[6.861321737000026,44.50274492300008],[6.854059567000036,44.528078665000066],[6.856367352000063,44.53223004000006],[6.864846095000075,44.53585536000003],[6.869405856000071,44.537805011000046],[6.874297397000021,44.54627130100005],[6.878370573000041,44.55332116500006],[6.892287522000061,44.55410949000003],[6.902382523000028,44.55468132100003],[6.915925042000026,44.56210294400006],[6.915406125000061,44.56384091000007],[6.913945769000065,44.56873195800006],[6.926586809000071,44.57223686400005],[6.932360380000034,44.57383766800007],[6.933027659000061,44.586135746000025],[6.933530248000068,44.59539855700007],[6.93823876700003,44.60335374700003],[6.949141601000065,44.60948458200005],[6.949940472000037,44.61886852300006],[6.957532652000054,44.62125689700008],[6.963636498000028,44.620309140000074],[6.968085085000041,44.619618399000046],[6.967857211000023,44.62540941900005],[6.962147701000049,44.627575972000045],[6.960431400000061,44.62961271700004],[6.953844418000074,44.637429532000056],[6.948443099000031,44.65474198900006],[6.95813531500005,44.66275267900005],[6.95826673800002,44.66773302000007],[6.958381004000046,44.672063216000026],[6.963188073000026,44.67810790500005],[6.968285968000032,44.67799998000004],[6.971282200000076,44.67793654800005],[6.978327081000032,44.68309822700007],[6.987034922000021,44.68947833100003],[6.995425444000034,44.69024234400007],[7.004190146000042,44.68784988800007],[7.029001372000039,44.69149910300007],[7.051578177000067,44.68337053000005],[7.05984415000006,44.68039444100003],[7.077082929000028,44.68100893900004],[7.06575512400002,44.713464403000046],[7.043504466000059,44.71833958600007],[7.030555376000052,44.72947364100003],[7.021748771000034,44.75121370000005],[7.023970433000045,44.75712068800004],[7.024744091000059,44.759177703000034],[7.020759869000074,44.77328544200003],[7.011691761000066,44.783099320000076],[7.006721214000038,44.78581274100003],[7.000369675000059,44.789280044000066],[7.00842999200006,44.80072346800006],[7.012770605000071,44.80688593900004],[7.024145757000042,44.823035514000026],[7.017721370000061,44.824683408000055],[7.011921565000023,44.826171094000074],[7.008923179000021,44.83290077500004],[7.006084811000051,44.83927130700005],[7.001393756000027,44.84236493100008],[6.990886255000021,44.843901222000056],[6.969824393000067,44.84698065400005],[6.941909453000051,44.85910328700004],[6.931374228000038,44.86367842300007],[6.925155128000029,44.855230368000036],[6.922866363000026,44.85212130000008],[6.912112065000031,44.84528598700007],[6.901765341000043,44.84791913200007],[6.900104482000074,44.848341805000075],[6.897517225000058,44.84831702100007],[6.883004937000067,44.848178001000065],[6.878862984000023,44.850064221000025],[6.877235290000044,44.85080546300003],[6.871822504000022,44.85072364900003],[6.864418646000047,44.85061174100008],[6.856432414000039,44.85607771700006],[6.854393211000058,44.85747339900007],[6.853072871000052,44.857741203000046],[6.840214543000059,44.860349248000034],[6.829447099000049,44.867710388000035],[6.806089707000069,44.87728883800003],[6.802548341000033,44.88275853600004],[6.798312805000023,44.88930039200005],[6.788640857000075,44.889644858000054],[6.786281668000072,44.889728880000064],[6.783404296000072,44.892237753000074],[6.772108051000032,44.90208730900008],[6.759009357000025,44.90431696100006],[6.751577230000066,44.905582053000046],[6.750234675000058,44.906897927000045],[6.750820578000059,44.913358481000046],[6.749819643000023,44.92332308700003],[6.752949865000062,44.928524236000044],[6.754537989000028,44.93116304900008],[6.760763935000057,44.93355353000004],[6.759647686000051,44.93537189600005],[6.75775780400005,44.93717464800005],[6.752404927000043,44.93795246600007],[6.749201817000028,44.93841790500005],[6.753133476000073,44.942489075000026],[6.758540427000071,44.94808788700004],[6.764204864000021,44.95989867700007],[6.763376163000032,44.969128339000065],[6.747116479000056,44.98562121000003],[6.746630926000023,44.98582028900006],[6.737834133000035,44.98942702200003],[6.738842826000052,44.99392819700006],[6.742804558000046,44.994836632000045],[6.750798177000036,44.99666958900008],[6.747420389000069,45.007253168000034],[6.744892001000039,45.01150976800005],[6.739413324000054,45.01779477700006],[6.724603607000063,45.02161866800003],[6.70704414000005,45.021873353000046],[6.706919626000058,45.02187021800006],[6.672846010000058,45.021012246000055],[6.670557608000024,45.02817225100006],[6.664701732000026,45.03338129800005],[6.667611957000076,45.04006714900004],[6.669344719000037,45.04404793800006],[6.665632362000053,45.04730088800005],[6.659955609000065,45.05227513900007],[6.662886064000077,45.05733627500007],[6.663091196000039,45.05769055400003],[6.66183647400004,45.07037273900005],[6.65737598000004,45.07187587400006],[6.646042690000058,45.07569506100003],[6.645328975000041,45.08466806500007],[6.627562749000049,45.10258652500005],[6.63005092800006,45.10985657900005],[6.634295535000035,45.11562050400005],[6.645679076000022,45.11541809900007],[6.649425088000044,45.11535149300005],[6.671799344000021,45.12488101400004],[6.676055115000054,45.13198272400007],[6.680759108000075,45.13983239300006],[6.692307627000048,45.139608716000055],[6.711671953000064,45.144982362000064],[6.726044569000067,45.13908778100006],[6.729127057000028,45.13870086500003],[6.74045753200005,45.137278654000056],[6.753117935000034,45.147264748000055],[6.768563222000068,45.15944746300005],[6.797315471000047,45.15287884300005],[6.814212789000067,45.148161232000064],[6.834375310000041,45.13681104700004],[6.845274639000024,45.13544965800003],[6.846080556000061,45.13250947500006],[6.847148338000068,45.128613947000076],[6.852215942000043,45.12776185900003],[6.862978292000037,45.13185930000003],[6.873748482000053,45.13595972500008],[6.885865427000056,45.136727447000055],[6.893023739000057,45.13718099300007],[6.898361726000076,45.14157411700006],[6.890766344000042,45.14655028100003],[6.890388268000038,45.14721096300008],[6.885015632000034,45.156599570000026],[6.893422575000045,45.16784632100007],[6.906348081000033,45.166516512000044],[6.909863599000062,45.16615482600008],[6.918367555000032,45.168168544000025],[6.930439983000042,45.171027269000035],[6.937363980000043,45.17077953300003],[6.947247439000023,45.17042591000006],[6.945252396000058,45.17386587000004],[6.943971124000029,45.17607510800008],[6.948377806000053,45.17812685600006],[6.953611106000039,45.18056347600003],[6.953630042000043,45.185287419000076],[6.95364586900007,45.18923572800003],[6.958422675000065,45.19182138800005],[6.967770937000068,45.196881553000026],[6.964526358000057,45.20014276000006],[6.961600755000063,45.20308335500005],[6.965236598000047,45.20725982500005],[6.978931940000052,45.20908981400004],[6.992019255000059,45.210838557000045],[6.994097987000032,45.212633795000045],[7.00236566600006,45.21977394000004],[7.01253185500002,45.21694139600004],[7.01799010600007,45.21542059600006],[7.022550573000046,45.217888853000034],[7.026289535000046,45.21615674000003],[7.037960228000031,45.22288346300007],[7.04129978800006,45.22480831000007],[7.051087063000068,45.22557061100008],[7.059821483000064,45.217713014000026],[7.068804207000028,45.20963203800005],[7.079465093000067,45.21378978600006],[7.080441759000053,45.21718793900004],[7.082663744000058,45.22491897900005],[7.105312680000054,45.237379764000025],[7.110220900000058,45.24594544200005],[7.114099208000027,45.24545957000004],[7.121620870000072,45.244517260000066],[7.123620101000029,45.24426679800007],[7.128933408000023,45.24734755700007],[7.136738302000026,45.25675232000003],[7.130849439000031,45.26856770300003],[7.129196669000066,45.271883813000045],[7.132031754000025,45.27553540400004],[7.136250119000067,45.28096866100003],[7.130950453000025,45.28651039300007],[7.12198709200004,45.29588316200005],[7.117076418000067,45.311296552000044],[7.114099208000027,45.314185003000034],[7.110303759000033,45.317867300000046],[7.109843713000032,45.32694336700007],[7.114099208000027,45.32703784300003],[7.122139821000076,45.32721635200005],[7.125995304000071,45.32730194700008],[7.134599469000023,45.33126288500006],[7.133089029000075,45.33657466900007],[7.132189178000033,45.33973918500004],[7.134643638000057,45.34765378900005],[7.148237048000055,45.353930440000056],[7.162514965000071,45.360523157000046],[7.160211351000044,45.36595920500008],[7.158654434000027,45.369633203000035],[7.163932633000059,45.38224763800008],[7.168159286000048,45.38438898800007],[7.177785874000051,45.38926610800007],[7.178744054000049,45.39640223200007],[7.185578336000049,45.403267613000025],[7.182360502000051,45.40725372000003],[7.16488503000005,45.41311555100003],[7.150191238000048,45.423283241000036],[7.122631622000029,45.431443898000055],[7.113104059000023,45.434265098000026],[7.113522991000025,45.43875589600003],[7.113798796000026,45.441712417000076],[7.106091237000044,45.44999986400006],[7.09924066800005,45.45736584400004],[7.100130834000026,45.46354212700004],[7.104722952000031,45.46845437400003],[7.07621987300007,45.47360168300003],[7.051464203000023,45.47215576100007],[7.046345377000023,45.47945666700008],[7.055820761000064,45.49000833300005],[7.052783196000064,45.49518199000005],[7.043852171000026,45.496787006000034],[7.022067538000044,45.49659635200004],[7.000017298000046,45.50466715700003],[7.004340833000072,45.51869848900003],[6.991574125000056,45.53216768200008],[6.995373585000038,45.544240212000034],[6.990127104000067,45.56018438400008],[6.995630275000053,45.56832766200006],[6.994585323000024,45.57513134800007],[6.978711246000046,45.58774845200003],[6.985564957000065,45.611521450000055],[6.985306321000053,45.62106827700006],[6.996953732000065,45.62982843200007],[6.999330415000031,45.63947939800005],[6.976244902000076,45.646436935000054],[6.967804117000071,45.65441471500003],[6.961438125000029,45.65483967000006],[6.931866803000048,45.646380934000035],[6.914167512000063,45.65144449600007],[6.915286899000023,45.660099572000036],[6.902189436000072,45.663825349000035],[6.906321356000035,45.675369869000065],[6.902949480000075,45.680124317000036],[6.893227810000042,45.676443678000055],[6.883783204000054,45.68015592300003],[6.87607292000007,45.67930753700006],[6.845961951000049,45.690503973000034],[6.841671812000072,45.699573143000066],[6.828534443000024,45.70354688400005],[6.818858515000045,45.71834860600006],[6.80943598500005,45.72511399700005],[6.817061840000065,45.740078538000034],[6.806423938000023,45.747699596000075],[6.805659348000063,45.76968700900005],[6.802368308000041,45.77856200800005],[6.804569309000044,45.79123050900006],[6.804714212000022,45.791335667000055],[6.812523734000024,45.79700310000004],[6.812446568000041,45.80837825900005],[6.808705777000057,45.81307009400007],[6.807903105000037,45.81407683500004],[6.807112450000034,45.81672831800006],[6.819836147000046,45.83625042500006],[6.84289966700004,45.840104144000065],[6.854244669000025,45.836788099000046],[6.860625665000043,45.83143929500005],[6.867832945000032,45.82539786800004],[6.871082586000057,45.82870292200005],[6.870008211000027,45.833315807000076],[6.87041318200005,45.83444350700006],[6.874476501000061,45.845758415000034],[6.878521785000032,45.848526492000076],[6.889182743000049,45.844850019000035],[6.895205371000031,45.84277309300006],[6.913504102000047,45.841448058000026],[6.917539247000036,45.84428402800006],[6.922191276000035,45.84755355400006],[6.927750345000049,45.84654335000005],[6.933980351000059,45.84541122300004],[6.939958486000023,45.84751356100003],[6.942854229000034,45.850629609000066],[6.952265092000061,45.860756440000046],[6.975826102000042,45.86837481900005],[6.984438309000041,45.868624932000046],[6.990222524000046,45.868792916000075],[6.998202874000071,45.873903563000056],[7.005631159000075,45.885403703000065],[7.004885056000035,45.89316386300004],[7.004325072000029,45.898988220000035],[7.019516661000068,45.91489350900008],[7.044886013000053,45.92241307200004],[7.061793631000057,45.91201204200007],[7.064734455000064,45.90163251900003],[7.065180046000023,45.90005982100007],[7.067192879000061,45.899058643000046],[7.075548204000029,45.894902726000055],[7.080599221000057,45.88538908900006],[7.093705121000028,45.87676975200003],[7.093287553000039,45.871844331000034],[7.093480914000054,45.87153608400007],[7.101174929000024,45.85927062300004],[7.114099208000027,45.859602247000055],[7.117796678000047,45.85969712000008],[7.133783899000036,45.871078759000056],[7.137349085000039,45.87361689000005],[7.153543738000053,45.87924939100003],[7.162488744000029,45.87706725500004],[7.163072174000035,45.872355275000075],[7.163267746000031,45.870775765000076],[7.173053399000025,45.86429122000004],[7.19060270500006,45.85867967100006],[7.193668769000055,45.85988556800004],[7.199750682000058,45.86310276900008],[7.199857105000035,45.87002369500004],[7.199925414000063,45.874465943000075],[7.210148736000065,45.88072067100006],[7.21422823100005,45.88321654600003],[7.216363928000021,45.886509517000036],[7.217904201000067,45.88888442100006],[7.249512338000045,45.89220049100004],[7.250770170000067,45.890906689000076],[7.253143614000066,45.88846537200004],[7.276493642000048,45.901284247000035],[7.282082406000029,45.90973634000005],[7.285755206000033,45.915290851000066],[7.294442829000047,45.92177936200005],[7.298757067000054,45.919304632000035],[7.301608800000054,45.91766882300004],[7.308898362000036,45.91698000700006],[7.314998217000038,45.91640361000003],[7.316653115000065,45.91520243300005],[7.323097627000038,45.91052480600007],[7.330842442000062,45.91194990300005],[7.344884080000043,45.91453365800004],[7.355467451000038,45.91032761900004],[7.359505198000022,45.90537972000004],[7.36041423100005,45.90426578100005],[7.373959713000033,45.90037699100003],[7.382356977000029,45.897128061000046],[7.387956434000046,45.89835333900004],[7.393415564000065,45.90352759400008],[7.400597961000074,45.91033519200005],[7.407435618000022,45.909517390000076],[7.410914792000028,45.90910127200004],[7.428694262000022,45.91653666900004],[7.433171082000058,45.92051236700007],[7.445647051000037,45.93159181300007],[7.460588997000059,45.93538589100007],[7.467619100000036,45.93522961300005],[7.472538948000022,45.935120246000054],[7.47262854500002,45.93894880800008],[7.472841267000035,45.94803862100008],[7.487446026000043,45.955810161000045],[7.492318448000049,45.95625937300008],[7.493668399000057,45.95638383100004],[7.497091010000076,45.95962076600006],[7.499244106000049,45.961657057000025],[7.505250997000076,45.95942222800005],[7.50769073500004,45.95851453700004],[7.510065913000062,45.95930507700007],[7.516478179000046,45.96143929700003],[7.522605027000054,45.95899999100004],[7.527979529000049,45.95686021900008],[7.540308552000056,45.955946029000074],[7.545749292000039,45.96215514000005],[7.543652746000021,45.96998078900003],[7.542149341000027,45.97559245800005],[7.546976202000053,45.98434872200005],[7.574703235000072,45.98757387000006],[7.578955001000054,45.98478639100006],[7.581997755000032,45.97825305900005],[7.584902333000059,45.97201641300006],[7.610395733000075,45.96935657800003],[7.620110306000072,45.97205314900003],[7.638470944000062,45.97026197500003],[7.648813328000074,45.97345535900007],[7.657554206000043,45.97615425200007],[7.665059905000021,45.975199744000065],[7.671923384000024,45.96913925500007],[7.675871218000054,45.965653297000074],[7.680574309000065,45.95751583800006],[7.696753618000059,45.95428807300004],[7.697223704000066,45.95419429100008],[7.708677826000041,45.94828228500006],[7.708481049000056,45.94441014200004],[7.708034975000032,45.93563235100004],[7.713385845000062,45.92863827100007],[7.72133374200007,45.92388026100008],[7.735097477000068,45.923990366000055],[7.74434145500004,45.93412952300008],[7.750020477000021,45.940358497000034],[7.76861137800006,45.93685004100007],[7.790782893000028,45.92270075600004],[7.799517780000031,45.917126378000034],[7.812710097000036,45.92281653400005],[7.821404588000064,45.926566672000035],[7.835727406000046,45.92251504300003],[7.837708387000021,45.921954664000054],[7.838860827000076,45.92187787900008],[7.857172834000039,45.92065777900007],[7.864076428000033,45.91675042500003],[7.873015966000025,45.92117273700006],[7.877137290000064,45.926955141000064],[7.868904143000066,45.93789237400006],[7.870610709000061,45.946396589000074],[7.874312790000033,45.94920054900007],[7.878057185000046,45.95203655800003],[7.876548090000028,45.95674937200005],[7.87613312700006,45.95804527800004],[7.877509461000045,45.95999601300008],[7.881441675000076,45.96556930000003],[7.880063988000074,45.96862289400008],[7.878091332000054,45.97299521600007],[7.885456369000053,45.97581388700007],[7.893330806000051,45.97882751100008],[7.90329304200003,45.99058150400003],[7.908679440000071,45.99693667200006],[7.952065108000056,45.996365068000046],[7.958166258000062,45.99628468600008],[7.961145552000062,45.996731046000036],[7.977013215000056,45.999108353000054],[7.98057800600003,45.998171574000025],[7.982746740000039,45.99760166000004],[7.989094317000024,45.995933603000026],[7.994991779000031,46.00328402800005],[8.001481352000042,46.01137244500006],[8.007350663000068,46.01169333800004],[8.012413184000025,46.01197012200004],[8.012115562000076,46.015682414000025],[8.011790161000022,46.01974119000005],[8.013836054000024,46.02209202300003],[8.016567201000043,46.02523024700008],[8.015346696000051,46.027719844000046],[8.013301470000044,46.03189171400004],[8.021608425000068,46.03669924800005],[8.034328224000035,46.04406065400008],[8.028158930000075,46.05760171500003],[8.022182457000042,46.07071955100008],[8.028765489000023,46.08154906800007],[8.028869727000028,46.08172054600004],[8.028948899000056,46.081977350000045],[8.034763135000048,46.100836611000034],[8.051141544000075,46.10156473200004],[8.054688713000075,46.10172242500005],[8.108232796000038,46.111628576000044],[8.113807792000046,46.11866082700004],[8.115614381000057,46.12593187600004],[8.11676753300003,46.13057301400005],[8.127273724000077,46.13556770100007],[8.12970013100005,46.13575387900005],[8.143052695000051,46.13677842100003],[8.150892505000058,46.14195887900007],[8.15432615900005,46.14735619700008],[8.152775345000066,46.15133304600005],[8.150216514000022,46.157894819000035],[8.15115929500007,46.164119191000054],[8.15899934600003,46.173760352000045],[8.159338062000074,46.17393036000004],[8.16308459000004,46.175810813000055],[8.165284357000075,46.17691491700003],[8.164284602000066,46.182506198000056],[8.16308459000004,46.18409365500003],[8.157182398000032,46.188969265000026],[8.153542558000026,46.19197601900004],[8.15208251000007,46.19840808400005],[8.151217365000036,46.20221937700006],[8.14726168900006,46.207330410000054],[8.143642919000058,46.212006134000035],[8.141832473000022,46.217378746000065],[8.138877452000031,46.226147953000066],[8.13273713700005,46.227682912000034],[8.12522584900006,46.22956058800003],[8.113726116000066,46.23824737900003],[8.113012939000043,46.240242410000064],[8.110018525000044,46.248618934000035],[8.101617710000028,46.24946833700005],[8.100073106000025,46.252165674000025],[8.091577777000055,46.253891373000044],[8.085177432000023,46.25519150700006],[8.081520432000048,46.26031574400008],[8.08740686300007,46.266790153000045],[8.099131236000062,46.27362076400004],[8.113649900000041,46.28207932600003],[8.116353213000025,46.28534322100006],[8.12252055700003,46.29278947800003],[8.141116942000053,46.30192884100006],[8.146541547000027,46.30052216300004],[8.16190120300007,46.29653918500003],[8.196174238000026,46.302298035000035],[8.198750351000058,46.302250420000064],[8.200893949000033,46.303468398000064],[8.205389411000056,46.306022615000074],[8.210968337000054,46.30919615400006],[8.214345994000041,46.31688010500005],[8.215549248000059,46.31961742900006],[8.217727258000025,46.32109093200006],[8.222560187000056,46.32436058600007],[8.223826015000043,46.32868596700007],[8.225599141000032,46.33474480600006],[8.234765607000043,46.339562939000075],[8.242081650000046,46.34022809700008],[8.248802979000061,46.34083918400006],[8.252417776000073,46.344440692000035],[8.254049422000037,46.34606634000005],[8.256924422000054,46.34627742200007],[8.261924148000048,46.34664450200006],[8.265414495000073,46.353323612000054],[8.263601210000047,46.357088472000044],[8.261786846000064,46.36085557100006],[8.263775218000035,46.36358503100007],[8.272092428000065,46.36629934200005],[8.27525464100006,46.36576318300007],[8.283738239000058,46.36432477200003],[8.312700588000041,46.37814892500006],[8.31874087500006,46.38612610200005],[8.315225604000034,46.389595334000035],[8.316655328000024,46.395424983000055],[8.313774925000075,46.40011523100003],[8.303468033000058,46.40343211700008],[8.288933781000026,46.40810942100006],[8.29771813700006,46.413767507000045],[8.307491483000035,46.42585102000004],[8.311172378000037,46.42475993900007],[8.314238974000034,46.42385094700006],[8.324761300000034,46.42574713500005],[8.340159854000035,46.43555906800003],[8.363311087000056,46.45031099500005],[8.38471693400004,46.45215856900006],[8.439712339000039,46.46383530400004],[8.448813077000068,46.46163773200004],[8.461989833000075,46.45070750300005],[8.464410174000022,46.44304290900004],[8.460905935000028,46.437832825000044],[8.46076021700003,46.43761617200005],[8.459079391000046,46.43511712900005],[8.458376796000039,46.42286481700006],[8.460905935000028,46.419632439000054],[8.46187525800002,46.41839359100004],[8.466447921000054,46.41254947600004],[8.465414946000067,46.40789246600008],[8.46455927200003,46.404034790000026],[8.467776714000024,46.398328700000036],[8.469119701000068,46.395946930000036],[8.46738178000004,46.39350293000007],[8.462682607000033,46.38689458600004],[8.465812108000023,46.37432280400003],[8.468786702000045,46.362373312000045],[8.464328477000038,46.356194026000026],[8.462517725000055,46.353684249000025],[8.463664031000064,46.34807503700006],[8.464363173000038,46.34465393200003],[8.463414835000037,46.331730907000065],[8.460905935000028,46.32927927800006],[8.453008269000065,46.321561892000034],[8.450716390000025,46.321051702000034],[8.443721307000033,46.319494543000076],[8.441827980000028,46.31036300100004],[8.440533380000034,46.304119126000046],[8.43426512800005,46.301268341000025],[8.427739718000055,46.29830060100005],[8.444055056000025,46.27850198600004],[8.454682942000034,46.26560507800008],[8.449851417000048,46.260838695000075],[8.443433110000058,46.25450692600003],[8.444526405000033,46.248877400000026],[8.450154876000056,46.24746586900005],[8.460905935000028,46.244769673000064],[8.464106461000029,46.24455035300008],[8.465748576000067,46.24199450200007],[8.466199027000073,46.23665027100003],[8.466361789000075,46.23633722500006],[8.467661209000028,46.23383800600004],[8.467661209000028,46.23196627000004],[8.476238976000047,46.231077431000074],[8.48820855100007,46.22983712800004],[8.50735183300003,46.22278606500004],[8.507577839000021,46.22270282000005],[8.511632987000041,46.22120918400003],[8.514534763000029,46.22084373800004],[8.530409017000068,46.218844552000064],[8.534237959000052,46.21201686200004],[8.542448162000028,46.19737659900005],[8.551362382000036,46.19285883800006],[8.552508187000058,46.19227814000004],[8.553209588000072,46.19079226900004],[8.555396598000073,46.18615923400006],[8.558235042000035,46.185170020000044],[8.563834664000069,46.183218519000036],[8.56975925300003,46.17699632500006],[8.57292134200003,46.16873965800005],[8.574732986000072,46.16400919400007],[8.586624008000058,46.15974046200006],[8.600105296000038,46.15490084400005],[8.596975777000068,46.149435777000065],[8.593654228000048,46.14363537000003],[8.601331329000061,46.13817611200005],[8.608775747000038,46.13288231700005],[8.609582252000052,46.13007054600007],[8.611172141000054,46.124527613000055],[8.615516593000052,46.12161614200005],[8.636987926000074,46.122745559000066],[8.648030833000064,46.12332642900003],[8.647899480000035,46.12253439500006],[8.649948841000025,46.12075050800007],[8.659588848000055,46.112359268000034],[8.67815086500002,46.110082033000026],[8.685676139000066,46.102671686000065],[8.698030797000058,46.10160956400006],[8.713935971000069,46.097271953000075],[8.718100304000075,46.10172245900003],[8.720005669000045,46.10432243300005],[8.721612868000022,46.106516455000076],[8.724405238000031,46.110327045000076],[8.726498892000052,46.11179442400004],[8.730261675000065,46.114273092000076],[8.742330649000053,46.12222249400003],[8.749579918000052,46.11291296700006],[8.755802550000055,46.10492185000004],[8.783868570000038,46.09437854300006],[8.798696922000033,46.09491024700003],[8.804469494000045,46.09807756600003],[8.808367898000029,46.100216559000046],[8.847516265000024,46.07575304800008],[8.852114112000038,46.07564148600005],[8.853659791000041,46.06069899800008],[8.844356557000026,46.049439316000075],[8.841627066000058,46.049512192000066],[8.833293737000076,46.04973468700007],[8.831480786000043,46.04647702700004],[8.835056154000029,46.04403632200007],[8.835438800000077,46.04377511000007],[8.832708360000026,46.04056939900005],[8.831473041000038,46.04105033500008],[8.830033358000037,46.04161083400004],[8.829469380000035,46.03938058300008],[8.828166451000072,46.03422815000005],[8.827150090000032,46.032280558000025],[8.81967796400005,46.02549690800004],[8.809218116000068,46.02250419000006],[8.806649210000046,46.021769188000064],[8.79710476200006,46.01219038100004],[8.793094257000064,46.00810833600008],[8.792184277000047,46.00569636100005],[8.789967261000072,45.99981948400006],[8.785906812000064,45.98907539800007],[8.795185548000063,45.991468283000074],[8.79580655500007,45.99162843400006],[8.807136601000025,45.98974435500003],[8.82186051800005,45.98729590800008],[8.824178691000043,45.98728605000008],[8.831728178000049,45.98725394600007],[8.840476333000026,45.98306305400007],[8.843067163000057,45.98025052600008],[8.846821543000033,45.976174882000066],[8.860146110000073,45.966604791000066],[8.868770229000063,45.96098369300006],[8.882592454000076,45.957027839000034],[8.886867738000035,45.95767946500007],[8.892512164000038,45.95853977100006],[8.89642807000007,45.955073318000075],[8.898338126000056,45.94567],[8.89549198800006,45.93935615100003],[8.893113529000061,45.93407979800003],[8.898168997000028,45.92565585700004],[8.901991214000077,45.92314544200008],[8.905069264000076,45.920406995000064],[8.907147934000022,45.91773998800005],[8.911741776000042,45.91736783300007],[8.911827190000054,45.91736091300004],[8.914311906000023,45.91777264900003],[8.916289190000043,45.914459908000026],[8.918744501000049,45.91105166400007],[8.920250250000038,45.90896151800007],[8.920469677000028,45.90871025900003],[8.924843103000057,45.903702388000056],[8.924936498000022,45.900855585000045],[8.924491957000043,45.90024153000007],[8.923447667000062,45.89879902500007],[8.921916882000062,45.89520186100003],[8.924144386000023,45.89222391900006],[8.93171895300003,45.88488720300006],[8.933774593000066,45.87033338400005],[8.939230190000046,45.869210846000044],[8.94380806700002,45.868268906000026],[8.939357337000047,45.86373751800005],[8.93549278300003,45.86180198900007],[8.931394058000024,45.85974917800007],[8.91422600200002,45.84222892100007],[8.912146832000076,45.83044508000006],[8.914915729000029,45.83186386600005],[8.91811664100004,45.833206407000034],[8.92047599700004,45.834196415000065],[8.923733846000061,45.83411290000004],[8.924554664000027,45.83387337500005],[8.926588647000074,45.83327983200007],[8.929034406000028,45.83337552800003],[8.93104487000005,45.835666624000055],[8.934211553000068,45.83927533200006],[8.94679899700003,45.84277794900004],[8.94880624700005,45.84343447900005],[8.953154374000064,45.84231833800004],[8.95577343900004,45.842909116000044],[8.958632024000053,45.84072516700007],[8.962273654000057,45.83794297400004],[8.969984013000044,45.83235349000006],[8.983181098000045,45.836858549000056],[8.985787532000074,45.83774830200008],[8.997487689000025,45.83494456400007],[8.995884260000025,45.83079126800004],[8.994114968000076,45.82620834200003],[8.99479339100003,45.82274015200005],[9.00665181000005,45.81981450300003],[9.016011007000031,45.81839774900004],[9.02133146600005,45.82069355700003],[9.025345298000047,45.82140376400008],[9.02738938400006,45.82176544500004],[9.034461751000038,45.82301682900004],[9.035183318000065,45.83539730000007],[9.035431664000043,45.83965836700003],[9.038652055000057,45.84202990500006],[9.03870661700006,45.844007720000036],[9.040466318000028,45.84623649200006],[9.041460369000049,45.84637607700006],[9.043760924000026,45.846699123000064],[9.04599545900004,45.85002423600008],[9.048334331000035,45.851675398000054],[9.050774469000032,45.85221252400004],[9.051364807000027,45.855521674000045],[9.049956360000067,45.861235855000075],[9.049664103000055,45.86242156700007],[9.056810279000047,45.87379790400007],[9.06107791200003,45.87481736800004],[9.066396069000064,45.87608778400005],[9.077839636000022,45.885057362000055],[9.078565542000035,45.889332067000055],[9.078893674000028,45.89126436500004],[9.083037939000064,45.89397435500007],[9.08788207300006,45.89714199800005],[9.088957676000064,45.90060749500003],[9.086842047000061,45.90220515000004],[9.079153104000056,45.89995083500003],[9.07693165400002,45.899299530000064],[9.076346310000076,45.903385427000046],[9.076338148000048,45.90428140000006],[9.076280630000042,45.91059568700007],[9.071308980000026,45.91201833800005],[9.068192448000048,45.912910142000044],[9.064482462000058,45.91453138700007],[9.060465132000047,45.91628694000008],[9.058909406000055,45.92024741800003],[9.049529364000023,45.921159543000044],[9.042700023000066,45.926822737000066],[9.031712989000027,45.92655085200005],[9.029842428000052,45.92650456300004],[9.02681422300003,45.92834766300007],[9.026157558000023,45.92874733800005],[9.025599199000055,45.92879331900008],[9.022943160000068,45.92901204700007],[9.019357678000063,45.92836833800004],[9.020893103000049,45.93393952200006],[9.022036177000075,45.93808709000007],[9.018871297000032,45.93992009400006],[9.012199201000044,45.94378437200004],[9.015928226000028,45.94862580100005],[9.016267447000075,45.94906621500007],[9.013338152000074,45.96016594100007],[9.003722258000039,45.96350256900007],[8.99395146300003,45.96689294600003],[8.991069881000044,45.97164135700007],[8.99503455100006,45.97329263800003],[8.996397885000022,45.97989964800007],[9.001672326000062,45.98033743600007],[9.007601777000048,45.98082959100003],[9.01233198600005,45.98737564400005],[9.028460976000076,45.99362588500003],[9.026179280000065,45.99774717200006],[9.02450990400007,46.00076246300006],[9.024355339000067,46.002027275000046],[9.02345608500002,46.00938591600004],[9.022543108000036,46.01685585100006],[9.01527105200006,46.02334468000004],[9.008122824000054,46.02972301800003],[9.018213762000073,46.05000283000004],[9.050304281000024,46.06194699800005],[9.057705352000028,46.061381433000065],[9.06193162300002,46.06105847600003],[9.078315103000023,46.06531999900005],[9.078916427000024,46.071840475000045],[9.079170356000077,46.074593969000034],[9.081678665000027,46.07730694700007],[9.089432644000055,46.085693621000075],[9.083989186000053,46.096123298000066],[9.072517601000072,46.11810287900005],[9.076873719000048,46.12014299200007],[9.07868918400004,46.121241430000055],[9.11707916000006,46.135406653000075],[9.117384412000035,46.13536578000003],[9.121475732000022,46.13481795000007],[9.125790104000032,46.14067319700007],[9.134668217000069,46.15272212000008],[9.145439511000063,46.157596658000045],[9.155783675000066,46.16227789800007],[9.159377255000038,46.169600830000036],[9.168666345000076,46.17136303700005],[9.170446350000077,46.171743141000036],[9.171354955000027,46.171427236000056],[9.17274627200004,46.17094350200006],[9.18356385900006,46.17063375500004],[9.193075320000048,46.17828385200005],[9.19808887000005,46.18701047900004],[9.196650635000026,46.19004345900004],[9.195326813000065,46.19283516200005],[9.202172793000045,46.208305876000054],[9.211506692000057,46.21141182900004],[9.217544831000055,46.21342108300007],[9.222192454000037,46.22372274700007],[9.22163204100002,46.22597573300004],[9.220906298000045,46.22889338400006],[9.224786949000077,46.22964933700007],[9.226826164000045,46.23036451300004],[9.235530409000035,46.233416514000055],[9.239756672000055,46.23232066000003],[9.242637821000073,46.23219850900006],[9.246438684000054,46.23203736500005],[9.24853133800002,46.23376786000006],[9.248358033000045,46.24753352400006],[9.252117319000035,46.26739198300004],[9.25499471300003,46.269112233000044],[9.257536784000024,46.27063200900005],[9.258168112000021,46.27237547000004],[9.26050138900007,46.27881899500005],[9.276090330000045,46.290805067000065],[9.284133104000034,46.29698901900008],[9.28364560600005,46.30055809900006],[9.282426057000066,46.30948667900003],[9.285288644000047,46.31438862700003],[9.292344039000056,46.31672354700004],[9.293622619000075,46.31714668200004],[9.300141498000073,46.32645654500004],[9.297135056000059,46.330004888000076],[9.292822113000057,46.33509522500003],[9.297384460000046,46.34148821900004],[9.298990502000038,46.34373868700004],[9.296775068000045,46.35408652400008],[9.28730210200007,46.35702609200007],[9.282992485000022,46.35836341500004],[9.276072472000067,46.36781087500003],[9.278032718000077,46.37814892500006],[9.278404521000027,46.37870101200008],[9.283518627000035,46.38629491200004],[9.278502983000067,46.391244061000066],[9.276439907000054,46.39327978600005],[9.278565188000073,46.399168444000054],[9.281555182000034,46.40745301700008],[9.274534196000047,46.418845556000065],[9.270730526000023,46.419295109000075],[9.265422700000045,46.419922436000036],[9.250040384000044,46.43132099200005],[9.247533346000068,46.445265979000055],[9.25170177800004,46.448867472000074],[9.262981898000021,46.451624399000025],[9.268281238000043,46.45291958800004],[9.275891263000062,46.45936793300007],[9.275701052000045,46.468178875000035],[9.275365965000049,46.48370081400003],[9.282739501000037,46.496695060000036],[9.313156895000077,46.504239091000045],[9.340537588000075,46.50463351800005],[9.35476353200005,46.504838447000054],[9.356878363000021,46.506139964000056],[9.362346283000022,46.509505051000076],[9.373433358000057,46.50355094500003],[9.37040696300005,46.49782046000007],[9.369136537000031,46.495414907000054],[9.370982664000053,46.49044659900005],[9.384110214000032,46.482279935000065],[9.385824243000059,46.481213636000064],[9.390858107000042,46.47317001300007],[9.410788493000041,46.46679093600005],[9.423645200000067,46.476644271000055],[9.42563298400006,46.487134025000046],[9.426019563000068,46.48917404200006],[9.434144200000048,46.49745409700006],[9.458575934000066,46.50776239500004],[9.464342973000043,46.50778258300005],[9.461670569000034,46.50472993300008],[9.46108427300004,46.486337631000026],[9.461036679000074,46.48484460200007],[9.450587341000073,46.48429857600007],[9.44958616100007,46.481945961000065],[9.451339480000058,46.48016742300007],[9.461942730000032,46.48046339100006],[9.462247322000053,46.48047189300007],[9.46487343900003,46.46938324900003],[9.462613255000065,46.46586101100007],[9.45909565900007,46.460379242000045],[9.460044233000076,46.44860681600005],[9.460427499000048,46.44385022700004],[9.457958683000072,46.434599743000035],[9.454769377000048,46.42264963100007],[9.456303483000056,46.41591613300005],[9.457980492000047,46.414506317000075],[9.460899449000067,46.41205242900003],[9.46650082900004,46.398009975000036],[9.467784872000038,46.388680804000046],[9.464167506000024,46.384661720000054],[9.462281626000049,46.38256640800006],[9.462235967000026,46.37814892500006],[9.46388226700003,46.37450578200003],[9.479644863000033,46.36889351800005],[9.484760437000034,46.367072120000046],[9.487314229000049,46.36616284400003],[9.495369781000022,46.36412663100003],[9.507650614000056,46.35111627900005],[9.508793162000075,46.347533801000054],[9.512730600000054,46.33518789800007],[9.520542919000036,46.32506073400003],[9.535786102000031,46.31070767800003],[9.549575452000056,46.30233806000007],[9.55439534900006,46.30422211900003],[9.558699314000023,46.30590450400007],[9.57648921200007,46.297411013000044],[9.583035452000047,46.29428562000004],[9.58860482800003,46.29427778000007],[9.609632637000061,46.29424818100006],[9.61654545500005,46.28964941500004],[9.619124552000073,46.287933665000025],[9.638386500000024,46.286356632000036],[9.668284049000022,46.29688863500007],[9.670376619000024,46.29830795000004],[9.676338007000027,46.30235134600008],[9.681417772000032,46.29896811900005],[9.688591420000023,46.29419032200008],[9.702953301000036,46.29115813400006],[9.714149510000027,46.29270853400004],[9.716829061000055,46.301641215000075],[9.717461884000045,46.303750824000076],[9.722741624000037,46.310017050000056],[9.725574152000036,46.313378819000036],[9.725188153000033,46.31928169200006],[9.724272879000068,46.31986918700005],[9.717996572000061,46.32389781400008],[9.726170608000075,46.33305848400005],[9.724121121000053,46.34051184700007],[9.72648737000003,46.34377114600005],[9.742124158000024,46.351405217000035],[9.757246706000046,46.34312699800006],[9.770027191000054,46.33613084500007],[9.778183418000026,46.335908774000075],[9.784633517000032,46.340906122000035],[9.821302421000041,46.35190058000006],[9.82285581900004,46.35321116100005],[9.83207335000003,46.36098787000003],[9.851965574000076,46.362420618000044],[9.869423428000061,46.363678030000074],[9.885085665000076,46.37289882600004],[9.885286744000041,46.37301720700003],[9.907831446000046,46.38050614400004],[9.909604958000045,46.37968542700003],[9.910926161000077,46.37814892500006],[9.914549243000067,46.37369187500008],[9.916102275000071,46.371781363000025],[9.926028771000063,46.36673702000007],[9.929872343000056,46.37067263000006],[9.933154413000068,46.374033292000036],[9.948239669000031,46.37814892500006],[9.953191610000033,46.37915584800004],[9.959098051000069,46.37814892500006],[9.957334696000032,46.373459482000044],[9.95707121700002,46.372758789000045],[9.964791388000037,46.364012966000075],[9.985859943000037,46.35230358000007],[9.989095075000023,46.35178574500003],[9.99570291200007,46.35072805500005],[9.995285122000041,46.34257897500004],[9.988914240000042,46.33672479300003],[9.986301015000038,46.33432350900006],[9.981256084000051,46.32374975500005],[9.991427839000039,46.31741136900007],[9.999403536000045,46.31244142600008],[9.998034921000055,46.30894278200003],[9.997460887000045,46.307475356000054],[9.997932714000058,46.30652905900007],[9.99986197000004,46.302659737000056],[9.997669298000062,46.300308243000075],[9.992515923000042,46.29478159300004],[9.995695136000052,46.28612256000008],[10.000578003000044,46.28293096500005],[10.020361387000037,46.27895498300006],[10.02930082100005,46.27715837300008],[10.05300531100005,46.26664479600004],[10.060695628000076,46.24827160700005],[10.055347543000039,46.24273271200008],[10.054493378000075,46.24184807200004],[10.054028225000025,46.24018015300004],[10.052813952000065,46.23582608000004],[10.051263830000039,46.234831721000035],[10.044856434000053,46.23072156000006],[10.049475203000043,46.22735484000003],[10.052047320000042,46.22754452600003],[10.05623163100006,46.22516494100006],[10.058612462000042,46.22497386500004],[10.06308245300005,46.22019432700006],[10.066215442000043,46.219655947000035],[10.066930141000057,46.21799066500006],[10.070593535000057,46.21711843700007],[10.074835551000035,46.21999003500008],[10.084383698000067,46.22645357400006],[10.10142847800006,46.227781546000074],[10.114368081000066,46.22568320200003],[10.123097475000066,46.22426760400003],[10.135604176000072,46.226256446000036],[10.145330867000041,46.23065053600004],[10.151503169000023,46.239722734000054],[10.151561546000039,46.23980853900008],[10.151789101000077,46.23997688700007],[10.176524316000041,46.25827636300005],[10.163414009000064,46.274438976000056],[10.161715460000039,46.28160999800008],[10.155981433000022,46.284899471000074],[10.153869708000059,46.29241824700006],[10.137526022000031,46.301086586000054],[10.13835359500007,46.304616655000075],[10.130957239000054,46.30802248300006],[10.116978141000061,46.31445949100004],[10.104837470000064,46.33419834400007],[10.109202080000045,46.35169695700006],[10.118153364000023,46.35623285200006],[10.128626079000071,46.36153970400005],[10.12832645900005,46.37339680300005],[10.128206376000037,46.37814892500006],[10.142625807000059,46.386222909000026],[10.144908748000034,46.38613195800008],[10.147426926000037,46.386888500000055],[10.149459148000062,46.38568340300003],[10.149560320000035,46.385673042000064],[10.156045767000023,46.38500884000007],[10.158954007000034,46.38574886100008],[10.16349304800002,46.39128791400003],[10.162524603000065,46.40219656100004],[10.165109567000059,46.40970715800006],[10.15966471400003,46.415370937000034],[10.156033788000059,46.41485],[10.149669755000048,46.41393693900005],[10.145795702000044,46.42167383100008],[10.142903251000064,46.42745036200006],[10.13093241200005,46.43149935500003],[10.121637743000065,46.428371500000026],[10.116515808000031,46.42664785900007],[10.113027762000058,46.427051962000064],[10.108210927000073,46.42761001000008],[10.105596857000023,46.42591312600007],[10.099351686000034,46.42185916700004],[10.082529118000025,46.42125242100008],[10.077090252000062,46.426562732000036],[10.075973667000028,46.427652925000075],[10.075266148000026,46.42765856600005],[10.061504037000077,46.42776829100006],[10.057072295000069,46.43858855900004],[10.056566412000052,46.439823690000026],[10.054360411000062,46.44021772800005],[10.042330710000044,46.44236648300006],[10.04031893900003,46.44653792200006],[10.042915510000057,46.45308849200006],[10.048510712000052,46.45868351200005],[10.053171692000035,46.46334434000005],[10.050924373000043,46.47196439800007],[10.05057327000003,46.47227031300008],[10.045188007000036,46.47696246600003],[10.043736832000036,46.48149070900007],[10.047450171000037,46.487427367000066],[10.04537116900002,46.492866382000045],[10.04791305200007,46.49961661100008],[10.042793018000054,46.50850734200003],[10.049990395000066,46.512918253000066],[10.05121716900004,46.51367008100004],[10.053721714000062,46.52073143200005],[10.051939836000031,46.53206092700003],[10.049686816000076,46.53408898200007],[10.044760590000067,46.53852332400004],[10.04676723800003,46.54404462400004],[10.053202956000064,46.545090059000074],[10.061501758000077,46.54643813800004],[10.07163897700002,46.55826505300007],[10.08398113800007,46.56641021000007],[10.082381615000031,46.56954067000004],[10.079743147000045,46.574704472000064],[10.092269979000037,46.57782674500004],[10.096100716000024,46.57878154400004],[10.101122667000027,46.58561590800008],[10.099208815000054,46.59058646900007],[10.097634812000024,46.59467439100007],[10.102127694000046,46.610741044000065],[10.119485798000028,46.60758717200008],[10.129138087000058,46.605833405000055],[10.153504904000044,46.613602385000036],[10.19043799700006,46.625377926000056],[10.204069602000061,46.621169906000034],[10.215209575000074,46.61773104300005],[10.219588526000052,46.62310579000007],[10.22417133600004,46.62873075500005],[10.237661842000023,46.634473842000034],[10.244333642000072,46.62299378500006],[10.244840153000041,46.62212224000007],[10.246070865000036,46.62100679900004],[10.257785527000067,46.61038935400006],[10.248071167000035,46.59912088200008],[10.24156242600003,46.59157086700003],[10.246217071000046,46.57483632700007],[10.253625648000025,46.57190721000006],[10.260721734000072,46.574577970000064],[10.267504934000044,46.57713097000004],[10.285399503000065,46.570103826000036],[10.295077389000028,46.55828737100006],[10.294966937000027,46.55581850800007],[10.294774567000047,46.55151858800008],[10.297556436000036,46.549613957000076],[10.312009938000074,46.54712760700005],[10.32168861100007,46.54997384300003],[10.325351499000021,46.55105099900004],[10.327499946000046,46.54990911900006],[10.339901542000064,46.543317785000056],[10.348432517000049,46.54830320700006],[10.349243553000065,46.54966695000007],[10.352476786000068,46.55510357500003],[10.361738996000042,46.55546379900005],[10.381348566000042,46.54930938000007],[10.396817429000066,46.54445451300006],[10.412305117000074,46.54896460200007],[10.418092880000074,46.55065002600003],[10.433670027000062,46.54125391800005],[10.43479264900003,46.53981712900003],[10.436688244000038,46.537391049000064],[10.441900902000043,46.53529394600008],[10.445877446000054,46.533694610000055],[10.447217419000026,46.53351518800008],[10.448058502000038,46.53340256700005],[10.452801186000045,46.53068305700003],[10.459829655000021,46.54066882800004],[10.464716876000068,46.54217627700007],[10.471505668000077,46.544270261000065],[10.476950929000054,46.55650428700005],[10.476200896000023,46.559989003000055],[10.474917713000025,46.565950772000065],[10.478574086000037,46.570537270000045],[10.483884914000043,46.57719909300005],[10.486985767000021,46.588186058000076],[10.485658293000029,46.602024897000035],[10.485378025000045,46.60494667800003],[10.486823403000074,46.607203534000064],[10.492064183000025,46.61538664200003],[10.44761765100003,46.64042707800007],[10.435207067000022,46.63880279700004],[10.40989544000007,46.63549004600003],[10.40303281100006,46.63679075400006],[10.394088487000033,46.65463753500006],[10.391657982000027,46.65755990800005],[10.391520399000058,46.66921451700006],[10.391482952000047,46.67238663000006],[10.388486026000066,46.676829001000044],[10.38280816400004,46.685245347000034],[10.391160550000052,46.68883068900004],[10.393033788000025,46.68963479400003],[10.395343383000068,46.693040635000045],[10.403232560000049,46.70467440200008],[10.407384981000064,46.70516029100003],[10.409990166000057,46.70546513200003],[10.414103154000031,46.70847753600003],[10.41815857000006,46.71806060700004],[10.409705341000063,46.725908512000046],[10.401379553000027,46.733638101000054],[10.434029580000072,46.75164531400003],[10.434260506000044,46.75165919700004],[10.441707619000056,46.75210691600006],[10.443791844000032,46.760951351000074],[10.440872171000024,46.77270288200003],[10.432071633000021,46.783027900000036],[10.430216471000051,46.784062369000026],[10.422719400000062,46.78824286200006],[10.429131465000069,46.79603659400004],[10.436851216000036,46.79776983700003],[10.442283572000065,46.79898951200005],[10.445304531000033,46.801028994000035],[10.45097465200007,46.80485695700003],[10.45704459600006,46.815717429000074],[10.45936565200003,46.82489141500008],[10.459047614000042,46.826081345000034],[10.457698272000073,46.831129874000055],[10.461813805000077,46.83360163200007],[10.465577685000028,46.83586219100005],[10.465198846000021,46.84272710300007],[10.470925546000046,46.84924044700006],[10.469651302000045,46.85490900100007],[10.479757480000046,46.85815260600003],[10.492488481000066,46.851592063000055],[10.499470606000045,46.84799403200003],[10.521067445000028,46.84575073000008],[10.527272904000029,46.84653987200005],[10.551715814000033,46.849648253000055],[10.555292655000073,46.84696153900006],[10.55274825400005,46.842839758000025],[10.551842512000064,46.84137251000004],[10.553601146000062,46.840044198000044],[10.568721974000027,46.842130886000064],[10.57178211200005,46.84422260700006],[10.576304676000063,46.847313952000036],[10.589515992000031,46.850558325000065],[10.596093678000045,46.85686442100007],[10.624282004000065,46.864407449000055],[10.644944335000048,46.86578592400008],[10.651094342000022,46.86619621800003],[10.656168537000042,46.86909406600006],[10.667368716000055,46.87549043400003],[10.671651624000049,46.87145235400004],[10.671975290000034,46.871147190000045],[10.67250720800007,46.87101482000003],[10.691416608000054,46.866309122000075],[10.695906855000032,46.861899694000044],[10.69514084900004,46.859440275000054],[10.693615416000057,46.85454255800005],[10.69551810300004,46.85183170800008],[10.706223601000033,46.847122170000034],[10.715312486000073,46.846712368000055],[10.723121948000028,46.83816863000004],[10.743770114000029,46.83457191400004],[10.753976197000043,46.832794110000066],[10.76384659100006,46.822628431000055],[10.751249293000058,46.81427216800006],[10.74260203600005,46.802530671000056],[10.737311226000031,46.801028994000035],[10.73198932500003,46.79951849300005],[10.72609340200006,46.79784506900006],[10.730329654000059,46.78833040500007],[10.755909337000048,46.785964371000034],[10.777272001000028,46.79243585300003],[10.785998944000028,46.79507954200005],[10.80258900800004,46.78406822800008],[10.815062054000066,46.77578950100008],[10.825453250000066,46.774257989000034],[10.832765323000046,46.778058169000076],[10.83882897500007,46.78120952900008],[10.864957533000052,46.77211946800003],[10.86595919900003,46.77112708100003],[10.871298138000043,46.765837599000065],[10.882306967000034,46.76353975600006],[10.901739776000056,46.76893006600005],[10.923820681000052,46.77505491000005],[10.953143897000075,46.77450682600005],[10.967571435000025,46.772091688000046],[10.994459445000075,46.767590694000035],[11.004573157000038,46.76938752800004],[11.013098382000067,46.770902146000026],[11.017154707000032,46.76846804300004],[11.02224999200007,46.76541048400003],[11.035590401000036,46.79195230800008],[11.03596129500005,46.79269023200004],[11.036362384000029,46.79316694900007],[11.042977174000043,46.801028994000035],[11.042880212000057,46.80335130100008],[11.042781554000044,46.805714239000054],[11.050803908000034,46.80744142200007],[11.05656547600006,46.80868186600003],[11.082353167000065,46.82217764600006],[11.078896133000057,46.83211123800004],[11.07618681300005,46.83442620200003],[11.071435038000061,46.83848633000008],[11.07415938500003,46.84397477500005],[11.074643007000077,46.844949075000045],[11.072842001000026,46.85141405000007],[11.072162365000054,46.85385370300003],[11.088967079000042,46.87823543300004],[11.09046475100007,46.87959383400005],[11.100420744000076,46.888624003000075],[11.097579102000054,46.89217031000004],[11.099080352000044,46.90013152800003],[11.096723706000034,46.90515177700007],[11.095699397000033,46.90733381300004],[11.097643273000074,46.91301171400005],[11.102873861000035,46.91473374100008],[11.109392032000073,46.916879669000025],[11.109903926000072,46.92216383200008],[11.110273765000045,46.925981603000025],[11.114959963000047,46.93073237500005],[11.131698933000052,46.92898777400006],[11.13960897000004,46.92816335900005],[11.154528980000066,46.93390195100005],[11.168125506000024,46.94503806500006],[11.163672618000021,46.94978501600008],[11.16428131500004,46.965722622000044],[11.17514802900007,46.96319936900005],[11.180014021000034,46.965621431000045],[11.188209243000074,46.969700629000045],[11.196152824000023,46.969913948000055],[11.204119218000073,46.965466390000074],[11.207961005000072,46.963321559000065],[11.21456639400003,46.96615638700007],[11.220836961000032,46.968847519000064],[11.22777045600003,46.96911978300005],[11.241653102000043,46.969664926000064],[11.248728283000048,46.973823362000076],[11.249402617000044,46.97421970200003],[11.250844218000054,46.97429824300008],[11.255819504000044,46.974569305000045],[11.25727751900007,46.97574207300005],[11.262710317000028,46.98011199500007],[11.276173971000048,46.98051600200006],[11.289139068000054,46.98561184500005],[11.295936503000064,46.98441833500004],[11.302437075000057,46.983276948000025],[11.312525814000026,46.98814148500003],[11.320152421000046,46.99181884300003],[11.325023624000039,46.99007065700005],[11.338487153000074,46.98523884300005],[11.344760135000058,46.98950286500008],[11.345478484000068,46.989991158000066],[11.359091487000057,46.990197900000055],[11.37696302300003,46.97835182700004],[11.379677410000056,46.97505790900004],[11.383067617000052,46.97094388100004],[11.402014973000064,46.965185707000046],[11.41677214200007,46.966904157000045],[11.434879549000073,46.974093578000065],[11.441477528000064,46.97629514400006],[11.444568611000022,46.98023935600003],[11.453516138000055,46.99165637300007],[11.463109951000035,46.99398532300006],[11.468623154000056,46.99532368300004],[11.469452536000063,46.998687516000075],[11.470299449000038,47.00212245400007],[11.480678673000057,47.01080959500007],[11.500470277000034,47.009354623000036],[11.512340324000036,47.00449395900006],[11.530817826000032,46.99268664400006],[11.533502283000075,46.98969420600008],[11.538536878000059,46.98408200500006],[11.578733644000067,46.99627315200007],[11.58116650200003,47.00009498000003],[11.582632065000041,47.00239726400008],[11.589585088000035,47.005528284000036],[11.59657693400004,47.00572554800004],[11.599956981000048,47.00582091000007],[11.610868507000077,47.01094731300003],[11.612203513000054,47.01157452000007],[11.612760369000057,47.01163855000004],[11.627199512000061,47.01329884000006],[11.635653221000041,47.00333793400006],[11.664872418000073,46.99232531200005],[11.688486273000024,46.99514131700005],[11.711195512000074,46.992621720000045],[11.728168337000056,46.972920025000064],[11.747028717000035,46.96887253500006],[11.764944451000076,46.97398132600006],[11.771427269000071,46.983505250000064],[11.782436865000022,46.99167382700006],[11.809616074000076,46.99019858100007],[11.835346873000049,46.993377688000066],[11.842912253000065,47.00029287600006],[11.852798370000073,47.00101930400007],[11.862863869000023,47.00901169900004],[11.874045366000075,47.01007866600003],[11.879363848000025,47.015946693000046],[11.892022119000046,47.016816163000044],[11.917250092000074,47.032637255000054],[11.932568476000029,47.03697136100004],[11.947153350000065,47.03438846100005],[11.955992393000031,47.042344755000045],[11.967413441000076,47.04078355200005],[11.97912659900004,47.050001088000045],[11.986329321000028,47.04749342700006],[11.996142165000037,47.04931375900003],[12.019931566000025,47.04729204500006],[12.029972921000024,47.05057477300005],[12.040160463000063,47.060190275000025],[12.05195283200004,47.061659431000066],[12.059506516000056,47.05852862900008],[12.076136347000045,47.05972047500006],[12.081923930000073,47.06909813900006],[12.097914333000062,47.07769601000007],[12.119218058000058,47.073770065000076],[12.13601377200007,47.08066745900004],[12.15310346900003,47.07984759500005]],[[12.445978581000077,41.90281075300004],[12.454648513000052,41.900428325000064],[12.45947583800006,41.90446533800008],[12.45346474400003,41.906946334000054],[12.445978581000077,41.90281075300004]],[[12.451154303000067,43.967998557000044],[12.435667531000036,43.95692023400005],[12.421562493000067,43.95738090900005],[12.412719861000028,43.95266014300006],[12.410213170000077,43.95359275900006],[12.404607254000041,43.95567844300007],[12.40545385200005,43.94410368100006],[12.407468745000074,43.941351207000025],[12.414720604000024,43.93144470300007],[12.40961707100007,43.923365303000026],[12.408872840000072,43.92218711000004],[12.410595021000063,43.91517785800005],[12.411896286000058,43.90988172600004],[12.411355874000037,43.90880795000004],[12.408378028000072,43.90289109300005],[12.417700080000031,43.89903001400006],[12.434305378000033,43.903445558000044],[12.442279562000067,43.905565987000045],[12.446704332000024,43.90097399800004],[12.452032256000052,43.89544472400007],[12.46240547800005,43.89375288800005],[12.468889856000033,43.89657937100003],[12.487415449000025,43.89645107200005],[12.493727732000025,43.90804271500008],[12.493956118000028,43.915546488000075],[12.49410301100005,43.919593432000056],[12.502349294000055,43.92457514800003],[12.508341904000076,43.932216700000026],[12.515462016000072,43.94129600100007],[12.51254666400007,43.94739511800003],[12.50777230600005,43.95738340200006],[12.50700945400007,43.96891959300007],[12.511134434000041,43.97325645700005],[12.511565792000056,43.97370997200005],[12.510946795000052,43.98129196600007],[12.515000998000062,43.98552568400004],[12.51343528800004,43.99126934600008],[12.507032327000047,43.99125259900006],[12.491238939000027,43.98277298000005],[12.472110558000054,43.97841852600004],[12.453121790000068,43.96940598100008],[12.451154303000067,43.967998557000044]]],[[[15.568889334000062,38.22712111200008],[15.558608608000043,38.19820925300007],[15.560355782000045,38.189734017000035],[15.562803914000028,38.189411515000074],[15.569952107000063,38.18846985500005],[15.558377717000042,38.176743732000034],[15.551431427000068,38.16970637900005],[15.523787134000031,38.13131953900006],[15.501191518000041,38.089310090000026],[15.494012877000046,38.07596366200005],[15.477195236000057,38.05454880600007],[15.461564868000039,38.042792399000064],[15.456781614000022,38.03919466700006],[15.442871703000037,38.02594963900003],[15.440608171000065,38.020354507000036],[15.439446984000028,38.01748421700006],[15.419244648000074,37.99748103500008],[15.417370783000024,37.99562564300004],[15.40440581300004,37.98341592700007],[15.386525352000035,37.96395506600004],[15.382893212000056,37.96013821300005],[15.381641480000042,37.95882282300005],[15.380127022000067,37.95723134600007],[15.357109319000074,37.93147035800007],[15.348365448000038,37.92176955300005],[15.34833556700005,37.921560183000054],[15.347089124000036,37.91282657900007],[15.343490721000023,37.909800777000044],[15.335876615000075,37.90546192800008],[15.319097394000039,37.88963029000007],[15.304306996000037,37.87567516000007],[15.297178176000045,37.86172205400004],[15.297811639000031,37.86088122000007],[15.304260609000039,37.85232110700008],[15.298443173000067,37.85018771800003],[15.296330387000069,37.846159628000066],[15.287832010000045,37.84740248500003],[15.287245805000055,37.847488215000055],[15.280682472000024,37.84267264300007],[15.269732096000041,37.830493525000065],[15.272326730000032,37.82646066800004],[15.275544810000042,37.82145878500006],[15.263467719000062,37.81344653300005],[15.258139134000032,37.80729854700007],[15.238404854000066,37.788145833000044],[15.223485075000042,37.76849433700005],[15.217070358000058,37.76006957900006],[15.214143998000054,37.756226248000075],[15.21044680500006,37.75137054500004],[15.204784815000039,37.73747947500004],[15.206050680000033,37.73334790900003],[15.213839591000067,37.71896124400007],[15.214143998000054,37.71839898300004],[15.217070358000058,37.71299379000004],[15.21838604100003,37.71056363200006],[15.217070358000058,37.70829019800004],[15.214143998000054,37.70323359200006],[15.213837738000052,37.702704390000065],[15.202045716000043,37.68232835600003],[15.199387581000053,37.671790024000074],[15.196407274000023,37.66360030000004],[15.197513034000053,37.65899377900007],[15.198418848000074,37.655220221000036],[15.189506399000038,37.64681729800003],[15.175117520000072,37.63325103500006],[15.175634649000074,37.63031435900007],[15.176545145000034,37.625143835000074],[15.175414309000075,37.61995462800007],[15.172934678000047,37.60857603900007],[15.174887328000068,37.59517757000003],[15.177099578000025,37.57999780100005],[15.175118189000045,37.575679354000044],[15.170524095000076,37.57469122200007],[15.169546525000044,37.57448095900003],[15.168669934000036,37.57307982300006],[15.16081984300007,37.560532298000055],[15.151320678000047,37.557514060000074],[15.142152090000025,37.54355961300007],[15.12608281000007,37.53460355900006],[15.121804328000053,37.53235024400004],[15.117328155000052,37.529992813000035],[15.116763879000075,37.52781939100004],[15.115699488000075,37.52371967700003],[15.103676823000058,37.50857204000005],[15.10056690700003,37.50606841000007],[15.092180988000052,37.499317346000055],[15.086402466000038,37.48127782300003],[15.090696094000066,37.42270985000005],[15.091996013000028,37.40497808600003],[15.091498994000062,37.357708641000045],[15.092922399000031,37.34458947400003],[15.096679262000066,37.32574709600004],[15.103841689000035,37.313036080000074],[15.119027061000054,37.310619347000056],[15.136653921000061,37.30781405400006],[15.147924399000033,37.29998257700004],[15.161076170000058,37.29084385200008],[15.170778958000028,37.29157008300007],[15.174115702000051,37.291819830000065],[15.181401003000076,37.28777259700007],[15.190091679000034,37.28294462900004],[15.19416764500005,37.28414202300007],[15.196013750000077,37.28706603100005],[15.199002653000036,37.29180009100003],[15.205538812000043,37.29244188200005],[15.214143998000054,37.28141510100005],[15.240482990000032,37.25992983000003],[15.246113277000063,37.24763163100005],[15.25380364800003,37.241969718000064],[15.253620289000025,37.23648517200007],[15.246635070000025,37.23326027300004],[15.234388102000025,37.23964602600006],[15.230546220000065,37.24164924100006],[15.226578188000076,37.24085613300008],[15.21896171700007,37.23933379600004],[15.217125378000048,37.24232079900003],[15.214143998000054,37.24717033500008],[15.207847979000064,37.24520369500004],[15.199064278000037,37.236663072000056],[15.19089755400006,37.23536468000003],[15.193270711000025,37.226897128000076],[15.193928217000064,37.22455111200003],[15.19242428900003,37.22263042700007],[15.188329045000046,37.21740034100003],[15.18344045300006,37.21574851300005],[15.18211294100007,37.21132754700005],[15.18778760500004,37.19002945400007],[15.190333229000032,37.18755807800005],[15.194055002000027,37.18437507800007],[15.201251992000039,37.178219943000045],[15.200680313000078,37.173111669000036],[15.19974996700006,37.164798492000045],[15.204120240000066,37.155812669000056],[15.210024409000027,37.15114506900005],[15.213903475000052,37.15063153400007],[15.214143998000054,37.15059969200007],[15.217070358000058,37.15021228200004],[15.221674361000055,37.14960277600005],[15.220426143000054,37.13954262400006],[15.219795641000076,37.134461025000064],[15.220714180000073,37.12938206000007],[15.236918519000028,37.11544050800006],[15.264307091000035,37.106160945000056],[15.273285753000039,37.10787023000006],[15.283367433000024,37.109789498000055],[15.294329339000058,37.10642705400005],[15.298672697000029,37.09945814800005],[15.301083574000074,37.08207838200008],[15.291467251000029,37.06780315100008],[15.29670070700007,37.06407254700008],[15.297777306000057,37.059506800000065],[15.294317460000059,37.05712421000004],[15.288296075000062,37.063210509000044],[15.280993946000024,37.064257937000036],[15.277984738000043,37.06468958200003],[15.27190366900004,37.057230548000064],[15.271664412000064,37.05059862300004],[15.276828841000054,37.038526370000056],[15.283035577000078,37.033443788000056],[15.291051885000059,37.033562946000075],[15.294446798000024,37.03659743000003],[15.30078343300005,37.04226132000008],[15.31387006500006,37.037270302000024],[15.320255296000028,37.02354116600003],[15.334650335000049,37.010724362000076],[15.33625597300005,37.003764293000074],[15.314861718000031,37.00399163700007],[15.30769413400003,37.00967983000004],[15.301163580000036,37.01486247500003],[15.28603716400005,37.00678667400007],[15.285293422000052,37.006389599000045],[15.283379914000022,37.006431691000046],[15.274878801000057,37.00661869400005],[15.265733820000037,36.99872168200005],[15.267890678000072,36.99255143000005],[15.264800722000075,36.99024485100006],[15.265973762000044,36.98851607700004],[15.26728143300005,36.98658889100005],[15.263562475000072,36.98293569500004],[15.260199277000027,36.979631968000035],[15.259110153000051,36.97420918500006],[15.250739945000078,36.97340094600003],[15.234013902000072,36.971785855000064],[15.219273206000025,36.96270285600008],[15.217070358000058,36.96301704000007],[15.214143998000054,36.96343441500005],[15.210360360000038,36.963974060000055],[15.206206166000072,36.959838955000066],[15.207567023000024,36.95422587100006],[15.190351152000062,36.94792114300003],[15.178552232000072,36.937281846000076],[15.176156104000029,36.932970959000045],[15.171145300000035,36.92395599500003],[15.164005002000067,36.921248142000024],[15.15929879600003,36.91946338200006],[15.153285508000067,36.913832392000074],[15.136619427000028,36.87689538200004],[15.137118152000028,36.87576494500007],[15.138360552000051,36.87294885400007],[15.136294003000046,36.867269029000056],[15.129067808000059,36.86555068000007],[15.125352797000062,36.86466727100003],[15.113937967000027,36.85336728300007],[15.10748495100006,36.83919881800006],[15.108745226000053,36.82621388900003],[15.10958925600005,36.817517631000044],[15.107219727000029,36.81057025300004],[15.103619759000026,36.80409771700005],[15.103428485000052,36.80401765400006],[15.095479616000034,36.80069044800007],[15.09806870600005,36.79077655100008],[15.094888566000066,36.779384794000066],[15.100552050000033,36.77105400800008],[15.10450830600007,36.75579812700005],[15.10944739200005,36.750916267000036],[15.116304958000057,36.74413815500003],[15.120995770000036,36.729043509000064],[15.122125198000049,36.72015587000004],[15.124560950000046,36.70098857900007],[15.133379559000048,36.69284920500007],[15.134725549000052,36.691606888000024],[15.139258640000037,36.684906943000044],[15.136240213000065,36.67459463800003],[15.131033586000058,36.66831076700004],[15.124960324000028,36.67224274400007],[15.121881003000055,36.67423637100006],[15.114406625000072,36.674014819000035],[15.107652347000055,36.665045357000054],[15.106282916000055,36.66322679700005],[15.079898745000037,36.647659377000025],[15.07565949700006,36.65360747300008],[15.073657500000024,36.655935863000025],[15.055424668000057,36.66325587800003],[15.050012719000051,36.67763367500004],[15.04786308100006,36.68334456700006],[15.031172193000032,36.69593535400003],[15.01761110800004,36.702032831000054],[15.000358138000024,36.70284761700003],[14.974237877000064,36.69308485200003],[14.95772028700003,36.69480184500003],[14.949557131000063,36.69990863800007],[14.916733650000026,36.72044269700007],[14.894006457000046,36.729347904000065],[14.875139003000072,36.73095103600008],[14.861090641000033,36.729043509000064],[14.850891458000035,36.72765863400008],[14.835308765000036,36.72168299000003],[14.834245162000059,36.71825636400007],[14.832762716000047,36.71348034700003],[14.831567059000065,36.71576082300004],[14.82595202400006,36.71606059100003],[14.820696525000074,36.716341165000074],[14.811843586000066,36.715561241000046],[14.802568390000033,36.709869310000045],[14.799198207000074,36.707801122000035],[14.787652372000025,36.70488129100005],[14.78179990700005,36.70466511600006],[14.777960928000027,36.70911652900003],[14.776711442000021,36.710565347000056],[14.773097645000064,36.710513011000046],[14.764053470000022,36.71038203000006],[14.757827598000063,36.71114534800006],[14.754280898000047,36.71591620000004],[14.754189833000055,36.716038696000055],[14.74565196900005,36.71998041400008],[14.742165853000074,36.71939501000003],[14.733606748000057,36.717957728000044],[14.730031452000048,36.71970427700006],[14.727759632000073,36.72081407200005],[14.716916831000049,36.720339258000024],[14.712002136000024,36.71915380400003],[14.705019561000029,36.717469565000044],[14.690045388000044,36.72139211900003],[14.683050330000071,36.729043509000064],[14.680304087000025,36.732047426000065],[14.67158556000004,36.74158399500004],[14.65128360500006,36.750599254000065],[14.649309044000063,36.75147607500003],[14.647734540000044,36.75286805300004],[14.638689335000038,36.76086468300008],[14.62718804900004,36.763891898000054],[14.595229764000067,36.772303530000045],[14.591960596000035,36.774312431000055],[14.588205162000065,36.77662014200007],[14.557661170000074,36.78194399100005],[14.552163921000044,36.78157213700007],[14.537041164000073,36.78054918000004],[14.526568713000074,36.78328832500006],[14.519177849000073,36.78569735600007],[14.513543448000064,36.78753387300003],[14.50632999800007,36.787304101000075],[14.494389971000032,36.78692377100003],[14.48089135400005,36.80100257200007],[14.471717955000031,36.81057025300004],[14.468572555000037,36.81280465100008],[14.464529353000046,36.81567682000008],[14.463289043000032,36.81655789900003],[14.459285421000061,36.81785965900008],[14.458256595000023,36.82627641800008],[14.456899817000021,36.83737612300007],[14.444771997000032,36.86830594500003],[14.442665465000061,36.87093772700007],[14.438728269000023,36.87585663800007],[14.438164647000065,36.878861065000024],[14.437680445000069,36.881442141000036],[14.433486768000023,36.885447655000064],[14.427054218000023,36.89159158900003],[14.423762877000058,36.89913917700005],[14.420903567000039,36.90569604700005],[14.412549265000052,36.914928270000075],[14.407620547000022,36.92037492700007],[14.392295534000027,36.94344611300005],[14.387780300000031,36.950243614000044],[14.356073725000044,36.98293569500004],[14.337611976000062,37.00197127300004],[14.299044087000027,37.03459066700003],[14.290903735000029,37.03904637000005],[14.268306752000058,37.05141505600005],[14.243082362000052,37.065221880000024],[14.242299326000023,37.06530822900004],[14.226267419000067,37.067076142000076],[14.212555985000051,37.074173115000065],[14.201450833000024,37.07992108800005],[14.168813064000062,37.09151983500004],[14.115821961000051,37.10279259400005],[14.066908600000033,37.110558119000075],[14.036207325000078,37.106028421000076],[14.003117720000034,37.10946215400003],[13.980397451000044,37.10872156000005],[13.96272605200005,37.10375523400006],[13.933508226000072,37.095543930000076],[13.92444701100004,37.097964053000055],[13.92220313200005,37.09856336100006],[13.920789554000066,37.09832754100006],[13.906728556000076,37.09598181800004],[13.894964806000075,37.09751670600008],[13.877976507000028,37.10262389600007],[13.859553461000075,37.112337826000044],[13.850845855000046,37.125328136000064],[13.847896956000056,37.12972740600003],[13.830833656000038,37.14014802200006],[13.816130771000076,37.145297464000066],[13.789632808000022,37.145687904000056],[13.787841742000069,37.14571429500006],[13.770646509000073,37.14596766200003],[13.751922572000069,37.149838490000036],[13.74532818800003,37.15465905000008],[13.72369320100006,37.17047443700005],[13.709691862000057,37.17260441800005],[13.681571094000049,37.18895677800003],[13.672198682000044,37.19125512800008],[13.663370865000047,37.19341992900007],[13.657405468000036,37.206416983000054],[13.653876532000027,37.214105621000044],[13.639991272000032,37.22892362500005],[13.63062790600003,37.234015],[13.629492828000025,37.234070720000034],[13.620581941000069,37.23450814500006],[13.599520995000034,37.254051495000056],[13.59756029600004,37.255870911000045],[13.596062398000072,37.25635717400007],[13.579334521000021,37.26178755400008],[13.57005470200005,37.27369525100005],[13.567176910000057,37.27738798100006],[13.550742938000042,37.286950002000026],[13.538445482000043,37.28467746000007],[13.533975676000068,37.28726044800004],[13.522221374000026,37.286606016000064],[13.506911936000051,37.292098431000056],[13.493333801000063,37.289935564000075],[13.488094344000046,37.28910096900006],[13.481088018000037,37.28642224300006],[13.468022313000063,37.293240583000056],[13.465264998000066,37.29467948900003],[13.459759387000076,37.29431950600008],[13.450157236000052,37.29369167100003],[13.443477263000034,37.30001441100006],[13.435535774000073,37.30231720900008],[13.427036551000072,37.305817287000025],[13.414259730000026,37.32191340700007],[13.412972783000043,37.32353469100008],[13.403471247000027,37.33167305600006],[13.39734476700005,37.33346755100007],[13.390426786000035,37.33549388400007],[13.37860586000005,37.34230211200003],[13.351651679000042,37.35782629600004],[13.340780679000034,37.36013500300004],[13.323154126000077,37.363878406000026],[13.315320061000023,37.372138551000035],[13.309344349000071,37.37843927100005],[13.29220207000003,37.38963247200007],[13.28286081500005,37.39127915200004],[13.277502388000073,37.389967901000034],[13.274145624000028,37.38914647400003],[13.269965635000062,37.39606517500005],[13.26816126500006,37.39922816500007],[13.254343237000057,37.42345062700008],[13.239140520000035,37.43284210200005],[13.236689536000029,37.43435619700006],[13.225325363000024,37.44884382200007],[13.217440039000053,37.458896433000064],[13.20935670800003,37.463840951000066],[13.20763381200004,37.463881558000026],[13.202463348000038,37.46400342100003],[13.19608265000005,37.466712004000044],[13.188540317000047,37.47711981100008],[13.187408214000072,37.478682021000054],[13.168549341000073,37.491366999000036],[13.148391807000053,37.49655972200003],[13.13663278100006,37.49447270300004],[13.129639001000044,37.49323143100003],[13.112997703000076,37.49791107900006],[13.099873483000067,37.50160170100003],[13.062901770000053,37.50477271200003],[13.050024002000043,37.502402991000054],[13.046399412000028,37.500580452000065],[13.038388120000036,37.496552164000036],[13.020039921000034,37.49609368600005],[13.014380900000049,37.49995918700006],[13.012460280000028,37.51022249000005],[13.012183488000062,37.51170159800006],[12.990887204000046,37.53845759100005],[12.961797815000068,37.56327930100008],[12.950334553000062,37.56962196100005],[12.918293649000077,37.57681214100006],[12.904040362000046,37.57401003800004],[12.896495988000027,37.577118373000076],[12.855734678000033,37.582650493000074],[12.81144749300006,37.58076116500007],[12.764887480000027,37.57877487600007],[12.700330257000076,37.564375357000074],[12.678875469000047,37.55958985700005],[12.66180595700007,37.56705098800006],[12.653509034000024,37.57546814400007],[12.625868174000061,37.60650592300004],[12.618089460000022,37.62367677100008],[12.612602836000065,37.63578802600006],[12.606974139000044,37.64082928500005],[12.590834047000044,37.649503924000044],[12.580487688000062,37.65110409500005],[12.579743158000042,37.65121924400006],[12.577850237000064,37.65233546500008],[12.560755908000033,37.66241567800006],[12.550695636000057,37.66283768000005],[12.546340403000045,37.66159666500005],[12.53500477800003,37.65836660200006],[12.517916968000065,37.66224579200008],[12.515908411000055,37.66607954500006],[12.499382842000045,37.676351468000064],[12.492565333000073,37.686942540000075],[12.49174120300006,37.68822283500003],[12.486657641000022,37.69210088400007],[12.472531717000038,37.702876994000064],[12.474061022000058,37.710186142000055],[12.468034412000065,37.71990820800005],[12.471502962000045,37.73211119100006],[12.472507157000052,37.73564413200006],[12.470116290000021,37.74584727000007],[12.451737855000033,37.77775013100006],[12.441357691000064,37.78718985000006],[12.425253731000055,37.801834787000075],[12.436978024000041,37.810436639000045],[12.44492086200006,37.812049579000075],[12.457277412000053,37.81455880400006],[12.467336209000052,37.82883108900006],[12.466145632000064,37.83902646400003],[12.465369337000027,37.84567418300003],[12.469104919000074,37.84899243800004],[12.475643195000032,37.85480028000006],[12.484773812000071,37.87588320900005],[12.482062338000048,37.88078210800006],[12.476703926000027,37.88434549400006],[12.47087734400003,37.88822021800007],[12.467570547000037,37.89369827100006],[12.467772693000029,37.90072812200003],[12.460217586000056,37.907998356000064],[12.475709832000064,37.92712126300006],[12.479508310000028,37.931809927000074],[12.49497692600005,37.953684672000065],[12.498541630000034,37.96608553500005],[12.497736054000029,37.96937435700005],[12.494367941000064,37.98312491400003],[12.504943526000034,37.99260823600008],[12.506398284000056,37.993912744000056],[12.506757967000055,37.99845723400006],[12.507619910000074,38.00934765100004],[12.510157452000044,38.00941575400003],[12.518214670000077,38.00963199700004],[12.519265100000041,38.01184247200007],[12.511525153000036,38.01382465200004],[12.499992297000063,38.01677818700006],[12.517011766000053,38.02110238700004],[12.51816517800006,38.02139543900006],[12.522361560000036,38.02591491600003],[12.529195187000028,38.03327468800006],[12.531083241000033,38.03376070100006],[12.533494348000033,38.03438135600004],[12.553683705000026,38.051376885000025],[12.556818313000065,38.05691126800008],[12.561390677000077,38.064984114000026],[12.576680345000057,38.070151268000075],[12.58876017800003,38.066531327000064],[12.589145513000062,38.06641585400007],[12.590163509000035,38.06669834300004],[12.596257867000077,38.06838950000008],[12.597610803000066,38.06758468000004],[12.601699481000026,38.06515245000003],[12.609324235000031,38.06561820700006],[12.645014324000044,38.07856745200007],[12.648076170000024,38.083813356000064],[12.648769127000037,38.085000610000066],[12.651991617000022,38.08717308000007],[12.661841454000069,38.09381343300004],[12.66003368500003,38.09890326500005],[12.657429571000023,38.10623523000004],[12.66155592900003,38.11180303700007],[12.677929877000054,38.11373172100008],[12.68132724000003,38.11101127400008],[12.687105960000054,38.106383949000076],[12.695845403000021,38.10518783500004],[12.711137136000048,38.10964766700005],[12.727662527000064,38.12489603500006],[12.727332470000022,38.131555897000055],[12.736558864000074,38.13860433600007],[12.730085096000039,38.151351111000054],[12.724127059000068,38.15980847900005],[12.717976056000055,38.168539761000034],[12.715872972000057,38.17576961900005],[12.719754230000035,38.182764365000025],[12.731916526000077,38.18953996000005],[12.734291920000032,38.18787316500004],[12.733236859000044,38.18256928900007],[12.732747118000077,38.180107322000026],[12.73825198700007,38.17630084500007],[12.753379977000066,38.17735525400008],[12.768303933000027,38.17839544200007],[12.771356211000068,38.17172252800003],[12.769501696000077,38.16620732200005],[12.767431771000076,38.160051501000055],[12.769878152000047,38.151351111000054],[12.77711331300003,38.15014410100008],[12.779993296000043,38.14966364600008],[12.789989872000035,38.13541907600006],[12.790291009000043,38.122334472000034],[12.790579983000043,38.10977835500006],[12.811024716000077,38.081411384000035],[12.842009636000057,38.05732161200007],[12.849316831000067,38.055717112000025],[12.85057199800002,38.05476143100003],[12.857153553000046,38.049750252000024],[12.867819523000037,38.049375937000036],[12.871703302000071,38.038387605000025],[12.872171799000057,38.03706209200004],[12.879336715000022,38.03005867300004],[12.893911985000045,38.02487363200004],[12.907228954000061,38.02496882300005],[12.943922003000068,38.03056857000007],[12.977262495000048,38.040205865000075],[13.02674952500007,38.06192302200003],[13.038642695000021,38.07053767300005],[13.054187236000075,38.07349087800003],[13.073508601000071,38.08541999400006],[13.077853056000038,38.091223513000045],[13.070827540000039,38.102851384000076],[13.071452865000026,38.112941007000074],[13.061872057000073,38.126099778000025],[13.053399257000024,38.13773675400006],[13.064530567000077,38.14299801200008],[13.066413071000056,38.142853581000054],[13.071211823000056,38.14248540600005],[13.072029429000054,38.14981293100004],[13.072201059000065,38.151351111000054],[13.074157999000022,38.152450489000046],[13.082537482000077,38.157157948000076],[13.084215676000042,38.16421808700005],[13.08395908700004,38.16459522900004],[13.07860351000005,38.17246703600006],[13.106398068000033,38.19054757500004],[13.121715829000038,38.19113684900003],[13.141959830000076,38.18411856600005],[13.142168229000049,38.184046317000025],[13.143648,38.18418336600007],[13.159362722000026,38.18563878400005],[13.16058391100006,38.181133174000024],[13.163062437000065,38.17198858100005],[13.174867155000072,38.16908796900003],[13.191572003000033,38.16960776800005],[13.223919606000038,38.17893509000004],[13.237636223000038,38.18611908500003],[13.243439314000057,38.19334128100007],[13.242957336000075,38.196263454000075],[13.242636400000038,38.19820925300007],[13.241890586000068,38.20273103400007],[13.249310603000026,38.19952894100004],[13.250114161000056,38.19918216700006],[13.258386930000029,38.20114797200006],[13.274404206000042,38.20022062500004],[13.28804576300007,38.21084295800006],[13.295936699000038,38.21698742800004],[13.317747922000024,38.222853099000076],[13.328291465000063,38.21120580300004],[13.327473110000028,38.204432894000036],[13.32741253200004,38.20393153200007],[13.330534624000052,38.19925298800007],[13.332717647000038,38.19820925300007],[13.34411573400007,38.192759661000025],[13.345028545000048,38.192323233000025],[13.35892950300007,38.189705196000034],[13.36509217400004,38.181964350000044],[13.367911025000069,38.16807037600006],[13.375593557000059,38.15196757900003],[13.370220336000045,38.13783177700003],[13.369352777000074,38.136801751000064],[13.36392263600004,38.13035471400008],[13.379033865000054,38.11327674300003],[13.40637031700004,38.10008482400008],[13.451000516000022,38.09544464600003],[13.480954946000054,38.099941786000045],[13.504135753000071,38.10839117000006],[13.504499552000027,38.10929060800004],[13.508233976000042,38.11852341700006],[13.532713476000026,38.11087867400005],[13.538448416000051,38.11049687900004],[13.534458294000046,38.101860275000035],[13.541364895000072,38.08998292800004],[13.538199276000057,38.08179280000007],[13.537884199000075,38.08097763000006],[13.53938499000003,38.07957989500005],[13.543302797000024,38.07593111600005],[13.542047463000074,38.07461090700008],[13.53705945300004,38.06936512300007],[13.538098992000073,38.06469687900005],[13.541178725000066,38.05827034300006],[13.55117660600007,38.05188116200003],[13.568134481000072,38.03801038000006],[13.599435863000053,38.02667737300004],[13.607835971000043,38.02067277500004],[13.616654674000074,38.016802347000066],[13.619687267000074,38.01222643300008],[13.637511155000027,38.007525086000044],[13.63795809100003,38.007407199000056],[13.638905941000075,38.006773777000035],[13.651464425000029,37.998381282000025],[13.665403100000049,37.99576966500007],[13.677469229000053,37.99350889700003],[13.701322077000043,37.99063250300003],[13.707816912000055,37.98360586300004],[13.708057040000028,37.983039234000046],[13.71018493400004,37.97801805700004],[13.72369320100006,37.976511437000056],[13.733649325000044,37.975400999000044],[13.735050583000032,37.97524471200006],[13.737328274000049,37.974990674000026],[13.745081905000063,37.97053504100006],[13.77549663800005,37.97317791100005],[13.787841742000069,37.97442576800006],[13.798697526000069,37.97552308200005],[13.822849277000046,37.982486083000026],[13.834771820000071,37.98295693800003],[13.857137184000067,37.989630840000075],[13.91287109700005,38.01173735000003],[13.933366439000054,38.02156006400003],[13.938611940000044,38.024460361000024],[13.950121760000059,38.03082427100003],[13.953742371000033,38.03042351500005],[13.96054384100006,38.02967067900005],[13.968379947000074,38.03235360200006],[13.971444377000068,38.03340280100008],[13.97266305100004,38.032907557000044],[13.980542615000047,38.02970546900008],[13.992065740000044,38.030877529000065],[13.998270739000077,38.03439475000005],[14.005089955000074,38.03257245200007],[14.018489524000074,38.03883452100007],[14.023783440000045,38.04130854600004],[14.030528408000066,38.04000413800003],[14.041169917000047,38.03104846200006],[14.043212303000075,38.02996224700007],[14.062763373000053,38.01956427400006],[14.071489850000034,38.01973907900003],[14.088108902000045,38.02007198600006],[14.094142530000056,38.01829248300004],[14.103369846000021,38.01557106300004],[14.129882939000026,38.01785903700005],[14.141842274000055,38.02322023800008],[14.144028320000075,38.025995772000044],[14.146766980000052,38.029472938000026],[14.154275982000058,38.02595773200005],[14.169295261000059,38.01892672400004],[14.179625334000036,38.02026372100005],[14.180798137000068,38.020415514000035],[14.183486325000047,38.01939645900006],[14.22917985500004,38.01045007000005],[14.255729354000039,38.00898053800006],[14.268306752000058,38.01212135900005],[14.270185076000075,38.012590413000055],[14.290903735000029,38.00719914600006],[14.324557561000063,38.01184078600005],[14.327413170000057,38.01316140200004],[14.333369147000042,38.01591582700007],[14.336496642000043,38.01769157600006],[14.338518398000076,38.01857443800003],[14.35251740600006,38.016358643000046],[14.363211633000049,38.014665937000075],[14.386951644000021,38.020875397000054],[14.398374187000059,38.02433287400004],[14.409534357000041,38.03075948700007],[14.425213659000065,38.03978845300003],[14.437633936000054,38.04031099100007],[14.443128880000074,38.037833513000066],[14.453147586000057,38.03331643000007],[14.468572555000037,38.03340851100006],[14.474368996000067,38.03344311300003],[14.525981038000054,38.042641883000044],[14.533107270000073,38.04675399800004],[14.553116806000048,38.05830028400004],[14.57520039800005,38.05927384100005],[14.587824096000077,38.05983035700007],[14.607365058000028,38.06884063900003],[14.608449359000076,38.06934060700007],[14.617478110000036,38.07209478500005],[14.618131857000037,38.07204302900004],[14.631453745000044,38.07098836500006],[14.655217570000048,38.08653555500007],[14.674695378000024,38.09681126500004],[14.705366354000034,38.12545851400006],[14.712971512000024,38.132665502000066],[14.732689459000028,38.151351111000054],[14.749025321000033,38.165471996000065],[14.761720542000035,38.156937619000075],[14.762398416000053,38.15683209300005],[14.791415782000058,38.15231488500007],[14.800348252000049,38.15555056200003],[14.809820178000052,38.15637211300003],[14.836782970000058,38.162505004000025],[14.85718779900003,38.16901976500003],[14.873182283000062,38.168162316000064],[14.890724007000074,38.172462188000054],[14.899066546000029,38.180835037000065],[14.901184120000039,38.18296030400006],[14.917511242000046,38.191432804000044],[14.944654344000071,38.17798916600003],[14.950027806000037,38.16979822300004],[14.96023899000005,38.161106422000046],[14.96430004900003,38.15764963200007],[14.969487128000026,38.15326702700003],[14.980366588000038,38.15033223800003],[15.010660723000058,38.14915679500007],[15.025425234000068,38.15029926500006],[15.04426275700007,38.151756903000035],[15.053288261000034,38.14358929300005],[15.054838776000054,38.13723106000003],[15.056233517000067,38.131511612000054],[15.069629504000034,38.12691817800004],[15.075071793000063,38.12262242300005],[15.087408079000056,38.120146146000025],[15.108891682000035,38.124968686000045],[15.11937579000005,38.13055612000005],[15.170755713000062,38.151599505000036],[15.209361903000058,38.18362596600008],[15.214143998000054,38.19011850900006],[15.217070358000058,38.19409156300003],[15.220103251000069,38.19820925300007],[15.225664852000023,38.20576011400004],[15.240256053000053,38.24048299400005],[15.239202920000025,38.243133725000064],[15.235318235000022,38.25291145500006],[15.236616092000077,38.262868867000066],[15.23096500400004,38.27086516600008],[15.23941708500007,38.268748824000056],[15.24999573100007,38.25551508700005],[15.252992947000052,38.24721503500007],[15.247404627000037,38.23127926500007],[15.242490967000037,38.21726737100005],[15.253693117000068,38.20996098200004],[15.273176884000065,38.20755901200005],[15.293010527000035,38.20664291400004],[15.318693257000064,38.21201072000008],[15.327775194000026,38.21462547700003],[15.341062821000037,38.21586543800004],[15.353595786000028,38.217754040000045],[15.356828165000024,38.218559629000026],[15.370980273000043,38.22354754300005],[15.39315117600006,38.22940420800006],[15.420321975000036,38.240454009000075],[15.426146467000024,38.241256950000036],[15.443921084000067,38.24874490700006],[15.47344663900003,38.26769757300008],[15.51726033400007,38.29582189900003],[15.540126921000024,38.30131042000005],[15.551868455000033,38.29985160900003],[15.576862482000024,38.28506033700006],[15.60071765300006,38.27733964000004],[15.608586277000029,38.27479297000008],[15.61183563800006,38.27455676000005],[15.641867317000049,38.272373626000046],[15.651054879000071,38.269020943000044],[15.650620728000035,38.26522485100003],[15.609823766000034,38.25618803100008],[15.598722192000025,38.25177505800008],[15.582838843000047,38.24546128700007],[15.568889334000062,38.22712111200008]]],[[[9.226622279000026,41.257530830000064],[9.233212087000027,41.25612442800008],[9.240886267000064,41.24662495100006],[9.267116447000035,41.23863024900004],[9.274720410000043,41.23214053800007],[9.279305940000029,41.217259385000034],[9.279393921000064,41.216973867000036],[9.272821952000072,41.19945189200007],[9.277112242000044,41.19289220400003],[9.28071779100003,41.192101113000035],[9.28110306800005,41.20092485600003],[9.28642584000005,41.210878441000034],[9.288523528000042,41.214801117000036],[9.296774575000029,41.20401110000006],[9.295935520000057,41.202355744000045],[9.29223335200004,41.19505180300007],[9.308603015000074,41.19075098700006],[9.317119859000059,41.19282978100006],[9.320049418000053,41.19282978100006],[9.332541400000025,41.18598841100004],[9.337304136000057,41.18958857400003],[9.333411899000055,41.19282978100006],[9.33622233400007,41.19832173400005],[9.33923384700006,41.204206621000026],[9.348728921000031,41.20702871800006],[9.35359053600007,41.203238372000044],[9.363653893000048,41.20625615100005],[9.365985468000076,41.194925537000074],[9.366416725000022,41.19282978100006],[9.37065199600005,41.18400969100003],[9.379966026000034,41.18701990300008],[9.384211618000052,41.18432816600006],[9.38550110600005,41.178870679000056],[9.392665906000047,41.18117045900004],[9.397435908000034,41.179220429000054],[9.402639737000072,41.175785817000076],[9.404322127000057,41.176100613000074],[9.418231157000037,41.17870316400007],[9.423254064000048,41.17638080100005],[9.420553918000053,41.16609762000007],[9.414594003000047,41.162916048000056],[9.405208247000076,41.157905664000054],[9.421022151000045,41.15466513700005],[9.43025607900006,41.152772955000046],[9.431779891000076,41.14203420700005],[9.44251119300003,41.13294934400005],[9.441320100000041,41.12861151100003],[9.440133590000073,41.12429037100003],[9.440953163000074,41.10698166000003],[9.443124221000062,41.10101139000005],[9.447610320000024,41.098237546000064],[9.450951210000028,41.10843719200005],[9.461442808000072,41.119586337000044],[9.470564581000076,41.12927980400008],[9.470676112000035,41.13067306000005],[9.470891205000044,41.133360018000076],[9.46556337800007,41.13734112100008],[9.466494484000066,41.14065946900007],[9.479776661000074,41.14139398400005],[9.48561531100006,41.14535102700006],[9.499291877000076,41.14329885600006],[9.511417121000022,41.141479461000074],[9.514960091000034,41.144068332000074],[9.515764611000066,41.14465620000004],[9.516584436000073,41.15400796500006],[9.523894387000041,41.155682066000054],[9.529404571000043,41.15188282500003],[9.529100635000077,41.14627763800007],[9.534427641000036,41.13595434800004],[9.544282172000067,41.13288842000003],[9.541128856000057,41.12511833600007],[9.539770334000025,41.12177080400005],[9.542010451000067,41.11492720000007],[9.546456326000055,41.11608889100006],[9.557291208000038,41.11892000700004],[9.566606980000074,41.11426886300006],[9.565568996000025,41.10371902300005],[9.568281940000077,41.09945281800003],[9.560504065000032,41.08422278100005],[9.549699876000034,41.07937942900003],[9.54448076600005,41.08260898100008],[9.543957804000058,41.08293258600003],[9.542370165000023,41.08758707700008],[9.539672740000071,41.08683611300006],[9.530575634000058,41.070559152000044],[9.533973299000024,41.06723267500007],[9.53701748100002,41.06425227400007],[9.532504300000028,41.056833951000044],[9.530777576000048,41.05628567400004],[9.52591546800005,41.05474183600006],[9.52324151700003,41.03705561800007],[9.508555057000024,41.00998505800004],[9.524158169000032,41.01257927700004],[9.527865185000053,41.01864879800007],[9.523737333000042,41.02219667400004],[9.528911159000074,41.02711823200008],[9.529871780000065,41.028032014000075],[9.543827914000076,41.02848390300005],[9.558359729000074,41.03490756400004],[9.561241548000055,41.02525942700004],[9.558939843000076,41.02031900600008],[9.55362466500003,41.008910411000045],[9.557636417000026,41.003339624000034],[9.566643222000039,41.00865610500006],[9.576484865000054,41.00487462600006],[9.57790056400006,41.01305298300008],[9.578090695000071,41.014151351000066],[9.58236292500004,41.01304105400004],[9.585523546000047,41.01221965000008],[9.586398017000022,41.01303026800008],[9.595239714000058,41.02122635100005],[9.608092401000022,41.01740196500003],[9.629793129000063,41.00295515000005],[9.653967943000055,41.003505070000074],[9.662411407000036,40.99608047100003],[9.647815954000066,40.98553428100007],[9.633510190000038,40.98947141000008],[9.623636503000057,40.99770810100006],[9.618965614000047,41.00160458500005],[9.610443471000053,41.001925193000034],[9.597440885000026,40.99073279400005],[9.584779267000044,40.98492412500008],[9.58375451300003,40.97657637900005],[9.589332283000033,40.96991105500007],[9.59190035100005,40.966842264000036],[9.58007464800005,40.95489303700003],[9.578490449000071,40.95291183300003],[9.573722884000063,40.94694950200005],[9.569004446000065,40.94104860900006],[9.56961027400007,40.939884609000046],[9.573794113000076,40.931846044000054],[9.570809988000065,40.92700017200008],[9.551893567000036,40.92725419000004],[9.54323987400005,40.927370395000025],[9.53390945600006,40.93219107200008],[9.524478137000074,40.93276544300005],[9.507324966000056,40.92815144100007],[9.50170134800004,40.918246003000036],[9.51019210000004,40.91319406000008],[9.554508337000073,40.91639365800006],[9.556987898000045,40.91777368700008],[9.561947850000024,40.92053420800005],[9.56750622100003,40.91421555100004],[9.567746919000058,40.91394192900003],[9.56999619100003,40.91337324400007],[9.573458797000058,40.91249779000003],[9.573516093000023,40.91218253200003],[9.574608940000076,40.906169343000045],[9.587716016000059,40.901176400000054],[9.603682751000065,40.909402432000036],[9.60493516300005,40.91043719500004],[9.617325033000043,40.92067390600005],[9.640389374000051,40.91888717300003],[9.64059876400006,40.91354051700006],[9.62810586200004,40.90248279800005],[9.61747116600003,40.89306981300007],[9.619629967000037,40.88930082300004],[9.632876594000038,40.88445291600004],[9.642029882000031,40.874005159000035],[9.64544395200005,40.87692713700005],[9.648908315000028,40.879892159000065],[9.657831097000042,40.87496651400005],[9.654904312000042,40.87112212400007],[9.653873192000049,40.86976772700007],[9.653606209000031,40.86052637800003],[9.66391730600003,40.85601901300004],[9.668501647000028,40.85443418700004],[9.676293050000027,40.85799768800007],[9.681176071000039,40.860231002000035],[9.703516097000033,40.84346640700005],[9.713059887000043,40.84417921900007],[9.722548564000022,40.840594159000034],[9.710746147000066,40.832909811000036],[9.701424819000067,40.83361166000003],[9.696333731000038,40.838407903000075],[9.693828857000028,40.83755533800007],[9.68841857800004,40.83571388200005],[9.682303137000076,40.82358898500007],[9.688142933000051,40.817009030000065],[9.688699910000025,40.814483610000025],[9.689789511000072,40.80954319600005],[9.687466237000024,40.80893413100006],[9.67629205000003,40.80600472800006],[9.671162262000053,40.79643427800005],[9.67173543000007,40.78716718700008],[9.685574473000031,40.768483478000064],[9.702282163000064,40.75563426800005],[9.70457410900002,40.75493945300008],[9.715324193000072,40.75168051000003],[9.716578825000056,40.74846258000008],[9.71302064200006,40.739811048000035],[9.712576458000058,40.73873103900007],[9.717090418000055,40.72765949800004],[9.713473129000022,40.72215639500007],[9.715853784000046,40.708801863000076],[9.721972446000052,40.70099444500005],[9.732232733000046,40.696622011000045],[9.739701041000046,40.693439382000065],[9.744703315000038,40.68852916700007],[9.752436934000059,40.67339297600006],[9.749370037000062,40.65809712400005],[9.743295990000036,40.647242461000076],[9.741996940000035,40.63306324600006],[9.744352887000048,40.62393707600006],[9.747859315000028,40.620134567000036],[9.752097982000066,40.615537989000075],[9.750934784000037,40.61266255800007],[9.752642620000074,40.609947301000034],[9.753016170000024,40.604854371000044],[9.753493931000037,40.598340638000025],[9.76423120000004,40.58646259200003],[9.775819658000046,40.58238058300003],[9.780506026000069,40.580729821000034],[9.789115688000038,40.57177457100005],[9.792734128000063,40.562677518000044],[9.792685150000068,40.55647801200007],[9.792633421000062,40.549930163000056],[9.795709655000053,40.54513367900006],[9.813967471000069,40.53594541800004],[9.826875449000056,40.52944946700006],[9.827135351000038,40.51353129100005],[9.80888483800004,40.47360058500004],[9.79418146100005,40.44483601700006],[9.788618866000036,40.441414630000054],[9.78328736800006,40.43813538300003],[9.774009762000048,40.42653673800004],[9.77261313200006,40.40966069600006],[9.77245299200007,40.407725665000044],[9.763404817000037,40.390330567000035],[9.753881594000063,40.38235040400008],[9.742535065000027,40.380452200000036],[9.740500846000032,40.380111888000044],[9.725316238000062,40.37177201000003],[9.697778259000074,40.35061698700008],[9.67763093700006,40.330968562000066],[9.67722556900003,40.329774661000044],[9.675760129000025,40.325458610000055],[9.668243741000026,40.321043436000025],[9.666377779000072,40.319947358000036],[9.630991109000036,40.27329857900003],[9.62316125600006,40.247080408000045],[9.626465436000046,40.22528466500006],[9.626527210000063,40.22487717700005],[9.626518775000022,40.22461988100008],[9.625972088000026,40.20794349800008],[9.629012998000064,40.19276192800004],[9.635492489000058,40.17893130500005],[9.640974946000028,40.17507569700007],[9.64342103000007,40.17335545700007],[9.652732140000069,40.15657996400006],[9.65370125100003,40.14914080200003],[9.654381328000056,40.143920345000026],[9.66473515000007,40.13489468900008],[9.678539903000058,40.12286078000005],[9.682202596000025,40.11722177900003],[9.686215,40.11104437100005],[9.703023898000026,40.10308474900006],[9.727471721000029,40.09150782000006],[9.733535605000043,40.085543647000065],[9.734345893000068,40.075462221000066],[9.728194798000061,40.069686551000075],[9.727872613000045,40.06938403000004],[9.727267252000047,40.06758810600007],[9.721086265000054,40.04925097000006],[9.717586009000058,40.04568562400004],[9.706417793000071,40.034309723000035],[9.70047975700004,40.018298738000055],[9.699556683000026,40.00719674100003],[9.699321145000056,40.00436387600007],[9.69898839700005,40.000361844000054],[9.69533737200004,39.99535113600007],[9.68804614000004,39.98534456700003],[9.684949243000062,39.961236014000065],[9.686799661000066,39.948934965000035],[9.698340955000049,39.936894419000055],[9.701556738000022,39.937210237000045],[9.711681209000062,39.93820455000008],[9.715706701000045,39.93061985200006],[9.713060506000033,39.921963033000054],[9.70619468800004,39.923571673000026],[9.703380409000033,39.91924525100006],[9.698297569000033,39.91926562800006],[9.694555926000021,39.91928062900007],[9.684558579000054,39.90778247900005],[9.681079755000042,39.88575904100003],[9.684543210000072,39.877789722000045],[9.68283828400007,39.871603195000034],[9.68511804600007,39.865701165000075],[9.68738429900003,39.86337864300003],[9.690979407000043,39.861204815000065],[9.69258026500006,39.86023683600007],[9.695961268000076,39.85227009400006],[9.691652571000077,39.84758918400007],[9.684332708000056,39.83963698400004],[9.671273062000068,39.79469314200003],[9.66839670500002,39.770081563000076],[9.672346970000035,39.75678131600006],[9.673179676000075,39.753977656000075],[9.675467362000063,39.726145461000044],[9.676428262000059,39.711598769000034],[9.671234733000063,39.70385848900003],[9.669824064000068,39.701756070000044],[9.660371570000052,39.697275009000066],[9.662829492000071,39.68441310700007],[9.66324381100003,39.68224504600005],[9.659232231000033,39.66791476800006],[9.654674989000057,39.66554780200005],[9.652358474000039,39.664344637000056],[9.64928184300004,39.65875429400006],[9.648194776000025,39.64476218500005],[9.650951358000043,39.63582390300007],[9.651576137000063,39.63379804300007],[9.653947654000035,39.61668874900005],[9.65479453000006,39.61057896800003],[9.657360250000067,39.57923537500005],[9.654810929000064,39.572375786000066],[9.65061976000004,39.56109839000004],[9.651118650000058,39.549323996000055],[9.640480181000044,39.541790336000076],[9.63219050500004,39.50386175800003],[9.634048751000023,39.49673233400006],[9.643676993000042,39.48911803900006],[9.64507227300004,39.46268885200004],[9.640136871000038,39.45061702600003],[9.639091121000035,39.43990651000007],[9.630978593000066,39.432674732000066],[9.621060836000026,39.41290398500007],[9.60280791100007,39.37441164000006],[9.598790011000062,39.349042792000034],[9.59758748400003,39.341450086000066],[9.604561531000058,39.31955490400003],[9.630341179000027,39.30415358700003],[9.630463611000039,39.29772064700006],[9.612990205000074,39.29603588100008],[9.599064159000022,39.28702305000007],[9.582690974000059,39.26565512700006],[9.570242290000067,39.23844457200005],[9.569572797000035,39.22136115600006],[9.569152540000061,39.210637474000066],[9.566548176000026,39.20699631200006],[9.563617513000054,39.202898951000066],[9.564799035000021,39.190191311000035],[9.571154199000034,39.18745312100003],[9.576444526000046,39.18517372700006],[9.578780594000023,39.17721826500008],[9.574959073000059,39.17424079500006],[9.570379969000044,39.17067306900003],[9.569212703000062,39.15834158100006],[9.569140772000026,39.15758167800004],[9.56872192000003,39.15315674900006],[9.556783718000077,39.135123630000066],[9.549891321000075,39.13365608400005],[9.538409644000069,39.13121137700006],[9.523202226000024,39.11973420100003],[9.520277689000068,39.11426578700008],[9.520384243000024,39.10468872400003],[9.520452888000023,39.098518968000064],[9.505492924000066,39.108186002000025],[9.507494837000024,39.11704724300006],[9.508693416000028,39.12235261600006],[9.500783459000047,39.13115243400006],[9.485184047000075,39.134687162000034],[9.468491309000058,39.12945828200003],[9.465860390000046,39.12863416600004],[9.461442807000026,39.12832484900008],[9.442284696000058,39.12698340700007],[9.437625874000048,39.123078408000026],[9.432712502000072,39.13092231400003],[9.431892266000034,39.13223177200007],[9.428371066000068,39.132708792000074],[9.418895513000052,39.133992454000065],[9.408691970000064,39.140806636000036],[9.40337480200003,39.144357574000026],[9.402176170000075,39.14348785300007],[9.399672622000026,39.14167129300006],[9.393464348000066,39.14435392300004],[9.393582731000038,39.14960991400005],[9.393710637000027,39.15528872800007],[9.387639845000024,39.15792043000005],[9.38666833800005,39.15834158100006],[9.385178393000047,39.16136251900008],[9.384478277000028,39.162782039000035],[9.36647270800006,39.17589865900004],[9.362579677000042,39.176712638000026],[9.348489631000064,39.17965867100003],[9.338344665000022,39.192747145000055],[9.337844499000028,39.19339243100006],[9.336419127000056,39.19402113000007],[9.324053067000023,39.19947551800004],[9.323638145000075,39.20112998500008],[9.323194509000075,39.202898951000066],[9.315248650000058,39.20416478800007],[9.302370161000056,39.20621643000004],[9.297627396000053,39.21053907000004],[9.294475937000072,39.21341136700005],[9.287134733000073,39.213282228000025],[9.273748135000062,39.21304674400005],[9.263167040000042,39.21666477500003],[9.247185555000044,39.21674622200004],[9.242587660000027,39.22037160000008],[9.23583347400006,39.22569718400007],[9.226081065000074,39.22802517400004],[9.207106685000042,39.226066366000055],[9.181937472000072,39.21656147500005],[9.163596013000074,39.202898951000066],[9.160519312000076,39.19419512200005],[9.16521229400007,39.19056754400003],[9.168001448000041,39.18841158600003],[9.159663158000058,39.18234635600004],[9.156224597000062,39.18391464000007],[9.152588732000027,39.185572912000055],[9.152128269000059,39.18551602900004],[9.144608065000057,39.18458702700008],[9.126167473000066,39.20264167400006],[9.12590469600002,39.202898951000066],[9.11176669300005,39.21292228200008],[9.10378548500006,39.21144196600005],[9.100304506000043,39.21079633000005],[9.098905123000065,39.212050161000036],[9.094373876000077,39.21611010700008],[9.091894784000033,39.21116252200005],[9.090765890000057,39.20890956100004],[9.083927922000044,39.20539208500003],[9.083796336000034,39.20548960900004],[9.063070357000072,39.22085051500005],[9.057733960000064,39.22000943200004],[9.059011375000068,39.21630877600006],[9.066615679000051,39.214088213000025],[9.080375987000025,39.20309367600004],[9.080619697000031,39.202898951000066],[9.078886861000058,39.20205055300005],[9.062178034000056,39.193869895000034],[9.042876766000063,39.176855627000066],[9.02567730800007,39.158225962000074],[9.018457159000036,39.147391062000054],[9.008826980000038,39.121304458000054],[9.010649057000023,39.11737398400004],[9.015523710000025,39.10685868000007],[9.016835082000057,39.08740219400005],[9.027776908000021,39.07594840200005],[9.042876766000063,39.06014202500006],[9.04508760300007,39.05834764300005],[9.045729938000022,39.05636211900003],[9.044087542000057,39.05411397600005],[9.043958151000027,39.050148687000046],[9.042876766000063,39.04815673500008],[9.041060325000046,39.04239617600007],[9.036942082000053,39.03961413600007],[9.035921330000065,39.038924576000056],[9.03417545700006,39.03490046200005],[9.024498916000027,39.02018637200007],[9.024586438000028,39.00690406700005],[9.024616329000025,39.00236781800004],[9.021398619000024,38.99846470400007],[9.01571335500006,38.99156842100007],[9.01564533800007,38.99074808000006],[9.015217656000061,38.98558986000006],[9.007826274000024,38.98514413500004],[8.998797817000025,38.98459969000004],[8.992706393000049,38.97439403200008],[8.910694460000059,38.91552950300007],[8.903230843000074,38.90585773300006],[8.877846689000023,38.89370685000006],[8.858495110000035,38.878027244000066],[8.844308328000068,38.87645816300005],[8.839527123000039,38.87999915600005],[8.838725725000074,38.88059267700004],[8.838374788000067,38.88058060100008],[8.831818953000038,38.88035500800004],[8.828892650000057,38.885365096000044],[8.826645679000023,38.88921210800004],[8.819634565000058,38.89349200800007],[8.812157551000041,38.893809289000046],[8.807936351000023,38.893988412000056],[8.806757884000035,38.89653385200006],[8.80481278700006,38.90073518000003],[8.800495383000055,38.896553924000045],[8.800179008000043,38.89513382200005],[8.798848074000034,38.88915971400007],[8.78353499900004,38.89840965600007],[8.778439720000051,38.90624551700006],[8.779409737000037,38.909125231000075],[8.780412580000075,38.91210239700007],[8.774989048000066,38.91551279300006],[8.764094650000061,38.91732637100006],[8.759992572000044,38.91800923900007],[8.750819317000037,38.922576752000055],[8.723862035000025,38.93599922100003],[8.719173057000035,38.931329067000036],[8.707412039000076,38.91961526500006],[8.696920524000063,38.91785524900007],[8.693264618000057,38.91724194900007],[8.679299135000065,38.909570246000044],[8.672912627000073,38.909858274000044],[8.66665340000003,38.91014056200004],[8.667108969000026,38.90597565100006],[8.668110042000023,38.896823633000054],[8.657687217000046,38.89649326400007],[8.654078096000035,38.89637886700007],[8.649487685000054,38.88954426300006],[8.653426740000043,38.88546176500006],[8.657262931000048,38.881485876000056],[8.658278739000025,38.869655118000026],[8.641492714000037,38.864955346000045],[8.638140596000028,38.86814349800005],[8.64420597000003,38.872955802000035],[8.646120968000048,38.874475173000064],[8.643403376000037,38.87959268900005],[8.642269709000061,38.88172750500007],[8.64287054700003,38.88399880500003],[8.645351927000036,38.89337896200004],[8.635893612000075,38.89538626800004],[8.629961538000032,38.89419506200005],[8.614894169000024,38.89116941800006],[8.607988227000021,38.89494145000003],[8.607728248000058,38.90466328300005],[8.61322020800003,38.91061459400004],[8.62002145100007,38.917984698000055],[8.619382487000053,38.92773746800003],[8.622504971000069,38.93581793000004],[8.612391883000043,38.957788236000056],[8.60180230100002,38.96273144700007],[8.596217250000052,38.95893706900006],[8.594312702000025,38.95764315500003],[8.58641970900004,38.95711073700005],[8.587475845000029,38.961813463000055],[8.588123838000058,38.96469882300005],[8.580254300000036,38.97219449500005],[8.574985575000028,38.97721291400006],[8.57528043900004,38.98090446100008],[8.575447330000031,38.98299384300003],[8.571681627000032,38.98942712100006],[8.565659118000042,38.999715897000044],[8.566184257000032,39.006597387000056],[8.567364138000073,39.01180309600005],[8.57108437900007,39.01464772800006],[8.574531707000062,39.01728368100004],[8.576079671000059,39.025365167000075],[8.573233175000041,39.03490046200005],[8.565093185000023,39.045010638000065],[8.555974222000032,39.045955624000044],[8.553137182000057,39.04624962300005],[8.549334504000058,39.04494484500003],[8.542343492000043,39.04767444700008],[8.535644683000044,39.05277403600007],[8.534954270000071,39.056076939000036],[8.534386084000062,39.05879511200004],[8.52855938600004,39.05967872800005],[8.511695982000049,39.06223605300005],[8.506505698000069,39.06189006400007],[8.478666703000044,39.06003429200007],[8.478161259000046,39.069625278000046],[8.483041687000025,39.076942201000065],[8.487004522000063,39.08288343300006],[8.487763048000033,39.088781339000036],[8.481112789000065,39.09226258500007],[8.478894492000052,39.09342380800007],[8.476508698000032,39.100219511000034],[8.47267345900002,39.11114382000005],[8.467900506000035,39.11737398400004],[8.466705238000031,39.11893417500005],[8.450863770000069,39.11851807700003],[8.438794078000058,39.11820105000004],[8.434105929000054,39.13048902300005],[8.43718202100007,39.136712009000064],[8.438227998000059,39.13882804000008],[8.437954607000052,39.14373384400005],[8.437328293000064,39.15497261400003],[8.434358711000073,39.15847312500006],[8.413558781000063,39.17147107000005],[8.41243742000006,39.169217643000025],[8.40988321900005,39.164084856000045],[8.413173996000069,39.15537980800008],[8.41052717100007,39.15509405300003],[8.403485971000066,39.17875730800006],[8.398785323000027,39.19455470400004],[8.393610675000048,39.198977773000024],[8.386631610000052,39.20104413800004],[8.376969982000048,39.20390475700003],[8.370319412000072,39.21130627600007],[8.368795900000066,39.227899027000035],[8.393905222000058,39.24860455400005],[8.41088320700004,39.26382741600003],[8.41485756700007,39.26498642300004],[8.42146128500002,39.26691220600003],[8.427057129000048,39.27202327600003],[8.436302460000036,39.290352419000044],[8.434810250000055,39.29948643400007],[8.434047784000029,39.30415358700003],[8.433434533000025,39.30790737900003],[8.42055332600006,39.321934286000044],[8.420105028000023,39.32242245800006],[8.419688794000024,39.323899202000064],[8.417080448000036,39.33315328600003],[8.404820093000069,39.33774544400006],[8.395383025000058,39.341280131000076],[8.391098433000025,39.35442737500006],[8.388410005000026,39.36267680100008],[8.385662815000046,39.36490585700005],[8.37818044900007,39.37097701000005],[8.379417377000038,39.373935979000066],[8.379939713000056,39.38241962200004],[8.386910139000065,39.39399421400003],[8.393008818000055,39.397288994000064],[8.396145969000031,39.40015035400006],[8.402628881000055,39.406063344000074],[8.410985707000066,39.41922618700005],[8.411995656000045,39.42519091200006],[8.41256734500007,39.42856728500004],[8.410469073000058,39.441247565000026],[8.394649082000058,39.44603107000006],[8.39300019600006,39.446529645000055],[8.39015865500005,39.447153257000025],[8.389264634000028,39.45190032900007],[8.38287860500003,39.45694385000007],[8.385592441000028,39.46399342500007],[8.385127347000036,39.47055837900007],[8.393008818000055,39.47957350900003],[8.409583758000053,39.494693521000045],[8.41789312900005,39.50227350500006],[8.44931100100007,39.54313504500004],[8.456238707000068,39.56389745400003],[8.464103528000066,39.57724976900005],[8.463806588000068,39.587334842000075],[8.470456244000047,39.60068605600003],[8.465227122000044,39.615519240000026],[8.463035195000032,39.61668874900005],[8.457725830000072,39.61952157700006],[8.45339503200006,39.621832288000064],[8.449648221000075,39.63509269800005],[8.45216963200005,39.63998265300006],[8.453018409000038,39.64162874800007],[8.452108939000027,39.652094516000034],[8.451693080000041,39.656880029000035],[8.452081452000073,39.65757974100006],[8.457815308000022,39.66791016600007],[8.452007093000077,39.672418753000045],[8.446236678000048,39.676897997000026],[8.444687094000074,39.68335005900008],[8.451900153000054,39.69375958200004],[8.45259002900002,39.69475517600006],[8.455237558000022,39.707167136000066],[8.454072222000036,39.71189192300005],[8.451803064000046,39.71313449400003],[8.447067301000061,39.715727757000025],[8.449817635000045,39.72662881900004],[8.445972844000039,39.73286363200003],[8.448607224000057,39.740171134000036],[8.444352550000076,39.752955848000056],[8.451350522000041,39.76825613700004],[8.457728756000051,39.769170581000026],[8.466217836000055,39.760930108000025],[8.471494078000035,39.750867292000066],[8.47219302700006,39.749534260000075],[8.477318448000062,39.74369868100007],[8.497229786000048,39.72102850700003],[8.496612285000026,39.71995190600006],[8.493569218000061,39.71464637400004],[8.502254725000057,39.71300721400007],[8.507207443000027,39.72240917500005],[8.507106789000034,39.72276603500006],[8.50531673300003,39.729112540000074],[8.510219981000034,39.732748611000034],[8.515377741000066,39.73940116800003],[8.518514674000073,39.74344723300004],[8.517798821000042,39.744270620000066],[8.51268208600004,39.75015598900006],[8.513476025000045,39.75358047000003],[8.52855938600004,39.767538229000024],[8.53005601500007,39.76892317200003],[8.53216702800006,39.77087664900006],[8.544316981000065,39.792839413000024],[8.552908032000062,39.829498071000046],[8.555452493000075,39.84781277400003],[8.553636529000073,39.860910888000035],[8.56361627900003,39.86006555100005],[8.566350745000022,39.86337864300003],[8.548237216000075,39.86660126900006],[8.542480192000028,39.86762551700008],[8.540857498000037,39.87034409000006],[8.544389012000067,39.87604655700005],[8.544700108000029,39.87654889500004],[8.541566379000074,39.88154889800006],[8.540212347000022,39.88527505300004],[8.53782350900002,39.891447560000074],[8.52855938600004,39.89931979800008],[8.526461746000052,39.90110227800005],[8.512041817000068,39.90681447900005],[8.49078505600005,39.90557697700007],[8.468348209000055,39.90275617200007],[8.449273696000034,39.88639881100005],[8.446144052000022,39.88371498300006],[8.43948881700004,39.87325024000006],[8.433061777000034,39.883078633000025],[8.428330497000047,39.89031382600007],[8.413850005000029,39.89858366100003],[8.407407369000055,39.899983700000064],[8.400861546000044,39.90140616300005],[8.398345383000049,39.90971270400007],[8.400137758000028,39.92492114700008],[8.402126398000064,39.94179490800008],[8.40101171200007,39.958498647000056],[8.395901799000058,39.969121409000024],[8.392160721000039,39.97689856400007],[8.398710651000044,39.98487042600004],[8.40937295200007,39.99784742000003],[8.410428293000052,40.00719674100003],[8.410826878000023,40.01072781900007],[8.413550170000065,40.01815775500006],[8.405228957000077,40.02998776700008],[8.399008091000042,40.032505343000025],[8.395788829000026,40.03084381300005],[8.393008818000055,40.029408990000036],[8.380216500000074,40.029870223000046],[8.377769357000034,40.034254031000046],[8.38615560900007,40.04356789900004],[8.393008818000055,40.043038652000064],[8.40134751000005,40.05128485900008],[8.410902797000062,40.04339744300006],[8.413035210000032,40.041637242000036],[8.424090123000042,40.04368257400006],[8.430891903000031,40.048309611000036],[8.435073618000047,40.051154300000064],[8.438924195000027,40.05028348400003],[8.446445379000068,40.048582553000074],[8.469465954000043,40.062005561000035],[8.483288161000075,40.074204604000045],[8.491457129000025,40.08788987300005],[8.486365515000045,40.097190726000065],[8.490239246000044,40.10282194800004],[8.486380929000063,40.106154299000025],[8.483645171000035,40.11880015400004],[8.475592534000043,40.126815349000026],[8.471856139000067,40.13053437200006],[8.45995251000005,40.15159619900004],[8.460951280000074,40.167938735000064],[8.46115233300003,40.17122849000003],[8.459984790000021,40.17239282200006],[8.457160607000048,40.17520923700005],[8.462245538000047,40.18596127400008],[8.465461753000056,40.19276192800004],[8.467019916000027,40.20026487300004],[8.465238487000022,40.20392421200006],[8.461549097000045,40.21150280900008],[8.465325595000024,40.225551874000075],[8.464058027000021,40.23054654200007],[8.471356267000033,40.240641614000026],[8.473270035000041,40.24328877600004],[8.476796748000027,40.254728510000064],[8.479699336000067,40.267140210000036],[8.483392846000072,40.271558811000034],[8.482348173000048,40.283481178000045],[8.471070877000045,40.29492726700005],[8.466143891000058,40.299927998000044],[8.466034931000024,40.30248751000005],[8.465688812000053,40.310617996000076],[8.459641928000053,40.31844625800005],[8.450120870000035,40.31970629600005],[8.443742310000061,40.32055044900005],[8.439255907000074,40.32426676700004],[8.426521380000054,40.33481543000005],[8.408828021000033,40.337038601000074],[8.384510186000057,40.34009413700005],[8.385569377000024,40.346801209000034],[8.385737557000027,40.34786616500003],[8.38548372400004,40.34837201100004],[8.380213808000065,40.358874084000036],[8.387911663000068,40.36596500500008],[8.388634529000058,40.375174650000076],[8.39627693400007,40.39297223600005],[8.39901489700003,40.39934838900007],[8.399809168000047,40.407568307000076],[8.398252908000075,40.428206696000075],[8.393008818000055,40.44202032600003],[8.385407758000042,40.45539097400007],[8.374055285000054,40.49023184600003],[8.367983688000038,40.49639612000004],[8.362429156000076,40.49596066400005],[8.350336496000068,40.50269318100004],[8.348280139000053,40.50231366400004],[8.338708939000071,40.50054722500005],[8.338604755000063,40.509474717000046],[8.326661170000023,40.53012146300006],[8.32314156700005,40.54004275200003],[8.319809669000051,40.549434924000025],[8.315069392000055,40.55478189000007],[8.31243024400004,40.55775881200003],[8.312926369000024,40.55869487700005],[8.317727319000028,40.56775308700003],[8.317122960000063,40.57196014300007],[8.301020243000039,40.58995324500006],[8.291084930000068,40.59353819200004],[8.28691598100005,40.59131877400006],[8.275358590000053,40.592436071000066],[8.272013020000031,40.590666413000065],[8.268709018000038,40.58891874200003],[8.267028663000076,40.586003051000034],[8.26532319000006,40.58304377700006],[8.253804839000054,40.58298453700007],[8.249159177000024,40.582960644000025],[8.24846853400004,40.58176645400005],[8.241952328000025,40.570499297000026],[8.22873730300006,40.57010225700003],[8.204523450000067,40.56937476100006],[8.198751535000042,40.57191371600004],[8.19879045500005,40.57711290100008],[8.205711834000056,40.584419989000025],[8.206610870000077,40.59312699900005],[8.210507388000053,40.59354593100005],[8.215926030000048,40.594128513000044],[8.21895033800007,40.60102344300003],[8.209121683000035,40.614804528000036],[8.193719548000047,40.61777339100007],[8.190187535000064,40.61558167900006],[8.19026961000003,40.60779512100004],[8.184866104000037,40.605001479000066],[8.180380555000056,40.59701960500007],[8.168990159000032,40.59300513800008],[8.172891433000075,40.586319702000026],[8.171834242000045,40.583495277000054],[8.171117367000022,40.58158005100006],[8.17015866600002,40.581988833000025],[8.166410728000074,40.58358692400003],[8.162543044000074,40.57992573300004],[8.162722855000027,40.57908205000007],[8.16539687200003,40.56653538300003],[8.16231586400005,40.56143595900005],[8.157520727000076,40.568135107000046],[8.157797991000052,40.57482625400007],[8.15053935700007,40.58057767300005],[8.145953268000028,40.59978714400006],[8.148044267000046,40.60534005400007],[8.144057631000067,40.61468506600005],[8.144815822000055,40.62264315900006],[8.147721648000072,40.625669757000026],[8.160460595000075,40.62736862300005],[8.163597812000035,40.63253290200004],[8.17223894600005,40.63499493000006],[8.185490381000022,40.63877052200007],[8.191533451000055,40.65420808400006],[8.19050745800007,40.658275064000065],[8.198983802000043,40.67325056400006],[8.198209966000036,40.677368073000025],[8.20412010800004,40.68266780700003],[8.202268142000037,40.68817675200006],[8.178125546000047,40.69472680600006],[8.176886275000072,40.69506302900004],[8.17286107700005,40.70188997500003],[8.169252223000058,40.70801077900006],[8.167778976000022,40.70880500200008],[8.155685791000053,40.71532440100003],[8.147459490000074,40.72461922700006],[8.13847147000007,40.728711729000054],[8.136858777000043,40.73269569200005],[8.13855847000002,40.73728342900006],[8.150963012000034,40.746953328000075],[8.155148775000043,40.75021631900006],[8.165388183000061,40.76557138900006],[8.166592691000062,40.77853407500004],[8.16494798900004,40.78484970200003],[8.162569224000038,40.79398411500006],[8.169814706000068,40.79803749100006],[8.175104041000054,40.80099653000008],[8.179201170000056,40.80856092000005],[8.185232735000056,40.81281252500003],[8.193755151000062,40.827790152000034],[8.194771054000057,40.83481179900008],[8.20713164500006,40.85016855900005],[8.217725518000066,40.86915363300005],[8.22166515400005,40.890703890000054],[8.216546825000023,40.90057143100006],[8.206698523000057,40.906352524000056],[8.192430407000074,40.914728110000055],[8.189866464000033,40.923992353000074],[8.176998079000043,40.93532527700006],[8.18537208600003,40.94694950200005],[8.201873587000023,40.96985575900004],[8.215882387000022,40.95922260100008],[8.22873730300006,40.954377746000034],[8.23575978100007,40.95173106300007],[8.23401164300003,40.94694950200005],[8.230487938000067,40.937311357000056],[8.228967607000072,40.933152903000064],[8.234546841000054,40.919721596000045],[8.234355840000035,40.90940897200005],[8.249264415000027,40.89162428000003],[8.272013020000031,40.87206562100005],[8.27695970000002,40.86781259400004],[8.300871865000033,40.85173951500008],[8.313352165000026,40.844806120000044],[8.341334051000047,40.84267454700006],[8.359077798000044,40.837287100000026],[8.393008818000055,40.83819374500007],[8.404105985000058,40.83921035000003],[8.416322341000068,40.84032948400005],[8.425797438000075,40.83403896800007],[8.43279113400007,40.82939585400004],[8.458904291000067,40.81949746300006],[8.467020739000077,40.81939765900006],[8.52855938600004,40.82562235800003],[8.544358216000035,40.82722042600005],[8.577687215000026,40.836915298000065],[8.608395831000053,40.85173951500008],[8.623873661000061,40.86341386300006],[8.627914306000037,40.87211921000005],[8.630815127000062,40.87836886800005],[8.649380910000048,40.89082644100006],[8.666947553000057,40.89638869000004],[8.671011580000027,40.897675511000045],[8.680463393000025,40.90311442600006],[8.696920524000063,40.91258445600005],[8.712163960000055,40.91800339300005],[8.719603096000071,40.91467826400003],[8.723762575000023,40.91281906900008],[8.743104474000063,40.91848564800006],[8.772602223000035,40.916918648000035],[8.788814978000062,40.921565402000056],[8.802625355000032,40.93098250300005],[8.813389182000037,40.939347600000076],[8.823170963000052,40.94694950200005],[8.83681813800007,40.95755539100003],[8.866368272000045,40.987261114000034],[8.87565876800005,41.004312208000044],[8.875443239000049,41.00595909500004],[8.874367189000054,41.014181336000036],[8.883467307000046,41.016775385000074],[8.88636232400006,41.01760062900007],[8.88533961500002,41.01929922100004],[8.880504186000053,41.02733026300007],[8.891389595000021,41.02692914900007],[8.905656531000034,41.035297505000074],[8.91030537000006,41.03546774200004],[8.919064473000049,41.03578849300004],[8.924195411000028,41.04146280900005],[8.93187209100006,41.04388812900004],[8.955667345000052,41.06425227400007],[8.979409300000043,41.084570806000045],[8.985221308000064,41.09334335900007],[8.990590723000025,41.10144787000007],[8.997295742000063,41.10467047600008],[9.00929609900004,41.12132022900005],[9.027979759000061,41.12713925700007],[9.04355296700004,41.137275515000056],[9.04969297200006,41.137022984000055],[9.055574557000057,41.132436503000065],[9.061833901000057,41.12755544400005],[9.084423707000042,41.12801717600007],[9.109081607000064,41.13453346800003],[9.121904523000069,41.145895618000054],[9.121758010000065,41.14761145500006],[9.121153370000059,41.154692520000026],[9.136912026000061,41.15505334000005],[9.15078658300007,41.155371020000075],[9.167587386000037,41.16852751700003],[9.171326566000062,41.176906502000065],[9.162239864000071,41.18356818500007],[9.159247914000048,41.19038487900008],[9.156587154000022,41.196447008000064],[9.164748231000033,41.21936840200004],[9.16667772300002,41.236211223000055],[9.181472152000026,41.245835588000034],[9.199419330000069,41.24435419800005],[9.226622279000026,41.257530830000064]]],[[[10.429877394000073,42.80622493900006],[10.432862759000045,42.80329574700005],[10.436497403000033,42.79972949200004],[10.431694967000055,42.79427649100006],[10.43073718900007,42.79318896700005],[10.431250343000045,42.79084250500006],[10.434121258000062,42.777714881000065],[10.43144979300007,42.77482926000005],[10.42041462700007,42.77369367700004],[10.420112852000045,42.773662623000064],[10.418484243000023,42.77224326400005],[10.413318054000058,42.76774084600004],[10.412539068000058,42.76777629600008],[10.407315853000057,42.76801399100003],[10.404858085000058,42.763713489000054],[10.39655207800007,42.76438327900007],[10.386042504000045,42.76028945100006],[10.40253247000004,42.756611802000066],[10.404724299000065,42.75503938000003],[10.40770112100006,42.75290380300004],[10.40770593800005,42.75224936800004],[10.40774940800003,42.74634410700003],[10.416277552000054,42.74422864300004],[10.421554942000057,42.74291955100006],[10.431659861000071,42.73439803800005],[10.434639096000069,42.719857551000075],[10.431109910000032,42.71287315500007],[10.42482595100006,42.70894312300004],[10.419340643000055,42.708582946000035],[10.412893922000023,42.71394409900006],[10.411045562000027,42.71548121300003],[10.40838020700005,42.714726546000065],[10.39620054900007,42.711278004000064],[10.382236534000072,42.715606870000045],[10.376735496000038,42.71952083900004],[10.374263295000048,42.72849851500007],[10.373745218000067,42.730379887000026],[10.372050555000044,42.73092447700003],[10.36813354800006,42.73218322900004],[10.367389839000055,42.736034302000064],[10.366398781000044,42.741166200000066],[10.359981764000054,42.74634410700003],[10.356671144000074,42.75867167900003],[10.33994776700007,42.76392890000005],[10.319362026000022,42.75948098500004],[10.322704938000072,42.75170811700008],[10.325011862000053,42.74634410700003],[10.32432831500006,42.74074591300007],[10.319794067000032,42.73691557400008],[10.315798206000068,42.74017261200004],[10.314669089000063,42.74634410700003],[10.314555107000047,42.74677219200004],[10.311813311000037,42.757069614000045],[10.303793259000031,42.75934639400003],[10.292934693000063,42.754607847000045],[10.288862753000046,42.74634410700003],[10.28908815400007,42.74518654500008],[10.290029010000069,42.740354704000026],[10.28619801900004,42.73638542300006],[10.270774209000024,42.73809951000004],[10.267325552000045,42.74215787000003],[10.265324888000066,42.74451224000006],[10.243684488000042,42.74954017400006],[10.23876814600004,42.74836566100004],[10.235864609000032,42.73924303000007],[10.235817989000054,42.739096553000024],[10.23967218200005,42.73144656000005],[10.23543723900002,42.727093850000074],[10.22117041100006,42.730629270000065],[10.202706951000039,42.73520464500007],[10.186616671000024,42.73637053500005],[10.162763534000021,42.73252840200007],[10.159626383000045,42.73202308700007],[10.15691206300005,42.72589272500005],[10.151202639000076,42.730470284000035],[10.136739239000065,42.733169747000034],[10.118555882000067,42.747395019000066],[10.10347800900007,42.76658827800003],[10.103416269000036,42.76666686900006],[10.10343197800006,42.76684975100005],[10.105348191000076,42.78915763400005],[10.122803712000064,42.80285331600004],[10.13835272800003,42.807742663000056],[10.155274660000032,42.80694223200004],[10.169837310000048,42.80625339900007],[10.175011872000027,42.80797245200006],[10.18531099300003,42.81139394500008],[10.206433865000065,42.80616357000008],[10.210651637000069,42.80181907100007],[10.216682578000075,42.79560692500007],[10.228727810000066,42.78937135500007],[10.24356192700003,42.78842989200007],[10.248159064000049,42.79130342800005],[10.248662939000042,42.79724980700007],[10.248812696000073,42.79901712900005],[10.251469866000036,42.799181317000034],[10.262004791000038,42.79983227500003],[10.268546127000036,42.80355677800003],[10.265663947000064,42.808948583000074],[10.264045516000067,42.81197624400005],[10.26798922000006,42.81394284000004],[10.274496079000073,42.81718759700004],[10.271878728000047,42.824589751000076],[10.286446695000052,42.82320486100008],[10.295482350000043,42.819096169000034],[10.31055965400003,42.82019575400005],[10.314227240000037,42.820463231000076],[10.33225701400005,42.81732659100004],[10.33219983500004,42.81364995300004],[10.322508955000046,42.81110900500005],[10.317332516000022,42.80975174300005],[10.317340208000076,42.806103275000055],[10.341217683000025,42.796832305000066],[10.356843840000067,42.799496084000054],[10.360451081000065,42.80362053600004],[10.359370998000031,42.80878413800008],[10.36296707400004,42.810472160000074],[10.359510951000061,42.81312546200007],[10.359847714000068,42.81493458500006],[10.360117297000045,42.81638280900006],[10.361577682000075,42.816702027000076],[10.36816695500005,42.818142340000065],[10.374180581000076,42.826314410000066],[10.379395098000032,42.827676129000054],[10.390271478000045,42.84461017600006],[10.390528713000037,42.84628018600006],[10.39117529400005,42.85047788900005],[10.40333798000006,42.861500284000044],[10.406688633000044,42.86967061300004],[10.413059824000072,42.87186522500008],[10.42023363900006,42.86596600300004],[10.422518839000077,42.85945034900004],[10.433248057000071,42.85577221500006],[10.442964766000046,42.84485388000007],[10.43657825400004,42.83199179700006],[10.429109609000022,42.81695035600006],[10.429877394000073,42.80622493900006]]],[[[8.368985507000048,39.112874058000045],[8.37348662200003,39.111142795000035],[8.37748513300005,39.10523623800003],[8.380943543000058,39.10012751200003],[8.393008818000055,39.10079018600004],[8.398137495000071,39.10260588700004],[8.40188230900003,39.10393166100005],[8.40587705400003,39.10353008300007],[8.41172055800007,39.10294265600004],[8.41613836700003,39.10475540600004],[8.425897631000055,39.108759905000056],[8.42961550800004,39.10155852100007],[8.432263181000053,39.09643007900007],[8.444081375000053,39.090246543000035],[8.455326089000039,39.08436306400006],[8.458056956000064,39.07380563900006],[8.460427992000064,39.064639304000025],[8.464452760000029,39.05887265500007],[8.465135685000064,39.05859156100007],[8.470621835000031,39.056333444000074],[8.464255364000053,39.04339724400006],[8.46007372500003,39.03490046200005],[8.451131823000026,39.01823173200006],[8.450857954000071,39.004328077000025],[8.450549116000047,38.988649129000066],[8.442340693000062,38.97949026800006],[8.44152658300004,38.97858189400006],[8.441702485000064,38.97762914400005],[8.443266509000068,38.969157823000046],[8.43513987700004,38.96226604300006],[8.418756138000049,38.960274852000055],[8.413628957000071,38.956062503000055],[8.408436839000046,38.95756484900005],[8.40362207000004,38.96263990600005],[8.40352444000007,38.965383787000064],[8.403256116000023,38.972924996000074],[8.397648876000062,38.976318666000054],[8.393008818000055,38.990170600000056],[8.388652456000045,38.993143676000045],[8.383088299000065,39.00791859100008],[8.37453012900005,39.01582915400007],[8.37237622200007,39.01782007300005],[8.372730968000042,39.01896897200004],[8.374019464000071,39.02314195900004],[8.369170892000056,39.02518186200007],[8.36825415900006,39.02556755200004],[8.361207418000049,39.03810864700006],[8.360908773000062,39.04395059600006],[8.360506144000055,39.05182664900008],[8.351538265000045,39.073427313000025],[8.35009435400002,39.076905219000025],[8.350772849000066,39.07771037500004],[8.357563668000068,39.08576890000006],[8.354416961000027,39.09248718400005],[8.351936260000059,39.09778353300004],[8.358250966000071,39.09868522000005],[8.360413926000035,39.09899407200004],[8.36048751800007,39.10068819500003],[8.360828886000036,39.10854664200008],[8.368985507000048,39.112874058000045]]],[[[11.96928607600006,36.83624548200004],[11.98125794300006,36.82637241400005],[11.991867242000069,36.82233675700007],[12.000605306000068,36.82068650000008],[12.012640308000073,36.82396533800005],[12.026572627000064,36.81188034000007],[12.050041514000043,36.79846411400007],[12.055578051000055,36.77842104000007],[12.053819592000025,36.761875229000054],[12.045706041000074,36.74871189000004],[12.024273011000048,36.73560701500003],[11.992917460000058,36.73836587000005],[11.981190515000037,36.74648702700006],[11.971744623000063,36.76370286000008],[11.957761577000042,36.769367758000044],[11.950963582000043,36.78304967100007],[11.928477154000063,36.80182977700008],[11.926524327000038,36.81902049900003],[11.934730943000034,36.831607097000074],[11.954016112000033,36.83850445400003],[11.96928607600006,36.83624548200004]]],[[[8.338346622000074,41.08020610300008],[8.338442370000053,41.075720094000076],[8.338687136000033,41.06425227400007],[8.329679138000074,41.052780736000045],[8.301675070000044,41.05915711000006],[8.284175146000052,41.06314174800008],[8.272013020000031,41.055291229000034],[8.263062428000069,41.05218539600003],[8.265086558000064,41.04718103700003],[8.265441335000048,41.04630390500006],[8.251176465000071,41.03551966200007],[8.239931667000064,41.027018594000026],[8.245994911000025,41.02446976700003],[8.24909442400002,41.01504480500006],[8.25648145200006,41.007739564000076],[8.262099213000056,41.002184001000046],[8.26140674900006,40.99430285300008],[8.257240643000046,40.98871334200004],[8.247470124000074,40.98508696000005],[8.22873730300006,40.98706588700003],[8.213249102000077,40.988702053000054],[8.211606714000027,40.99273252300003],[8.211275206000039,40.993546055000024],[8.215775915000052,40.994623],[8.213426352000056,41.00335095500003],[8.213196366000034,41.00420528800004],[8.213899021000032,41.00507095300003],[8.227706917000035,41.02208215300004],[8.226977177000037,41.02463570200007],[8.219881867000026,41.02684196200005],[8.219784778000076,41.02687215200007],[8.223184178000054,41.041290772000025],[8.22873730300006,41.043004315000076],[8.230716210000026,41.04361495200004],[8.246623427000031,41.04852348500003],[8.254385807000062,41.054964416000075],[8.260724191000065,41.06425227400007],[8.261531877000039,41.06543580500005],[8.265537357000028,41.071305177000056],[8.272013020000031,41.073276700000065],[8.273448255000062,41.07387390000008],[8.283343983000066,41.077991506000046],[8.279508598000064,41.08618103800006],[8.27486039200005,41.09610615300005],[8.276479036000069,41.102302242000064],[8.285126275000039,41.103675261000035],[8.302511890000062,41.106435771000065],[8.31137624400003,41.11260369200005],[8.31711737300003,41.11659843700005],[8.325085305000073,41.11212007600005],[8.32751610300005,41.10608843600005],[8.328823887000055,41.102843378000046],[8.335505758000068,41.09973206500007],[8.343860507000045,41.09584180200005],[8.347503397000025,41.09080983100006],[8.34113013700005,41.083429469000066],[8.338346622000074,41.08020610300008]]],[[[8.294796502000054,39.17965758200006],[8.302761387000032,39.18293641100007],[8.308599126000047,39.185339577000036],[8.307638377000046,39.17342590800007],[8.306541638000056,39.15982590800007],[8.310063369000034,39.152529112000025],[8.31111495500005,39.150350296000056],[8.310515946000066,39.14862914400004],[8.308812243000034,39.14373384400005],[8.311630298000068,39.13902647800006],[8.312480374000074,39.13760648500005],[8.310804009000037,39.13418399400007],[8.308730542000035,39.129950775000054],[8.308866368000054,39.12412273100006],[8.309034359000066,39.11691454100003],[8.30561688000006,39.10368081100006],[8.288155782000047,39.09501309700005],[8.286389592000035,39.095132646000025],[8.285960522000039,39.095161689000065],[8.275126217000036,39.09589503700005],[8.265509102000067,39.10061053600003],[8.261884714000075,39.102387659000044],[8.252087207000045,39.10719160900004],[8.250050531000056,39.11126825300005],[8.254178745000047,39.11704395900006],[8.254484361000038,39.11747154100004],[8.253458667000075,39.118413506000024],[8.24791212200006,39.123507274000076],[8.24932536600005,39.12627480000003],[8.250576834000071,39.12872552300007],[8.24922237000004,39.13284395900007],[8.238450576000048,39.14107383100003],[8.226909349000039,39.143044829000075],[8.222874804000071,39.14373384400005],[8.220951490000061,39.145703956000034],[8.220391863000032,39.14627720000004],[8.221476073000076,39.14884261900005],[8.226617285000032,39.16100757100003],[8.22873730300006,39.16294329100003],[8.231008111000051,39.16501669300004],[8.233936628000038,39.16502901400003],[8.241987816000062,39.16506288700003],[8.248890921000054,39.16985499800006],[8.257708025000056,39.17028166800003],[8.265579130000049,39.17840966700004],[8.267774030000055,39.180676203000075],[8.270749470000055,39.180173370000034],[8.272013020000031,39.17995983700007],[8.277713043000062,39.178996565000034],[8.28466310300007,39.18137429600006],[8.28639021400005,39.18196516900008],[8.28761465100007,39.18162905200006],[8.294796502000054,39.17965758200006]]],[[[13.863053837000052,40.75737031400007],[13.87126822600004,40.76007510100004],[13.874470291000023,40.75828568600008],[13.877088013000048,40.756822820000025],[13.878550397000026,40.75742941300007],[13.882386087000043,40.75902044800006],[13.885367167000027,40.75595546400007],[13.887308527000073,40.75395946400005],[13.897600523000051,40.751164061000054],[13.908717161000027,40.74897262800005],[13.914240557000028,40.749712345000034],[13.922113583000055,40.75076673400008],[13.931346824000059,40.74614542300003],[13.944010179000031,40.74522047500005],[13.95416384300006,40.74065907100004],[13.965023158000065,40.71483338000007],[13.963661978000061,40.71155889100004],[13.954739088000053,40.70756793700008],[13.954210296000042,40.707331424000074],[13.954207487000076,40.70683045800007],[13.95418341800007,40.70253831400004],[13.948758840000039,40.70385874100003],[13.93965981100007,40.70607358800004],[13.925117821000072,40.70027868900007],[13.922632818000068,40.699288430000024],[13.919842410000058,40.69947981300004],[13.898291748000076,40.70095788700007],[13.89690950000005,40.69943346200006],[13.892992419000052,40.69511347500003],[13.889458551000075,40.699516448000054],[13.88929332500004,40.69972230900004],[13.881568490000063,40.69999349100004],[13.879546187000074,40.699626849000026],[13.873237563000032,40.69848309900004],[13.862436544000047,40.70486928200006],[13.852208297000061,40.710916808000036],[13.860416104000024,40.71752278800005],[13.860287055000072,40.72386513200007],[13.85627240100007,40.73166565900004],[13.854579491000038,40.734955005000074],[13.858144500000037,40.73838583300005],[13.866547444000048,40.74647250400005],[13.867820951000056,40.75174580700008],[13.867156909000073,40.75252928100008],[13.863053837000052,40.75737031400007]]],[[[14.944101559000046,38.51971572900004],[14.950092881000046,38.52102248500006],[14.959027467000055,38.52297119100007],[14.96382174200005,38.50774963500004],[14.96361272200005,38.50073295000004],[14.963314798000056,38.49073184100007],[14.968508190000023,38.48617194500008],[14.97461830900005,38.48527597000003],[14.979306738000048,38.48458846900007],[14.977954529000044,38.47925413400003],[14.968481816000065,38.478625915000066],[14.960781401000077,38.47811523300004],[14.956225368000048,38.47416268500007],[14.95780693200004,38.459130809000044],[14.96028502200005,38.45468280500006],[14.961591230000067,38.452338250000025],[14.958325850000051,38.44256778500005],[14.954501002000029,38.43979891600003],[14.94436379900003,38.442703710000046],[14.939763785000025,38.449705245000075],[14.932550653000021,38.46068412600005],[14.919574412000031,38.464089374000025],[14.912827711000034,38.465859855000076],[14.902564349000045,38.47620836900006],[14.900056125000049,38.47873740400007],[14.900948490000076,38.48458846900007],[14.902079163000053,38.49109746100004],[14.905371063000075,38.510048072000075],[14.906743068000026,38.511469641000076],[14.907090394000022,38.511829514000055],[14.913243758000021,38.518205169000055],[14.924917882000045,38.52205143500004],[14.926212839000073,38.52189376800004],[14.944101559000046,38.51971572900004]]],[[[14.85662734400006,38.581251149000025],[14.86613625700005,38.58284940900006],[14.871150476000025,38.58072026700006],[14.870988625000052,38.57745889900008],[14.87151960500006,38.57500340400003],[14.873923974000036,38.563884503000054],[14.868512921000047,38.55033067000005],[14.870128443000056,38.53983832500006],[14.870432089000076,38.537866232000056],[14.86505038100006,38.53671327700005],[14.859929279000028,38.535616152000046],[14.857028779000075,38.534994761000064],[14.846920139000076,38.53813155000006],[14.831796002000033,38.54674071000005],[14.831351647000076,38.54699365100004],[14.830575747000069,38.547223227000075],[14.803839966000055,38.555133899000054],[14.798955053000043,38.55972679000007],[14.797097284000074,38.56147350100008],[14.798909114000026,38.56613549000008],[14.800045351000051,38.57326375200006],[14.805523051000023,38.57952332000008],[14.807959444000062,38.58230747500005],[14.812353631000065,38.58239174600004],[14.829040129000077,38.58271175700003],[14.832451742000046,38.582777184000065],[14.83393645600006,38.58245252000006],[14.846904122000069,38.57961686700003],[14.85662734400006,38.581251149000025]]],[[[10.929221188000042,42.32605120100004],[10.919832558000053,42.31791414400004],[10.910512290000042,42.32296564100005],[10.908253255000034,42.324190017000035],[10.903383232000067,42.32682952300007],[10.897874256000023,42.333357085000046],[10.882478071000037,42.351599959000055],[10.875980588000061,42.35269428300006],[10.86767261500006,42.35409353400007],[10.865620077000074,42.36184502200007],[10.86542552800006,42.36257974500006],[10.869174437000027,42.366713307000055],[10.88033213500006,42.367366213000025],[10.88292969500003,42.37566761900007],[10.881444250000072,42.384820373000025],[10.881001532000028,42.38754823700003],[10.886241921000021,42.38951440900007],[10.901717226000073,42.383276505000026],[10.90269849300006,42.38288096900004],[10.905243906000067,42.381854944000054],[10.921817046000058,42.36040634100004],[10.924850159000073,42.35699532900003],[10.923708495000028,42.35545827300007],[10.92153630100006,42.35253378400006],[10.924278814000047,42.34912273100008],[10.92351203800007,42.34369415300006],[10.925660685000025,42.34219169900007],[10.930765904000054,42.338621842000066],[10.931538499000055,42.33446302200008],[10.929221188000042,42.32605120100004]]],[[[9.823709651000058,43.01701208900005],[9.812102931000027,43.00416476100003],[9.801231593000068,43.008319431000075],[9.791335652000043,43.023482742000056],[9.79293154000004,43.02506060600007],[9.79874373000007,43.03080715200008],[9.801945556000021,43.04594915300004],[9.804098011000065,43.05612849400006],[9.807534814000064,43.05865105100003],[9.820650981000028,43.06827810000004],[9.82544054400006,43.07179356000006],[9.831766866000066,43.067589973000054],[9.833299272000033,43.06657175000004],[9.836453523000046,43.06447587700006],[9.836472612000023,43.06050570800005],[9.836519706000047,43.05071083300004],[9.838470355000027,43.05036841700007],[9.843875824000065,43.049419543000056],[9.84720885300004,43.04539330600005],[9.840462251000076,43.02743630500004],[9.823709651000058,43.01701208900005]]],[[[15.002960205000022,38.37261378900007],[14.991641724000033,38.36697088600005],[14.977739678000034,38.36875163000008],[14.977586484000028,38.368771253000034],[14.96117640400007,38.38109362200004],[14.953061313000035,38.38356659600004],[14.950851377000049,38.38424004700005],[14.950033335000057,38.38544704900005],[14.942855825000038,38.396037301000035],[14.938721577000024,38.40294477900005],[14.93959949300006,38.40660932900005],[14.940171612000029,38.408997439000075],[14.94789141700005,38.415025780000065],[14.954471986000044,38.420164500000055],[14.95465765800003,38.42189363500006],[14.955397883000046,38.42878725200006],[14.96018672100007,38.430934335000074],[14.962058623000075,38.42940574800008],[14.96219115200006,38.42929752600003],[14.966996892000054,38.425373180000065],[14.964079871000024,38.42193272000003],[14.96145406200003,38.41883572800003],[14.961657032000062,38.41498476400005],[14.975461145000054,38.408535193000034],[14.978145374000064,38.40841085100004],[14.984358942000028,38.408123018000026],[14.993617810000046,38.39901382700003],[14.99664324400004,38.396037301000035],[15.000186185000075,38.38253677400007],[15.003257672000075,38.37805119500007],[15.005957640000076,38.374108180000064],[15.004844355000046,38.37355314400003],[15.002960205000022,38.37261378900007]]],[[[9.41600100100004,41.267179052000074],[9.421320136000077,41.267716359000076],[9.428706083000066,41.26157145900004],[9.428784665000023,41.25143043200006],[9.428809267000076,41.248255476000054],[9.429492405000076,41.248077935000026],[9.435432,41.24653428800008],[9.432614519000026,41.23328878800004],[9.431821381000077,41.229560098000036],[9.433769729000062,41.22781667100003],[9.438907528000072,41.22321924900007],[9.43769439600004,41.21545182800003],[9.422631802000069,41.21378359400006],[9.421123971000043,41.21428075100005],[9.416111855000054,41.21593332800006],[9.407315674000074,41.21210010200008],[9.40410478900003,41.21070085300005],[9.398513837000053,41.21071008900003],[9.394330301000025,41.210717],[9.392916162000063,41.210696219000056],[9.387380467000071,41.21061487000003],[9.379943752000031,41.21656010000004],[9.37710751800006,41.21882750800006],[9.377532508000058,41.22454847000006],[9.37818046800004,41.23327092200003],[9.381608292000067,41.23323811300003],[9.388798393000059,41.23316929400005],[9.394330301000025,41.24174824800008],[9.401325333000045,41.24457774800004],[9.402930128000037,41.25214342900006],[9.403407061000053,41.254391895000026],[9.404954971000052,41.25393878600005],[9.41274806000007,41.251657572000056],[9.415113931000064,41.26294637600006],[9.41600100100004,41.267179052000074]]],[[[12.278718997000055,37.943953899000064],[12.289050247000034,37.94371694500006],[12.306165143000044,37.95266436800006],[12.32359583300007,37.93144663600003],[12.345584063000047,37.93603537100006],[12.357522284000027,37.92546022600004],[12.367685437000034,37.92295666900003],[12.370346816000051,37.916396520000035],[12.366775362000055,37.907799415000056],[12.35606738000007,37.905112994000035],[12.334447195000052,37.91941292000007],[12.314515912000047,37.92040231800007],[12.287701922000053,37.91677514200006],[12.279514687000074,37.923398579000036],[12.275027321000039,37.933950941000035],[12.268874505000042,37.935077525000054],[12.278718997000055,37.943953899000064]]],[[[12.526139354000065,35.52744419700008],[12.531615190000025,35.52915832300005],[12.568261286000052,35.524279114000024],[12.593627922000053,35.520901697000056],[12.60442471500005,35.525126080000064],[12.61153951800003,35.52208164100006],[12.612195554000039,35.52180092200007],[12.621575618000065,35.52183593800004],[12.63183351400005,35.51740394800004],[12.626271239000062,35.51273346700003],[12.624863037000068,35.511551041000075],[12.628245968000044,35.504108151000025],[12.631195884000022,35.49761795100005],[12.628763649000064,35.494658714000025],[12.606685769000023,35.49397599500003],[12.604640293000045,35.49501329800006],[12.604353738000043,35.495158616000026],[12.606124085000033,35.498961207000036],[12.604091219000054,35.502106799000046],[12.597144079000032,35.496482196000045],[12.572259745000053,35.50658079100003],[12.567206985000041,35.511271469000064],[12.556841874000042,35.51257579600008],[12.529663303000063,35.51599589700004],[12.517969785000048,35.519638179000026],[12.526139354000065,35.52744419700008]]],[[[9.47434458400005,41.19626430400007],[9.461472392000076,41.184502724000026],[9.461442807000026,41.184475692000035],[9.460061118000056,41.18321321500008],[9.457701878000023,41.18510675400006],[9.451877850000074,41.18978115200008],[9.446081297000035,41.186968351000075],[9.438286615000038,41.18318595100004],[9.434663704000059,41.18879743000008],[9.434367114000054,41.18925681500008],[9.445252683000035,41.20031640600007],[9.451528224000072,41.20214717500005],[9.448572152000054,41.20891826600007],[9.449468463000073,41.21561079800006],[9.450159265000025,41.22076884200004],[9.454292168000052,41.22386008600006],[9.458594401000028,41.227077982000026],[9.460930504000032,41.23521267600006],[9.461442807000026,41.236996599000065],[9.462772493000045,41.241626782000026],[9.47967742000003,41.237763260000065],[9.486446943000033,41.219333308000046],[9.482285234000074,41.21587602400007],[9.480316960000039,41.21424090600004],[9.477101092000055,41.20307229500003],[9.475425088000065,41.197251583000025],[9.47434458400005,41.19626430400007]]],[[[15.221527071000025,38.77570074300007],[15.217070358000058,38.77303301500007],[15.214143998000054,38.77410358600008],[15.21120439300006,38.77517900200007],[15.19628928000003,38.78063550300004],[15.192575058000045,38.78528662000008],[15.188085793000027,38.79090828100004],[15.19127164400004,38.79567238800007],[15.191684770000052,38.796290174000035],[15.197882021000055,38.79987558500005],[15.214143998000054,38.80928392900006],[15.217070358000058,38.81097697100006],[15.225359318000073,38.810024017000046],[15.230555053000046,38.80942668100005],[15.237337622000041,38.80516631300003],[15.24135605500004,38.80264219600008],[15.236494866000044,38.79436639600004],[15.227701774000025,38.779396836000046],[15.221527071000025,38.77570074300007]]],[[[12.065627843000073,37.97714584100004],[12.076215931000036,37.96292594500005],[12.088063887000033,37.94701403400006],[12.084328968000023,37.94550475800003],[12.078989998000054,37.94931769600004],[12.056418516000065,37.95227446900003],[12.05234843200003,37.95462931600008],[12.048661087000028,37.95676272000003],[12.047643736000055,37.957351334000066],[12.045008171000063,37.96341886600004],[12.035555844000044,37.98517977900008],[12.030923963000077,37.98908234500004],[12.027771148000056,37.991738733000034],[12.062650693000023,37.99189487000007],[12.063457115000062,37.98789979400004],[12.065627843000073,37.97714584100004]]],[[[10.328305288000024,42.32740703500008],[10.329567437000037,42.32554296400008],[10.330626504000065,42.32397882500004],[10.325860963000025,42.31993896500006],[10.318724947000021,42.32064887000007],[10.318419230000075,42.32067928300006],[10.318264125000042,42.320440863000044],[10.314669894000076,42.31491598100007],[10.307077081000045,42.31539124300008],[10.300950458000045,42.31577473200008],[10.295685243000037,42.31610430100005],[10.290464198000052,42.32133199700007],[10.291291877000049,42.32653325200005],[10.291652252000063,42.328797903000066],[10.287841338000021,42.333375045000025],[10.292076087000055,42.33636088600008],[10.292946810000046,42.34369366000004],[10.293057201000067,42.344623315000035],[10.295013209000047,42.346427263000066],[10.298090780000052,42.34926558400008],[10.298726461000058,42.349851847000025],[10.30183013200002,42.34996640500003],[10.313866301000076,42.35041066500003],[10.313921332000064,42.350412696000035],[10.314422340000021,42.35009991000004],[10.32780721000006,42.34174353600008],[10.326615693000065,42.33617017200004],[10.329739838000023,42.33287707300008],[10.328305288000024,42.32740703500008]]],[[[10.087582075000057,42.60746412100008],[10.088080966000064,42.60122695900003],[10.096673722000048,42.58991621400003],[10.098966330000053,42.58689842700005],[10.098983843000042,42.58545742000007],[10.098987656000077,42.58514366700007],[10.099101475000055,42.57577819200003],[10.093079205000038,42.569025458000056],[10.087420890000033,42.568133587000034],[10.064440842000067,42.574545225000065],[10.053224172000057,42.574295892000066],[10.045464672000037,42.581555011000034],[10.053018629000064,42.58849675000005],[10.055918123000026,42.58831584300003],[10.065367705000028,42.58772626000007],[10.073862706000057,42.59195994600003],[10.082046863000073,42.60382904900007],[10.081564805000028,42.609070075000034],[10.081082335000076,42.61431558800007],[10.083729092000056,42.61795253300005],[10.086994875000073,42.61480532200005],[10.087582075000057,42.60746412100008]]],[[[14.209159685000031,40.56020108000007],[14.222366051000051,40.56082784200004],[14.229563187000053,40.55898082500005],[14.241133537000053,40.55601150100006],[14.252272786000049,40.556707051000046],[14.253905974000077,40.55752497700007],[14.260481650000031,40.560818177000044],[14.265121011000076,40.55767116100003],[14.254620104000026,40.54399001100006],[14.249923527000021,40.54484065200006],[14.242999071000042,40.54609480400006],[14.231082277000041,40.54168616100003],[14.22554264200005,40.53960466900003],[14.22354315800004,40.53885337200006],[14.221716557000036,40.53878298700005],[14.21534968700007,40.53853765300005],[14.198934290000068,40.53790511700004],[14.198192004000077,40.543717653000044],[14.197611824000035,40.54826079900005],[14.201006040000038,40.552190978000056],[14.200588002000075,40.55401681200004],[14.199279429000057,40.55973217300004],[14.205351237000059,40.56002033500005],[14.209159685000031,40.56020108000007]]],[[[14.581429265000054,38.562202736000074],[14.586625487000049,38.55955230300003],[14.593207649000021,38.55619494500007],[14.586867061000078,38.55346682600003],[14.57767229600006,38.55689120400007],[14.573470132000068,38.55712772000004],[14.55644539800005,38.55808594500007],[14.555789916000037,38.55812283800003],[14.54226214700003,38.57084265800006],[14.54081284700004,38.57371496500008],[14.538714649000042,38.57787329400003],[14.545109652000065,38.58448768400007],[14.546572238000067,38.58600044600007],[14.54736463300003,38.58586899900007],[14.575034059000075,38.58127903700006],[14.575184162000028,38.58125413700003],[14.58042428400006,38.57503223000003],[14.58077836800004,38.57051202200006],[14.581429265000054,38.562202736000074]]],[[[12.333637556000042,45.35880293900004],[12.328202329000021,45.33832025300006],[12.323359996000022,45.338822554000046],[12.310612511000045,45.34014486700005],[12.311186479000071,45.34338881800005],[12.311473170000056,45.34500914000006],[12.313258347000044,45.34613755300006],[12.316317952000077,45.34807153200006],[12.323821747000068,45.351768536000066],[12.32498477300004,45.353192497000066],[12.333637556000042,45.363786607000065],[12.337842961000035,45.37517456100005],[12.367934439000067,45.416693612000074],[12.37433608200007,45.42262079200003],[12.385633283000061,45.43308069300008],[12.396180151000067,45.43025327700008],[12.39675128500005,45.430100167000035],[12.395878258000039,45.429286285000046],[12.39334875700007,45.42692814900005],[12.36056035300004,45.39636105000005],[12.333637556000042,45.35880293900004]]],[[[13.182907268000065,38.69537718300006],[13.17279224300006,38.69128757800007],[13.172341717000052,38.69131187800008],[13.157147267000028,38.69213142500007],[13.154838668000025,38.69550315500004],[13.15248908600006,38.69893473900004],[13.15650037100005,38.705383340000026],[13.160726904000057,38.71217797600008],[13.170194114000026,38.716735920000076],[13.175972870000066,38.71951807500005],[13.177456475000042,38.719645935000074],[13.180894547000037,38.719942235000076],[13.18885685600003,38.71616378600004],[13.199798171000054,38.710971674000064],[13.194435045000034,38.705670164000026],[13.184794210000064,38.696140092000064],[13.182907268000065,38.69537718300006]]],[[[12.960962861000041,40.90028463600004],[12.963571751000075,40.89402792300007],[12.965288058000056,40.88991182800004],[12.959753201000069,40.88234547500008],[12.951648658000067,40.88242642100005],[12.950348298000051,40.89103685100008],[12.950161513000069,40.89227366100005],[12.940751402000046,40.89971094300006],[12.94909844700004,40.91398159000005],[12.951977906000025,40.918904499000064],[12.95312394800004,40.919362930000034],[12.962582285000053,40.92314638000005],[12.963447804000054,40.92384646800008],[12.974841560000073,40.93306247600003],[12.985879626000042,40.93413125500007],[12.972121611000034,40.921180812000046],[12.966812550000043,40.91618338400008],[12.960962861000041,40.90028463600004]]],[[[12.337200007000035,45.44496965600007],[12.348332877000075,45.43955684300005],[12.36023185700003,45.43948162300006],[12.364851078000072,45.42854567400008],[12.365242153000054,45.42761980900008],[12.36406940300003,45.42724902800006],[12.360887587000036,45.42624305500004],[12.35116381000006,45.43040498700003],[12.345280796000054,45.43292301100007],[12.33302844800005,45.429124804000026],[12.314347263000059,45.431275208000045],[12.31300795900006,45.43142937600004],[12.312176770000065,45.43242378200006],[12.30601118100003,45.43980008500006],[12.304879114000073,45.441154452000035],[12.322929750000071,45.447988192000025],[12.329380283000035,45.44739037000005],[12.332890229000043,45.44706507500007],[12.337200007000035,45.44496965600007]]],[[[12.351362829000038,37.98952191500007],[12.338108113000033,37.98488699600006],[12.331147721000036,37.98621815300004],[12.331107562000057,37.98626847500003],[12.319506812000043,38.000805179000054],[12.321810607000032,38.006240140000045],[12.32279290300005,38.008557507000035],[12.32440960200006,38.00899824700008],[12.328797692000023,38.01019451700006],[12.333324312000059,38.01845872500007],[12.334375858000044,38.02037852300003],[12.335972127000048,38.01714763100006],[12.34361904800005,38.00167005700007],[12.344994949000068,38.000506287000064],[12.352236976000029,37.99438080500005],[12.351362829000038,37.98952191500007]]],[[[12.449001614000053,37.86471123700005],[12.451219731000037,37.85093900600003],[12.447907606000058,37.84698821200004],[12.444539906000045,37.84899551700005],[12.44418547600003,37.85054214300004],[12.43703987300006,37.88172343900004],[12.43325605900003,37.886462091000055],[12.428648125000052,37.89223283000007],[12.433074607000037,37.89579520800004],[12.45487767000003,37.90197960100005],[12.453937310000072,37.89831497400007],[12.446005230000026,37.892694231000064],[12.451843633000067,37.872973830000035],[12.449001614000053,37.86471123700005]]],[[[9.718439642000021,40.90395838500007],[9.695405975000028,40.889647385000046],[9.685248480000041,40.89331012100007],[9.692949286000044,40.90090879600007],[9.730602618000034,40.92154592500003],[9.741087868000022,40.91617319200003],[9.740149540000061,40.91076401000004],[9.718439642000021,40.90395838500007]]],[[[12.880207283000061,35.866935942000055],[12.883012853000025,35.85830714800005],[12.883291790000044,35.85744925100005],[12.879573066000034,35.85475554900006],[12.865639280000039,35.855035067000074],[12.859666172000061,35.85515489000005],[12.859259149000025,35.85516305500005],[12.858151231000022,35.85644696500003],[12.848097550000034,35.868097668000075],[12.853763840000056,35.871487553000065],[12.860530526000048,35.87553575600003],[12.86806751000006,35.87517676300007],[12.875682365000046,35.87481406100005],[12.877676674000043,35.874719070000026],[12.880207283000061,35.866935942000055]]],[[[13.288308943000061,45.70811401600008],[13.281810896000025,45.70810804200005],[13.268154208000055,45.713419687000055],[13.279611541000065,45.71842297200004],[13.294101148000038,45.71972126800006],[13.30674357600003,45.72085405200005],[13.311523138000041,45.72128231000005],[13.320132234000027,45.716723340000044],[13.324000932000047,45.708146828000054],[13.305966542000021,45.70813024900008],[13.288308943000061,45.70811401600008]]],[[[14.364139769000076,38.53797811600003],[14.357270490000076,38.530509711000036],[14.343229807000057,38.532071074000044],[14.33803559200004,38.54311275800006],[14.340715342000067,38.549811125000076],[14.348021592000066,38.554361338000035],[14.360547936000046,38.555163324000034],[14.366754571000058,38.55005747000007],[14.364139769000076,38.53797811600003]]],[[[9.351593967000042,41.23154675100005],[9.33993041900004,41.229104138000025],[9.334133544000053,41.235232981000024],[9.332931656000028,41.24742535000007],[9.338183956000023,41.25278441700004],[9.352168599000038,41.25179485800004],[9.360078732000034,41.24066589100005],[9.351593967000042,41.23154675100005]]],[[[9.341728788000069,41.30869758800003],[9.343120149000072,41.30779572400007],[9.351138003000074,41.30259864100003],[9.36048177500004,41.29654211400003],[9.370453161000057,41.30154904300008],[9.378805628000066,41.30574306500006],[9.380741969000042,41.306715359000066],[9.382134866000058,41.304010332000075],[9.383622411000033,41.30112149900003],[9.384298817000058,41.29980790800005],[9.382234759000028,41.29734363000006],[9.380096829000024,41.294791158000066],[9.379298036000023,41.29383747900005],[9.377678821000075,41.29374255600004],[9.373245889000032,41.29348268600006],[9.367468878000068,41.28953083300007],[9.365902853000023,41.28845957000004],[9.359792604000063,41.29364206300005],[9.349563185000022,41.29530698800005],[9.342125764000059,41.29651749100003],[9.34137726800003,41.29663931500005],[9.34038986400003,41.297710420000044],[9.333814192000034,41.30484350900008],[9.33572041900004,41.30577176200006],[9.341728788000069,41.30869758800003]]],[[[12.401675639000075,45.44785585100004],[12.397223731000054,45.44550626800003],[12.391992984000069,45.44581223800003],[12.384604233000061,45.45529349600008],[12.383131241000058,45.457183643000064],[12.391220926000074,45.457424192000076],[12.40478881000007,45.457827638000026],[12.406482651000033,45.457878005000055],[12.424141027000076,45.47260055800007],[12.42975599600004,45.471538827000074],[12.420033730000057,45.457544701000074],[12.401675639000075,45.44785585100004]]],[[[14.013193589000025,40.767441887000075],[14.030058495000048,40.76362278100004],[14.030683990000057,40.76348113600005],[14.014473417000033,40.74374056800008],[14.008852068000067,40.745260055000074],[13.999324589000025,40.74783539400005],[14.009739595000042,40.76440639700007],[14.011840068000026,40.76774839600006],[14.013193589000025,40.767441887000075]]],[[[9.739959816000066,40.86312740100004],[9.733929100000069,40.859535781000034],[9.710217198000066,40.869351806000054],[9.719824734000042,40.87614007500008],[9.735485537000045,40.875665154000046],[9.742805773000043,40.87041804900008],[9.739959816000066,40.86312740100004]]],[[[15.064990883000064,38.627713561000064],[15.057603394000068,38.62488925400004],[15.055515050000054,38.62721727100006],[15.053745529000025,38.629189876000055],[15.057557668000072,38.63929656700003],[15.058875010000065,38.64278908500006],[15.059913594000022,38.64327273300006],[15.065822715000024,38.64602449200004],[15.06912460600006,38.647562116000074],[15.071895682000047,38.64598059000008],[15.075429573000065,38.64396370600008],[15.075510183000063,38.64391770000003],[15.076250314000049,38.638025097000025],[15.07392569600006,38.63050485600007],[15.072548897000047,38.63015759900003],[15.06912460600006,38.629293922000045],[15.064990883000064,38.627713561000064]]],[[[8.976967186000024,45.98306800100005],[8.977564517000076,45.98256547600005],[8.978390782000076,45.97035697000007],[8.975668142000075,45.96168997500007],[8.97085663100006,45.96256501100004],[8.967301019000047,45.96321164600005],[8.958593778000022,45.964794029000075],[8.959830891000024,45.968035376000046],[8.961286260000065,45.97185066900005],[8.964022194000052,45.97597599900007],[8.964640002000067,45.979055998000035],[8.96628075600006,45.98280779700008],[8.966870502000063,45.98415632900003],[8.972725959000059,45.98352516600005],[8.976484035000055,45.98312008000005],[8.976967186000024,45.98306800100005]]],[[[9.411786112000073,41.20696361000006],[9.419051436000075,41.20628589200004],[9.421630676000063,41.19383841400003],[9.418620934000046,41.18908526600006],[9.412347649000026,41.18747669000004],[9.40768149400003,41.19153494100004],[9.396288646000073,41.190999447000024],[9.399772728000073,41.19769551700006],[9.411786112000073,41.20696361000006]]],[[[11.104471329000035,42.24947900900003],[11.106955846000062,42.245835912000075],[11.109676681000053,42.24184629800004],[11.108158184000047,42.23943647300007],[11.10437687500007,42.24084401400006],[11.103894926000066,42.24102341300005],[11.098362455000029,42.24308280100007],[11.093753260000028,42.249291432000064],[11.091026155000066,42.25296487000003],[11.095506624000052,42.256741531000046],[11.096730527000034,42.257773179000026],[11.098402917000044,42.25836185700007],[11.104772259000072,42.26060385300008],[11.107166018000044,42.26144645200003],[11.112897283000052,42.25795405300005],[11.11314003800004,42.25780612900007],[11.114225126000065,42.25714492000003],[11.111823122000033,42.25525708600003],[11.104471329000035,42.24947900900003]]],[[[9.901269397000021,43.42096949000006],[9.900725453000064,43.420504762000064],[9.891747592000058,43.421860597000034],[9.890274087000023,43.42319687300005],[9.88783464200003,43.42540912900006],[9.892082260000052,43.43417073100005],[9.892714646000059,43.43547515900008],[9.89309770500006,43.435551977000046],[9.898315737000075,43.436598391000075],[9.903430986000046,43.43762419300003],[9.906426556000042,43.43579322000005],[9.908034077000025,43.43481066000004],[9.907716697000069,43.43258911600003],[9.90672223000007,43.425628208000035],[9.903981440000052,43.42328656800004],[9.901269397000021,43.42096949000006]]],[[[15.492279714000063,42.11054260100008],[15.483406159000026,42.10449061200006],[15.477552349000064,42.10627494400006],[15.475976821000074,42.11196774600006],[15.489880737000021,42.12501943900003],[15.496188600000039,42.12045671200008],[15.492279714000063,42.11054260100008]]],[[[9.145320412000046,41.246330783000076],[9.158852743000068,41.24275045300004],[9.159930021000037,41.237170166000055],[9.146835886000076,41.23123168700005],[9.141626836000057,41.23333562300007],[9.138639821000027,41.23959444800005],[9.145320412000046,41.246330783000076]]],[[[9.83365238600004,44.046579886000075],[9.851893054000072,44.050547117000065],[9.853784209000025,44.043521387000055],[9.846054861000027,44.03388507200003],[9.83365238600004,44.046579886000075]]],[[[12.416011407000042,45.484505339000066],[12.405635286000063,45.48444189800006],[12.399445610000043,45.487306010000054],[12.401498536000076,45.488581175000036],[12.407136984000033,45.49208346800003],[12.412359645000038,45.49209264700005],[12.415655259000062,45.49908026400004],[12.415746657000057,45.49927405300008],[12.41685620900006,45.499002734000044],[12.422552589000077,45.49760979900003],[12.417614666000077,45.48451514100003],[12.416011407000042,45.484505339000066]]],[[[9.354040061000035,41.27676205500006],[9.352941801000043,41.27568643800004],[9.336660893000044,41.28296773200003],[9.353458344000046,41.28996603100006],[9.354040307000048,41.289400482000076],[9.360517517000062,41.283105962000036],[9.354040061000035,41.27676205500006]]],[[[13.176857316000053,45.70533332400004],[13.168497150000064,45.702442707000046],[13.16393230600005,45.702911],[13.152526794000039,45.704081055000074],[13.15686977200005,45.70947092000006],[13.16340178200005,45.71106848900007],[13.167208170000038,45.71199943800008],[13.179638148000038,45.70921793400004],[13.179750314000046,45.70919283400008],[13.179741122000053,45.70916955800004],[13.178819146000023,45.706834859000026],[13.178442652000058,45.705881471000055],[13.176857316000053,45.70533332400004]]],[[[12.309200864000047,45.30108581800005],[12.304713621000076,45.29849090400006],[12.309736931000032,45.31167386900006],[12.32184122700005,45.33265060900004],[12.325096952000024,45.33481184300007],[12.323666530000025,45.326531009000064],[12.309200864000047,45.30108581800005]]],[[[12.352642016000061,45.452369205000025],[12.351819592000027,45.45205898000006],[12.350506105000022,45.45241706100006],[12.342865978000077,45.45449990000003],[12.344997105000061,45.461157971000034],[12.345578357000022,45.462973919000035],[12.34661049600004,45.46346478000004],[12.349467640000057,45.46482356900003],[12.35129078500006,45.46493241700006],[12.354497890000061,45.465123892000065],[12.356071115000077,45.463515494000035],[12.359793032000027,45.459710365000035],[12.360261554000033,45.459231368000076],[12.358098850000033,45.45442756600005],[12.355888994000054,45.45359399100005],[12.352642016000061,45.452369205000025]]],[[[13.242467392000037,45.72022639100004],[13.25022154800007,45.71759383500006],[13.241953650000028,45.713036825000074],[13.236185848000048,45.71302674100008],[13.20647322900004,45.71297479200007],[13.233278979000033,45.71837523800008],[13.242467392000037,45.72022639100004]]],[[[13.423056160000044,40.789470219000066],[13.411173173000066,40.78736667100003],[13.415588325000044,40.79117948600003],[13.427009956000063,40.80104292100003],[13.434850979000032,40.799382114000025],[13.429707625000049,40.79064767300008],[13.423056160000044,40.789470219000066]]],[[[12.360696231000077,45.04651665000006],[12.37395413400003,45.04567802300005],[12.379263545000072,45.03768226700004],[12.38241167800004,45.032941307000044],[12.373354307000056,45.03384560000006],[12.363975949000064,45.04323357000004],[12.360696231000077,45.04651665000006]]],[[[17.148358845000075,40.45143307600006],[17.150762560000032,40.452174152000055],[17.159348332000036,40.454821182000046],[17.164537602000053,40.44818999900008],[17.15497244900007,40.44517485800003],[17.144300642000076,40.44886562500005],[17.138443978000055,40.450891109000054],[17.142087091000064,40.45378178400006],[17.148358845000075,40.45143307600006]]],[[[12.381209816000023,45.434471364000046],[12.368672885000024,45.43223415700004],[12.374041841000064,45.443409787000064],[12.38426942700005,45.446927423000034],[12.381209816000023,45.434471364000046]]],[[[8.22283281700004,40.96921540200003],[8.215440874000024,40.96843080600007],[8.211109922000048,40.979124918000025],[8.217054211000061,40.98218009900006],[8.223728780000044,40.97823757100008],[8.22283281700004,40.96921540200003]]],[[[13.04634614300005,40.969293778000065],[13.057546649000074,40.97467346500008],[13.065669445000026,40.96886376100008],[13.060296148000077,40.96432529600003],[13.049945473000037,40.965052505000074],[13.04634614300005,40.969293778000065]]],[[[15.21886317700006,37.23531727400007],[15.223084283000048,37.232779890000074],[15.226843639000037,37.221813764000046],[15.225238991000026,37.217258181000034],[15.21840628900003,37.220873159000064],[15.215680607000024,37.23209265600008],[15.21886317700006,37.23531727400007]]],[[[15.235088329000064,37.15872505900006],[15.242044102000023,37.14787060300006],[15.242680052000026,37.14687820600005],[15.23875844500003,37.14617304800004],[15.235604514000045,37.14799910800008],[15.227027020000037,37.15296529600005],[15.224721346000024,37.159169242000075],[15.224716904000047,37.15918119400004],[15.224795512000071,37.15917773700005],[15.235088329000064,37.15872505900006]]],[[[12.859939028000042,40.93157437900004],[12.852506880000021,40.92728195400008],[12.850677374000043,40.930661239000074],[12.855698519000043,40.94004035900008],[12.855568947000052,40.94125328100006],[12.854777411000043,40.948662831000036],[12.859402747000047,40.94778924000008],[12.859879720000038,40.94207171200003],[12.860049182000068,40.94004035900008],[12.859939028000042,40.93157437900004]]],[[[12.54035837300006,45.50476305800004],[12.535435577000044,45.500895756000034],[12.528689520000057,45.50120178600008],[12.53155804100004,45.50850776300007],[12.53341937600004,45.51324849100007],[12.544835429000045,45.50828019100004],[12.54035837300006,45.50476305800004]]],[[[12.34481435500004,45.043865432000075],[12.357655857000054,45.046315019000076],[12.349820263000026,45.03130068200005],[12.347469043000046,45.03388687300003],[12.34481435500004,45.043865432000075]]],[[[9.481266022000057,41.181877230000055],[9.472706063000032,41.178901119000045],[9.464903892000052,41.18187467800004],[9.46738537300007,41.18355547500005],[9.472703831000047,41.187157858000035],[9.472740138000063,41.18714956100007],[9.482019128000047,41.18502920800006],[9.481266022000057,41.181877230000055]]],[[[12.286845195000069,45.239955071000054],[12.296081086000072,45.24426450500005],[12.299251432000062,45.23495285100006],[12.291780291000066,45.235040026000036],[12.286845195000069,45.239955071000054]]],[[[9.60606761200006,41.075850210000056],[9.606775879000054,41.071303131000036],[9.602223896000055,41.07160531100004],[9.596540162000053,41.075968716000034],[9.607090330000062,41.08045877600006],[9.609865017000061,41.081639659000075],[9.609502113000076,41.078828473000044],[9.608301294000057,41.07778717100007],[9.60606761200006,41.075850210000056]]],[[[12.335578730000066,45.42762852000004],[12.339019606000022,45.425539171000025],[12.340711785000053,45.42451165500006],[12.334950294000066,45.42135638600007],[12.33136120200004,45.42247068000006],[12.330451992000064,45.422752959000036],[12.324450819000049,45.42461612400007],[12.326091705000067,45.425060322000036],[12.335578730000066,45.42762852000004]]],[[[9.526291301000072,39.08737154500005],[9.533665626000072,39.090102702000024],[9.53595215200005,39.08302886700005],[9.530058861000043,39.08299778000003],[9.526291301000072,39.08737154500005]]],[[[8.431181436000031,39.86336761800004],[8.437294033000057,39.867725404000055],[8.440425313000048,39.86681193600003],[8.435863099000073,39.85808355000006],[8.431181436000031,39.86336761800004]]],[[[12.466773446000047,37.86330464800005],[12.46639310200004,37.863041200000055],[12.465455570000074,37.86468040800003],[12.463031026000067,37.86891954600003],[12.470227408000028,37.87106920600007],[12.472784489000048,37.86746825000006],[12.466773446000047,37.86330464800005]]],[[[15.506291298000065,42.133849300000065],[15.511533790000044,42.13934302500007],[15.518012678000048,42.13972969000008],[15.514120802000036,42.13380458200004],[15.506291298000065,42.133849300000065]]],[[[12.424514229000067,44.83083626200005],[12.43208187700003,44.83508794000005],[12.437455890000024,44.83362479300007],[12.431538795000051,44.829241454000055],[12.424514229000067,44.83083626200005]]],[[[13.990010475000076,40.742854271000056],[13.991999165000038,40.747000838000076],[13.995102518000067,40.74870815400004],[13.997353743000076,40.74022590000004],[13.993134826000073,40.74064137400006],[13.990010475000076,40.742854271000056]]],[[[15.513407937000068,42.12866156600006],[15.514090286000055,42.12867871000003],[15.518660701000044,42.128793538000025],[15.51471034900004,42.12341869800008],[15.508096890000047,42.12410685300006],[15.513370598000051,42.128629544000034],[15.513407937000068,42.12866156600006]]],[[[9.57009737200002,41.063362089000066],[9.575315001000035,41.06783714200003],[9.579188105000071,41.06709495800004],[9.576695837000045,41.06202037300005],[9.57009737200002,41.063362089000066]]],[[[14.159608279000054,40.796064984000054],[14.163585155000021,40.80017716100008],[14.16696048700004,40.79683765500005],[14.164051267000048,40.792536306000045],[14.159608279000054,40.796064984000054]]],[[[10.260892014000035,42.82919993100006],[10.266402034000066,42.82967859300004],[10.268996547000029,42.82491767700003],[10.26389911900003,42.82412055300006],[10.260892014000035,42.82919993100006]]],[[[12.449026354000068,45.50916237000007],[12.454763078000042,45.51119805600007],[12.459062878000054,45.50716347500003],[12.454782925000075,45.50593996500004],[12.449026354000068,45.50916237000007]]],[[[12.391706063000072,45.01783769300005],[12.395578045000036,45.01981371800008],[12.400602202000073,45.01412867200003],[12.397113128000058,45.01326692400005],[12.391706063000072,45.01783769300005]]],[[[12.437482235000061,45.51036504900003],[12.444501033000051,45.50951356200005],[12.44415097700005,45.50517632900005],[12.44046651900004,45.50521570600006],[12.437482235000061,45.51036504900003]]],[[[12.360431978000065,45.066912814000034],[12.364250265000067,45.06950651500006],[12.368976189000023,45.065024934000064],[12.363415365000037,45.06415275000006],[12.360431978000065,45.066912814000034]]],[[[17.97108865100006,40.05427912000005],[17.975931502000037,40.05772316600007],[17.979385252000043,40.05577630100004],[17.97641901000003,40.05215682800008],[17.97108865100006,40.05427912000005]]],[[[12.384505884000077,45.04992237300007],[12.389524257000062,45.049810731000036],[12.392795354000043,45.04488561200003],[12.387813175000076,45.045257984000045],[12.384505884000077,45.04992237300007]]],[[[12.539896073000023,45.52822221400004],[12.541919668000048,45.528772117000074],[12.544368999000028,45.52347053400007],[12.542512572000021,45.523001409000074],[12.537052514000038,45.525345025000036],[12.539896073000023,45.52822221400004]]],[[[13.250147218000052,45.71507089800008],[13.25022154800007,45.71759383500006],[13.25032303300003,45.72045286200006],[13.250333541000032,45.72074888800006],[13.25253518900007,45.721642202000055],[13.253355707000026,45.71861338600007],[13.253967179000028,45.71635623100008],[13.254013278000059,45.716186064000055],[13.252752228000077,45.71445866500005],[13.25132614100005,45.71479382600006],[13.250147218000052,45.71507089800008]]],[[[12.316209423000032,45.40609639300004],[12.32220635300007,45.40763331800008],[12.324671128000034,45.40540472300006],[12.319988786000067,45.403046216000064],[12.316209423000032,45.40609639300004]]],[[[18.02303611700006,40.639427709000074],[18.02188233000004,40.637618522000025],[18.017651009000076,40.64144286100003],[18.021575360000043,40.644143245000066],[18.02298485500006,40.64204680900008],[18.023868364000066,40.64073270700004],[18.02303611700006,40.639427709000074]]],[[[12.163558524000052,45.35872498700007],[12.168130189000067,45.36207593200004],[12.171597934000033,45.361908381000035],[12.168645627000046,45.35726119100008],[12.163558524000052,45.35872498700007]]],[[[9.319952053000065,41.200981822000074],[9.321622173000037,41.19814362100004],[9.322279459000072,41.19702662800006],[9.319028626000033,41.19538277400005],[9.317213297000023,41.198089835000076],[9.315636331000064,41.200441443000045],[9.319952053000065,41.200981822000074]]],[[[9.513961627000072,40.92344144700007],[9.521533173000023,40.92517628300004],[9.523306276000028,40.92321924000004],[9.519802239000057,40.92148318900007],[9.515486556000042,40.92199649100007],[9.513961627000072,40.92344144700007]]],[[[12.31463793200004,37.91449159300004],[12.320142717000067,37.91736580600008],[12.322465069000032,37.91603460300007],[12.319680610000034,37.91211975600004],[12.31463793200004,37.91449159300004]]],[[[12.331899114000066,45.41037063500005],[12.33491381600004,45.41348854600005],[12.338699259000066,45.41324294100008],[12.336151364000045,45.408077793000075],[12.331899114000066,45.41037063500005]]],[[[9.39699931000007,41.25950295200005],[9.401596784000049,41.262046465000026],[9.405627035000066,41.258794900000055],[9.402455597000028,41.25729937300008],[9.39699931000007,41.25950295200005]]],[[[13.96105084800007,40.731169470000054],[13.966085324000062,40.73381471500005],[13.968699096000023,40.73077104600003],[13.96514337900004,40.72858826000004],[13.96105084800007,40.731169470000054]]],[[[12.343723279000073,45.02671674800007],[12.349275487000057,45.02813187800007],[12.348483970000075,45.022457478000035],[12.345961067000076,45.022621858000036],[12.343723279000073,45.02671674800007]]],[[[17.99740864200004,40.65354899100004],[18.000754794000045,40.65784383000005],[18.00370596500005,40.65557748600003],[18.001796309000042,40.651772074000064],[17.99740864200004,40.65354899100004]]],[[[15.499694189000024,42.11964685400005],[15.503951507000068,42.12277458900007],[15.507194415000072,42.121776286000056],[15.505375350000065,42.117799200000036],[15.499694189000024,42.11964685400005]]],[[[12.386583526000038,45.011130440000045],[12.390564375000054,45.01474382500004],[12.393038818000036,45.01393872300008],[12.390635409000026,45.008524271000056],[12.386583526000038,45.011130440000045]]],[[[12.374433878000048,45.058023554000044],[12.37881139700005,45.05997948000004],[12.381016098000032,45.05644573400008],[12.37760449800004,45.05413886000008],[12.374433878000048,45.058023554000044]]],[[[9.729168905000051,40.84256301000005],[9.725273969000057,40.84101014000004],[9.722616179000056,40.84535080100005],[9.729256933000045,40.84547314500003],[9.729168905000051,40.84256301000005]]],[[[12.466446354000027,45.50355383400006],[12.471015557000044,45.50630046600003],[12.474989139000058,45.50467710000004],[12.472144607000075,45.50172581100003],[12.466446354000027,45.50355383400006]]],[[[9.67277557400007,40.891960899000026],[9.677347061000035,40.89555377200003],[9.681112194000036,40.89385380700003],[9.678089457000056,40.890882427000065],[9.67277557400007,40.891960899000026]]],[[[12.305261084000051,44.80035613700005],[12.310268886000074,44.80232859200004],[12.313926195000022,44.798942072000045],[12.30969439200004,44.79776591000007],[12.305261084000051,44.80035613700005]]],[[[12.519889066000076,45.55623333200003],[12.524705618000041,45.55928140000003],[12.52707007600003,45.55826248100004],[12.524312118000068,45.55355142800005],[12.519889066000076,45.55623333200003]]],[[[13.537856059000035,45.78334748800006],[13.542304708000074,45.786877408000066],[13.54643623000004,45.78621757700006],[13.542503811000074,45.78224147800006],[13.537856059000035,45.78334748800006]]],[[[12.33358374900007,45.38020582200005],[12.33090867900006,45.379320894000045],[12.327021504000072,45.38348340300007],[12.333793319000051,45.384028715000056],[12.33358374900007,45.38020582200005]]],[[[13.335403352000071,45.693068166000046],[13.340357539000024,45.693888626000046],[13.343515118000028,45.68980697200004],[13.339772380000056,45.689149806000046],[13.335403352000071,45.693068166000046]]],[[[13.373705445000041,45.722223747000044],[13.377969222000047,45.72558365000003],[13.381150922000074,45.723447055000065],[13.377962120000063,45.72016328500007],[13.373705445000041,45.722223747000044]]],[[[9.210711643000025,44.30180880100005],[9.21394805500006,44.304242111000065],[9.218455206000044,44.29897094800003],[9.214789578000023,44.29872312300006],[9.210711643000025,44.30180880100005]]],[[[13.29202938700007,45.73001830800007],[13.297003213000039,45.730825425000035],[13.298875667000061,45.727394530000026],[13.29538218500005,45.72555317500007],[13.29202938700007,45.73001830800007]]],[[[17.96584219700003,40.66053617700004],[17.96808626400008,40.66431232800005],[17.970744058000037,40.66419132400006],[17.969786294000073,40.65734871700005],[17.96584219700003,40.66053617700004]]],[[[12.315672566000046,44.98941954900005],[12.318848005000063,44.99293180900003],[12.321437055000047,44.99267023900006],[12.321410115000049,44.98737713000003],[12.315672566000046,44.98941954900005]]],[[[12.337367889000063,45.42135521300003],[12.34232309500004,45.420906254000045],[12.342391468000073,45.41783484200005],[12.337725790000036,45.416598245000046],[12.33701026600005,45.41905997200007],[12.337367889000063,45.42135521300003]]],[[[15.056985516000054,38.14415018300008],[15.062022979000062,38.14536311200004],[15.065492868000035,38.142444631000046],[15.060159596000062,38.14099390100006],[15.056985516000054,38.14415018300008]]],[[[9.465727293000043,41.17579096900005],[9.47067639900007,41.177916150000044],[9.47324480800006,41.17518392100004],[9.470199659000059,41.17258738000004],[9.465727293000043,41.17579096900005]]],[[[13.419171078000034,45.70359001600008],[13.42396672600006,45.70566163800004],[13.426263132000031,45.70169578300005],[13.42245549200004,45.70037602100007],[13.419171078000034,45.70359001600008]]]]}}]}