{"type":"FeatureCollection","metadata":{"countryCode":"PT","layer":"400","sourceProviders":["ArcGIS OSM Europe","OpenStreetMap Overpass API"],"license":"ODbL 1.0","attribution":"© OpenStreetMap contributors"},"features":[{"type":"Feature","properties":{"assetId":"PT-line-way-1231241445","countryCode":"PT","assetType":"line","powerType":"cable","osmType":"way","osmId":"1231241445","actualVoltagesKv":[400],"actualVoltageKv":400,"gridClass":"400","displayClass":"400 kV sınıfı","name":null,"ref":null,"operator":"REN","from":null,"to":null,"displayLabel":"REN · 400 kV · OSM 1231241445","labelSource":"generated-identifier","voltageRaw":"400000","circuits":null,"cables":"3","frequency":"50","location":null,"sourceProvider":"ArcGIS OSM Europe","sourceFallback":null,"sourceLicense":"ODbL 1.0","osmTimestamp":"2024-02-29T16:01:12Z"},"geometry":{"type":"LineString","coordinates":[[-9.1366131,38.8902455],[-9.1366253,38.8908215],[-9.1387238,38.8970042],[-9.1404976,38.9011562]]}},{"type":"Feature","properties":{"assetId":"PT-line-way-1037871460","countryCode":"PT","assetType":"line","powerType":"line","osmType":"way","osmId":"1037871460","actualVoltagesKv":[400],"actualVoltageKv":400,"gridClass":"400","displayClass":"400 kV sınıfı","name":null,"ref":null,"operator":"REN","from":null,"to":null,"displayLabel":"REN · 400 kV · OSM 1037871460","labelSource":"generated-identifier","voltageRaw":"400000","circuits":null,"cables":"3","frequency":null,"location":null,"sourceProvider":"ArcGIS OSM Europe","sourceFallback":null,"sourceLicense":"ODbL 1.0","osmTimestamp":"2024-02-29T16:01:12Z"},"geometry":{"type":"LineString","coordinates":[[-7.4974465,38.1911644],[-7.4974702,38.1936187]]}},{"type":"Feature","properties":{"assetId":"PT-line-way-1037871461","countryCode":"PT","assetType":"line","powerType":"line","osmType":"way","osmId":"1037871461","actualVoltagesKv":[400],"actualVoltageKv":400,"gridClass":"400","displayClass":"400 kV sınıfı","name":null,"ref":null,"operator":"REN","from":null,"to":null,"displayLabel":"REN · 400 kV · OSM 1037871461","labelSource":"generated-identifier","voltageRaw":"400000","circuits":null,"cables":"3","frequency":null,"location":null,"sourceProvider":"ArcGIS OSM Europe","sourceFallback":null,"sourceLicense":"ODbL 1.0","osmTimestamp":"2024-02-29T16:01:12Z"},"geometry":{"type":"LineString","coordinates":[[-7.4974465,38.1911644],[-7.4970526,38.1949104],[-7.4966128,38.1969788]]}},{"type":"Feature","properties":{"assetId":"PT-line-way-1047583162","countryCode":"PT","assetType":"line","powerType":"line","osmType":"way","osmId":"1047583162","actualVoltagesKv":[400],"actualVoltageKv":400,"gridClass":"400","displayClass":"400 kV sınıfı","name":null,"ref":null,"operator":"REN","from":null,"to":null,"displayLabel":"REN · 400 kV · OSM 1047583162","labelSource":"generated-identifier","voltageRaw":"400000","circuits":null,"cables":"3","frequency":"50","location":null,"sourceProvider":"ArcGIS OSM Europe","sourceFallback":null,"sourceLicense":"ODbL 1.0","osmTimestamp":"2024-02-29T16:01:12Z"},"geometry":{"type":"LineString","coordinates":[[-7.9936903,40.7000956],[-7.9931624,40.7009454]]}},{"type":"Feature","properties":{"assetId":"PT-line-way-1047583164","countryCode":"PT","assetType":"line","powerType":"line","osmType":"way","osmId":"1047583164","actualVoltagesKv":[400],"actualVoltageKv":400,"gridClass":"400","displayClass":"400 kV sınıfı","name":null,"ref":null,"operator":"REN","from":null,"to":null,"displayLabel":"REN · 400 kV · OSM 1047583164","labelSource":"generated-identifier","voltageRaw":"400000","circuits":null,"cables":"3","frequency":"50","location":null,"sourceProvider":"ArcGIS OSM Europe","sourceFallback":null,"sourceLicense":"ODbL 1.0","osmTimestamp":"2024-02-29T16:01:12Z"},"geometry":{"type":"LineString","coordinates":[[-7.9936903,40.7000956],[-7.9940256,40.7005724],[-7.9935971,40.7011338]]}},{"type":"Feature","properties":{"assetId":"PT-line-way-1050341737","countryCode":"PT","assetType":"line","powerType":"line","osmType":"way","osmId":"1050341737","actualVoltagesKv":[400],"actualVoltageKv":400,"gridClass":"400","displayClass":"400 kV sınıfı","name":"Ribeira de Pena - Vieira do Minho 1/2","ref":null,"operator":"REN","from":null,"to":null,"displayLabel":"Ribeira de Pena - Vieira do Minho 1/2","labelSource":"osm-name","voltageRaw":"400000","circuits":null,"cables":null,"frequency":null,"location":null,"sourceProvider":"ArcGIS OSM Europe","sourceFallback":null,"sourceLicense":"ODbL 1.0","osmTimestamp":"2024-03-02T22:02:01Z"},"geometry":{"type":"LineString","coordinates":[[-7.8107728,41.5522565],[-7.8094167,41.5558968],[-7.8086524,41.5586311],[-7.8065734,41.5623721],[-7.8048149,41.5672199],[-7.8065174,41.56963],[-7.8150855,41.5729995],[-7.8182753,41.5732797],[-7.8220376,41.5735633],[-7.8275439,41.573518],[-7.8329067,41.5739168],[-7.8355487,41.5749698],[-7.8396401,41.5773104],[-7.8425115,41.578877],[-7.8468898,41.5798485],[-7.8500932,41.5807826],[-7.8530542,41.5817087],[-7.8566053,41.5826979],[-7.8608624,41.583892],[-7.8673218,41.5856221],[-7.8773113,41.5869068],[-7.8825221,41.5875176],[-7.8859257,41.5879077],[-7.8917845,41.5887195],[-7.8957887,41.5890781],[-7.9007729,41.5897755],[-7.9053408,41.5900435],[-7.9097297,41.5901696],[-7.9157413,41.5925063],[-7.9199457,41.5954615],[-7.9252355,41.5989485],[-7.9299826,41.601994],[-7.9330964,41.603696],[-7.9379172,41.6046573],[-7.9459889,41.6036448],[-7.9524694,41.6029593],[-7.9583809,41.602321],[-7.9618899,41.6030578],[-7.9657834,41.6040821],[-7.9698561,41.6053113],[-7.9717423,41.606245],[-7.9752776,41.6081438],[-7.9804041,41.6097629],[-7.9855095,41.6116577],[-7.9891607,41.6155574],[-7.99101,41.6172235],[-7.9959257,41.6205991],[-7.9983177,41.6222769],[-8.0033335,41.6249866],[-8.0053198,41.6269164],[-8.0052987,41.6307325],[-8.0071902,41.6330953],[-8.0123957,41.6390373],[-8.0131386,41.6411281],[-8.0138604,41.6439],[-8.0130121,41.6499197],[-8.0132229,41.6525338],[-8.0134968,41.6557461],[-8.0144821,41.6595998],[-8.0144347,41.6630754],[-8.0163261,41.6660707],[-8.0195717,41.6672436],[-8.0236654,41.6694594],[-8.0271059,41.6692509],[-8.0288761,41.6694858]]}},{"type":"Feature","properties":{"assetId":"PT-line-way-1054310286","countryCode":"PT","assetType":"line","powerType":"line","osmType":"way","osmId":"1054310286","actualVoltagesKv":[400],"actualVoltageKv":400,"gridClass":"400","displayClass":"400 kV sınıfı","name":null,"ref":null,"operator":"REN","from":null,"to":null,"displayLabel":"REN · 400 kV · OSM 1054310286","labelSource":"generated-identifier","voltageRaw":"400000","circuits":null,"cables":"3","frequency":null,"location":null,"sourceProvider":"ArcGIS OSM Europe","sourceFallback":null,"sourceLicense":"ODbL 1.0","osmTimestamp":"2024-02-29T16:01:12Z"},"geometry":{"type":"LineString","coordinates":[[-7.4567556,40.1755693],[-7.4572509,40.1748561],[-7.4554884,40.1738788],[-7.4522644,40.1719524],[-7.4484009,40.1708854],[-7.4437212,40.1697261],[-7.4331844,40.1674557],[-7.4279836,40.1661583],[-7.4228699,40.1654394],[-7.4197552,40.1634307],[-7.4157189,40.1604086],[-7.411891,40.1575414],[-7.4090796,40.1554005],[-7.4067673,40.1530718],[-7.4061048,40.1487788],[-7.4057829,40.1468229],[-7.4027199,40.144381],[-7.4022108,40.1427199],[-7.4007565,40.1379734],[-7.3969518,40.1349601],[-7.3958284,40.1335507],[-7.3927033,40.1296298],[-7.3890808,40.1250846],[-7.387096,40.1242929],[-7.380211,40.1245158],[-7.3743183,40.1247067],[-7.3690447,40.1248774],[-7.3625699,40.1244918],[-7.3579042,40.1227208],[-7.3557933,40.1205662],[-7.3536024,40.118317],[-7.3517306,40.1155914],[-7.3493821,40.1121715],[-7.3468082,40.1084233],[-7.3440921,40.1044676],[-7.341772,40.1011112],[-7.3407717,40.0985618],[-7.3391032,40.0941927],[-7.3401854,40.0916945],[-7.3415464,40.0885526],[-7.3429104,40.0854036],[-7.3439929,40.0829045],[-7.3429573,40.0806848],[-7.3414005,40.077348],[-7.3398307,40.0739798],[-7.3384327,40.0709802],[-7.3386133,40.0676451],[-7.3387942,40.0643052],[-7.3390234,40.0600724],[-7.3392675,40.0555641],[-7.3394465,40.0522584],[-7.3420972,40.0485285],[-7.3444471,40.0452217],[-7.3458812,40.0432035],[-7.3518078,40.0349933],[-7.3543513,40.0314442],[-7.3572601,40.0274054],[-7.3599754,40.0236142],[-7.3626128,40.0199316],[-7.3649275,40.0166994],[-7.3693278,40.0150932],[-7.3724696,40.0139463],[-7.3770798,40.0122634],[-7.3814369,40.0106729],[-7.385234,40.0092867],[-7.3883271,40.0081575],[-7.3912534,40.0059736],[-7.3918707,40.0022649],[-7.3923993,39.9992142],[-7.3929131,39.9962488],[-7.3935916,39.9923325],[-7.3941606,39.9890484],[-7.3945738,39.9866634],[-7.3951464,39.9833577],[-7.3955544,39.9810027],[-7.3958239,39.9794468],[-7.3979354,39.9779119],[-7.4007806,39.9758437],[-7.4069999,39.9750608],[-7.4105117,39.9746187],[-7.4131912,39.972261],[-7.414433,39.9681511],[-7.4152131,39.9655688],[-7.4163649,39.9617564],[-7.4171102,39.9592892],[-7.4176306,39.9575663],[-7.4185181,39.9546285],[-7.4188051,39.9517109],[-7.4191886,39.9478329],[-7.419548,39.944187],[-7.4197841,39.9416063],[-7.4196687,39.9388629],[-7.4195427,39.9363744],[-7.4194407,39.9337605],[-7.4193136,39.9311874],[-7.4191902,39.9286903],[-7.4190572,39.9260001],[-7.4195561,39.9231307],[-7.4213317,39.9206005],[-7.4231556,39.9179674],[-7.4258405,39.9154803],[-7.4283242,39.9131741],[-7.4299631,39.9116599],[-7.4322403,39.9104234],[-7.4345081,39.9091925],[-7.4373311,39.9076603],[-7.4398363,39.9052201],[-7.4418539,39.9017878],[-7.4436075,39.8988044],[-7.4480653,39.896582],[-7.4507073,39.8959976],[-7.4541351,39.8952053],[-7.4586788,39.8941723],[-7.4629757,39.8942463],[-7.4671948,39.8943143],[-7.472055,39.8953905],[-7.4775481,39.8946847],[-7.4810243,39.8942278],[-7.485348,39.8936434],[-7.4882394,39.8932524],[-7.4932012,39.8925906],[-7.4976057,39.8920032],[-7.5009933,39.8892805],[-7.504212,39.8867059],[-7.507503,39.8840982],[-7.5092679,39.8827192],[-7.5136015,39.8803719],[-7.5169873,39.8785378],[-7.5195985,39.8771042],[-7.5229231,39.875369],[-7.5242186,39.8721557],[-7.5249293,39.8688434],[-7.5293443,39.8662783],[-7.5332925,39.8650637],[-7.5361356,39.8607051],[-7.5379139,39.858045],[-7.5402528,39.8544479],[-7.5421196,39.8515981],[-7.5446557,39.8495348],[-7.5472413,39.8474344],[-7.5505337,39.844747],[-7.5518507,39.8436473],[-7.5524341,39.8420585],[-7.5538221,39.8381619],[-7.5547837,39.8355019],[-7.5539482,39.8326843],[-7.5514618,39.8296976],[-7.551852,39.8274689],[-7.5522906,39.824964],[-7.5527805,39.8237231]]}},{"type":"Feature","properties":{"assetId":"PT-line-way-1056723471","countryCode":"PT","assetType":"line","powerType":"line","osmType":"way","osmId":"1056723471","actualVoltagesKv":[400],"actualVoltageKv":400,"gridClass":"400","displayClass":"400 kV sınıfı","name":null,"ref":null,"operator":"REN","from":null,"to":null,"displayLabel":"REN · 400 kV · OSM 1056723471","labelSource":"generated-identifier","voltageRaw":"400000","circuits":null,"cables":"3","frequency":"50","location":null,"sourceProvider":"ArcGIS OSM Europe","sourceFallback":null,"sourceLicense":"ODbL 1.0","osmTimestamp":"2024-03-01T12:05:19Z"},"geometry":{"type":"LineString","coordinates":[[-8.9523261,39.0145796],[-8.9517667,39.0141599]]}},{"type":"Feature","properties":{"assetId":"PT-line-way-1056723472","countryCode":"PT","assetType":"line","powerType":"line","osmType":"way","osmId":"1056723472","actualVoltagesKv":[400],"actualVoltageKv":400,"gridClass":"400","displayClass":"400 kV sınıfı","name":null,"ref":null,"operator":"REN","from":null,"to":null,"displayLabel":"REN · 400 kV · OSM 1056723472","labelSource":"generated-identifier","voltageRaw":"400000","circuits":null,"cables":"3","frequency":"50","location":null,"sourceProvider":"ArcGIS OSM Europe","sourceFallback":null,"sourceLicense":"ODbL 1.0","osmTimestamp":"2024-03-01T12:05:19Z"},"geometry":{"type":"LineString","coordinates":[[-8.9523261,39.0145796],[-8.9516213,39.014311]]}},{"type":"Feature","properties":{"assetId":"PT-line-way-1089868407","countryCode":"PT","assetType":"line","powerType":"line","osmType":"way","osmId":"1089868407","actualVoltagesKv":[400],"actualVoltageKv":400,"gridClass":"400","displayClass":"400 kV sınıfı","name":null,"ref":null,"operator":"REN","from":null,"to":null,"displayLabel":"REN · 400 kV · OSM 1089868407","labelSource":"generated-identifier","voltageRaw":"400000","circuits":null,"cables":null,"frequency":null,"location":null,"sourceProvider":"ArcGIS OSM Europe","sourceFallback":null,"sourceLicense":"ODbL 1.0","osmTimestamp":"2024-02-29T16:01:12Z"},"geometry":{"type":"LineString","coordinates":[[-8.6041119,41.2310981],[-8.6039461,41.2311953]]}},{"type":"Feature","properties":{"assetId":"PT-line-way-1089868408","countryCode":"PT","assetType":"line","powerType":"line","osmType":"way","osmId":"1089868408","actualVoltagesKv":[400],"actualVoltageKv":400,"gridClass":"400","displayClass":"400 kV sınıfı","name":null,"ref":null,"operator":"REN","from":null,"to":null,"displayLabel":"REN · 400 kV · OSM 1089868408","labelSource":"generated-identifier","voltageRaw":"400000","circuits":null,"cables":null,"frequency":null,"location":null,"sourceProvider":"ArcGIS OSM Europe","sourceFallback":null,"sourceLicense":"ODbL 1.0","osmTimestamp":"2024-02-29T16:01:12Z"},"geometry":{"type":"LineString","coordinates":[[-8.6039418,41.2309499],[-8.603785,41.2310488]]}},{"type":"Feature","properties":{"assetId":"PT-line-way-1089868409","countryCode":"PT","assetType":"line","powerType":"line","osmType":"way","osmId":"1089868409","actualVoltagesKv":[400],"actualVoltageKv":400,"gridClass":"400","displayClass":"400 kV sınıfı","name":null,"ref":null,"operator":"REN","from":null,"to":null,"displayLabel":"REN · 400 kV · OSM 1089868409","labelSource":"generated-identifier","voltageRaw":"400000","circuits":null,"cables":null,"frequency":null,"location":null,"sourceProvider":"ArcGIS OSM Europe","sourceFallback":null,"sourceLicense":"ODbL 1.0","osmTimestamp":"2024-02-29T16:01:12Z"},"geometry":{"type":"LineString","coordinates":[[-8.6037799,41.2308111],[-8.6036258,41.2309041]]}},{"type":"Feature","properties":{"assetId":"PT-line-way-1089868410","countryCode":"PT","assetType":"line","powerType":"line","osmType":"way","osmId":"1089868410","actualVoltagesKv":[400],"actualVoltageKv":400,"gridClass":"400","displayClass":"400 kV sınıfı","name":null,"ref":null,"operator":"REN","from":null,"to":null,"displayLabel":"REN · 400 kV · OSM 1089868410","labelSource":"generated-identifier","voltageRaw":"400000","circuits":null,"cables":null,"frequency":null,"location":null,"sourceProvider":"ArcGIS OSM Europe","sourceFallback":null,"sourceLicense":"ODbL 1.0","osmTimestamp":"2024-02-29T16:01:12Z"},"geometry":{"type":"LineString","coordinates":[[-8.6036198,41.230657],[-8.6034665,41.2307592]]}},{"type":"Feature","properties":{"assetId":"PT-line-way-1089868445","countryCode":"PT","assetType":"line","powerType":"line","osmType":"way","osmId":"1089868445","actualVoltagesKv":[400],"actualVoltageKv":400,"gridClass":"400","displayClass":"400 kV sınıfı","name":null,"ref":null,"operator":"REN","from":null,"to":null,"displayLabel":"REN · 400 kV · OSM 1089868445","labelSource":"generated-identifier","voltageRaw":"400000","circuits":null,"cables":"3","frequency":null,"location":null,"sourceProvider":"ArcGIS OSM Europe","sourceFallback":null,"sourceLicense":"ODbL 1.0","osmTimestamp":"2024-02-29T16:01:12Z"},"geometry":{"type":"LineString","coordinates":[[-8.6035616,41.2311879],[-8.6034808,41.231249]]}},{"type":"Feature","properties":{"assetId":"PT-line-way-1089868446","countryCode":"PT","assetType":"line","powerType":"line","osmType":"way","osmId":"1089868446","actualVoltagesKv":[400],"actualVoltageKv":400,"gridClass":"400","displayClass":"400 kV sınıfı","name":null,"ref":null,"operator":"REN","from":null,"to":null,"displayLabel":"REN · 400 kV · OSM 1089868446","labelSource":"generated-identifier","voltageRaw":"400000","circuits":null,"cables":"3","frequency":null,"location":null,"sourceProvider":"ArcGIS OSM Europe","sourceFallback":null,"sourceLicense":"ODbL 1.0","osmTimestamp":"2024-02-29T16:01:12Z"},"geometry":{"type":"LineString","coordinates":[[-8.6034013,41.2310408],[-8.6033154,41.2310994]]}},{"type":"Feature","properties":{"assetId":"PT-line-way-1122850698","countryCode":"PT","assetType":"line","powerType":"line","osmType":"way","osmId":"1122850698","actualVoltagesKv":[400],"actualVoltageKv":400,"gridClass":"400","displayClass":"400 kV sınıfı","name":null,"ref":null,"operator":"REN","from":null,"to":null,"displayLabel":"REN · 400 kV · OSM 1122850698","labelSource":"generated-identifier","voltageRaw":"400000","circuits":null,"cables":"3","frequency":null,"location":null,"sourceProvider":"ArcGIS OSM Europe","sourceFallback":null,"sourceLicense":"ODbL 1.0","osmTimestamp":"2024-03-01T15:45:11Z"},"geometry":{"type":"LineString","coordinates":[[-7.7411811,39.5282079],[-7.7416331,39.5280491],[-7.7422567,39.5278777],[-7.7423814,39.5280887],[-7.7421688,39.5281552],[-7.7417734,39.5282901],[-7.7402379,39.528829]]}},{"type":"Feature","properties":{"assetId":"PT-line-way-1122850699","countryCode":"PT","assetType":"line","powerType":"line","osmType":"way","osmId":"1122850699","actualVoltagesKv":[400],"actualVoltageKv":400,"gridClass":"400","displayClass":"400 kV sınıfı","name":null,"ref":null,"operator":"REN","from":null,"to":null,"displayLabel":"REN · 400 kV · OSM 1122850699","labelSource":"generated-identifier","voltageRaw":"400000","circuits":null,"cables":"3","frequency":null,"location":null,"sourceProvider":"ArcGIS OSM Europe","sourceFallback":null,"sourceLicense":"ODbL 1.0","osmTimestamp":"2024-03-01T15:45:11Z"},"geometry":{"type":"LineString","coordinates":[[-7.7403416,39.5290042],[-7.7418771,39.5284652],[-7.7422721,39.5283315],[-7.7426644,39.5282025],[-7.7423707,39.5276874],[-7.7415794,39.5279576],[-7.7411275,39.5281164]]}},{"type":"Feature","properties":{"assetId":"PT-line-way-1122885693","countryCode":"PT","assetType":"line","powerType":"line","osmType":"way","osmId":"1122885693","actualVoltagesKv":[400],"actualVoltageKv":400,"gridClass":"400","displayClass":"400 kV sınıfı","name":null,"ref":null,"operator":"REN","from":null,"to":null,"displayLabel":"REN · 400 kV · OSM 1122885693","labelSource":"generated-identifier","voltageRaw":"400000","circuits":null,"cables":"3","frequency":"50","location":null,"sourceProvider":"ArcGIS OSM Europe","sourceFallback":null,"sourceLicense":"ODbL 1.0","osmTimestamp":"2024-02-29T16:01:12Z"},"geometry":{"type":"LineString","coordinates":[[-8.6036084,38.648242],[-8.6042382,38.6483726],[-8.6047732,38.6485098]]}},{"type":"Feature","properties":{"assetId":"PT-line-way-1122885694","countryCode":"PT","assetType":"line","powerType":"line","osmType":"way","osmId":"1122885694","actualVoltagesKv":[400],"actualVoltageKv":400,"gridClass":"400","displayClass":"400 kV sınıfı","name":null,"ref":null,"operator":"REN","from":null,"to":null,"displayLabel":"REN · 400 kV · OSM 1122885694","labelSource":"generated-identifier","voltageRaw":"400000","circuits":null,"cables":"3","frequency":"50","location":null,"sourceProvider":"ArcGIS OSM Europe","sourceFallback":null,"sourceLicense":"ODbL 1.0","osmTimestamp":"2024-02-29T16:01:12Z"},"geometry":{"type":"LineString","coordinates":[[-8.603445,38.6485852],[-8.6040659,38.6486631],[-8.6048113,38.6488909]]}},{"type":"Feature","properties":{"assetId":"PT-line-way-1122885695","countryCode":"PT","assetType":"line","powerType":"line","osmType":"way","osmId":"1122885695","actualVoltagesKv":[400],"actualVoltageKv":400,"gridClass":"400","displayClass":"400 kV sınıfı","name":null,"ref":null,"operator":"REN","from":null,"to":null,"displayLabel":"REN · 400 kV · OSM 1122885695","labelSource":"generated-identifier","voltageRaw":"400000","circuits":null,"cables":"3","frequency":"50","location":null,"sourceProvider":"ArcGIS OSM Europe","sourceFallback":null,"sourceLicense":"ODbL 1.0","osmTimestamp":"2024-02-29T16:01:12Z"},"geometry":{"type":"LineString","coordinates":[[-8.603445,38.6485852],[-8.6041758,38.6491177],[-8.6048303,38.6490814]]}},{"type":"Feature","properties":{"assetId":"PT-line-way-1122885696","countryCode":"PT","assetType":"line","powerType":"line","osmType":"way","osmId":"1122885696","actualVoltagesKv":[400],"actualVoltageKv":400,"gridClass":"400","displayClass":"400 kV sınıfı","name":"Pegões - Sines","ref":null,"operator":"REN","from":null,"to":null,"displayLabel":"Pegões - Sines","labelSource":"osm-name","voltageRaw":"400000","circuits":null,"cables":"3","frequency":"50","location":null,"sourceProvider":"ArcGIS OSM Europe","sourceFallback":null,"sourceLicense":"ODbL 1.0","osmTimestamp":"2024-03-02T22:02:01Z"},"geometry":{"type":"LineString","coordinates":[[-8.6047922,38.6487003],[-8.6040659,38.6486631],[-8.6036084,38.648242]]}},{"type":"Feature","properties":{"assetId":"PT-line-way-1122885804","countryCode":"PT","assetType":"line","powerType":"line","osmType":"way","osmId":"1122885804","actualVoltagesKv":[400],"actualVoltageKv":400,"gridClass":"400","displayClass":"400 kV sınıfı","name":null,"ref":null,"operator":"REN","from":null,"to":null,"displayLabel":"REN · 400 kV · OSM 1122885804","labelSource":"generated-identifier","voltageRaw":"400000","circuits":null,"cables":"6","frequency":"50","location":null,"sourceProvider":"ArcGIS OSM Europe","sourceFallback":null,"sourceLicense":"ODbL 1.0","osmTimestamp":"2024-03-02T02:04:55Z"},"geometry":{"type":"LineString","coordinates":[[-7.9221365,38.634403],[-7.9228685,38.6353439]]}},{"type":"Feature","properties":{"assetId":"PT-line-way-1122885805","countryCode":"PT","assetType":"line","powerType":"line","osmType":"way","osmId":"1122885805","actualVoltagesKv":[400],"actualVoltageKv":400,"gridClass":"400","displayClass":"400 kV sınıfı","name":null,"ref":null,"operator":"REN","from":null,"to":null,"displayLabel":"REN · 400 kV · OSM 1122885805","labelSource":"generated-identifier","voltageRaw":"400000","circuits":null,"cables":"3","frequency":"50","location":null,"sourceProvider":"ArcGIS OSM Europe","sourceFallback":null,"sourceLicense":"ODbL 1.0","osmTimestamp":"2024-02-29T16:01:12Z"},"geometry":{"type":"LineString","coordinates":[[-8.1099272,38.7054914],[-8.1079289,38.7049262],[-8.1058635,38.7041959],[-8.103573,38.703304],[-8.0996999,38.7024437],[-8.0965993,38.7021883],[-8.0936703,38.7021821],[-8.0897382,38.7024856],[-8.0844021,38.7002803],[-8.078717,38.6979306],[-8.0741519,38.6983011],[-8.0713709,38.6971829],[-8.0685067,38.6960313],[-8.0650646,38.6946471],[-8.06276,38.693108],[-8.0604588,38.6915711],[-8.0581908,38.6900563],[-8.0555611,38.6882878],[-8.0525494,38.6862624],[-8.0499656,38.6859039],[-8.0467358,38.6854557],[-8.0434582,38.6850008],[-8.0397177,38.6844817],[-8.0368286,38.6823674],[-8.0335958,38.6800015],[-8.0274731,38.6755203],[-8.0246946,38.6734867],[-8.0205367,38.6722934],[-8.0172414,38.6713476],[-8.0146853,38.670614],[-8.0053334,38.6679298],[-8.0016968,38.666886],[-7.9975668,38.6657006],[-7.993734,38.6659558],[-7.9900729,38.6661995],[-7.9855505,38.6665006],[-7.9823399,38.6667184],[-7.9789415,38.6669069],[-7.975916,38.6670661],[-7.9731452,38.6672273],[-7.969425,38.6674284],[-7.9649806,38.6650179],[-7.9621696,38.6634723],[-7.9585969,38.6615287],[-7.954815,38.6602155],[-7.9520658,38.6592541],[-7.9478118,38.6577587],[-7.9461354,38.657168],[-7.9430294,38.6560914],[-7.9405001,38.6547383],[-7.9375336,38.6531946],[-7.9348111,38.6517618],[-7.9317293,38.6501468],[-7.927714,38.6480269],[-7.9243612,38.6462651],[-7.9209736,38.6444719],[-7.9201689,38.6412687],[-7.9198766,38.6400725],[-7.9207376,38.6379963],[-7.9228685,38.6353439]]}},{"type":"Feature","properties":{"assetId":"PT-line-way-1122885806","countryCode":"PT","assetType":"line","powerType":"line","osmType":"way","osmId":"1122885806","actualVoltagesKv":[400],"actualVoltageKv":400,"gridClass":"400","displayClass":"400 kV sınıfı","name":null,"ref":null,"operator":"REN","from":null,"to":null,"displayLabel":"REN · 400 kV · OSM 1122885806","labelSource":"generated-identifier","voltageRaw":"400000","circuits":null,"cables":"3","frequency":"50","location":null,"sourceProvider":"ArcGIS OSM Europe","sourceFallback":null,"sourceLicense":"ODbL 1.0","osmTimestamp":"2024-03-02T02:04:55Z"},"geometry":{"type":"LineString","coordinates":[[-7.9214007,38.6341357],[-7.9221365,38.634403]]}},{"type":"Feature","properties":{"assetId":"PT-line-way-1122891802","countryCode":"PT","assetType":"line","powerType":"line","osmType":"way","osmId":"1122891802","actualVoltagesKv":[400],"actualVoltageKv":400,"gridClass":"400","displayClass":"400 kV sınıfı","name":null,"ref":null,"operator":"REN","from":null,"to":null,"displayLabel":"REN · 400 kV · OSM 1122891802","labelSource":"generated-identifier","voltageRaw":"400000","circuits":null,"cables":"3","frequency":null,"location":null,"sourceProvider":"ArcGIS OSM Europe","sourceFallback":null,"sourceLicense":"ODbL 1.0","osmTimestamp":"2024-02-29T16:01:12Z"},"geometry":{"type":"LineString","coordinates":[[-8.2411543,38.7078272],[-8.2356104,38.7078229],[-8.2300051,38.7078185],[-8.2270205,38.7078162],[-8.223502,38.7078134],[-8.2180807,38.7078092]]}},{"type":"Feature","properties":{"assetId":"PT-line-way-1122891803","countryCode":"PT","assetType":"line","powerType":"line","osmType":"way","osmId":"1122891803","actualVoltagesKv":[400],"actualVoltageKv":400,"gridClass":"400","displayClass":"400 kV sınıfı","name":null,"ref":null,"operator":"REN","from":null,"to":null,"displayLabel":"REN · 400 kV · OSM 1122891803","labelSource":"generated-identifier","voltageRaw":"400000","circuits":null,"cables":"3","frequency":"50","location":null,"sourceProvider":"ArcGIS OSM Europe","sourceFallback":null,"sourceLicense":"ODbL 1.0","osmTimestamp":"2024-02-29T16:01:12Z"},"geometry":{"type":"LineString","coordinates":[[-8.2598868,38.7072914],[-8.2568693,38.7074777],[-8.2477096,38.7078314],[-8.2449308,38.7078296],[-8.2411543,38.7078272]]}},{"type":"Feature","properties":{"assetId":"PT-line-way-1122942604","countryCode":"PT","assetType":"line","powerType":"line","osmType":"way","osmId":"1122942604","actualVoltagesKv":[400],"actualVoltageKv":400,"gridClass":"400","displayClass":"400 kV sınıfı","name":"Palmela - Fernão Ferro 5","ref":null,"operator":"REN","from":null,"to":null,"displayLabel":"Palmela - Fernão Ferro 5","labelSource":"osm-name","voltageRaw":"400000","circuits":null,"cables":"3","frequency":"50","location":null,"sourceProvider":"ArcGIS OSM Europe","sourceFallback":null,"sourceLicense":"ODbL 1.0","osmTimestamp":"2024-03-02T22:02:01Z"},"geometry":{"type":"LineString","coordinates":[[-9.1194329,38.58195],[-9.1198313,38.5817355]]}},{"type":"Feature","properties":{"assetId":"PT-line-way-1123377056","countryCode":"PT","assetType":"line","powerType":"line","osmType":"way","osmId":"1123377056","actualVoltagesKv":[400],"actualVoltageKv":400,"gridClass":"400","displayClass":"400 kV sınıfı","name":"Gouvães - Ribeira de Pena 2","ref":null,"operator":"REN","from":null,"to":null,"displayLabel":"Gouvães - Ribeira de Pena 2","labelSource":"osm-name","voltageRaw":"400000","circuits":null,"cables":"3","frequency":null,"location":null,"sourceProvider":"ArcGIS OSM Europe","sourceFallback":null,"sourceLicense":"ODbL 1.0","osmTimestamp":"2024-03-02T22:02:01Z"},"geometry":{"type":"LineString","coordinates":[[-7.7661907,41.53761],[-7.7667573,41.5370689]]}},{"type":"Feature","properties":{"assetId":"PT-line-way-1126819588","countryCode":"PT","assetType":"line","powerType":"line","osmType":"way","osmId":"1126819588","actualVoltagesKv":[400],"actualVoltageKv":400,"gridClass":"400","displayClass":"400 kV sınıfı","name":null,"ref":null,"operator":"REN","from":null,"to":null,"displayLabel":"REN · 400 kV · OSM 1126819588","labelSource":"generated-identifier","voltageRaw":"400000","circuits":null,"cables":"3","frequency":"50","location":null,"sourceProvider":"ArcGIS OSM Europe","sourceFallback":null,"sourceLicense":"ODbL 1.0","osmTimestamp":"2024-02-29T16:01:12Z"},"geometry":{"type":"LineString","coordinates":[[-8.2180807,38.7078092],[-8.2135378,38.7078195],[-8.2080069,38.707581],[-8.2039724,38.7074309],[-8.2001869,38.7086839],[-8.198269,38.709316]]}},{"type":"Feature","properties":{"assetId":"PT-line-way-1219527583","countryCode":"PT","assetType":"line","powerType":"line","osmType":"way","osmId":"1219527583","actualVoltagesKv":[400],"actualVoltageKv":400,"gridClass":"400","displayClass":"400 kV sınıfı","name":null,"ref":null,"operator":"REN","from":null,"to":null,"displayLabel":"REN · 400 kV · OSM 1219527583","labelSource":"generated-identifier","voltageRaw":"400000","circuits":null,"cables":"3","frequency":"50","location":null,"sourceProvider":"ArcGIS OSM Europe","sourceFallback":null,"sourceLicense":"ODbL 1.0","osmTimestamp":"2024-03-01T15:45:11Z"},"geometry":{"type":"LineString","coordinates":[[-8.6047542,38.6483193],[-8.6042382,38.6483726],[-8.6038628,38.647913],[-8.6013957,38.6456325],[-8.5997364,38.6440591],[-8.5969996,38.6428773],[-8.5939678,38.6415682],[-8.5911784,38.6389296],[-8.5894168,38.6388352],[-8.5876683,38.6387414],[-8.5833594,38.6385514],[-8.580787,38.638438],[-8.5776306,38.6378456],[-8.5748128,38.6373169],[-8.5726986,38.6368354],[-8.5701311,38.6362507],[-8.5674228,38.6349337],[-8.5666547,38.6333519],[-8.5660795,38.6321675],[-8.5650978,38.6301456],[-8.5640592,38.6280068],[-8.5630441,38.6259161],[-8.5597852,38.6247547],[-8.557589,38.6245081],[-8.5534089,38.6259275],[-8.5469901,38.6281052],[-8.5409686,38.6301518],[-8.5375812,38.6315405],[-8.5329044,38.63208],[-8.5300552,38.6324086],[-8.5278364,38.6326646],[-8.523793,38.6331309],[-8.5198732,38.6335831],[-8.5174229,38.6339444],[-8.5126615,38.6346465],[-8.5087376,38.6342129],[-8.5058562,38.6338945],[-8.5037023,38.6346337],[-8.499993,38.6359093],[-8.4961302,38.6372677],[-8.4928904,38.638384],[-8.4877575,38.6384279],[-8.4840585,38.6384595],[-8.4798839,38.6384944],[-8.4768586,38.6389647],[-8.4734725,38.6394912],[-8.4713157,38.6398278],[-8.4680499,38.640328],[-8.4638424,38.6409698],[-8.4605119,38.6413781],[-8.4567458,38.6418379],[-8.4533317,38.6422572],[-8.445663,38.6431914],[-8.4413683,38.6437155],[-8.4379801,38.6441385],[-8.4355664,38.6439571],[-8.4322044,38.6437045],[-8.4304197,38.6445412],[-8.4271704,38.6461264],[-8.4245945,38.6464353],[-8.4213677,38.6466452],[-8.4169534,38.6473528],[-8.4137942,38.6477562],[-8.4095547,38.6477285],[-8.4022684,38.6470354],[-8.3983707,38.6459762],[-8.3950489,38.6451541],[-8.3898028,38.6441212],[-8.3844414,38.6443938],[-8.3811365,38.6460831],[-8.3790135,38.6472074],[-8.3758509,38.6486536],[-8.3742685,38.6494749],[-8.3733597,38.6508035],[-8.3714931,38.6536002],[-8.3691399,38.6570486],[-8.3671757,38.6595611],[-8.365181,38.6629318],[-8.3630256,38.6635033],[-8.3573146,38.6648665],[-8.3506203,38.6648541],[-8.3469861,38.6647807],[-8.3445487,38.6648681],[-8.3398573,38.6651705],[-8.336851,38.6654433],[-8.3327353,38.6655846],[-8.3284048,38.6660945],[-8.3245144,38.6663395],[-8.3209763,38.6678311],[-8.3152202,38.6699282],[-8.3126966,38.6709932],[-8.3103999,38.6718948],[-8.3069861,38.6731948],[-8.3027658,38.6746534],[-8.3005178,38.6744972],[-8.2968332,38.674375],[-8.2930618,38.6741603],[-8.2906108,38.6739427],[-8.2873626,38.6737259],[-8.2816591,38.673532],[-8.278869,38.6746706],[-8.2767025,38.6754329],[-8.2736499,38.6797669],[-8.2710759,38.6838169],[-8.2698922,38.6854815],[-8.2673292,38.6893626],[-8.2661385,38.6937681],[-8.2658438,38.6961925],[-8.2651039,38.6991835],[-8.2641918,38.7025081],[-8.2634924,38.7047159],[-8.2598868,38.7072914]]}},{"type":"Feature","properties":{"assetId":"PT-line-way-1219528713","countryCode":"PT","assetType":"line","powerType":"line","osmType":"way","osmId":"1219528713","actualVoltagesKv":[400],"actualVoltageKv":400,"gridClass":"400","displayClass":"400 kV sınıfı","name":null,"ref":null,"operator":"REN","from":null,"to":null,"displayLabel":"REN · 400 kV · OSM 1219528713","labelSource":"generated-identifier","voltageRaw":"400000","circuits":null,"cables":"3","frequency":null,"location":null,"sourceProvider":"ArcGIS OSM Europe","sourceFallback":null,"sourceLicense":"ODbL 1.0","osmTimestamp":"2024-02-29T16:01:12Z"},"geometry":{"type":"LineString","coordinates":[[-8.1099272,38.7054914],[-8.1121026,38.7071657],[-8.1153291,38.7098144],[-8.1177321,38.7117325],[-8.1211449,38.7143399],[-8.1228602,38.715852],[-8.1268674,38.7159708],[-8.1316036,38.7160674],[-8.1348663,38.7162233],[-8.1403868,38.716293],[-8.1488072,38.7165604],[-8.1525799,38.7165917],[-8.1562149,38.7166862],[-8.1589067,38.7165949],[-8.1645586,38.7167658],[-8.1703824,38.7170255],[-8.1744087,38.7170617],[-8.1797722,38.7153982],[-8.1859236,38.7134278],[-8.1902505,38.7120342],[-8.1944444,38.7106839],[-8.198269,38.709316]]}},{"type":"Feature","properties":{"assetId":"PT-line-way-1226450068","countryCode":"PT","assetType":"line","powerType":"line","osmType":"way","osmId":"1226450068","actualVoltagesKv":[400],"actualVoltageKv":400,"gridClass":"400","displayClass":"400 kV sınıfı","name":"Vermoim - Vila Nova de Famalicão","ref":null,"operator":"REN","from":null,"to":null,"displayLabel":"Vermoim - Vila Nova de Famalicão","labelSource":"osm-name","voltageRaw":"400000","circuits":null,"cables":"3","frequency":"50","location":null,"sourceProvider":"ArcGIS OSM Europe","sourceFallback":null,"sourceLicense":"ODbL 1.0","osmTimestamp":"2024-03-02T22:02:01Z"},"geometry":{"type":"LineString","coordinates":[[-8.4752908,41.2191722],[-8.4743048,41.2187533],[-8.4735114,41.2184162]]}},{"type":"Feature","properties":{"assetId":"PT-line-way-1228550213","countryCode":"PT","assetType":"line","powerType":"line","osmType":"way","osmId":"1228550213","actualVoltagesKv":[400],"actualVoltageKv":400,"gridClass":"400","displayClass":"400 kV sınıfı","name":null,"ref":null,"operator":"ElecGas","from":null,"to":null,"displayLabel":"ElecGas · 400 kV · OSM 1228550213","labelSource":"generated-identifier","voltageRaw":"400000","circuits":null,"cables":null,"frequency":null,"location":"overhead","sourceProvider":"ArcGIS OSM Europe","sourceFallback":null,"sourceLicense":"ODbL 1.0","osmTimestamp":"2024-03-02T02:04:55Z"},"geometry":{"type":"LineString","coordinates":[[-8.1113696,39.4674607],[-8.1116063,39.4673493],[-8.111635,39.4673357]]}},{"type":"Feature","properties":{"assetId":"PT-line-way-1228550214","countryCode":"PT","assetType":"line","powerType":"line","osmType":"way","osmId":"1228550214","actualVoltagesKv":[400],"actualVoltageKv":400,"gridClass":"400","displayClass":"400 kV sınıfı","name":null,"ref":null,"operator":"ElecGas","from":null,"to":null,"displayLabel":"ElecGas · 400 kV · OSM 1228550214","labelSource":"generated-identifier","voltageRaw":"400000","circuits":null,"cables":null,"frequency":null,"location":"overhead","sourceProvider":"ArcGIS OSM Europe","sourceFallback":null,"sourceLicense":"ODbL 1.0","osmTimestamp":"2024-03-02T02:04:55Z"},"geometry":{"type":"LineString","coordinates":[[-8.1109178,39.4668526],[-8.1111388,39.4667488],[-8.1111745,39.466732]]}},{"type":"Feature","properties":{"assetId":"PT-line-way-1228550215","countryCode":"PT","assetType":"line","powerType":"line","osmType":"way","osmId":"1228550215","actualVoltagesKv":[400],"actualVoltageKv":400,"gridClass":"400","displayClass":"400 kV sınıfı","name":"Central do Pego - Pego 4","ref":null,"operator":"REN","from":null,"to":null,"displayLabel":"Central do Pego - Pego 4","labelSource":"osm-name","voltageRaw":"400000","circuits":null,"cables":null,"frequency":null,"location":null,"sourceProvider":"ArcGIS OSM Europe","sourceFallback":null,"sourceLicense":"ODbL 1.0","osmTimestamp":"2024-03-02T02:04:55Z"},"geometry":{"type":"LineString","coordinates":[[-8.1129635,39.4685425],[-8.1135757,39.4679705],[-8.1133233,39.4674555],[-8.1139947,39.4671904]]}},{"type":"Feature","properties":{"assetId":"PT-line-way-1228550216","countryCode":"PT","assetType":"line","powerType":"line","osmType":"way","osmId":"1228550216","actualVoltagesKv":[400],"actualVoltageKv":400,"gridClass":"400","displayClass":"400 kV sınıfı","name":null,"ref":null,"operator":"REN","from":null,"to":null,"displayLabel":"REN · 400 kV · OSM 1228550216","labelSource":"generated-identifier","voltageRaw":"400000","circuits":null,"cables":null,"frequency":"50","location":null,"sourceProvider":"ArcGIS OSM Europe","sourceFallback":null,"sourceLicense":"ODbL 1.0","osmTimestamp":"2024-03-02T02:04:55Z"},"geometry":{"type":"LineString","coordinates":[[-8.1139947,39.4671904],[-8.1154333,39.4665212]]}},{"type":"Feature","properties":{"assetId":"PT-line-way-1228824714","countryCode":"PT","assetType":"line","powerType":"line","osmType":"way","osmId":"1228824714","actualVoltagesKv":[400],"actualVoltageKv":400,"gridClass":"400","displayClass":"400 kV sınıfı","name":"Gouvães - Ribeira de Pena 3","ref":null,"operator":"REN","from":null,"to":null,"displayLabel":"Gouvães - Ribeira de Pena 3","labelSource":"osm-name","voltageRaw":"400000","circuits":null,"cables":"3","frequency":null,"location":null,"sourceProvider":"ArcGIS OSM Europe","sourceFallback":null,"sourceLicense":"ODbL 1.0","osmTimestamp":"2024-03-02T22:02:01Z"},"geometry":{"type":"LineString","coordinates":[[-7.7667573,41.5370689],[-7.7660311,41.5374627]]}},{"type":"Feature","properties":{"assetId":"PT-line-way-1231241454","countryCode":"PT","assetType":"line","powerType":"line","osmType":"way","osmId":"1231241454","actualVoltagesKv":[400],"actualVoltageKv":400,"gridClass":"400","displayClass":"400 kV sınıfı","name":null,"ref":null,"operator":"REN","from":null,"to":null,"displayLabel":"REN · 400 kV · OSM 1231241454","labelSource":"generated-identifier","voltageRaw":"400000","circuits":null,"cables":"3","frequency":"50","location":null,"sourceProvider":"ArcGIS OSM Europe","sourceFallback":null,"sourceLicense":"ODbL 1.0","osmTimestamp":"2023-12-14T23:27:24Z"},"geometry":{"type":"LineString","coordinates":[[-9.1386813,38.8891226],[-9.1386226,38.8889385],[-9.1384712,38.8884503]]}},{"type":"Feature","properties":{"assetId":"PT-line-way-1231241455","countryCode":"PT","assetType":"line","powerType":"line","osmType":"way","osmId":"1231241455","actualVoltagesKv":[400],"actualVoltageKv":400,"gridClass":"400","displayClass":"400 kV sınıfı","name":null,"ref":null,"operator":"REN","from":null,"to":null,"displayLabel":"REN · 400 kV · OSM 1231241455","labelSource":"generated-identifier","voltageRaw":"400000","circuits":null,"cables":"3","frequency":"50","location":null,"sourceProvider":"ArcGIS OSM Europe","sourceFallback":null,"sourceLicense":"ODbL 1.0","osmTimestamp":"2023-12-14T23:27:24Z"},"geometry":{"type":"LineString","coordinates":[[-9.1389169,38.8890771],[-9.1388582,38.888893],[-9.1388371,38.8888267],[-9.1386952,38.8884075]]}},{"type":"Feature","properties":{"assetId":"PT-line-way-1231241456","countryCode":"PT","assetType":"line","powerType":"line","osmType":"way","osmId":"1231241456","actualVoltagesKv":[400],"actualVoltageKv":400,"gridClass":"400","displayClass":"400 kV sınıfı","name":null,"ref":null,"operator":"REN","from":null,"to":null,"displayLabel":"REN · 400 kV · OSM 1231241456","labelSource":"generated-identifier","voltageRaw":"400000","circuits":null,"cables":"3","frequency":"50","location":null,"sourceProvider":"ArcGIS OSM Europe","sourceFallback":null,"sourceLicense":"ODbL 1.0","osmTimestamp":"2024-02-29T16:01:12Z"},"geometry":{"type":"LineString","coordinates":[[-9.1370264,38.8894423],[-9.136969,38.8892579],[-9.136818,38.8887737]]}},{"type":"Feature","properties":{"assetId":"PT-line-way-1231241467","countryCode":"PT","assetType":"line","powerType":"line","osmType":"way","osmId":"1231241467","actualVoltagesKv":[400],"actualVoltageKv":400,"gridClass":"400","displayClass":"400 kV sınıfı","name":null,"ref":null,"operator":"REN","from":null,"to":null,"displayLabel":"REN · 400 kV · OSM 1231241467","labelSource":"generated-identifier","voltageRaw":"400000","circuits":null,"cables":"3","frequency":"50","location":null,"sourceProvider":"ArcGIS OSM Europe","sourceFallback":null,"sourceLicense":"ODbL 1.0","osmTimestamp":"2023-12-14T23:27:24Z"},"geometry":{"type":"LineString","coordinates":[[-9.1379729,38.8892595],[-9.1379142,38.8890753],[-9.1377563,38.88858]]}},{"type":"Feature","properties":{"assetId":"PT-line-way-1231241468","countryCode":"PT","assetType":"line","powerType":"line","osmType":"way","osmId":"1231241468","actualVoltagesKv":[400],"actualVoltageKv":400,"gridClass":"400","displayClass":"400 kV sınıfı","name":null,"ref":null,"operator":"REN","from":null,"to":null,"displayLabel":"REN · 400 kV · OSM 1231241468","labelSource":"generated-identifier","voltageRaw":"400000","circuits":null,"cables":"3","frequency":"50","location":null,"sourceProvider":"ArcGIS OSM Europe","sourceFallback":null,"sourceLicense":"ODbL 1.0","osmTimestamp":"2023-12-14T23:27:24Z"},"geometry":{"type":"LineString","coordinates":[[-9.1369623,38.8899918],[-9.136801,38.8894858],[-9.1367423,38.8893017]]}},{"type":"Feature","properties":{"assetId":"PT-line-way-1231241469","countryCode":"PT","assetType":"line","powerType":"line","osmType":"way","osmId":"1231241469","actualVoltagesKv":[400],"actualVoltageKv":400,"gridClass":"400","displayClass":"400 kV sınıfı","name":null,"ref":null,"operator":"REN","from":null,"to":null,"displayLabel":"REN · 400 kV · OSM 1231241469","labelSource":"generated-identifier","voltageRaw":"400000","circuits":null,"cables":"3","frequency":"50","location":null,"sourceProvider":"ArcGIS OSM Europe","sourceFallback":null,"sourceLicense":"ODbL 1.0","osmTimestamp":"2023-12-14T23:27:24Z"},"geometry":{"type":"LineString","coordinates":[[-9.137898,38.8898111],[-9.1376596,38.8898572],[-9.1369623,38.8899918],[-9.1365572,38.8900701],[-9.1360825,38.8901618]]}},{"type":"Feature","properties":{"assetId":"PT-line-way-1231241470","countryCode":"PT","assetType":"line","powerType":"line","osmType":"way","osmId":"1231241470","actualVoltagesKv":[400],"actualVoltageKv":400,"gridClass":"400","displayClass":"400 kV sınıfı","name":null,"ref":null,"operator":"REN","from":null,"to":null,"displayLabel":"REN · 400 kV · OSM 1231241470","labelSource":"generated-identifier","voltageRaw":"400000","circuits":null,"cables":"3","frequency":"50","location":null,"sourceProvider":"ArcGIS OSM Europe","sourceFallback":null,"sourceLicense":"ODbL 1.0","osmTimestamp":"2023-12-14T23:27:24Z"},"geometry":{"type":"LineString","coordinates":[[-9.1381536,38.8890291],[-9.1382123,38.8892132],[-9.1383597,38.8896756]]}},{"type":"Feature","properties":{"assetId":"PT-line-way-1234601379","countryCode":"PT","assetType":"line","powerType":"line","osmType":"way","osmId":"1234601379","actualVoltagesKv":[400],"actualVoltageKv":400,"gridClass":"400","displayClass":"400 kV sınıfı","name":null,"ref":null,"operator":"REN","from":null,"to":null,"displayLabel":"REN · 400 kV · OSM 1234601379","labelSource":"generated-identifier","voltageRaw":"400000","circuits":null,"cables":"3","frequency":null,"location":null,"sourceProvider":"ArcGIS OSM Europe","sourceFallback":null,"sourceLicense":"ODbL 1.0","osmTimestamp":"2024-02-29T16:01:12Z"},"geometry":{"type":"LineString","coordinates":[[-8.8996305,38.7021789],[-8.8993797,38.7016472]]}},{"type":"Feature","properties":{"assetId":"PT-line-way-1234601380","countryCode":"PT","assetType":"line","powerType":"line","osmType":"way","osmId":"1234601380","actualVoltagesKv":[400],"actualVoltageKv":400,"gridClass":"400","displayClass":"400 kV sınıfı","name":null,"ref":null,"operator":"REN","from":null,"to":null,"displayLabel":"REN · 400 kV · OSM 1234601380","labelSource":"generated-identifier","voltageRaw":"400000","circuits":null,"cables":"3","frequency":null,"location":null,"sourceProvider":"ArcGIS OSM Europe","sourceFallback":null,"sourceLicense":"ODbL 1.0","osmTimestamp":"2024-02-29T16:01:12Z"},"geometry":{"type":"LineString","coordinates":[[-8.898557,38.7024929],[-8.8985149,38.7024036],[-8.8984349,38.7022341],[-8.8983062,38.7019612]]}},{"type":"Feature","properties":{"assetId":"PT-line-way-1234644000","countryCode":"PT","assetType":"line","powerType":"line","osmType":"way","osmId":"1234644000","actualVoltagesKv":[400],"actualVoltageKv":400,"gridClass":"400","displayClass":"400 kV sınıfı","name":null,"ref":null,"operator":"REN","from":null,"to":null,"displayLabel":"REN · 400 kV · OSM 1234644000","labelSource":"generated-identifier","voltageRaw":"400000","circuits":null,"cables":"3","frequency":null,"location":null,"sourceProvider":"ArcGIS OSM Europe","sourceFallback":null,"sourceLicense":"ODbL 1.0","osmTimestamp":"2024-02-29T16:01:12Z"},"geometry":{"type":"LineString","coordinates":[[-8.8984349,38.7022341],[-8.899715,38.7018576]]}},{"type":"Feature","properties":{"assetId":"PT-line-way-1234644001","countryCode":"PT","assetType":"line","powerType":"line","osmType":"way","osmId":"1234644001","actualVoltagesKv":[400],"actualVoltageKv":400,"gridClass":"400","displayClass":"400 kV sınıfı","name":null,"ref":null,"operator":"REN","from":null,"to":null,"displayLabel":"REN · 400 kV · OSM 1234644001","labelSource":"generated-identifier","voltageRaw":"400000","circuits":null,"cables":"3","frequency":null,"location":null,"sourceProvider":"ArcGIS OSM Europe","sourceFallback":null,"sourceLicense":"ODbL 1.0","osmTimestamp":"2024-02-29T16:01:12Z"},"geometry":{"type":"LineString","coordinates":[[-8.8992106,38.7022035],[-8.8985149,38.7024036]]}},{"type":"Feature","properties":{"assetId":"PT-line-way-1234660963","countryCode":"PT","assetType":"line","powerType":"line","osmType":"way","osmId":"1234660963","actualVoltagesKv":[400],"actualVoltageKv":400,"gridClass":"400","displayClass":"400 kV sınıfı","name":null,"ref":null,"operator":"REN","from":null,"to":null,"displayLabel":"REN · 400 kV · OSM 1234660963","labelSource":"generated-identifier","voltageRaw":"400000","circuits":null,"cables":"3","frequency":null,"location":null,"sourceProvider":"ArcGIS OSM Europe","sourceFallback":null,"sourceLicense":"ODbL 1.0","osmTimestamp":"2024-02-29T16:01:12Z"},"geometry":{"type":"LineString","coordinates":[[-7.4985746,38.1862292],[-7.4984754,38.1861748],[-7.4982861,38.1860709],[-7.4980743,38.1859552],[-7.4978766,38.1858448],[-7.4977847,38.1857959]]}},{"type":"Feature","properties":{"assetId":"PT-line-way-1234660964","countryCode":"PT","assetType":"line","powerType":"line","osmType":"way","osmId":"1234660964","actualVoltagesKv":[400],"actualVoltageKv":400,"gridClass":"400","displayClass":"400 kV sınıfı","name":null,"ref":null,"operator":"REN","from":null,"to":null,"displayLabel":"REN · 400 kV · OSM 1234660964","labelSource":"generated-identifier","voltageRaw":"400000","circuits":null,"cables":"3","frequency":null,"location":null,"sourceProvider":"ArcGIS OSM Europe","sourceFallback":null,"sourceLicense":"ODbL 1.0","osmTimestamp":"2024-02-29T16:01:12Z"},"geometry":{"type":"LineString","coordinates":[[-7.4991922,38.1855287],[-7.4987054,38.1852617],[-7.4985024,38.1851504],[-7.4984023,38.1850955]]}},{"type":"Feature","properties":{"assetId":"PT-line-way-1234674389","countryCode":"PT","assetType":"line","powerType":"line","osmType":"way","osmId":"1234674389","actualVoltagesKv":[400],"actualVoltageKv":400,"gridClass":"400","displayClass":"400 kV sınıfı","name":null,"ref":null,"operator":"REN","from":null,"to":null,"displayLabel":"REN · 400 kV · OSM 1234674389","labelSource":"generated-identifier","voltageRaw":"400000","circuits":null,"cables":"3","frequency":null,"location":null,"sourceProvider":"ArcGIS OSM Europe","sourceFallback":null,"sourceLicense":"ODbL 1.0","osmTimestamp":"2024-02-29T16:01:12Z"},"geometry":{"type":"LineString","coordinates":[[-7.4977481,38.1859874],[-7.4978766,38.1858448],[-7.4985024,38.1851504]]}},{"type":"Feature","properties":{"assetId":"PT-line-way-1234674390","countryCode":"PT","assetType":"line","powerType":"line","osmType":"way","osmId":"1234674390","actualVoltagesKv":[400],"actualVoltageKv":400,"gridClass":"400","displayClass":"400 kV sınıfı","name":null,"ref":null,"operator":"REN","from":null,"to":null,"displayLabel":"REN · 400 kV · OSM 1234674390","labelSource":"generated-identifier","voltageRaw":"400000","circuits":null,"cables":"3","frequency":null,"location":null,"sourceProvider":"ArcGIS OSM Europe","sourceFallback":null,"sourceLicense":"ODbL 1.0","osmTimestamp":"2024-02-29T16:01:12Z"},"geometry":{"type":"LineString","coordinates":[[-7.4979436,38.1860987],[-7.4980743,38.1859552],[-7.4987054,38.1852617]]}},{"type":"Feature","properties":{"assetId":"PT-line-way-1234674391","countryCode":"PT","assetType":"line","powerType":"line","osmType":"way","osmId":"1234674391","actualVoltagesKv":[400],"actualVoltageKv":400,"gridClass":"400","displayClass":"400 kV sınıfı","name":null,"ref":null,"operator":"REN","from":null,"to":null,"displayLabel":"REN · 400 kV · OSM 1234674391","labelSource":"generated-identifier","voltageRaw":"400000","circuits":null,"cables":"3","frequency":null,"location":null,"sourceProvider":"ArcGIS OSM Europe","sourceFallback":null,"sourceLicense":"ODbL 1.0","osmTimestamp":"2024-02-29T16:01:12Z"},"geometry":{"type":"LineString","coordinates":[[-7.4983564,38.1863072],[-7.4984754,38.1861748],[-7.4988821,38.1857222]]}},{"type":"Feature","properties":{"assetId":"PT-line-way-1234674392","countryCode":"PT","assetType":"line","powerType":"line","osmType":"way","osmId":"1234674392","actualVoltagesKv":[400],"actualVoltageKv":400,"gridClass":"400","displayClass":"400 kV sınıfı","name":null,"ref":null,"operator":"REN","from":null,"to":null,"displayLabel":"REN · 400 kV · OSM 1234674392","labelSource":"generated-identifier","voltageRaw":"400000","circuits":null,"cables":"3","frequency":null,"location":null,"sourceProvider":"ArcGIS OSM Europe","sourceFallback":null,"sourceLicense":"ODbL 1.0","osmTimestamp":"2024-02-29T16:01:12Z"},"geometry":{"type":"LineString","coordinates":[[-7.4977343,38.1860251],[-7.4982183,38.1854905],[-7.4986865,38.1849779]]}},{"type":"Feature","properties":{"assetId":"PT-line-way-1234674393","countryCode":"PT","assetType":"line","powerType":"line","osmType":"way","osmId":"1234674393","actualVoltagesKv":[400],"actualVoltageKv":400,"gridClass":"400","displayClass":"400 kV sınıfı","name":null,"ref":null,"operator":"REN","from":null,"to":null,"displayLabel":"REN · 400 kV · OSM 1234674393","labelSource":"generated-identifier","voltageRaw":"400000","circuits":null,"cables":"3","frequency":null,"location":null,"sourceProvider":"ArcGIS OSM Europe","sourceFallback":null,"sourceLicense":"ODbL 1.0","osmTimestamp":"2024-02-29T16:01:12Z"},"geometry":{"type":"LineString","coordinates":[[-7.4988819,38.1850865],[-7.4984195,38.1855945],[-7.497933,38.1861289]]}},{"type":"Feature","properties":{"assetId":"PT-line-way-1234674394","countryCode":"PT","assetType":"line","powerType":"line","osmType":"way","osmId":"1234674394","actualVoltagesKv":[400],"actualVoltageKv":400,"gridClass":"400","displayClass":"400 kV sınıfı","name":null,"ref":null,"operator":"REN","from":null,"to":null,"displayLabel":"REN · 400 kV · OSM 1234674394","labelSource":"generated-identifier","voltageRaw":"400000","circuits":null,"cables":"3","frequency":null,"location":null,"sourceProvider":"ArcGIS OSM Europe","sourceFallback":null,"sourceLicense":"ODbL 1.0","osmTimestamp":"2024-02-29T16:01:12Z"},"geometry":{"type":"LineString","coordinates":[[-7.4981488,38.186216],[-7.4982861,38.1860709],[-7.4987054,38.1856278]]}},{"type":"Feature","properties":{"assetId":"PT-line-way-1234674395","countryCode":"PT","assetType":"line","powerType":"line","osmType":"way","osmId":"1234674395","actualVoltagesKv":[400],"actualVoltageKv":400,"gridClass":"400","displayClass":"400 kV sınıfı","name":null,"ref":null,"operator":"REN","from":null,"to":null,"displayLabel":"REN · 400 kV · OSM 1234674395","labelSource":"generated-identifier","voltageRaw":"400000","circuits":null,"cables":"3","frequency":null,"location":null,"sourceProvider":"ArcGIS OSM Europe","sourceFallback":null,"sourceLicense":"ODbL 1.0","osmTimestamp":"2024-02-29T16:01:12Z"},"geometry":{"type":"LineString","coordinates":[[-7.4992729,38.1853036],[-7.4988268,38.185805],[-7.4983447,38.186344]]}},{"type":"Feature","properties":{"assetId":"PT-line-way-1234674396","countryCode":"PT","assetType":"line","powerType":"line","osmType":"way","osmId":"1234674396","actualVoltagesKv":[400],"actualVoltageKv":400,"gridClass":"400","displayClass":"400 kV sınıfı","name":null,"ref":null,"operator":"REN","from":null,"to":null,"displayLabel":"REN · 400 kV · OSM 1234674396","labelSource":"generated-identifier","voltageRaw":"400000","circuits":null,"cables":"3","frequency":null,"location":null,"sourceProvider":"ArcGIS OSM Europe","sourceFallback":null,"sourceLicense":"ODbL 1.0","osmTimestamp":"2024-02-29T16:01:12Z"},"geometry":{"type":"LineString","coordinates":[[-7.4983447,38.186344],[-7.497498,38.1870045]]}},{"type":"Feature","properties":{"assetId":"PT-line-way-1234674397","countryCode":"PT","assetType":"line","powerType":"line","osmType":"way","osmId":"1234674397","actualVoltagesKv":[400],"actualVoltageKv":400,"gridClass":"400","displayClass":"400 kV sınıfı","name":null,"ref":null,"operator":"REN","from":null,"to":null,"displayLabel":"REN · 400 kV · OSM 1234674397","labelSource":"generated-identifier","voltageRaw":"400000","circuits":null,"cables":"3","frequency":null,"location":null,"sourceProvider":"ArcGIS OSM Europe","sourceFallback":null,"sourceLicense":"ODbL 1.0","osmTimestamp":"2024-02-29T16:01:12Z"},"geometry":{"type":"LineString","coordinates":[[-7.497933,38.1861289],[-7.497498,38.1870045]]}},{"type":"Feature","properties":{"assetId":"PT-line-way-1252143574","countryCode":"PT","assetType":"line","powerType":"line","osmType":"way","osmId":"1252143574","actualVoltagesKv":[400],"actualVoltageKv":400,"gridClass":"400","displayClass":"400 kV sınıfı","name":null,"ref":null,"operator":"REN","from":null,"to":null,"displayLabel":"REN · 400 kV · OSM 1252143574","labelSource":"generated-identifier","voltageRaw":"400000","circuits":null,"cables":"3","frequency":"50","location":null,"sourceProvider":"ArcGIS OSM Europe","sourceFallback":null,"sourceLicense":"ODbL 1.0","osmTimestamp":"2024-02-29T16:01:12Z"},"geometry":{"type":"LineString","coordinates":[[-8.8379967,40.057896],[-8.8364182,40.0584308]]}},{"type":"Feature","properties":{"assetId":"PT-line-way-1252143575","countryCode":"PT","assetType":"line","powerType":"line","osmType":"way","osmId":"1252143575","actualVoltagesKv":[400],"actualVoltageKv":400,"gridClass":"400","displayClass":"400 kV sınıfı","name":null,"ref":null,"operator":"REN","from":null,"to":null,"displayLabel":"REN · 400 kV · OSM 1252143575","labelSource":"generated-identifier","voltageRaw":"400000","circuits":null,"cables":"3","frequency":"50","location":null,"sourceProvider":"ArcGIS OSM Europe","sourceFallback":null,"sourceLicense":"ODbL 1.0","osmTimestamp":"2024-02-29T16:01:12Z"},"geometry":{"type":"LineString","coordinates":[[-8.8375448,40.0570707],[-8.8359663,40.0576055]]}},{"type":"Feature","properties":{"assetId":"PT-line-way-1252143576","countryCode":"PT","assetType":"line","powerType":"line","osmType":"way","osmId":"1252143576","actualVoltagesKv":[400],"actualVoltageKv":400,"gridClass":"400","displayClass":"400 kV sınıfı","name":null,"ref":null,"operator":"REN","from":null,"to":null,"displayLabel":"REN · 400 kV · OSM 1252143576","labelSource":"generated-identifier","voltageRaw":"400000","circuits":null,"cables":"3","frequency":"50","location":null,"sourceProvider":"ArcGIS OSM Europe","sourceFallback":null,"sourceLicense":"ODbL 1.0","osmTimestamp":"2024-02-29T16:01:12Z"},"geometry":{"type":"LineString","coordinates":[[-8.8366234,40.0585733],[-8.8366676,40.0586493]]}},{"type":"Feature","properties":{"assetId":"PT-line-way-1252143577","countryCode":"PT","assetType":"line","powerType":"line","osmType":"way","osmId":"1252143577","actualVoltagesKv":[400],"actualVoltageKv":400,"gridClass":"400","displayClass":"400 kV sınıfı","name":null,"ref":null,"operator":"REN","from":null,"to":null,"displayLabel":"REN · 400 kV · OSM 1252143577","labelSource":"generated-identifier","voltageRaw":"400000","circuits":null,"cables":"3","frequency":"50","location":null,"sourceProvider":"ArcGIS OSM Europe","sourceFallback":null,"sourceLicense":"ODbL 1.0","osmTimestamp":"2024-02-29T16:01:12Z"},"geometry":{"type":"LineString","coordinates":[[-8.836845,40.0584916],[-8.8368805,40.0585666]]}},{"type":"Feature","properties":{"assetId":"PT-line-way-1252143578","countryCode":"PT","assetType":"line","powerType":"line","osmType":"way","osmId":"1252143578","actualVoltagesKv":[400],"actualVoltageKv":400,"gridClass":"400","displayClass":"400 kV sınıfı","name":null,"ref":null,"operator":"REN","from":null,"to":null,"displayLabel":"REN · 400 kV · OSM 1252143578","labelSource":"generated-identifier","voltageRaw":"400000","circuits":null,"cables":"3","frequency":"50","location":null,"sourceProvider":"ArcGIS OSM Europe","sourceFallback":null,"sourceLicense":"ODbL 1.0","osmTimestamp":"2024-02-29T16:01:12Z"},"geometry":{"type":"LineString","coordinates":[[-8.8370698,40.058416],[-8.8371112,40.0584946]]}},{"type":"Feature","properties":{"assetId":"PT-line-way-1252143586","countryCode":"PT","assetType":"line","powerType":"line","osmType":"way","osmId":"1252143586","actualVoltagesKv":[400],"actualVoltageKv":400,"gridClass":"400","displayClass":"400 kV sınıfı","name":null,"ref":null,"operator":"REN","from":null,"to":null,"displayLabel":"REN · 400 kV · OSM 1252143586","labelSource":"generated-identifier","voltageRaw":"400000","circuits":null,"cables":"3","frequency":"50","location":null,"sourceProvider":"ArcGIS OSM Europe","sourceFallback":null,"sourceLicense":"ODbL 1.0","osmTimestamp":"2024-02-29T16:01:12Z"},"geometry":{"type":"LineString","coordinates":[[-8.8379826,40.0581375],[-8.8376319,40.0575248],[-8.8372899,40.0569099]]}},{"type":"Feature","properties":{"assetId":"PT-line-way-1252143587","countryCode":"PT","assetType":"line","powerType":"line","osmType":"way","osmId":"1252143587","actualVoltagesKv":[400],"actualVoltageKv":400,"gridClass":"400","displayClass":"400 kV sınıfı","name":null,"ref":null,"operator":"REN","from":null,"to":null,"displayLabel":"REN · 400 kV · OSM 1252143587","labelSource":"generated-identifier","voltageRaw":"400000","circuits":null,"cables":"3","frequency":"50","location":null,"sourceProvider":"ArcGIS OSM Europe","sourceFallback":null,"sourceLicense":"ODbL 1.0","osmTimestamp":"2024-02-29T16:01:12Z"},"geometry":{"type":"LineString","coordinates":[[-8.8377573,40.0582123],[-8.8374066,40.0575996],[-8.8370646,40.0569847]]}},{"type":"Feature","properties":{"assetId":"PT-line-way-1252143588","countryCode":"PT","assetType":"line","powerType":"line","osmType":"way","osmId":"1252143588","actualVoltagesKv":[400],"actualVoltageKv":400,"gridClass":"400","displayClass":"400 kV sınıfı","name":null,"ref":null,"operator":"REN","from":null,"to":null,"displayLabel":"REN · 400 kV · OSM 1252143588","labelSource":"generated-identifier","voltageRaw":"400000","circuits":null,"cables":"3","frequency":"50","location":null,"sourceProvider":"ArcGIS OSM Europe","sourceFallback":null,"sourceLicense":"ODbL 1.0","osmTimestamp":"2024-02-29T16:01:12Z"},"geometry":{"type":"LineString","coordinates":[[-8.8359382,40.0573587],[-8.8362802,40.0579736],[-8.8366234,40.0585733],[-8.8366309,40.0585863]]}},{"type":"Feature","properties":{"assetId":"PT-line-way-1252143609","countryCode":"PT","assetType":"line","powerType":"line","osmType":"way","osmId":"1252143609","actualVoltagesKv":[400],"actualVoltageKv":400,"gridClass":"400","displayClass":"400 kV sınıfı","name":null,"ref":null,"operator":"REN","from":null,"to":null,"displayLabel":"REN · 400 kV · OSM 1252143609","labelSource":"generated-identifier","voltageRaw":"400000","circuits":null,"cables":"3","frequency":null,"location":null,"sourceProvider":"ArcGIS OSM Europe","sourceFallback":null,"sourceLicense":"ODbL 1.0","osmTimestamp":"2024-02-29T16:01:12Z"},"geometry":{"type":"LineString","coordinates":[[-7.992781,40.7022162],[-7.9926972,40.7023146]]}},{"type":"Feature","properties":{"assetId":"PT-line-way-1252143610","countryCode":"PT","assetType":"line","powerType":"line","osmType":"way","osmId":"1252143610","actualVoltagesKv":[400],"actualVoltageKv":400,"gridClass":"400","displayClass":"400 kV sınıfı","name":null,"ref":null,"operator":"REN","from":null,"to":null,"displayLabel":"REN · 400 kV · OSM 1252143610","labelSource":"generated-identifier","voltageRaw":"400000","circuits":null,"cables":"3","frequency":null,"location":null,"sourceProvider":"ArcGIS OSM Europe","sourceFallback":null,"sourceLicense":"ODbL 1.0","osmTimestamp":"2024-02-29T16:01:12Z"},"geometry":{"type":"LineString","coordinates":[[-7.9923513,40.7020211],[-7.9922526,40.7021156]]}},{"type":"Feature","properties":{"assetId":"PT-line-way-1252143613","countryCode":"PT","assetType":"line","powerType":"line","osmType":"way","osmId":"1252143613","actualVoltagesKv":[400],"actualVoltageKv":400,"gridClass":"400","displayClass":"400 kV sınıfı","name":null,"ref":null,"operator":"REN","from":null,"to":null,"displayLabel":"REN · 400 kV · OSM 1252143613","labelSource":"generated-identifier","voltageRaw":"400000","circuits":null,"cables":"3","frequency":null,"location":null,"sourceProvider":"ArcGIS OSM Europe","sourceFallback":null,"sourceLicense":"ODbL 1.0","osmTimestamp":"2024-02-29T16:01:12Z"},"geometry":{"type":"LineString","coordinates":[[-7.9921148,40.7019522],[-7.9925068,40.7014324],[-7.992945,40.7008512]]}},{"type":"Feature","properties":{"assetId":"PT-line-way-1252143614","countryCode":"PT","assetType":"line","powerType":"line","osmType":"way","osmId":"1252143614","actualVoltagesKv":[400],"actualVoltageKv":400,"gridClass":"400","displayClass":"400 kV sınıfı","name":null,"ref":null,"operator":"REN","from":null,"to":null,"displayLabel":"REN · 400 kV · OSM 1252143614","labelSource":"generated-identifier","voltageRaw":"400000","circuits":null,"cables":"3","frequency":null,"location":null,"sourceProvider":"ArcGIS OSM Europe","sourceFallback":null,"sourceLicense":"ODbL 1.0","osmTimestamp":"2024-02-29T16:01:12Z"},"geometry":{"type":"LineString","coordinates":[[-7.9931624,40.7009454],[-7.9927242,40.7015266],[-7.9923513,40.7020211],[-7.9923322,40.7020464]]}},{"type":"Feature","properties":{"assetId":"PT-line-way-1252143615","countryCode":"PT","assetType":"line","powerType":"line","osmType":"way","osmId":"1252143615","actualVoltagesKv":[400],"actualVoltageKv":400,"gridClass":"400","displayClass":"400 kV sınıfı","name":null,"ref":null,"operator":"REN","from":null,"to":null,"displayLabel":"REN · 400 kV · OSM 1252143615","labelSource":"generated-identifier","voltageRaw":"400000","circuits":null,"cables":"3","frequency":null,"location":null,"sourceProvider":"ArcGIS OSM Europe","sourceFallback":null,"sourceLicense":"ODbL 1.0","osmTimestamp":"2024-02-29T16:01:12Z"},"geometry":{"type":"LineString","coordinates":[[-7.9933797,40.7010396],[-7.9929415,40.7016208],[-7.9925496,40.7021406]]}},{"type":"Feature","properties":{"assetId":"PT-line-way-1252143616","countryCode":"PT","assetType":"line","powerType":"line","osmType":"way","osmId":"1252143616","actualVoltagesKv":[400],"actualVoltageKv":400,"gridClass":"400","displayClass":"400 kV sınıfı","name":null,"ref":null,"operator":"REN","from":null,"to":null,"displayLabel":"REN · 400 kV · OSM 1252143616","labelSource":"generated-identifier","voltageRaw":"400000","circuits":null,"cables":"3","frequency":null,"location":null,"sourceProvider":"ArcGIS OSM Europe","sourceFallback":null,"sourceLicense":"ODbL 1.0","osmTimestamp":"2024-02-29T16:01:12Z"},"geometry":{"type":"LineString","coordinates":[[-7.9935971,40.7011338],[-7.9931589,40.701715],[-7.992781,40.7022162],[-7.992767,40.7022348]]}},{"type":"Feature","properties":{"assetId":"PT-line-way-1252143617","countryCode":"PT","assetType":"line","powerType":"line","osmType":"way","osmId":"1252143617","actualVoltagesKv":[400],"actualVoltageKv":400,"gridClass":"400","displayClass":"400 kV sınıfı","name":null,"ref":null,"operator":"REN","from":null,"to":null,"displayLabel":"REN · 400 kV · OSM 1252143617","labelSource":"generated-identifier","voltageRaw":"400000","circuits":null,"cables":"3","frequency":null,"location":null,"sourceProvider":"ArcGIS OSM Europe","sourceFallback":null,"sourceLicense":"ODbL 1.0","osmTimestamp":"2024-02-29T16:01:12Z"},"geometry":{"type":"LineString","coordinates":[[-7.9938146,40.701228],[-7.9933763,40.7018092],[-7.9929844,40.702329]]}},{"type":"Feature","properties":{"assetId":"PT-line-way-1252143623","countryCode":"PT","assetType":"line","powerType":"line","osmType":"way","osmId":"1252143623","actualVoltagesKv":[400],"actualVoltageKv":400,"gridClass":"400","displayClass":"400 kV sınıfı","name":null,"ref":null,"operator":"REN","from":null,"to":null,"displayLabel":"REN · 400 kV · OSM 1252143623","labelSource":"generated-identifier","voltageRaw":"400000","circuits":null,"cables":"3","frequency":null,"location":null,"sourceProvider":"ArcGIS OSM Europe","sourceFallback":null,"sourceLicense":"ODbL 1.0","osmTimestamp":"2024-02-29T16:01:12Z"},"geometry":{"type":"LineString","coordinates":[[-7.9937765,40.7014733],[-7.9926868,40.7009934]]}},{"type":"Feature","properties":{"assetId":"PT-line-way-1252143624","countryCode":"PT","assetType":"line","powerType":"line","osmType":"way","osmId":"1252143624","actualVoltagesKv":[400],"actualVoltageKv":400,"gridClass":"400","displayClass":"400 kV sınıfı","name":null,"ref":null,"operator":"REN","from":null,"to":null,"displayLabel":"REN · 400 kV · OSM 1252143624","labelSource":"generated-identifier","voltageRaw":"400000","circuits":null,"cables":"3","frequency":null,"location":null,"sourceProvider":"ArcGIS OSM Europe","sourceFallback":null,"sourceLicense":"ODbL 1.0","osmTimestamp":"2024-02-29T16:01:12Z"},"geometry":{"type":"LineString","coordinates":[[-7.9932085,40.7022165],[-7.9921189,40.7017366]]}},{"type":"Feature","properties":{"assetId":"PT-line-way-1253415699","countryCode":"PT","assetType":"line","powerType":"line","osmType":"way","osmId":"1253415699","actualVoltagesKv":[400],"actualVoltageKv":400,"gridClass":"400","displayClass":"400 kV sınıfı","name":null,"ref":null,"operator":"REN","from":null,"to":null,"displayLabel":"REN · 400 kV · OSM 1253415699","labelSource":"generated-identifier","voltageRaw":"400000","circuits":null,"cables":"3","frequency":null,"location":null,"sourceProvider":"ArcGIS OSM Europe","sourceFallback":null,"sourceLicense":"ODbL 1.0","osmTimestamp":"2024-03-01T15:45:11Z"},"geometry":{"type":"LineString","coordinates":[[-8.8019203,37.9301997],[-8.8019895,37.9290866]]}},{"type":"Feature","properties":{"assetId":"PT-line-way-1253415700","countryCode":"PT","assetType":"line","powerType":"line","osmType":"way","osmId":"1253415700","actualVoltagesKv":[400],"actualVoltageKv":400,"gridClass":"400","displayClass":"400 kV sınıfı","name":null,"ref":null,"operator":"REN","from":null,"to":null,"displayLabel":"REN · 400 kV · OSM 1253415700","labelSource":"generated-identifier","voltageRaw":"400000","circuits":null,"cables":"3","frequency":null,"location":null,"sourceProvider":"ArcGIS OSM Europe","sourceFallback":null,"sourceLicense":"ODbL 1.0","osmTimestamp":"2024-03-01T15:45:11Z"},"geometry":{"type":"LineString","coordinates":[[-8.8026768,37.9300631],[-8.8027693,37.9303819],[-8.8029033,37.930844]]}},{"type":"Feature","properties":{"assetId":"PT-line-way-1253415701","countryCode":"PT","assetType":"line","powerType":"line","osmType":"way","osmId":"1253415701","actualVoltagesKv":[400],"actualVoltageKv":400,"gridClass":"400","displayClass":"400 kV sınıfı","name":null,"ref":null,"operator":"REN","from":null,"to":null,"displayLabel":"REN · 400 kV · OSM 1253415701","labelSource":"generated-identifier","voltageRaw":"400000","circuits":null,"cables":"3","frequency":null,"location":null,"sourceProvider":"ArcGIS OSM Europe","sourceFallback":null,"sourceLicense":"ODbL 1.0","osmTimestamp":"2024-03-01T15:45:11Z"},"geometry":{"type":"LineString","coordinates":[[-8.803328,37.9299398],[-8.8033916,37.9288351]]}},{"type":"Feature","properties":{"assetId":"PT-line-way-1253415708","countryCode":"PT","assetType":"line","powerType":"line","osmType":"way","osmId":"1253415708","actualVoltagesKv":[400],"actualVoltageKv":400,"gridClass":"400","displayClass":"400 kV sınıfı","name":null,"ref":null,"operator":"Energias de Portugal","from":null,"to":null,"displayLabel":"Energias de Portugal · 400 kV · OSM 1253415708","labelSource":"generated-identifier","voltageRaw":"400000","circuits":null,"cables":"3","frequency":null,"location":null,"sourceProvider":"ArcGIS OSM Europe","sourceFallback":null,"sourceLicense":"ODbL 1.0","osmTimestamp":"2024-03-01T15:45:11Z"},"geometry":{"type":"LineString","coordinates":[[-8.8029033,37.930844],[-8.8029266,37.9309244]]}},{"type":"Feature","properties":{"assetId":"PT-line-way-1253415709","countryCode":"PT","assetType":"line","powerType":"line","osmType":"way","osmId":"1253415709","actualVoltagesKv":[400],"actualVoltageKv":400,"gridClass":"400","displayClass":"400 kV sınıfı","name":null,"ref":null,"operator":"Energias de Portugal","from":null,"to":null,"displayLabel":"Energias de Portugal · 400 kV · OSM 1253415709","labelSource":"generated-identifier","voltageRaw":"400000","circuits":null,"cables":"3","frequency":null,"location":null,"sourceProvider":"ArcGIS OSM Europe","sourceFallback":null,"sourceLicense":"ODbL 1.0","osmTimestamp":"2024-03-01T15:45:11Z"},"geometry":{"type":"LineString","coordinates":[[-8.8035777,37.9308008],[-8.8035557,37.9307249]]}},{"type":"Feature","properties":{"assetId":"PT-line-way-1253415711","countryCode":"PT","assetType":"line","powerType":"line","osmType":"way","osmId":"1253415711","actualVoltagesKv":[400],"actualVoltageKv":400,"gridClass":"400","displayClass":"400 kV sınıfı","name":null,"ref":null,"operator":"REN","from":null,"to":null,"displayLabel":"REN · 400 kV · OSM 1253415711","labelSource":"generated-identifier","voltageRaw":"400000","circuits":null,"cables":"3","frequency":null,"location":null,"sourceProvider":"ArcGIS OSM Europe","sourceFallback":null,"sourceLicense":"ODbL 1.0","osmTimestamp":"2024-03-01T15:45:11Z"},"geometry":{"type":"LineString","coordinates":[[-8.8021435,37.9309694],[-8.8020144,37.9305244],[-8.8019203,37.9301997]]}},{"type":"Feature","properties":{"assetId":"PT-line-way-1253415757","countryCode":"PT","assetType":"line","powerType":"line","osmType":"way","osmId":"1253415757","actualVoltagesKv":[400],"actualVoltageKv":400,"gridClass":"400","displayClass":"400 kV sınıfı","name":null,"ref":null,"operator":"REN","from":null,"to":null,"displayLabel":"REN · 400 kV · OSM 1253415757","labelSource":"generated-identifier","voltageRaw":"400000","circuits":null,"cables":"3","frequency":"50","location":null,"sourceProvider":"ArcGIS OSM Europe","sourceFallback":null,"sourceLicense":"ODbL 1.0","osmTimestamp":"2024-02-29T16:01:12Z"},"geometry":{"type":"LineString","coordinates":[[-8.5156638,37.1984617],[-8.5157055,37.1985288]]}},{"type":"Feature","properties":{"assetId":"PT-line-way-1253415758","countryCode":"PT","assetType":"line","powerType":"line","osmType":"way","osmId":"1253415758","actualVoltagesKv":[400],"actualVoltageKv":400,"gridClass":"400","displayClass":"400 kV sınıfı","name":null,"ref":null,"operator":"REN","from":null,"to":null,"displayLabel":"REN · 400 kV · OSM 1253415758","labelSource":"generated-identifier","voltageRaw":"400000","circuits":null,"cables":"3","frequency":"50","location":null,"sourceProvider":"ArcGIS OSM Europe","sourceFallback":null,"sourceLicense":"ODbL 1.0","osmTimestamp":"2024-02-29T16:01:12Z"},"geometry":{"type":"LineString","coordinates":[[-8.5158785,37.1983767],[-8.5158962,37.1984259]]}},{"type":"Feature","properties":{"assetId":"PT-line-way-1253415763","countryCode":"PT","assetType":"line","powerType":"line","osmType":"way","osmId":"1253415763","actualVoltagesKv":[400],"actualVoltageKv":400,"gridClass":"400","displayClass":"400 kV sınıfı","name":null,"ref":null,"operator":"REN","from":null,"to":null,"displayLabel":"REN · 400 kV · OSM 1253415763","labelSource":"generated-identifier","voltageRaw":"400000","circuits":null,"cables":"3","frequency":"50","location":null,"sourceProvider":"ArcGIS OSM Europe","sourceFallback":null,"sourceLicense":"ODbL 1.0","osmTimestamp":"2024-02-29T16:01:12Z"},"geometry":{"type":"LineString","coordinates":[[-8.5158962,37.1984259],[-8.5160808,37.1986446],[-8.5163734,37.1989913],[-8.5167124,37.1993929],[-8.5168742,37.1995845]]}},{"type":"Feature","properties":{"assetId":"PT-line-way-1253415764","countryCode":"PT","assetType":"line","powerType":"line","osmType":"way","osmId":"1253415764","actualVoltagesKv":[400],"actualVoltageKv":400,"gridClass":"400","displayClass":"400 kV sınıfı","name":null,"ref":null,"operator":"REN","from":null,"to":null,"displayLabel":"REN · 400 kV · OSM 1253415764","labelSource":"generated-identifier","voltageRaw":"400000","circuits":null,"cables":"3","frequency":"50","location":null,"sourceProvider":"ArcGIS OSM Europe","sourceFallback":null,"sourceLicense":"ODbL 1.0","osmTimestamp":"2024-02-29T16:01:12Z"},"geometry":{"type":"LineString","coordinates":[[-8.5157055,37.1985288],[-8.5158896,37.1987493],[-8.5161725,37.1990884],[-8.5165062,37.1994883],[-8.5166693,37.1996837]]}},{"type":"Feature","properties":{"assetId":"PT-line-way-1253415765","countryCode":"PT","assetType":"line","powerType":"line","osmType":"way","osmId":"1253415765","actualVoltagesKv":[400],"actualVoltageKv":400,"gridClass":"400","displayClass":"400 kV sınıfı","name":null,"ref":null,"operator":"REN","from":null,"to":null,"displayLabel":"REN · 400 kV · OSM 1253415765","labelSource":"generated-identifier","voltageRaw":"400000","circuits":null,"cables":"3","frequency":"50","location":null,"sourceProvider":"ArcGIS OSM Europe","sourceFallback":null,"sourceLicense":"ODbL 1.0","osmTimestamp":"2024-02-29T16:01:12Z"},"geometry":{"type":"LineString","coordinates":[[-8.5157916,37.1988032],[-8.5158896,37.1987493],[-8.5160808,37.1986446],[-8.5161828,37.1985886]]}},{"type":"Feature","properties":{"assetId":"PT-line-way-1253415766","countryCode":"PT","assetType":"line","powerType":"line","osmType":"way","osmId":"1253415766","actualVoltagesKv":[400],"actualVoltageKv":400,"gridClass":"400","displayClass":"400 kV sınıfı","name":null,"ref":null,"operator":"REN","from":null,"to":null,"displayLabel":"REN · 400 kV · OSM 1253415766","labelSource":"generated-identifier","voltageRaw":"400000","circuits":null,"cables":"3","frequency":"50","location":null,"sourceProvider":"ArcGIS OSM Europe","sourceFallback":null,"sourceLicense":"ODbL 1.0","osmTimestamp":"2024-02-29T16:01:12Z"},"geometry":{"type":"LineString","coordinates":[[-8.5163804,37.1995476],[-8.5165062,37.1994883],[-8.5167124,37.1993929],[-8.5168163,37.1993451]]}},{"type":"Feature","properties":{"assetId":"PT-line-way-1256077890","countryCode":"PT","assetType":"line","powerType":"line","osmType":"way","osmId":"1256077890","actualVoltagesKv":[400],"actualVoltageKv":400,"gridClass":"400","displayClass":"400 kV sınıfı","name":"Ribeira de Pena - Vieira do Minho 1","ref":null,"operator":"REN","from":null,"to":null,"displayLabel":"Ribeira de Pena - Vieira do Minho 1","labelSource":"osm-name","voltageRaw":"400000","circuits":null,"cables":"3","frequency":"50","location":null,"sourceProvider":"ArcGIS OSM Europe","sourceFallback":null,"sourceLicense":"ODbL 1.0","osmTimestamp":"2024-03-02T22:02:01Z"},"geometry":{"type":"LineString","coordinates":[[-8.0288761,41.6694858],[-8.0299342,41.6699824]]}},{"type":"Feature","properties":{"assetId":"PT-line-way-1256077891","countryCode":"PT","assetType":"line","powerType":"line","osmType":"way","osmId":"1256077891","actualVoltagesKv":[400],"actualVoltageKv":400,"gridClass":"400","displayClass":"400 kV sınıfı","name":"Ribeira de Pena - Vieira do Minho 2","ref":null,"operator":"REN","from":null,"to":null,"displayLabel":"Ribeira de Pena - Vieira do Minho 2","labelSource":"osm-name","voltageRaw":"400000","circuits":null,"cables":"3","frequency":"50","location":null,"sourceProvider":"ArcGIS OSM Europe","sourceFallback":null,"sourceLicense":"ODbL 1.0","osmTimestamp":"2024-03-02T22:02:01Z"},"geometry":{"type":"LineString","coordinates":[[-8.0288761,41.6694858],[-8.0297407,41.6701041]]}},{"type":"Feature","properties":{"assetId":"PT-line-way-1256077892","countryCode":"PT","assetType":"line","powerType":"line","osmType":"way","osmId":"1256077892","actualVoltagesKv":[400],"actualVoltageKv":400,"gridClass":"400","displayClass":"400 kV sınıfı","name":"Ribeira de Pena - Vieira do Minho 1","ref":null,"operator":"REN","from":null,"to":null,"displayLabel":"Ribeira de Pena - Vieira do Minho 1","labelSource":"osm-name","voltageRaw":"400000","circuits":null,"cables":null,"frequency":null,"location":null,"sourceProvider":"ArcGIS OSM Europe","sourceFallback":null,"sourceLicense":"ODbL 1.0","osmTimestamp":"2024-03-02T22:02:01Z"},"geometry":{"type":"LineString","coordinates":[[-7.8112406,41.5515363],[-7.8107728,41.5522565]]}},{"type":"Feature","properties":{"assetId":"PT-line-way-1256077893","countryCode":"PT","assetType":"line","powerType":"line","osmType":"way","osmId":"1256077893","actualVoltagesKv":[400],"actualVoltageKv":400,"gridClass":"400","displayClass":"400 kV sınıfı","name":"Ribeira de Pena - Vieira do Minho 2","ref":null,"operator":"REN","from":null,"to":null,"displayLabel":"Ribeira de Pena - Vieira do Minho 2","labelSource":"osm-name","voltageRaw":"400000","circuits":null,"cables":null,"frequency":null,"location":null,"sourceProvider":"ArcGIS OSM Europe","sourceFallback":null,"sourceLicense":"ODbL 1.0","osmTimestamp":"2024-03-02T22:02:01Z"},"geometry":{"type":"LineString","coordinates":[[-7.8110318,41.5514345],[-7.8107728,41.5522565]]}},{"type":"Feature","properties":{"assetId":"PT-line-way-1256556437","countryCode":"PT","assetType":"line","powerType":"line","osmType":"way","osmId":"1256556437","actualVoltagesKv":[400],"actualVoltageKv":400,"gridClass":"400","displayClass":"400 kV sınıfı","name":null,"ref":null,"operator":null,"from":null,"to":null,"displayLabel":"400 kV · OSM 1256556437","labelSource":"generated-identifier","voltageRaw":"400000","circuits":null,"cables":"3","frequency":null,"location":null,"sourceProvider":"ArcGIS OSM Europe","sourceFallback":null,"sourceLicense":"ODbL 1.0","osmTimestamp":"2024-03-01T12:05:19Z"},"geometry":{"type":"LineString","coordinates":[[-6.6905626,41.2058719],[-6.6900034260302865,41.20616437488966]]}},{"type":"Feature","properties":{"assetId":"PT-line-way-1256556438","countryCode":"PT","assetType":"line","powerType":"line","osmType":"way","osmId":"1256556438","actualVoltagesKv":[400],"actualVoltageKv":400,"gridClass":"400","displayClass":"400 kV sınıfı","name":"Alcochete - Fanhões","ref":"L 4106","operator":"REN","from":null,"to":null,"displayLabel":"Alcochete - Fanhões","labelSource":"osm-name","voltageRaw":"400000","circuits":null,"cables":"6","frequency":"50","location":null,"sourceProvider":"ArcGIS OSM Europe","sourceFallback":null,"sourceLicense":"ODbL 1.0","osmTimestamp":"2024-03-01T12:05:19Z"},"geometry":{"type":"LineString","coordinates":[[-8.8901456,38.7100615],[-8.8921076,38.7091563],[-8.8944894,38.7053783],[-8.8977711,38.7027211],[-8.8982619,38.7024754]]}},{"type":"Feature","properties":{"assetId":"PT-line-way-1256613931","countryCode":"PT","assetType":"line","powerType":"line","osmType":"way","osmId":"1256613931","actualVoltagesKv":[400],"actualVoltageKv":400,"gridClass":"400","displayClass":"400 kV sınıfı","name":null,"ref":null,"operator":"REN","from":null,"to":null,"displayLabel":"REN · 400 kV · OSM 1256613931","labelSource":"generated-identifier","voltageRaw":"400000","circuits":null,"cables":"3","frequency":"50","location":null,"sourceProvider":"ArcGIS OSM Europe","sourceFallback":null,"sourceLicense":"ODbL 1.0","osmTimestamp":"2024-03-01T15:45:11Z"},"geometry":{"type":"LineString","coordinates":[[-7.7419809,39.5286404],[-7.7404453,39.5291793]]}},{"type":"Feature","properties":{"assetId":"PT-line-way-1256744821","countryCode":"PT","assetType":"line","powerType":"line","osmType":"way","osmId":"1256744821","actualVoltagesKv":[400],"actualVoltageKv":400,"gridClass":"400","displayClass":"400 kV sınıfı","name":"Sines - Ferreira do Alentejo","ref":null,"operator":"REN","from":null,"to":null,"displayLabel":"Sines - Ferreira do Alentejo","labelSource":"osm-name","voltageRaw":"400000","circuits":null,"cables":"3","frequency":"50","location":null,"sourceProvider":"ArcGIS OSM Europe","sourceFallback":null,"sourceLicense":"ODbL 1.0","osmTimestamp":"2024-03-02T02:04:55Z"},"geometry":{"type":"LineString","coordinates":[[-8.1281179,38.0557707],[-8.1277411,38.0551836],[-8.1273709,38.0545753]]}},{"type":"Feature","properties":{"assetId":"PT-line-way-1256744822","countryCode":"PT","assetType":"line","powerType":"line","osmType":"way","osmId":"1256744822","actualVoltagesKv":[400],"actualVoltageKv":400,"gridClass":"400","displayClass":"400 kV sınıfı","name":"Pego - Falagueira","ref":null,"operator":"REN","from":null,"to":null,"displayLabel":"Pego - Falagueira","labelSource":"osm-name","voltageRaw":"400000","circuits":null,"cables":"3","frequency":null,"location":null,"sourceProvider":"ArcGIS OSM Europe","sourceFallback":null,"sourceLicense":"ODbL 1.0","osmTimestamp":"2024-03-02T22:02:01Z"},"geometry":{"type":"LineString","coordinates":[[-7.7393752,39.5291952],[-7.7402379,39.528829]]}},{"type":"Feature","properties":{"assetId":"PT-line-way-1256744824","countryCode":"PT","assetType":"line","powerType":"line","osmType":"way","osmId":"1256744824","actualVoltagesKv":[400],"actualVoltageKv":400,"gridClass":"400","displayClass":"400 kV sınıfı","name":null,"ref":null,"operator":"REN","from":null,"to":null,"displayLabel":"REN · 400 kV · OSM 1256744824","labelSource":"generated-identifier","voltageRaw":"400000","circuits":null,"cables":"3","frequency":"50","location":null,"sourceProvider":"ArcGIS OSM Europe","sourceFallback":null,"sourceLicense":"ODbL 1.0","osmTimestamp":"2024-03-02T02:04:55Z"},"geometry":{"type":"LineString","coordinates":[[-7.9221365,38.634403],[-7.9215362,38.6339718]]}},{"type":"Feature","properties":{"assetId":"PT-line-way-1256744825","countryCode":"PT","assetType":"line","powerType":"line","osmType":"way","osmId":"1256744825","actualVoltagesKv":[400],"actualVoltageKv":400,"gridClass":"400","displayClass":"400 kV sınıfı","name":null,"ref":null,"operator":"REN","from":null,"to":null,"displayLabel":"REN · 400 kV · OSM 1256744825","labelSource":"generated-identifier","voltageRaw":"400000","circuits":null,"cables":"3","frequency":null,"location":null,"sourceProvider":"ArcGIS OSM Europe","sourceFallback":null,"sourceLicense":"ODbL 1.0","osmTimestamp":"2024-03-02T02:04:55Z"},"geometry":{"type":"LineString","coordinates":[[-8.9512397,39.0121261],[-8.9513851,39.0119718]]}},{"type":"Feature","properties":{"assetId":"PT-line-way-1256744826","countryCode":"PT","assetType":"line","powerType":"line","osmType":"way","osmId":"1256744826","actualVoltagesKv":[400],"actualVoltageKv":400,"gridClass":"400","displayClass":"400 kV sınıfı","name":null,"ref":null,"operator":"REN","from":null,"to":null,"displayLabel":"REN · 400 kV · OSM 1256744826","labelSource":"generated-identifier","voltageRaw":"400000","circuits":null,"cables":"3","frequency":null,"location":null,"sourceProvider":"ArcGIS OSM Europe","sourceFallback":null,"sourceLicense":"ODbL 1.0","osmTimestamp":"2024-03-02T02:04:55Z"},"geometry":{"type":"LineString","coordinates":[[-8.9517195,39.0124057],[-8.9518593,39.0122607]]}},{"type":"Feature","properties":{"assetId":"PT-line-way-1256744830","countryCode":"PT","assetType":"line","powerType":"line","osmType":"way","osmId":"1256744830","actualVoltagesKv":[400],"actualVoltageKv":400,"gridClass":"400","displayClass":"400 kV sınıfı","name":null,"ref":null,"operator":"ElecGas","from":null,"to":null,"displayLabel":"ElecGas · 400 kV · OSM 1256744830","labelSource":"generated-identifier","voltageRaw":"400000","circuits":null,"cables":null,"frequency":null,"location":null,"sourceProvider":"ArcGIS OSM Europe","sourceFallback":null,"sourceLicense":"ODbL 1.0","osmTimestamp":"2024-03-02T02:04:55Z"},"geometry":{"type":"LineString","coordinates":[[-8.1126888,39.4686712],[-8.1129635,39.4685425]]}},{"type":"Feature","properties":{"assetId":"PT-line-way-1256744832","countryCode":"PT","assetType":"line","powerType":"line","osmType":"way","osmId":"1256744832","actualVoltagesKv":[400],"actualVoltageKv":400,"gridClass":"400","displayClass":"400 kV sınıfı","name":"Central do Pego - Pego 1","ref":null,"operator":"REN","from":null,"to":null,"displayLabel":"Central do Pego - Pego 1","labelSource":"osm-name","voltageRaw":"400000","circuits":null,"cables":null,"frequency":null,"location":null,"sourceProvider":"ArcGIS OSM Europe","sourceFallback":null,"sourceLicense":"ODbL 1.0","osmTimestamp":"2024-03-02T02:04:55Z"},"geometry":{"type":"LineString","coordinates":[[-8.1111745,39.466732],[-8.1120779,39.4665851],[-8.1133867,39.4663905]]}},{"type":"Feature","properties":{"assetId":"PT-line-way-1256744833","countryCode":"PT","assetType":"line","powerType":"line","osmType":"way","osmId":"1256744833","actualVoltagesKv":[400],"actualVoltageKv":400,"gridClass":"400","displayClass":"400 kV sınıfı","name":null,"ref":null,"operator":"ElecGas","from":null,"to":null,"displayLabel":"ElecGas · 400 kV · OSM 1256744833","labelSource":"generated-identifier","voltageRaw":"400000","circuits":null,"cables":null,"frequency":null,"location":null,"sourceProvider":"ArcGIS OSM Europe","sourceFallback":null,"sourceLicense":"ODbL 1.0","osmTimestamp":"2024-03-02T02:04:55Z"},"geometry":{"type":"LineString","coordinates":[[-8.1107858,39.4669098],[-8.1111388,39.4667488]]}},{"type":"Feature","properties":{"assetId":"PT-line-way-1256744834","countryCode":"PT","assetType":"line","powerType":"line","osmType":"way","osmId":"1256744834","actualVoltagesKv":[400],"actualVoltageKv":400,"gridClass":"400","displayClass":"400 kV sınıfı","name":"Central do Pego - Pego 2","ref":null,"operator":"REN","from":null,"to":null,"displayLabel":"Central do Pego - Pego 2","labelSource":"osm-name","voltageRaw":"400000","circuits":null,"cables":null,"frequency":null,"location":null,"sourceProvider":"ArcGIS OSM Europe","sourceFallback":null,"sourceLicense":"ODbL 1.0","osmTimestamp":"2024-03-02T02:04:55Z"},"geometry":{"type":"LineString","coordinates":[[-8.111635,39.4673357],[-8.1124114,39.4669913],[-8.1135061,39.4665476]]}},{"type":"Feature","properties":{"assetId":"PT-line-way-1256744835","countryCode":"PT","assetType":"line","powerType":"line","osmType":"way","osmId":"1256744835","actualVoltagesKv":[400],"actualVoltageKv":400,"gridClass":"400","displayClass":"400 kV sınıfı","name":null,"ref":null,"operator":"ElecGas","from":null,"to":null,"displayLabel":"ElecGas · 400 kV · OSM 1256744835","labelSource":"generated-identifier","voltageRaw":"400000","circuits":null,"cables":null,"frequency":null,"location":null,"sourceProvider":"ArcGIS OSM Europe","sourceFallback":null,"sourceLicense":"ODbL 1.0","osmTimestamp":"2024-03-02T02:04:55Z"},"geometry":{"type":"LineString","coordinates":[[-8.1116063,39.4673493],[-8.1112472,39.4675189]]}},{"type":"Feature","properties":{"assetId":"PT-line-way-1256744836","countryCode":"PT","assetType":"line","powerType":"line","osmType":"way","osmId":"1256744836","actualVoltagesKv":[400],"actualVoltageKv":400,"gridClass":"400","displayClass":"400 kV sınıfı","name":null,"ref":null,"operator":"ElecGas","from":null,"to":null,"displayLabel":"ElecGas · 400 kV · OSM 1256744836","labelSource":"generated-identifier","voltageRaw":"400000","circuits":null,"cables":null,"frequency":null,"location":null,"sourceProvider":"ArcGIS OSM Europe","sourceFallback":null,"sourceLicense":"ODbL 1.0","osmTimestamp":"2024-03-02T02:04:55Z"},"geometry":{"type":"LineString","coordinates":[[-8.1123,39.4681477],[-8.1125716,39.4680233]]}},{"type":"Feature","properties":{"assetId":"PT-line-way-1256744850","countryCode":"PT","assetType":"line","powerType":"line","osmType":"way","osmId":"1256744850","actualVoltagesKv":[400],"actualVoltageKv":400,"gridClass":"400","displayClass":"400 kV sınıfı","name":null,"ref":null,"operator":"REN","from":null,"to":null,"displayLabel":"REN · 400 kV · OSM 1256744850","labelSource":"generated-identifier","voltageRaw":"400000","circuits":null,"cables":"3","frequency":"50","location":null,"sourceProvider":"ArcGIS OSM Europe","sourceFallback":null,"sourceLicense":"ODbL 1.0","osmTimestamp":"2024-03-02T02:04:55Z"},"geometry":{"type":"LineString","coordinates":[[-8.4789679,40.4693],[-8.4806123,40.4698146]]}},{"type":"Feature","properties":{"assetId":"PT-line-way-1256744852","countryCode":"PT","assetType":"line","powerType":"line","osmType":"way","osmId":"1256744852","actualVoltagesKv":[400],"actualVoltageKv":400,"gridClass":"400","displayClass":"400 kV sınıfı","name":null,"ref":null,"operator":"REN","from":null,"to":null,"displayLabel":"REN · 400 kV · OSM 1256744852","labelSource":"generated-identifier","voltageRaw":"400000","circuits":null,"cables":null,"frequency":"50","location":null,"sourceProvider":"ArcGIS OSM Europe","sourceFallback":null,"sourceLicense":"ODbL 1.0","osmTimestamp":"2024-03-02T02:04:55Z"},"geometry":{"type":"LineString","coordinates":[[-8.1154333,39.4665212],[-8.1162448,39.4659287]]}},{"type":"Feature","properties":{"assetId":"PT-line-way-1256744853","countryCode":"PT","assetType":"line","powerType":"line","osmType":"way","osmId":"1256744853","actualVoltagesKv":[400],"actualVoltageKv":400,"gridClass":"400","displayClass":"400 kV sınıfı","name":null,"ref":null,"operator":"REN","from":null,"to":null,"displayLabel":"REN · 400 kV · OSM 1256744853","labelSource":"generated-identifier","voltageRaw":"400000","circuits":null,"cables":null,"frequency":"50","location":null,"sourceProvider":"ArcGIS OSM Europe","sourceFallback":null,"sourceLicense":"ODbL 1.0","osmTimestamp":"2024-03-02T02:04:55Z"},"geometry":{"type":"LineString","coordinates":[[-8.1153126,39.466362],[-8.1138683,39.4670242]]}},{"type":"Feature","properties":{"assetId":"PT-line-way-1256744854","countryCode":"PT","assetType":"line","powerType":"line","osmType":"way","osmId":"1256744854","actualVoltagesKv":[400],"actualVoltageKv":400,"gridClass":"400","displayClass":"400 kV sınıfı","name":null,"ref":null,"operator":"REN","from":null,"to":null,"displayLabel":"REN · 400 kV · OSM 1256744854","labelSource":"generated-identifier","voltageRaw":"400000","circuits":null,"cables":null,"frequency":"50","location":null,"sourceProvider":"ArcGIS OSM Europe","sourceFallback":null,"sourceLicense":"ODbL 1.0","osmTimestamp":"2024-03-02T02:04:55Z"},"geometry":{"type":"LineString","coordinates":[[-8.1162448,39.4659287],[-8.1153126,39.466362]]}},{"type":"Feature","properties":{"assetId":"PT-line-way-1256744855","countryCode":"PT","assetType":"line","powerType":"line","osmType":"way","osmId":"1256744855","actualVoltagesKv":[400],"actualVoltageKv":400,"gridClass":"400","displayClass":"400 kV sınıfı","name":null,"ref":null,"operator":"REN","from":null,"to":null,"displayLabel":"REN · 400 kV · OSM 1256744855","labelSource":"generated-identifier","voltageRaw":"400000","circuits":null,"cables":"3","frequency":"50","location":null,"sourceProvider":"ArcGIS OSM Europe","sourceFallback":null,"sourceLicense":"ODbL 1.0","osmTimestamp":"2024-03-02T02:04:55Z"},"geometry":{"type":"LineString","coordinates":[[-8.4810243,40.4691246],[-8.4793557,40.4685966]]}},{"type":"Feature","properties":{"assetId":"PT-line-way-1256744856","countryCode":"PT","assetType":"line","powerType":"line","osmType":"way","osmId":"1256744856","actualVoltagesKv":[400],"actualVoltageKv":400,"gridClass":"400","displayClass":"400 kV sınıfı","name":"Alto Lindoso - Cartelle","ref":null,"operator":"REN","from":null,"to":null,"displayLabel":"Alto Lindoso - Cartelle","labelSource":"osm-name","voltageRaw":"400000","circuits":null,"cables":"6","frequency":null,"location":null,"sourceProvider":"ArcGIS OSM Europe","sourceFallback":null,"sourceLicense":"ODbL 1.0","osmTimestamp":"2024-03-02T02:04:55Z"},"geometry":{"type":"LineString","coordinates":[[-8.199483240652306,41.87660635605639],[-8.2043438,41.8747125],[-8.2087207,41.8696839]]}},{"type":"Feature","properties":{"assetId":"PT-line-way-1256744857","countryCode":"PT","assetType":"line","powerType":"line","osmType":"way","osmId":"1256744857","actualVoltagesKv":[400],"actualVoltageKv":400,"gridClass":"400","displayClass":"400 kV sınıfı","name":null,"ref":null,"operator":"REN","from":null,"to":null,"displayLabel":"REN · 400 kV · OSM 1256744857","labelSource":"generated-identifier","voltageRaw":"400000","circuits":null,"cables":"6","frequency":null,"location":null,"sourceProvider":"ArcGIS OSM Europe","sourceFallback":null,"sourceLicense":"ODbL 1.0","osmTimestamp":"2024-03-02T02:04:55Z"},"geometry":{"type":"LineString","coordinates":[[-9.1465815,38.9007817],[-9.1497163,38.900057],[-9.1558081,38.8976614]]}},{"type":"Feature","properties":{"assetId":"PT-line-way-1256744858","countryCode":"PT","assetType":"line","powerType":"line","osmType":"way","osmId":"1256744858","actualVoltagesKv":[400],"actualVoltageKv":400,"gridClass":"400","displayClass":"400 kV sınıfı","name":null,"ref":null,"operator":"REN","from":null,"to":null,"displayLabel":"REN · 400 kV · OSM 1256744858","labelSource":"generated-identifier","voltageRaw":"400000","circuits":null,"cables":"3","frequency":"50","location":null,"sourceProvider":"ArcGIS OSM Europe","sourceFallback":null,"sourceLicense":"ODbL 1.0","osmTimestamp":"2024-03-02T02:04:55Z"},"geometry":{"type":"LineString","coordinates":[[-8.7622461,37.9964303],[-8.7623455,37.9965445],[-8.7626981,37.9969495],[-8.7628462,37.9971196]]}},{"type":"Feature","properties":{"assetId":"PT-line-way-1256986378","countryCode":"PT","assetType":"line","powerType":"line","osmType":"way","osmId":"1256986378","actualVoltagesKv":[400],"actualVoltageKv":400,"gridClass":"400","displayClass":"400 kV sınıfı","name":"Vieira do Minho - Pedralva 1","ref":null,"operator":"REN","from":null,"to":null,"displayLabel":"Vieira do Minho - Pedralva 1","labelSource":"osm-name","voltageRaw":"400000","circuits":null,"cables":"3","frequency":"50","location":null,"sourceProvider":"ArcGIS OSM Europe","sourceFallback":null,"sourceLicense":"ODbL 1.0","osmTimestamp":"2024-03-02T22:02:01Z"},"geometry":{"type":"LineString","coordinates":[[-8.227314,41.6466488],[-8.2306051,41.6478995],[-8.2328171,41.6475792],[-8.2340062,41.6461137]]}},{"type":"Feature","properties":{"assetId":"PT-line-way-1256986380","countryCode":"PT","assetType":"line","powerType":"line","osmType":"way","osmId":"1256986380","actualVoltagesKv":[400],"actualVoltageKv":400,"gridClass":"400","displayClass":"400 kV sınıfı","name":"Vieira do Minho - Pedralva 1","ref":null,"operator":"REN","from":null,"to":null,"displayLabel":"Vieira do Minho - Pedralva 1","labelSource":"osm-name","voltageRaw":"400000","circuits":null,"cables":"3","frequency":"50","location":null,"sourceProvider":"ArcGIS OSM Europe","sourceFallback":null,"sourceLicense":"ODbL 1.0","osmTimestamp":"2024-03-02T22:02:01Z"},"geometry":{"type":"LineString","coordinates":[[-8.3114469,41.5705487],[-8.3143947,41.5695153],[-8.317042,41.5702457],[-8.3222884,41.5737935],[-8.3230019,41.5752081],[-8.3226907,41.5761371]]}},{"type":"Feature","properties":{"assetId":"PT-line-way-1256986381","countryCode":"PT","assetType":"line","powerType":"line","osmType":"way","osmId":"1256986381","actualVoltagesKv":[400],"actualVoltageKv":400,"gridClass":"400","displayClass":"400 kV sınıfı","name":null,"ref":null,"operator":"REN","from":null,"to":null,"displayLabel":"REN · 400 kV · OSM 1256986381","labelSource":"generated-identifier","voltageRaw":"400000","circuits":null,"cables":"3","frequency":"50","location":null,"sourceProvider":"ArcGIS OSM Europe","sourceFallback":null,"sourceLicense":"ODbL 1.0","osmTimestamp":"2024-03-02T22:02:01Z"},"geometry":{"type":"LineString","coordinates":[[-8.3140739,41.5694174],[-8.310975,41.5698809]]}},{"type":"Feature","properties":{"assetId":"PT-line-way-1256986382","countryCode":"PT","assetType":"line","powerType":"line","osmType":"way","osmId":"1256986382","actualVoltagesKv":[400],"actualVoltageKv":400,"gridClass":"400","displayClass":"400 kV sınıfı","name":null,"ref":null,"operator":"REN","from":null,"to":null,"displayLabel":"REN · 400 kV · OSM 1256986382","labelSource":"generated-identifier","voltageRaw":"400000","circuits":null,"cables":"3","frequency":"50","location":null,"sourceProvider":"ArcGIS OSM Europe","sourceFallback":null,"sourceLicense":"ODbL 1.0","osmTimestamp":"2024-03-02T22:02:01Z"},"geometry":{"type":"LineString","coordinates":[[-9.0032576,39.3371491],[-9.0030184,39.3371122],[-9.002343,39.3370079],[-9.0021032,39.3369709]]}},{"type":"Feature","properties":{"assetId":"PT-line-way-1256986383","countryCode":"PT","assetType":"line","powerType":"line","osmType":"way","osmId":"1256986383","actualVoltagesKv":[400],"actualVoltageKv":400,"gridClass":"400","displayClass":"400 kV sınıfı","name":"Recarei - Paraimo","ref":null,"operator":"REN","from":null,"to":null,"displayLabel":"Recarei - Paraimo","labelSource":"osm-name","voltageRaw":"400000","circuits":null,"cables":"3","frequency":"50","location":null,"sourceProvider":"ArcGIS OSM Europe","sourceFallback":null,"sourceLicense":"ODbL 1.0","osmTimestamp":"2024-03-02T22:02:01Z"},"geometry":{"type":"LineString","coordinates":[[-8.4809213,40.4692971],[-8.4822443,40.4696614]]}},{"type":"Feature","properties":{"assetId":"PT-line-way-1256986384","countryCode":"PT","assetType":"line","powerType":"line","osmType":"way","osmId":"1256986384","actualVoltagesKv":[400],"actualVoltageKv":400,"gridClass":"400","displayClass":"400 kV sınıfı","name":null,"ref":null,"operator":"REN","from":null,"to":null,"displayLabel":"REN · 400 kV · OSM 1256986384","labelSource":"generated-identifier","voltageRaw":"400000","circuits":null,"cables":"3","frequency":"50","location":null,"sourceProvider":"ArcGIS OSM Europe","sourceFallback":null,"sourceLicense":"ODbL 1.0","osmTimestamp":"2024-03-02T22:02:01Z"},"geometry":{"type":"LineString","coordinates":[[-8.1149455,39.4658773],[-8.1135061,39.4665476]]}},{"type":"Feature","properties":{"assetId":"PT-line-way-1256986385","countryCode":"PT","assetType":"line","powerType":"line","osmType":"way","osmId":"1256986385","actualVoltagesKv":[400],"actualVoltageKv":400,"gridClass":"400","displayClass":"400 kV sınıfı","name":null,"ref":null,"operator":"REN","from":null,"to":null,"displayLabel":"REN · 400 kV · OSM 1256986385","labelSource":"generated-identifier","voltageRaw":"400000","circuits":null,"cables":"3","frequency":"50","location":null,"sourceProvider":"ArcGIS OSM Europe","sourceFallback":null,"sourceLicense":"ODbL 1.0","osmTimestamp":"2024-03-02T22:02:01Z"},"geometry":{"type":"LineString","coordinates":[[-8.1133867,39.4663905],[-8.1148187,39.4657099]]}},{"type":"Feature","properties":{"assetId":"PT-line-way-1257511711","countryCode":"PT","assetType":"line","powerType":"line","osmType":"way","osmId":"1257511711","actualVoltagesKv":[400],"actualVoltageKv":400,"gridClass":"400","displayClass":"400 kV sınıfı","name":null,"ref":null,"operator":"REN","from":null,"to":null,"displayLabel":"REN · 400 kV · OSM 1257511711","labelSource":"generated-identifier","voltageRaw":"400000","circuits":null,"cables":"3","frequency":"50","location":null,"sourceProvider":"ArcGIS OSM Europe","sourceFallback":null,"sourceLicense":"ODbL 1.0","osmTimestamp":"2024-03-04T15:48:53Z"},"geometry":{"type":"LineString","coordinates":[[-8.8070915,40.0447051],[-8.8071435,40.0413652],[-8.8062552,40.0403467]]}},{"type":"Feature","properties":{"assetId":"PT-line-way-1257511712","countryCode":"PT","assetType":"line","powerType":"line","osmType":"way","osmId":"1257511712","actualVoltagesKv":[400],"actualVoltageKv":400,"gridClass":"400","displayClass":"400 kV sınıfı","name":null,"ref":null,"operator":"REN","from":null,"to":null,"displayLabel":"REN · 400 kV · OSM 1257511712","labelSource":"generated-identifier","voltageRaw":"400000","circuits":null,"cables":"6","frequency":"50","location":null,"sourceProvider":"ArcGIS OSM Europe","sourceFallback":null,"sourceLicense":"ODbL 1.0","osmTimestamp":"2024-03-04T15:48:53Z"},"geometry":{"type":"LineString","coordinates":[[-8.8363904,40.0565549],[-8.8336869,40.0550533],[-8.8292184,40.0530306],[-8.8239088,40.0506214],[-8.819536,40.0486378],[-8.8140981,40.0461569],[-8.8099121,40.0443641],[-8.8082054,40.042185],[-8.8066497,40.0402242]]}},{"type":"Feature","properties":{"assetId":"PT-line-way-1257511713","countryCode":"PT","assetType":"line","powerType":"line","osmType":"way","osmId":"1257511713","actualVoltagesKv":[400],"actualVoltageKv":400,"gridClass":"400","displayClass":"400 kV sınıfı","name":"Lavos - Rio Maior","ref":null,"operator":"REN","from":null,"to":null,"displayLabel":"Lavos - Rio Maior","labelSource":"osm-name","voltageRaw":"400000","circuits":null,"cables":null,"frequency":null,"location":null,"sourceProvider":"ArcGIS OSM Europe","sourceFallback":null,"sourceLicense":"ODbL 1.0","osmTimestamp":"2024-03-04T15:48:53Z"},"geometry":{"type":"LineString","coordinates":[[-8.8062552,40.0403467],[-8.8066497,40.0402242]]}},{"type":"Feature","properties":{"assetId":"PT-line-way-1257622757","countryCode":"PT","assetType":"line","powerType":"line","osmType":"way","osmId":"1257622757","actualVoltagesKv":[400],"actualVoltageKv":400,"gridClass":"400","displayClass":"400 kV sınıfı","name":null,"ref":null,"operator":"REN","from":null,"to":null,"displayLabel":"REN · 400 kV · OSM 1257622757","labelSource":"generated-identifier","voltageRaw":"400000","circuits":null,"cables":"6","frequency":"50","location":null,"sourceProvider":"ArcGIS OSM Europe","sourceFallback":null,"sourceLicense":"ODbL 1.0","osmTimestamp":"2024-03-04T23:07:11Z"},"geometry":{"type":"LineString","coordinates":[[-7.6812767,41.1165588],[-7.6836899,41.1182236],[-7.6872816,41.1207057],[-7.6906271,41.1223263],[-7.704812,41.1227771]]}},{"type":"Feature","properties":{"assetId":"PT-line-way-1257622758","countryCode":"PT","assetType":"line","powerType":"line","osmType":"way","osmId":"1257622758","actualVoltagesKv":[220,400],"actualVoltageKv":400,"gridClass":"400","displayClass":"400 kV sınıfı","name":null,"ref":null,"operator":"REN","from":null,"to":null,"displayLabel":"REN · 400 kV · OSM 1257622758","labelSource":"generated-identifier","voltageRaw":"400000;220000","circuits":null,"cables":"6","frequency":"50","location":null,"sourceProvider":"ArcGIS OSM Europe","sourceFallback":null,"sourceLicense":"ODbL 1.0","osmTimestamp":"2024-03-04T23:07:11Z"},"geometry":{"type":"LineString","coordinates":[[-7.6810102,41.1179406],[-7.6722152,41.1129022],[-7.6694253,41.1101886],[-7.6654115,41.106221],[-7.6646769,41.1050028]]}},{"type":"Feature","properties":{"assetId":"PT-line-way-127205621","countryCode":"PT","assetType":"line","powerType":"line","osmType":"way","osmId":"127205621","actualVoltagesKv":[400],"actualVoltageKv":400,"gridClass":"400","displayClass":"400 kV sınıfı","name":null,"ref":null,"operator":"REN","from":null,"to":null,"displayLabel":"REN · 400 kV · OSM 127205621","labelSource":"generated-identifier","voltageRaw":"400000","circuits":null,"cables":"3","frequency":"50","location":null,"sourceProvider":"ArcGIS OSM Europe","sourceFallback":null,"sourceLicense":"ODbL 1.0","osmTimestamp":"2024-02-29T16:01:12Z"},"geometry":{"type":"LineString","coordinates":[[-6.7386613,41.2202245],[-6.739413,41.2191498],[-6.7388007,41.2162877],[-6.7379441,41.2153724],[-6.7380215,41.2135472],[-6.7389433,41.2124953]]}},{"type":"Feature","properties":{"assetId":"PT-line-way-134140293","countryCode":"PT","assetType":"line","powerType":"line","osmType":"way","osmId":"134140293","actualVoltagesKv":[400],"actualVoltageKv":400,"gridClass":"400","displayClass":"400 kV sınıfı","name":null,"ref":null,"operator":"REN","from":null,"to":null,"displayLabel":"REN · 400 kV · OSM 134140293","labelSource":"generated-identifier","voltageRaw":"400000","circuits":null,"cables":"6","frequency":"50","location":null,"sourceProvider":"ArcGIS OSM Europe","sourceFallback":null,"sourceLicense":"ODbL 1.0","osmTimestamp":"2024-03-01T12:05:19Z"},"geometry":{"type":"LineString","coordinates":[[-8.9098958,39.0387244],[-8.9110081,39.0371859],[-8.9152164,39.0352101],[-8.9151943,39.031426],[-8.9197745,39.0289844],[-8.925265,39.026496],[-8.9302733,39.0239082],[-8.9325633,39.0217501],[-8.9360875,39.0183899],[-8.9390238,39.0146751],[-8.9415881,39.0140201],[-8.9457376,39.0129363],[-8.9491529,39.0133978]]}},{"type":"Feature","properties":{"assetId":"PT-line-way-135457231","countryCode":"PT","assetType":"line","powerType":"line","osmType":"way","osmId":"135457231","actualVoltagesKv":[400],"actualVoltageKv":400,"gridClass":"400","displayClass":"400 kV sınıfı","name":"Central do Alto Lindoso - Alto Lindoso 2","ref":null,"operator":"REN","from":null,"to":null,"displayLabel":"Central do Alto Lindoso - Alto Lindoso 2","labelSource":"osm-name","voltageRaw":"400000","circuits":null,"cables":"3","frequency":null,"location":null,"sourceProvider":"ArcGIS OSM Europe","sourceFallback":null,"sourceLicense":"ODbL 1.0","osmTimestamp":"2024-03-02T02:04:55Z"},"geometry":{"type":"LineString","coordinates":[[-8.2075891,41.867904],[-8.206831,41.8679998],[-8.2054352,41.8679471],[-8.2037705,41.8681982],[-8.2029809,41.8688698]]}},{"type":"Feature","properties":{"assetId":"PT-line-way-135457232","countryCode":"PT","assetType":"line","powerType":"line","osmType":"way","osmId":"135457232","actualVoltagesKv":[400],"actualVoltageKv":400,"gridClass":"400","displayClass":"400 kV sınıfı","name":"Central do Alto Lindoso - Alto Lindoso 1","ref":null,"operator":"REN","from":null,"to":null,"displayLabel":"Central do Alto Lindoso - Alto Lindoso 1","labelSource":"osm-name","voltageRaw":"400000","circuits":null,"cables":"3","frequency":null,"location":null,"sourceProvider":"ArcGIS OSM Europe","sourceFallback":null,"sourceLicense":"ODbL 1.0","osmTimestamp":"2024-03-02T02:04:55Z"},"geometry":{"type":"LineString","coordinates":[[-8.2033216,41.8690657],[-8.204286,41.8684714],[-8.2056324,41.8683548],[-8.2074843,41.8688015],[-8.2081688,41.8687141]]}},{"type":"Feature","properties":{"assetId":"PT-line-way-135909670-part-1","countryCode":"PT","assetType":"line","powerType":"line","osmType":"way","osmId":"135909670","actualVoltagesKv":[400],"actualVoltageKv":400,"gridClass":"400","displayClass":"400 kV sınıfı","name":null,"ref":null,"operator":"REN","from":null,"to":null,"displayLabel":"REN · 400 kV · OSM 135909670","labelSource":"generated-identifier","voltageRaw":"400000","circuits":null,"cables":"6","frequency":"50","location":null,"sourceProvider":"ArcGIS OSM Europe","sourceFallback":null,"sourceLicense":"ODbL 1.0","osmTimestamp":"2024-02-29T16:01:12Z"},"geometry":{"type":"LineString","coordinates":[[-8.603445,38.6485852],[-8.5991806,38.6446663],[-8.5933655,38.6421617],[-8.5894654,38.6404818],[-8.5867258,38.6399464],[-8.5852629,38.6403478],[-8.5823071,38.6430746],[-8.5793245,38.6459153],[-8.5748881,38.6502599],[-8.571353,38.6535695],[-8.567673,38.6570256],[-8.5646206,38.6598573],[-8.5640037,38.6630911],[-8.5642666,38.6663205],[-8.5644651,38.6694158],[-8.5647172,38.6730093],[-8.5649371,38.6765565],[-8.5651946,38.6799319],[-8.5654843,38.6834998],[-8.5658866,38.6865273],[-8.5662031,38.6897054],[-8.5666591,38.6930634],[-8.5669971,38.6967269],[-8.5673565,38.7006414],[-8.5679305,38.7056274],[-8.5697758,38.7079507],[-8.5728282,38.7120446],[-8.5759932,38.7160713],[-8.5784555,38.7192606],[-8.5797215,38.721211],[-8.5814059,38.7236134],[-8.5835302,38.7265597],[-8.5864163,38.7282085],[-8.5902786,38.7305353],[-8.5937923,38.7324142],[-8.5968286,38.7341801],[-8.6009646,38.7364942],[-8.6043871,38.7384315],[-8.6057496,38.740737],[-8.6060554,38.7445654],[-8.6064094,38.7483267],[-8.6047465,38.7516652],[-8.6028367,38.7552421],[-8.6016405,38.7582791],[-8.600589,38.7606049],[-8.601855,38.7639345],[-8.6029601,38.7669419],[-8.6042583,38.7707856],[-8.6053902,38.7736798],[-8.6089414,38.7769669],[-8.6124927,38.7803794],[-8.6159045,38.7835575],[-8.618694,38.7861585],[-8.6213762,38.7888304],[-8.6256033,38.7908541],[-8.629911,38.7928486],[-8.6318153,38.7964526],[-8.6330599,38.798982],[-8.6346048,38.8017747],[-8.6356026,38.8042119],[-8.6373299,38.8094624],[-8.6388695,38.8131324],[-8.6400443,38.8160709],[-8.6409563,38.8183781],[-8.6419916,38.8208691],[-8.6431772,38.8240914],[-8.6445558,38.8275768],[-8.645854,38.8308782],[-8.646766,38.8330554],[-8.6479247,38.8363481],[-8.6490887,38.8391811],[-8.6501241,38.8420182],[-8.6511594,38.8446546],[-8.6526185,38.8485568],[-8.6540562,38.8520954],[-8.6554778,38.8558092],[-8.6536592,38.8596106],[-8.6514115,38.8619456],[-8.6492014,38.8643849],[-8.647002,38.866724],[-8.6459935,38.8689669],[-8.6466211,38.8712807],[-8.6492389,38.8736654],[-8.6522108,38.8763424],[-8.6551881,38.8789985],[-8.6579078,38.88155],[-8.6613894,38.8830157],[-8.6649942,38.8844939],[-8.6672366,38.8873125],[-8.6691624,38.889751],[-8.671689,38.8930286],[-8.6733413,38.8950202],[-8.6752993,38.8975419],[-8.6774236,38.9003599],[-8.6796713,38.9030276],[-8.6838877,38.9047538],[-8.6883992,38.907056],[-8.6926532,38.9093102],[-8.6960381,38.9104873],[-8.6991978,38.9116477],[-8.7034303,38.9132005],[-8.7064129,38.9147908],[-8.709594,38.9164895],[-8.713671,38.9181006],[-8.7170827,38.919478],[-8.7206608,38.920922],[-8.7233806,38.9219863],[-8.7265885,38.922821],[-8.7293726,38.923831],[-8.7320066,38.9248284],[-8.7364644,38.926239],[-8.7415391,38.9253376],[-8.7460399,38.9245404],[-8.7516993,38.9235639],[-8.7564683,38.9227167],[-8.7609851,38.921907],[-8.76459,38.9212768],[-8.7677765,38.9207301],[-8.7679029,38.9207077],[-8.7728351,38.9198327],[-8.776381,38.9192067],[-8.7795514,38.9198119],[-8.7827057,38.9204462],[-8.7861657,38.9207593],[-8.7888372,38.9210139],[-8.7900603,38.9210097],[-8.7922061,38.9206132],[-8.7950116,38.9193903],[-8.7968731,38.9174954],[-8.8018727,38.915805],[-8.806926,38.9140269],[-8.8119847,38.9122947],[-8.8170809,38.9105583],[-8.8189101,38.9081706],[-8.8220751,38.9053278],[-8.8258249,38.9019171],[-8.8293922,38.8986274],[-8.8329274,38.8954753],[-8.8368863,38.8943772],[-8.8404965,38.8942311],[-8.842991,38.8941476],[-8.8482159,38.8939305],[-8.8531244,38.893275],[-8.8580382,38.8926194],[-8.8624263,38.8942979],[-8.8662726,38.8957592],[-8.8691211,38.896828],[-8.8737023,38.8985105],[-8.8776881,38.899955],[-8.8796729,38.9007733],[-8.884922,38.901412],[-8.8876069,38.9029357],[-8.8898257,38.9049147],[-8.8925836,38.9073772],[-8.8949645,38.9095015],[-8.8985563,38.9114762],[-8.9032217,38.9140082],[-8.9057598,38.9153933],[-8.9100162,38.9177122],[-8.9136959,38.9197232],[-8.9174231,38.9217639],[-8.9211672,38.9238082],[-8.9248168,38.9258033],[-8.9285229,38.927803],[-8.9322623,38.9298471],[-8.9360329,38.9319068],[-8.9397337,38.9339327],[-8.94399,38.935118],[-8.9482374,38.9363027],[-8.9524698,38.9374838],[-8.9565352,38.9386117],[-8.9608922,38.9398257],[-8.9651419,38.9409807],[-8.9694034,38.9422281],[-8.9737686,38.9434154],[-8.9781658,38.944632],[-8.9824009,38.9457125],[-8.986447964053244,38.94687196310528]]}},{"type":"Feature","properties":{"assetId":"PT-line-way-135909670-part-2","countryCode":"PT","assetType":"line","powerType":"line","osmType":"way","osmId":"135909670","actualVoltagesKv":[400],"actualVoltageKv":400,"gridClass":"400","displayClass":"400 kV sınıfı","name":null,"ref":null,"operator":"REN","from":null,"to":null,"displayLabel":"REN · 400 kV · OSM 135909670","labelSource":"generated-identifier","voltageRaw":"400000","circuits":null,"cables":"6","frequency":"50","location":null,"sourceProvider":"ArcGIS OSM Europe","sourceFallback":null,"sourceLicense":"ODbL 1.0","osmTimestamp":"2024-02-29T16:01:12Z"},"geometry":{"type":"LineString","coordinates":[[-8.98996345243736,38.9478791325063],[-8.9929058,38.9487221],[-8.9948447,38.9492377],[-8.9962001,38.9493218],[-8.9973815,38.9488491],[-8.9997634,38.9478303],[-9.0048677,38.94673],[-9.0099974,38.9457787],[-9.01344,38.9456254],[-9.0165178,38.9454825],[-9.019868,38.9453443],[-9.0235117,38.9448274],[-9.0264756,38.945932],[-9.0296312,38.9457537],[-9.0319245,38.9446908],[-9.0360832,38.9438261],[-9.0412183,38.9449438],[-9.0443283,38.9444259],[-9.0488425,38.9435445],[-9.053016,38.9427215],[-9.0592226,38.9420247],[-9.0631776,38.9410609],[-9.0658477,38.9413958],[-9.0692259,38.9414854],[-9.0745756,38.9409691],[-9.07648,38.9398801],[-9.0788725,38.9338694],[-9.080392,38.9326301],[-9.0828797,38.9298905],[-9.0849423,38.9292479],[-9.0867998,38.9286605],[-9.0922219,38.9282327],[-9.0970579,38.9278373],[-9.1019985,38.9274325],[-9.1059119,38.927106],[-9.110764,38.9266949],[-9.1146988,38.9252478],[-9.1162679,38.9229462],[-9.1182996,38.9198588],[-9.1204199,38.9166732],[-9.1224343,38.9136659],[-9.1245921,38.9104236],[-9.127796,38.9068348],[-9.1288474,38.901531],[-9.134291,38.8960775],[-9.1361189,38.8942854],[-9.137181,38.8925735],[-9.1371435,38.8909201]]}},{"type":"Feature","properties":{"assetId":"PT-line-way-137265337","countryCode":"PT","assetType":"line","powerType":"line","osmType":"way","osmId":"137265337","actualVoltagesKv":[400],"actualVoltageKv":400,"gridClass":"400","displayClass":"400 kV sınıfı","name":"Alto Lindoso - Riba d'Ave 2","ref":null,"operator":"REN","from":null,"to":null,"displayLabel":"Alto Lindoso - Riba d'Ave 2","labelSource":"osm-name","voltageRaw":"400000","circuits":null,"cables":"3","frequency":"50","location":null,"sourceProvider":"ArcGIS OSM Europe","sourceFallback":null,"sourceLicense":"ODbL 1.0","osmTimestamp":"2024-03-04T15:14:48Z"},"geometry":{"type":"LineString","coordinates":[[-8.2076197,41.8676216],[-8.2071752,41.8671851],[-8.2069749,41.8661119],[-8.209564,41.862965],[-8.2117183,41.8619573],[-8.2142878,41.860844],[-8.2166229,41.8598034],[-8.2255821,41.8588647],[-8.230599,41.8583699],[-8.2348678,41.8579002],[-8.2412677,41.8572908],[-8.2436079,41.8560537],[-8.2491508,41.8511544],[-8.2509393,41.8496765],[-8.2531806,41.8478091],[-8.2548922,41.8451418],[-8.2575396,41.8409668],[-8.2602052,41.836826],[-8.2625002,41.8332929],[-8.2636788,41.8313833],[-8.2653676,41.8287516],[-8.2691574,41.8229229],[-8.2728039,41.8172423],[-8.2740649,41.8143891],[-8.2764499,41.8087994],[-8.2772627,41.8069803],[-8.279654,41.8016878],[-8.2809944,41.7986688],[-8.2818204,41.7967811],[-8.2832341,41.7935413],[-8.2858206,41.787663],[-8.2873414,41.7842723],[-8.2893065,41.7797643],[-8.2909665,41.7759684],[-8.2933343,41.7706775],[-8.2955304,41.7657737],[-8.2982733,41.7595146],[-8.299046,41.7577315],[-8.2991273,41.7537774],[-8.2991273,41.7515592],[-8.2991634,41.7465056],[-8.2992493,41.7378068],[-8.2992945,41.7355139],[-8.2993939,41.7267124],[-8.2994662,41.7192521],[-8.2994662,41.71567],[-8.2995295,41.7130359],[-8.2995296,41.7105573],[-8.2995697,41.70636],[-8.2996481,41.6981531],[-8.2996956,41.6931829],[-8.2997302,41.6895599],[-8.2997567,41.686784],[-8.2997608,41.6862117],[-8.2997908,41.6832117],[-8.2998313,41.6789693],[-8.2998818,41.6736857],[-8.2999247,41.6691897],[-8.299985,41.6628805],[-8.3000134,41.6598988],[-8.3000325,41.6579004],[-8.3001097,41.6544926],[-8.3007905,41.6524935],[-8.3018877,41.6496416],[-8.3035926,41.645342],[-8.3055735,41.6404381],[-8.306344,41.6385192],[-8.3078518,41.6347638],[-8.3090511,41.6315739],[-8.3081403,41.6278116],[-8.3076093,41.6258352],[-8.3069817,41.623351],[-8.3064248,41.6211584],[-8.3080568,41.6182395],[-8.3095665,41.6155394],[-8.3116138,41.6118776],[-8.3113906,41.6088141],[-8.3111877,41.6060301],[-8.3109603,41.6031829],[-8.3108585,41.600714],[-8.3108172,41.5983593],[-8.3107029,41.5949044],[-8.3106623,41.5920833],[-8.3105631,41.5883859],[-8.3104199,41.585178],[-8.3103511,41.5832197],[-8.3102569,41.5805343],[-8.31012,41.57836],[-8.3100171,41.5744095],[-8.3098235,41.5708562],[-8.3087094,41.5685829],[-8.3078333,41.566795],[-8.3057079,41.5624002],[-8.3041605,41.5592426],[-8.3051004,41.5562621],[-8.3061016,41.553087],[-8.3071244,41.5498431],[-8.3086804,41.5449081],[-8.3085545,41.543147],[-8.3084976,41.5402008],[-8.3082357,41.5350768],[-8.3081496,41.5323148],[-8.3079598,41.5283368],[-8.3066414,41.5244901],[-8.3057939,41.5220172],[-8.3048747,41.5194609],[-8.3036816,41.5161429],[-8.3026078,41.5130883],[-8.3017141,41.5106206],[-8.3006341,41.5075687],[-8.2996642,41.5048281],[-8.2988102,41.5024147],[-8.2979604,41.5000131],[-8.2984777,41.4965144],[-8.2990969,41.4921962],[-8.2999784,41.4862995],[-8.3006506,41.4814097],[-8.3010345,41.4787206],[-8.301521,41.4758224],[-8.3056025,41.4719334],[-8.3080051,41.4697584],[-8.309938,41.4680371],[-8.3122124,41.4659494],[-8.3148246,41.4636016],[-8.3174982,41.4612173],[-8.3209125,41.4581564],[-8.3231552,41.4561134],[-8.3261082,41.4534563],[-8.3274636,41.4493465],[-8.3285917,41.446187],[-8.3298058,41.4412388],[-8.3295587,41.4391363],[-8.3291601,41.4364771],[-8.3286467,41.4330877],[-8.3283072,41.4307259],[-8.3274972,41.4255292],[-8.3294246,41.4225013],[-8.3303939,41.4209919],[-8.334208,41.4184495],[-8.337329,41.4164431],[-8.3407034,41.4155065],[-8.3495964,41.4131614],[-8.3547409,41.4118018],[-8.3597667,41.4104312],[-8.3644158,41.4092127],[-8.3697318,41.4077955],[-8.3732851,41.4066229],[-8.374933,41.4059264]]}},{"type":"Feature","properties":{"assetId":"PT-line-way-137265338","countryCode":"PT","assetType":"line","powerType":"line","osmType":"way","osmId":"137265338","actualVoltagesKv":[400],"actualVoltageKv":400,"gridClass":"400","displayClass":"400 kV sınıfı","name":null,"ref":null,"operator":"REN","from":null,"to":null,"displayLabel":"REN · 400 kV · OSM 137265338","labelSource":"generated-identifier","voltageRaw":"400000","circuits":null,"cables":"3","frequency":"50","location":null,"sourceProvider":"ArcGIS OSM Europe","sourceFallback":null,"sourceLicense":"ODbL 1.0","osmTimestamp":"2024-03-02T02:04:55Z"},"geometry":{"type":"LineString","coordinates":[[-8.2088042,41.8687203],[-8.2092606,41.8691972],[-8.2109072,41.8694507],[-8.213048,41.8689035],[-8.223164,41.8662623],[-8.2327178,41.8637685],[-8.2345646,41.8625073],[-8.2372805,41.8606179],[-8.2418561,41.8576003],[-8.2437097,41.8570218],[-8.2486721,41.8565231],[-8.2532247,41.8552395],[-8.2559982,41.8544494],[-8.2594662,41.8534375],[-8.2620124,41.8521376],[-8.2649926,41.8504048],[-8.2693758,41.8479476],[-8.2727874,41.8460458],[-8.275591,41.8444941],[-8.2799278,41.8420922],[-8.2852969,41.8373852],[-8.2899202,41.8304723],[-8.2916118,41.827888],[-8.2927269,41.826029],[-8.2986915,41.8168753],[-8.3000318,41.8148638],[-8.3037808,41.8091139],[-8.3049092,41.8073733],[-8.3058601,41.8060043],[-8.3092778,41.8017463],[-8.3108028,41.7982913],[-8.3119004,41.7967232],[-8.3157288,41.7908458],[-8.3169643,41.7889298],[-8.3202972,41.7838203],[-8.3243049,41.7776961],[-8.3271036,41.7732781],[-8.3314688,41.7668288],[-8.333878,41.7630301],[-8.3344066,41.7614567],[-8.3353978,41.7585373],[-8.3359823,41.7567402],[-8.3368921,41.7542338],[-8.3393928,41.746866],[-8.3399061,41.7453947],[-8.3414411,41.740749],[-8.342849,41.7367553],[-8.3424475,41.7346616],[-8.3420612,41.7327348],[-8.3410361,41.7276612],[-8.3397059,41.7208623],[-8.3392345,41.7184489],[-8.337993,41.7123531],[-8.3379133,41.7103112],[-8.337752,41.7069893],[-8.3376347,41.7034283],[-8.3374704,41.7002842],[-8.3372732,41.6970523],[-8.3371229,41.6935819],[-8.3369366,41.6897384],[-8.3368099,41.6859485],[-8.3367535,41.6843918],[-8.3365564,41.6808611],[-8.3364106,41.6770297],[-8.3362778,41.6741362],[-8.334838,41.6711234],[-8.3334112,41.6683527],[-8.3312216,41.6639594],[-8.3299844,41.6609797],[-8.3273938,41.655583],[-8.3259856,41.6529222],[-8.3249559,41.6509334],[-8.3234297,41.6475851],[-8.3203802,41.6447097],[-8.3183382,41.6427464],[-8.3159128,41.6404831],[-8.3146436,41.6376067],[-8.3134514,41.6348954],[-8.3128575,41.629447],[-8.3125755,41.6271698],[-8.3122935,41.6246306],[-8.3131181,41.6213374],[-8.313412,41.6205935],[-8.314532,41.6177592],[-8.3168775,41.6118512],[-8.317552,41.6101289],[-8.318902,41.6067216],[-8.320519,41.6026975],[-8.3218636,41.5992972],[-8.3231909,41.5959349],[-8.3241321,41.5935655],[-8.3254925,41.5901406],[-8.3268394,41.5867494],[-8.3276476,41.5847751],[-8.3280041,41.5811621],[-8.3282036,41.5777872],[-8.3286533,41.5747069],[-8.3288329,41.57341]]}},{"type":"Feature","properties":{"assetId":"PT-line-way-137270483","countryCode":"PT","assetType":"line","powerType":"line","osmType":"way","osmId":"137270483","actualVoltagesKv":[400],"actualVoltageKv":400,"gridClass":"400","displayClass":"400 kV sınıfı","name":"Pego - Rio Maior","ref":null,"operator":"REN","from":null,"to":null,"displayLabel":"Pego - Rio Maior","labelSource":"osm-name","voltageRaw":"400000","circuits":null,"cables":"3","frequency":"50","location":null,"sourceProvider":"ArcGIS OSM Europe","sourceFallback":null,"sourceLicense":"ODbL 1.0","osmTimestamp":"2024-03-02T22:02:01Z"},"geometry":{"type":"LineString","coordinates":[[-9.0009889,39.3378968],[-8.9994887,39.3377254],[-8.9943915,39.3368633],[-8.9913641,39.3363731],[-8.9880661,39.3359032],[-8.984547,39.3366996],[-8.9771709,39.338575],[-8.9719664,39.339908],[-8.9704225,39.3403092],[-8.9672189,39.3411775],[-8.9612654,39.3427362],[-8.9556746,39.3442724],[-8.9531426,39.3449279],[-8.9496086,39.3459016],[-8.9444577,39.3473008],[-8.9401071,39.3484043],[-8.9349532,39.3497761],[-8.9307306,39.350858],[-8.9279634,39.3515972],[-8.9251457,39.3523534],[-8.9213008,39.3533394],[-8.9191389,39.3539243],[-8.9152068,39.3549654],[-8.9131952,39.3554963],[-8.909247,39.3554715],[-8.9035017,39.3554549],[-8.9002294,39.3554466],[-8.8966446,39.3554146],[-8.8940817,39.3554092],[-8.8900893,39.355398],[-8.8867486,39.3553678],[-8.88228,39.3553512],[-8.8779389,39.3553441],[-8.8741476,39.3553097],[-8.8683956,39.3552943],[-8.8638747,39.3552807],[-8.859551,39.3552475],[-8.8563162,39.3552475],[-8.8518678,39.3552197],[-8.8478941,39.3551935],[-8.8424439,39.3551728],[-8.8377554,39.3551687],[-8.8335765,39.3551355],[-8.8297838,39.3550733],[-8.8261468,39.3550816],[-8.8224131,39.3550816],[-8.8156593,39.3550525],[-8.8131327,39.3550525],[-8.8091845,39.355011],[-8.8057137,39.3549986],[-8.7998182,39.3549779],[-8.7974726,39.3549501],[-8.7934882,39.3549488],[-8.7894649,39.3549156],[-8.7853557,39.3548907],[-8.7827915,39.3548783],[-8.7800744,39.354851],[-8.7766908,39.3548403],[-8.7732335,39.3548231],[-8.7688842,39.3548017],[-8.7648395,39.3547884],[-8.7608068,39.3547455],[-8.7565861,39.3547366],[-8.7525174,39.354715],[-8.7497588,39.3547059],[-8.7488188,39.3548994],[-8.7402693,39.3566119],[-8.7333599,39.3579943],[-8.730785,39.3585189],[-8.7266745,39.3593564],[-8.7223092,39.3602359],[-8.7182184,39.36106],[-8.714217,39.3618661],[-8.7088595,39.3629451],[-8.7054577,39.3636302],[-8.7005492,39.3646346],[-8.6962211,39.3655011],[-8.6934016,39.3660655],[-8.6892669,39.3668932],[-8.6853868,39.3676709],[-8.6828936,39.368173],[-8.6798731,39.3687902],[-8.673596,39.3700506],[-8.6691382,39.3709384],[-8.6655999,39.3716561],[-8.6620165,39.3723865],[-8.6584935,39.3730898],[-8.655079,39.3737634],[-8.6520352,39.3743916],[-8.6477077,39.3759763],[-8.6426139,39.3777589],[-8.6379752,39.3795587],[-8.6332452,39.3812174],[-8.6293452,39.3826456],[-8.6260129,39.3838673],[-8.6218938,39.385397],[-8.617216,39.3871085],[-8.6136751,39.388508],[-8.6085762,39.3902749],[-8.6043392,39.3918379],[-8.6001661,39.3933867],[-8.5967801,39.394707],[-8.5931069,39.3959638],[-8.5902676,39.3970059],[-8.5853853,39.3987978],[-8.5818789,39.4001049],[-8.5785877,39.4013784],[-8.5750443,39.4026645],[-8.5696298,39.4046665],[-8.5657337,39.4061012],[-8.5627204,39.4072094],[-8.5601547,39.4081612],[-8.5566479,39.4094434],[-8.5502198,39.4105672],[-8.5461095,39.4112836],[-8.5418057,39.4120303],[-8.5385656,39.4126064],[-8.5362964,39.4130054],[-8.5345384,39.4133145],[-8.53035,39.4140528],[-8.5259083,39.4148464],[-8.5225909,39.4154067],[-8.5179939,39.4162091],[-8.5133073,39.4170222],[-8.510148,39.4175783],[-8.505837,39.4183324],[-8.5016715,39.4190515],[-8.4976197,39.4197997],[-8.4939294,39.4204503],[-8.4892871,39.4212617],[-8.4852928,39.4219483],[-8.4807833,39.4227457],[-8.4764357,39.4235063],[-8.4718104,39.4243055],[-8.4684568,39.4248902],[-8.4644341,39.4256124],[-8.4588542,39.4258799],[-8.4541537,39.4260743],[-8.4509538,39.4262208],[-8.4445198,39.4265679],[-8.4408858,39.4267423],[-8.4364584,39.4269615],[-8.4316101,39.4272045],[-8.4270537,39.4274261],[-8.4224043,39.4276521],[-8.417587,39.4278989],[-8.4135772,39.4281247],[-8.4055509,39.4285226],[-8.3996498,39.4288151],[-8.3937702,39.429116],[-8.3912625,39.4292407],[-8.3849349,39.4295553],[-8.3761417,39.4299926],[-8.3737076,39.4301136],[-8.3680873,39.430393],[-8.3633207,39.43063],[-8.3575669,39.4309161],[-8.352475,39.4311508],[-8.3489223,39.4313506],[-8.3453273,39.4315371],[-8.3406926,39.431768],[-8.3318854,39.4322693],[-8.3258988,39.4325469],[-8.3161623,39.4329985],[-8.3112378,39.4332347],[-8.3052779,39.4335454],[-8.2960082,39.4340219],[-8.2891257,39.4343782],[-8.2858265,39.4345398],[-8.282742,39.4347014],[-8.2806982,39.4343409],[-8.2720722,39.4328328],[-8.2668258,39.4319212],[-8.2636232,39.4313619],[-8.2607541,39.4308713],[-8.2560057,39.4300443],[-8.2502658,39.4290623],[-8.2471866,39.4285153],[-8.2421334,39.4276576],[-8.2403148,39.4273468],[-8.2377927,39.4268795],[-8.2315056,39.4257689],[-8.2286088,39.4252551],[-8.2220642,39.4241114],[-8.2186953,39.4235396],[-8.2138899,39.4226851],[-8.2107893,39.4221713],[-8.2077315,39.4216491],[-8.2052746,39.4212347],[-8.2031074,39.4211104],[-8.196551,39.42073],[-8.19343,39.4205717],[-8.1862846,39.4201656],[-8.1809953,39.4198506],[-8.1766716,39.4196351],[-8.1724873,39.419403],[-8.1673484,39.4190854],[-8.1612328,39.4187566],[-8.1563393,39.4185005],[-8.1530778,39.4194619],[-8.1465546,39.4245175],[-8.1444411,39.4260922],[-8.1420603,39.427956],[-8.1396667,39.431371],[-8.1383685,39.4331693],[-8.1360307,39.4365576],[-8.1339778,39.4394843],[-8.1301621,39.4448598],[-8.128749,39.4469318],[-8.1271362,39.4492338],[-8.125551,39.4515096],[-8.1234813,39.4544634],[-8.1219279,39.4566803],[-8.1199485,39.459505],[-8.1178189,39.4625439],[-8.1157796,39.4654642],[-8.1149455,39.4658773]]}},{"type":"Feature","properties":{"assetId":"PT-line-way-142182854","countryCode":"PT","assetType":"line","powerType":"line","osmType":"way","osmId":"142182854","actualVoltagesKv":[400],"actualVoltageKv":400,"gridClass":"400","displayClass":"400 kV sınıfı","name":"Riba d'Ave - Recarei 2","ref":null,"operator":"REN","from":null,"to":null,"displayLabel":"Riba d'Ave - Recarei 2","labelSource":"osm-name","voltageRaw":"400000","circuits":null,"cables":"3","frequency":"50","location":null,"sourceProvider":"ArcGIS OSM Europe","sourceFallback":null,"sourceLicense":"ODbL 1.0","osmTimestamp":"2024-03-02T22:02:01Z"},"geometry":{"type":"LineString","coordinates":[[-8.374933,41.4059264],[-8.3725696,41.406172],[-8.3685561,41.4054262],[-8.3650802,41.4047819],[-8.3599016,41.4038165],[-8.3580565,41.4035006],[-8.353963,41.4015359],[-8.3530326,41.4000985],[-8.3530516,41.3973045],[-8.3541081,41.3951054],[-8.3550264,41.3916941],[-8.3555373,41.3897963],[-8.3587908,41.3867761],[-8.3619332,41.3835984],[-8.3645798,41.3807183],[-8.3650144,41.3779973],[-8.3629567,41.3738846],[-8.3618385,41.3716084],[-8.3621649,41.3686889],[-8.3623826,41.366861],[-8.3628792,41.3631287],[-8.3625054,41.3607806],[-8.3602708,41.3582508],[-8.356994,41.3545452],[-8.3560125,41.3532333],[-8.3542037,41.3512035],[-8.3535454,41.3489136],[-8.353002,41.3471763],[-8.3522624,41.3448187],[-8.3512742,41.3417283],[-8.3486544,41.3395918],[-8.3462862,41.3375008],[-8.3425475,41.3344162],[-8.3408212,41.3331083],[-8.3399444,41.3309002],[-8.3397699,41.3287063],[-8.3418933,41.3255676],[-8.3439031,41.3225384],[-8.3451406,41.3206445],[-8.346112,41.3191839],[-8.3486195,41.3163106],[-8.3515475,41.3129305],[-8.3535585,41.3104917],[-8.3535949,41.3074653],[-8.3536132,41.3046545],[-8.3535504,41.3021822],[-8.3535925,41.297607],[-8.3535915,41.2941157],[-8.3535289,41.2916819],[-8.3536335,41.2886946],[-8.3535619,41.2863788],[-8.3535795,41.2835558],[-8.3545094,41.2817932],[-8.3557544,41.2794272],[-8.3585538,41.2771004],[-8.3610004,41.2750007],[-8.364177,41.2723833],[-8.3667834,41.2701901],[-8.3698353,41.2676456],[-8.3719248,41.265769],[-8.3738257,41.2629589],[-8.3753982,41.2605474],[-8.3774683,41.2575211],[-8.378941,41.2552179],[-8.3809692,41.2503264],[-8.3823029,41.247378],[-8.3835991,41.2443537],[-8.3846256,41.2419609],[-8.3867323,41.2370473],[-8.3881177,41.2339287],[-8.3900159,41.2295371],[-8.3916503,41.2257986],[-8.3934869,41.2215973],[-8.3950792,41.217922],[-8.3961306,41.2153838],[-8.3983382,41.2104595],[-8.3988505,41.2092137],[-8.4012676,41.2035144],[-8.4030724,41.2016834],[-8.4048337,41.1998574],[-8.4068612,41.1970781],[-8.4102334,41.1929595],[-8.4121266,41.1906543],[-8.4136562,41.1887718],[-8.4174609,41.1842628],[-8.4198154,41.1814728],[-8.4232247,41.1774375],[-8.4264065,41.1750373],[-8.4302418,41.1721666],[-8.432854,41.1701892],[-8.4355504,41.1681793],[-8.4379129,41.1664297],[-8.4409854,41.164139],[-8.4439598,41.1618316],[-8.4454886,41.1606924],[-8.4491733,41.1579286],[-8.4514511,41.1576134],[-8.4525551,41.1577089]]}},{"type":"Feature","properties":{"assetId":"PT-line-way-143143990","countryCode":"PT","assetType":"line","powerType":"line","osmType":"way","osmId":"143143990","actualVoltagesKv":[400],"actualVoltageKv":400,"gridClass":"400","displayClass":"400 kV sınıfı","name":"Recarei - Paraimo","ref":null,"operator":"REN","from":null,"to":null,"displayLabel":"Recarei - Paraimo","labelSource":"osm-name","voltageRaw":"400000","circuits":null,"cables":"3","frequency":"50","location":null,"sourceProvider":"ArcGIS OSM Europe","sourceFallback":null,"sourceLicense":"ODbL 1.0","osmTimestamp":"2024-03-02T22:02:01Z"},"geometry":{"type":"LineString","coordinates":[[-8.4528221,41.1565839],[-8.4517401,41.1562492],[-8.4502932,41.1555641],[-8.4476078,41.1540946],[-8.4455666,41.1529624],[-8.4425631,41.1513083],[-8.4379674,41.1487972],[-8.4343364,41.1467894],[-8.430345,41.1446387],[-8.4251474,41.141779],[-8.4218055,41.1399334],[-8.4158155,41.1366985],[-8.4127723,41.1349973],[-8.4098523,41.13338],[-8.406649,41.1290991],[-8.4042338,41.1257391],[-8.4022358,41.1230735],[-8.4002899,41.1204185],[-8.3972524,41.1162068],[-8.3950989,41.1132572],[-8.3925218,41.109729],[-8.3908244,41.1074436],[-8.3882512,41.1039486],[-8.3863794,41.1014091],[-8.3848508,41.0993472],[-8.380694,41.0936409],[-8.3786443,41.0908403],[-8.3754757,41.086431],[-8.3725932,41.0825846],[-8.370499,41.0796992],[-8.3669462,41.0748277],[-8.3633761,41.0699537],[-8.361917,41.0680027],[-8.3599438,41.0652958],[-8.3556298,41.0594119],[-8.3527203,41.0554551],[-8.3515341,41.0538166],[-8.3508287,41.050562],[-8.3501057,41.0469474],[-8.3495127,41.0442393],[-8.3480382,41.0372449],[-8.3469381,41.0318449],[-8.3459214,41.026985],[-8.3455121,41.0252212],[-8.3452511,41.0214498],[-8.3446032,41.0140685],[-8.3459103,41.0098929],[-8.3467921,41.0070472],[-8.3477657,41.0039238],[-8.3495593,40.9981919],[-8.3502172,40.9960891],[-8.3518863,40.9907545],[-8.3533572,40.9872089],[-8.3551119,40.9829791],[-8.3557808,40.9813667],[-8.358545,40.9746742],[-8.359506,40.9723473],[-8.3605072,40.969923],[-8.3631097,40.9636209],[-8.3650563,40.9589066],[-8.3660597,40.95643],[-8.3687904,40.9518487],[-8.3727376,40.9452259],[-8.3756017,40.94042],[-8.3777591,40.9367996],[-8.3792249,40.9343398],[-8.380861,40.931594],[-8.3830851,40.9278612],[-8.385001,40.9246455],[-8.3886529,40.9184543],[-8.3906019,40.9151498],[-8.3927705,40.9114729],[-8.3937803,40.9097607],[-8.3956937,40.9065161],[-8.3974581,40.9035242],[-8.3992767,40.9004401],[-8.4009291,40.8975693],[-8.4027775,40.8943579],[-8.4044348,40.8914784],[-8.4064561,40.8879519],[-8.4073098,40.8864281],[-8.4096159,40.8824755],[-8.4123962,40.8776437],[-8.4146055,40.8738041],[-8.4160585,40.8712626],[-8.4176886,40.8684111],[-8.4198003,40.864717],[-8.422593,40.8623878],[-8.4251758,40.8602334],[-8.4289364,40.8570967],[-8.4310077,40.8553925],[-8.4339069,40.8529504],[-8.4397894,40.8480431],[-8.4429463,40.8453997],[-8.4475291,40.8415875],[-8.4494044,40.8400315],[-8.4546993,40.8352262],[-8.4575668,40.8326237],[-8.4617397,40.8288363],[-8.4636188,40.8271307],[-8.466003,40.8249666],[-8.4686789,40.8225319],[-8.4712454,40.8200821],[-8.4736195,40.8179993],[-8.4778142,40.814171],[-8.4817201,40.8108925],[-8.4839361,40.8089099],[-8.486226,40.8068612],[-8.4895988,40.8039142],[-8.4932758,40.8006329],[-8.4938659,40.79955],[-8.4959491,40.7957271],[-8.4978247,40.792285],[-8.5006407,40.7871165],[-8.5021532,40.7843404],[-8.5036038,40.7816885],[-8.5055727,40.7780682],[-8.5068857,40.7756885],[-8.5093768,40.7714967],[-8.5112098,40.7687412],[-8.5133052,40.7655912],[-8.513339,40.763917],[-8.5126938,40.7600773],[-8.5120919,40.7564955],[-8.5116065,40.7536067],[-8.511118,40.7506993],[-8.510426,40.7465802],[-8.509816,40.7429493],[-8.5092796,40.7397558],[-8.5086495,40.7360048],[-8.5080132,40.7322168],[-8.5075755,40.729611],[-8.5069921,40.7261373],[-8.5065105,40.7232694],[-8.5058959,40.7196102],[-8.5051927,40.7154224],[-8.5045915,40.7118422],[-8.5040627,40.7086929],[-8.5035582,40.7056879],[-8.5029499,40.7020649],[-8.5023108,40.6982583],[-8.5017603,40.6949788],[-8.501233,40.6918378],[-8.5007511,40.688967],[-8.5003063,40.6863167],[-8.4998389,40.6835323],[-8.4993089,40.6803745],[-8.4986525,40.6764632],[-8.4982172,40.6735754],[-8.4976885,40.6707191],[-8.4971516,40.6675195],[-8.4965401,40.6638755],[-8.4960254,40.6608079],[-8.495291,40.6564305],[-8.4947928,40.6534611],[-8.4942163,40.6500247],[-8.4936111,40.6464169],[-8.4930728,40.6432081],[-8.4924042,40.6392218],[-8.4920685,40.6372203],[-8.4916441,40.63469],[-8.491308,40.632686],[-8.4902816,40.6311304],[-8.488308,40.6283175],[-8.4862585,40.6253329],[-8.4830553,40.620668],[-8.4814408,40.6183166],[-8.475936,40.610472],[-8.4757252,40.6075816],[-8.4751845,40.6012466],[-8.4746748,40.5949902],[-8.4742397,40.5896106],[-8.4740683,40.5874908],[-8.4736671,40.5825287],[-8.4733834,40.5790204],[-8.4732007,40.576762],[-8.4728024,40.5718367],[-8.4723829,40.5666492],[-8.4722306,40.5647665],[-8.471967,40.561506],[-8.4727098,40.558222],[-8.4735077,40.5546944],[-8.4743133,40.5511082],[-8.4751696,40.5473307],[-8.4760279,40.5435437],[-8.476846,40.539934],[-8.4777757,40.5371575],[-8.4788825,40.5338522],[-8.4801847,40.5297719],[-8.4814947,40.5257852],[-8.4826064,40.5224015],[-8.4838169,40.5187172],[-8.4849312,40.5153255],[-8.4858637,40.5124869],[-8.487223,40.508349],[-8.4892592,40.504237],[-8.4911521,40.5004143],[-8.4931364,40.4964068],[-8.4948252,40.4929958],[-8.4963425,40.4899312],[-8.4977091,40.4871708],[-8.4992365,40.4840854],[-8.5007169,40.4810948],[-8.5019937,40.4785237]]}},{"type":"Feature","properties":{"assetId":"PT-line-way-143721891","countryCode":"PT","assetType":"line","powerType":"line","osmType":"way","osmId":"143721891","actualVoltagesKv":[400],"actualVoltageKv":400,"gridClass":"400","displayClass":"400 kV sınıfı","name":null,"ref":null,"operator":"REN","from":null,"to":null,"displayLabel":"REN · 400 kV · OSM 143721891","labelSource":"generated-identifier","voltageRaw":"400000","circuits":null,"cables":"6","frequency":"50","location":null,"sourceProvider":"ArcGIS OSM Europe","sourceFallback":null,"sourceLicense":"ODbL 1.0","osmTimestamp":"2024-02-29T16:01:12Z"},"geometry":{"type":"LineString","coordinates":[[-9.1448112,38.9011272],[-9.1421636,38.9048407],[-9.1426455,38.9072783],[-9.1434912,38.9110867],[-9.1418611,38.91234],[-9.1417161,38.9142417],[-9.1415692,38.9160186],[-9.1353816,38.9204013],[-9.1333017,38.9218947],[-9.1324822,38.9242612],[-9.1313458,38.9275457],[-9.1305682,38.9298526],[-9.1279536,38.9326123],[-9.1241616,38.9368629],[-9.1187565,38.9423503],[-9.1127496,38.9451696],[-9.1099304,38.9464927],[-9.1064875,38.9484341],[-9.1026409,38.9515088],[-9.0994958,38.9540917],[-9.0945034,38.9561879],[-9.0920565,38.9569043],[-9.088566,38.9579262],[-9.0835603,38.9588551],[-9.0776202,38.9599574],[-9.0755983,38.9623116],[-9.0724718,38.9676028],[-9.0706354,38.9699066],[-9.0682217,38.9729165],[-9.0653227,38.9752337],[-9.0603541,38.979205],[-9.0584017,38.9797439],[-9.0545803,38.9807987],[-9.0498003,38.9825022],[-9.0464548,38.9843537],[-9.0427733,38.9847987],[-9.0385722,38.9860036],[-9.0340276,38.9866549],[-9.0306253,38.9876036],[-9.0281331,38.9891667],[-9.0264953,38.9900268],[-9.0211937,38.9928083],[-9.0144488,38.9940757],[-9.010617,38.9962509],[-9.0092855,38.9998095],[-9.0068633,39.001618],[-9.0020478,39.0022519],[-8.9983271,39.0027424],[-8.99354,39.003377],[-8.9887959,39.0045192],[-8.9851291,39.0067137],[-8.9822064,39.0093284],[-8.9812427,39.0124465],[-8.9793575,39.0146526],[-8.9765388,39.0160622],[-8.9706809,39.0163607],[-8.9670286,39.0163035],[-8.9637346,39.0164499],[-8.9608807,39.0165888],[-8.9575143,39.0168011],[-8.9523261,39.0145796]]}},{"type":"Feature","properties":{"assetId":"PT-line-way-144148696","countryCode":"PT","assetType":"line","powerType":"line","osmType":"way","osmId":"144148696","actualVoltagesKv":[400],"actualVoltageKv":400,"gridClass":"400","displayClass":"400 kV sınıfı","name":null,"ref":null,"operator":"REN","from":null,"to":null,"displayLabel":"REN · 400 kV · OSM 144148696","labelSource":"generated-identifier","voltageRaw":"400000","circuits":null,"cables":"3","frequency":null,"location":null,"sourceProvider":"ArcGIS OSM Europe","sourceFallback":null,"sourceLicense":"ODbL 1.0","osmTimestamp":"2023-12-04T04:54:10Z"},"geometry":{"type":"LineString","coordinates":[[-8.2087207,41.8696839],[-8.2089325,41.8691182],[-8.2088042,41.8687203]]}},{"type":"Feature","properties":{"assetId":"PT-line-way-144148699","countryCode":"PT","assetType":"line","powerType":"line","osmType":"way","osmId":"144148699","actualVoltagesKv":[400],"actualVoltageKv":400,"gridClass":"400","displayClass":"400 kV sınıfı","name":null,"ref":null,"operator":"REN","from":null,"to":null,"displayLabel":"REN · 400 kV · OSM 144148699","labelSource":"generated-identifier","voltageRaw":"400000","circuits":null,"cables":"3","frequency":null,"location":null,"sourceProvider":"ArcGIS OSM Europe","sourceFallback":null,"sourceLicense":"ODbL 1.0","osmTimestamp":"2023-12-04T04:54:10Z"},"geometry":{"type":"LineString","coordinates":[[-8.2087207,41.8696839],[-8.2086052,41.8692571],[-8.2084971,41.8688767]]}},{"type":"Feature","properties":{"assetId":"PT-line-way-144327162","countryCode":"PT","assetType":"line","powerType":"line","osmType":"way","osmId":"144327162","actualVoltagesKv":[400],"actualVoltageKv":400,"gridClass":"400","displayClass":"400 kV sınıfı","name":"Lagoaça - Aldeadávila","ref":null,"operator":"REN","from":null,"to":null,"displayLabel":"Lagoaça - Aldeadávila","labelSource":"osm-name","voltageRaw":"400000","circuits":null,"cables":"3","frequency":null,"location":null,"sourceProvider":"ArcGIS OSM Europe","sourceFallback":null,"sourceLicense":"ODbL 1.0","osmTimestamp":"2024-03-02T22:02:01Z"},"geometry":{"type":"LineString","coordinates":[[-6.7367363,41.2216351],[-6.7345962,41.2207343],[-6.7302447,41.2187222],[-6.7273232,41.2182293],[-6.723783,41.2161297],[-6.7190554,41.2133262],[-6.7149965,41.2109132],[-6.7127415,41.2095703],[-6.7082935,41.2069214],[-6.7027868,41.2036416],[-6.6983006,41.2030046],[-6.6960727,41.2030137],[-6.6905626,41.2058719]]}},{"type":"Feature","properties":{"assetId":"PT-line-way-144377305","countryCode":"PT","assetType":"line","powerType":"line","osmType":"way","osmId":"144377305","actualVoltagesKv":[220,400],"actualVoltageKv":400,"gridClass":"400","displayClass":"400 kV sınıfı","name":null,"ref":null,"operator":"REN","from":null,"to":null,"displayLabel":"REN · 400 kV · OSM 144377305","labelSource":"generated-identifier","voltageRaw":"400000;220000","circuits":null,"cables":"6","frequency":"50","location":null,"sourceProvider":"ArcGIS OSM Europe","sourceFallback":null,"sourceLicense":"ODbL 1.0","osmTimestamp":"2024-02-29T16:01:12Z"},"geometry":{"type":"LineString","coordinates":[[-8.3569865,41.1947957],[-8.3534854,41.1936648],[-8.3486366,41.1919903],[-8.3426096,41.1898616],[-8.3390983,41.1886214],[-8.330742,41.1858617],[-8.3276626,41.1845685],[-8.3238424,41.1836794],[-8.3165369,41.1816668],[-8.3104482,41.1801498],[-8.3049659,41.178705],[-8.2986516,41.1770744],[-8.2942118,41.1759279],[-8.2902063,41.1749969],[-8.2779259,41.1717644],[-8.2694241,41.1695264],[-8.2640225,41.1686752],[-8.2575988,41.167663],[-8.24676,41.1659551],[-8.2389258,41.1647205],[-8.234484,41.1640206],[-8.2308876,41.1634538],[-8.2248303,41.1624993],[-8.2182047,41.1614551],[-8.2134231,41.1607016],[-8.2104113,41.1602269],[-8.2039886,41.1591819],[-8.1900353,41.1570836],[-8.1848131,41.1562641],[-8.1819963,41.1557809],[-8.1736033,41.1554079],[-8.1693902,41.1552206],[-8.16236,41.1549081],[-8.1533687,41.154124],[-8.1459016,41.1541871],[-8.1383653,41.1538057],[-8.1341627,41.153593],[-8.1198052,41.1529714],[-8.1160466,41.152797],[-8.110478,41.1525387],[-8.1039538,41.1517627],[-8.1016711,41.1515181],[-8.0962478,41.1500032],[-8.0929464,41.150827],[-8.0898286,41.1515239],[-8.0861889,41.1513536],[-8.0820862,41.1511617],[-8.078704,41.1510068],[-8.07479,41.1503727],[-8.0704688,41.1496727],[-8.0673586,41.1491688],[-8.064298,41.148673],[-8.0597632,41.1479383],[-8.0525135,41.1477481],[-8.0478461,41.1470419],[-8.0447442,41.1466312],[-8.0388603,41.1458122],[-8.0321303,41.1448754],[-8.0286631,41.1445115],[-8.0249608,41.1441228],[-8.0212145,41.1437296],[-8.0165669,41.1431343],[-8.0136565,41.1427616],[-8.0102116,41.1423219],[-8.0060687,41.1417833],[-8.0021946,41.1412936],[-7.9979222,41.1407268],[-7.9938672,41.1393036],[-7.9899193,41.1396859],[-7.9872024,41.1393314],[-7.9834994,41.1388481],[-7.9782073,41.1381575],[-7.9740693,41.1380662],[-7.9677527,41.1380271],[-7.9638919,41.1375113],[-7.9564642,41.136519],[-7.9540088,41.1367567],[-7.944585,41.1376691],[-7.9410636,41.1382292],[-7.9351276,41.142453],[-7.9299042,41.1430838],[-7.915063,41.1443978],[-7.9102993,41.1449988],[-7.9078564,41.145307],[-7.9055041,41.1448705],[-7.9011301,41.1440141],[-7.898681,41.1435678],[-7.8926957,41.1424009],[-7.8764433,41.1396657],[-7.8717461,41.1386701],[-7.8655836,41.1383102],[-7.8619154,41.1380959],[-7.8481517,41.1370035],[-7.8393861,41.1367029],[-7.8334145,41.1342584],[-7.8314143,41.1334398],[-7.8266166,41.1314299]]}},{"type":"Feature","properties":{"assetId":"PT-line-way-144377307","countryCode":"PT","assetType":"line","powerType":"line","osmType":"way","osmId":"144377307","actualVoltagesKv":[220,400],"actualVoltageKv":400,"gridClass":"400","displayClass":"400 kV sınıfı","name":"Recarei - Vermoim 2/3","ref":"4084","operator":"REN","from":null,"to":null,"displayLabel":"Recarei - Vermoim 2/3","labelSource":"osm-name","voltageRaw":"400000;220000","circuits":null,"cables":"6","frequency":"50","location":null,"sourceProvider":"ArcGIS OSM Europe","sourceFallback":null,"sourceLicense":"ODbL 1.0","osmTimestamp":"2024-03-04T23:07:11Z"},"geometry":{"type":"LineString","coordinates":[[-8.6000854,41.2321389],[-8.5984476,41.2326383],[-8.5938259,41.234074],[-8.590321,41.2351291],[-8.586146,41.2364551],[-8.5809571,41.2380953],[-8.5761355,41.2375955],[-8.5718363,41.2371811],[-8.567746,41.2367355],[-8.5631892,41.2362466],[-8.5584595,41.2357386],[-8.5550707,41.2353804],[-8.5489089,41.2347186],[-8.5438625,41.2341977],[-8.5407403,41.2338586],[-8.5351149,41.2332552],[-8.5311694,41.2328579],[-8.5267571,41.2323892],[-8.5223046,41.2319113],[-8.5200518,41.2316715],[-8.5171629,41.2303863],[-8.5151595,41.2294367],[-8.5099807,41.2270464],[-8.5087479,41.2265246],[-8.5083116,41.2262848],[-8.5021425,41.2228944],[-8.4977264,41.2205058],[-8.4950774,41.2190536],[-8.4918119,41.217266],[-8.4893081,41.2159267],[-8.4852912,41.2137462],[-8.4807013,41.2113127],[-8.4778383,41.2098036],[-8.4747278,41.208229],[-8.4707071,41.2061031],[-8.4670029,41.2041899],[-8.4629047,41.2020432],[-8.4586365,41.1998242],[-8.4544396,41.1976633],[-8.4537624,41.1964002],[-8.454432,41.19289],[-8.4552046,41.1887919],[-8.4556483,41.1864894],[-8.4561229,41.1838081],[-8.4564518,41.1819972],[-8.4574187,41.1768234],[-8.4577211,41.1751353],[-8.4585484,41.170665],[-8.4591552,41.1674386],[-8.4597105,41.1644262],[-8.4601353,41.162221],[-8.459876,41.1599023],[-8.4587809,41.158488],[-8.4567429,41.1573929]]}},{"type":"Feature","properties":{"assetId":"PT-line-way-144385738","countryCode":"PT","assetType":"line","powerType":"line","osmType":"way","osmId":"144385738","actualVoltagesKv":[400],"actualVoltageKv":400,"gridClass":"400","displayClass":"400 kV sınıfı","name":null,"ref":null,"operator":"REN","from":null,"to":null,"displayLabel":"REN · 400 kV · OSM 144385738","labelSource":"generated-identifier","voltageRaw":"400000","circuits":null,"cables":"3","frequency":null,"location":null,"sourceProvider":"ArcGIS OSM Europe","sourceFallback":null,"sourceLicense":"ODbL 1.0","osmTimestamp":"2024-03-01T15:45:11Z"},"geometry":{"type":"LineString","coordinates":[[-6.4951851,41.3314101],[-6.4934824,41.331243]]}},{"type":"Feature","properties":{"assetId":"PT-line-way-144385744","countryCode":"PT","assetType":"line","powerType":"line","osmType":"way","osmId":"144385744","actualVoltagesKv":[400],"actualVoltageKv":400,"gridClass":"400","displayClass":"400 kV sınıfı","name":null,"ref":null,"operator":"REN","from":null,"to":null,"displayLabel":"REN · 400 kV · OSM 144385744","labelSource":"generated-identifier","voltageRaw":"400000","circuits":null,"cables":"3","frequency":null,"location":null,"sourceProvider":"ArcGIS OSM Europe","sourceFallback":null,"sourceLicense":"ODbL 1.0","osmTimestamp":"2024-03-01T12:05:19Z"},"geometry":{"type":"LineString","coordinates":[[-6.7370561,41.2210765],[-6.7367363,41.2216351]]}},{"type":"Feature","properties":{"assetId":"PT-line-way-144385745","countryCode":"PT","assetType":"line","powerType":"line","osmType":"way","osmId":"144385745","actualVoltagesKv":[220,400],"actualVoltageKv":400,"gridClass":"400","displayClass":"400 kV sınıfı","name":null,"ref":null,"operator":"REN","from":null,"to":null,"displayLabel":"REN · 400 kV · OSM 144385745","labelSource":"generated-identifier","voltageRaw":"400000;220000","circuits":null,"cables":"6","frequency":"50","location":null,"sourceProvider":"ArcGIS OSM Europe","sourceFallback":null,"sourceLicense":"ODbL 1.0","osmTimestamp":"2024-03-01T12:05:19Z"},"geometry":{"type":"LineString","coordinates":[[-6.7365197,41.2230448],[-6.7329008,41.2265895],[-6.7288046,41.2306015],[-6.725357,41.233978],[-6.7198533,41.2373444],[-6.7150492,41.2402826],[-6.7104668,41.2430852],[-6.7065087,41.2455059],[-6.7024634,41.2479798],[-6.7005987,41.2514063],[-6.6985001,41.2552624],[-6.696567,41.2588142],[-6.6917895,41.2613281],[-6.6869222,41.261759],[-6.679793,41.2623902],[-6.6741161,41.2628928],[-6.6698732,41.2632684],[-6.6641649,41.2637623],[-6.6600631,41.2658842],[-6.6536138,41.2692202],[-6.6489345,41.2716366],[-6.6425211,41.2726312],[-6.6350006,41.2737975],[-6.6276237,41.2749415],[-6.6215631,41.2754026],[-6.6160626,41.2758211],[-6.610005,41.2762819],[-6.6051889,41.278605],[-6.5998882,41.2811618],[-6.5959664,41.2830534],[-6.5913329,41.2852818],[-6.5814744,41.2900229],[-6.5775083,41.2919302],[-6.5726868,41.2942487],[-6.5702437,41.2977968],[-6.5674937,41.3017904],[-6.5646925,41.3058581],[-6.560873,41.309291],[-6.5557962,41.3111473],[-6.5507392,41.3130082],[-6.5455178,41.3149295],[-6.5412892,41.3164664],[-6.5353224,41.318681],[-6.5297327,41.3192611],[-6.5243359,41.3198212],[-6.5191001,41.3203646],[-6.5141844,41.3226325],[-6.5076598,41.3256426],[-6.5013745,41.3285486],[-6.4951851,41.3314101]]}},{"type":"Feature","properties":{"assetId":"PT-line-way-144385754","countryCode":"PT","assetType":"line","powerType":"line","osmType":"way","osmId":"144385754","actualVoltagesKv":[400],"actualVoltageKv":400,"gridClass":"400","displayClass":"400 kV sınıfı","name":null,"ref":null,"operator":"REN","from":null,"to":null,"displayLabel":"REN · 400 kV · OSM 144385754","labelSource":"generated-identifier","voltageRaw":"400000","circuits":null,"cables":"3","frequency":null,"location":null,"sourceProvider":"ArcGIS OSM Europe","sourceFallback":null,"sourceLicense":"ODbL 1.0","osmTimestamp":"2024-03-01T12:05:19Z"},"geometry":{"type":"LineString","coordinates":[[-6.7375127,41.2212313],[-6.7368882,41.221913],[-6.7365197,41.2230448]]}},{"type":"Feature","properties":{"assetId":"PT-line-way-144385764","countryCode":"PT","assetType":"line","powerType":"line","osmType":"way","osmId":"144385764","actualVoltagesKv":[220,400],"actualVoltageKv":400,"gridClass":"400","displayClass":"400 kV sınıfı","name":null,"ref":null,"operator":"REN","from":null,"to":null,"displayLabel":"REN · 400 kV · OSM 144385764","labelSource":"generated-identifier","voltageRaw":"400000;220000","circuits":null,"cables":"6","frequency":"50","location":null,"sourceProvider":"ArcGIS OSM Europe","sourceFallback":null,"sourceLicense":"ODbL 1.0","osmTimestamp":"2024-03-01T12:05:19Z"},"geometry":{"type":"LineString","coordinates":[[-6.7389433,41.2124953],[-6.741498,41.2116005],[-6.7455777,41.2096327],[-6.7490471,41.2079593],[-6.7525613,41.2062642],[-6.7555787,41.2048086],[-6.7591937,41.2030648],[-6.7616871,41.2018621],[-6.7637604,41.2008619],[-6.7665041,41.2007279],[-6.7710207,41.2005073],[-6.7759236,41.2002678],[-6.7796365,41.2000864],[-6.7854938,41.1998003],[-6.7882295,41.1996667]]}},{"type":"Feature","properties":{"assetId":"PT-line-way-144385775","countryCode":"PT","assetType":"line","powerType":"line","osmType":"way","osmId":"144385775","actualVoltagesKv":[400],"actualVoltageKv":400,"gridClass":"400","displayClass":"400 kV sınıfı","name":null,"ref":null,"operator":"REN","from":null,"to":null,"displayLabel":"REN · 400 kV · OSM 144385775","labelSource":"generated-identifier","voltageRaw":"400000","circuits":null,"cables":"3","frequency":null,"location":null,"sourceProvider":"ArcGIS OSM Europe","sourceFallback":null,"sourceLicense":"ODbL 1.0","osmTimestamp":"2024-03-01T15:45:11Z"},"geometry":{"type":"LineString","coordinates":[[-6.481693,41.3046614],[-6.4829359,41.303272],[-6.4796887,41.3009851],[-6.4756794,41.3004128],[-6.473946,41.3006604],[-6.4739153,41.3002623]]}},{"type":"Feature","properties":{"assetId":"PT-line-way-144385780","countryCode":"PT","assetType":"line","powerType":"line","osmType":"way","osmId":"144385780","actualVoltagesKv":[220,400],"actualVoltageKv":400,"gridClass":"400","displayClass":"400 kV sınıfı","name":null,"ref":null,"operator":"REN","from":null,"to":null,"displayLabel":"REN · 400 kV · OSM 144385780","labelSource":"generated-identifier","voltageRaw":"400000;220000","circuits":null,"cables":"6","frequency":"50","location":null,"sourceProvider":"ArcGIS OSM Europe","sourceFallback":null,"sourceLicense":"ODbL 1.0","osmTimestamp":"2024-03-01T15:45:11Z"},"geometry":{"type":"LineString","coordinates":[[-6.4934824,41.331243],[-6.4942498,41.3287149],[-6.4935041,41.3250732],[-6.4924519,41.3213351],[-6.490729,41.3169414],[-6.4881225,41.3102905],[-6.4857027,41.3078449],[-6.4825508,41.3063763],[-6.481693,41.3046614]]}},{"type":"Feature","properties":{"assetId":"PT-line-way-144396407","countryCode":"PT","assetType":"line","powerType":"line","osmType":"way","osmId":"144396407","actualVoltagesKv":[220,400],"actualVoltageKv":400,"gridClass":"400","displayClass":"400 kV sınıfı","name":null,"ref":null,"operator":"REN","from":null,"to":null,"displayLabel":"REN · 400 kV · OSM 144396407","labelSource":"generated-identifier","voltageRaw":"400000;220000","circuits":null,"cables":"6","frequency":null,"location":null,"sourceProvider":"ArcGIS OSM Europe","sourceFallback":null,"sourceLicense":"ODbL 1.0","osmTimestamp":"2024-03-04T22:08:07Z"},"geometry":{"type":"LineString","coordinates":[[-7.7115226,41.1210077],[-7.710758,41.1174384],[-7.7109488,41.1128681],[-7.7119589,41.1105013],[-7.712881,41.1083406],[-7.7162159,41.1042016],[-7.7188358,41.1021033],[-7.7215572,41.0976039],[-7.7236459,41.0941505],[-7.7253907,41.0912654],[-7.7271519,41.0883531],[-7.7292336,41.0849245],[-7.7292398,41.0819406],[-7.7292735,41.0799453],[-7.7293221,41.0770675],[-7.7293949,41.0727585],[-7.7313649,41.0668434],[-7.7320665,41.0647367],[-7.7357317,41.0586083],[-7.7363245,41.0542517],[-7.7359314,41.0512113],[-7.7357938,41.047004],[-7.740908,41.0409639],[-7.7426961,41.0388381],[-7.7429334,41.0336103],[-7.7399299,41.0280792],[-7.7358025,41.0205259],[-7.7356246,41.0169892],[-7.7381424,41.0130331],[-7.7418664,41.011476],[-7.7453171,41.0116426],[-7.7478726,41.0113697],[-7.7523336,41.0104378],[-7.7549669,41.0083848],[-7.7574637,41.0073472],[-7.7621039,41.005708],[-7.7671018,41.0039554],[-7.7725345,41.0022671],[-7.775594,40.999772],[-7.78099,40.9952779],[-7.7834984,40.991913],[-7.7848665,40.9900827],[-7.7877019,40.9862824],[-7.7902,40.98297],[-7.7923809,40.9799197],[-7.794963,40.9765169],[-7.7965644,40.9750942],[-7.7991209,40.9728229],[-7.8021169,40.9701611],[-7.8050695,40.9675377],[-7.807491,40.9653862],[-7.8110858,40.9646821],[-7.8154086,40.9638273],[-7.819525,40.9630135],[-7.8223267,40.9614204],[-7.8227841,40.9611645],[-7.8244055,40.9602573],[-7.8247714,40.9600525],[-7.8252684,40.9597744],[-7.8257224,40.9595204],[-7.8287905,40.95779],[-7.8322244,40.9558729],[-7.8363017,40.9535565],[-7.8408717,40.951001],[-7.8447515,40.9488141],[-7.8479967,40.9469709],[-7.8512411,40.9451546],[-7.8532846,40.9416036],[-7.8553313,40.9380479],[-7.8572595,40.9346039],[-7.8595384,40.9319803],[-7.8625038,40.9285996],[-7.8647022,40.9262477],[-7.8676185,40.9229435],[-7.8696139,40.9206422],[-7.8725072,40.9173102],[-7.874645,40.9147608],[-7.8769051,40.9122198],[-7.8790857,40.9097504],[-7.8814076,40.9070529],[-7.8846255,40.9034159],[-7.8871527,40.9005205],[-7.8876522,40.8973788],[-7.888038,40.8947069],[-7.8886835,40.8904119],[-7.8892305,40.8869884],[-7.8901821,40.8807902],[-7.8907367,40.877402],[-7.8916759,40.8749274],[-7.8924032,40.8718329],[-7.8938626,40.8672765],[-7.894865,40.8638655],[-7.8958613,40.8605948],[-7.8970604,40.8567307],[-7.8989235,40.8505819],[-7.9033053,40.8474795],[-7.9068867,40.8448656],[-7.9108014,40.842173],[-7.91484,40.8393506],[-7.9189685,40.8363987],[-7.922067,40.8336329],[-7.924785,40.8310463],[-7.9269519,40.8290765],[-7.9309873,40.8253515],[-7.9357129,40.8219599],[-7.9385703,40.8190273],[-7.9411283,40.8163797],[-7.9429459,40.8107957],[-7.9447041,40.8053174],[-7.9459101,40.8017141],[-7.9469776,40.7986665],[-7.9480387,40.7955847],[-7.9503249,40.7887972],[-7.9513024,40.7859673],[-7.952337,40.7829016],[-7.9535596,40.7793348],[-7.9545867,40.7763606],[-7.9558731,40.7725006],[-7.9581985,40.765708],[-7.9588259,40.763856],[-7.9613305,40.7564629],[-7.9624771,40.7530241],[-7.9657937,40.7502073],[-7.9687863,40.7476656],[-7.9711376,40.7456685],[-7.9726806,40.7443579],[-7.9760384,40.7415058],[-7.9768019,40.7408573],[-7.9789635,40.7390211],[-7.9819818,40.7364571],[-7.982918,40.7340985],[-7.9841635,40.7309605],[-7.985376,40.7279055],[-7.9860965,40.7260903],[-7.9870047,40.7238018],[-7.9866469,40.7214776],[-7.9858071,40.7159392],[-7.9875608,40.7121787],[-7.9894451,40.7081377],[-7.9912518,40.7042306]]}},{"type":"Feature","properties":{"assetId":"PT-line-way-144396408","countryCode":"PT","assetType":"line","powerType":"line","osmType":"way","osmId":"144396408","actualVoltagesKv":[400],"actualVoltageKv":400,"gridClass":"400","displayClass":"400 kV sınıfı","name":null,"ref":null,"operator":"REN","from":null,"to":null,"displayLabel":"REN · 400 kV · OSM 144396408","labelSource":"generated-identifier","voltageRaw":"400000","circuits":null,"cables":"6","frequency":"50","location":null,"sourceProvider":"ArcGIS OSM Europe","sourceFallback":null,"sourceLicense":"ODbL 1.0","osmTimestamp":"2024-03-04T23:07:11Z"},"geometry":{"type":"LineString","coordinates":[[-7.664426,41.1003568],[-7.6658278,41.1013008],[-7.6669735,41.1042474],[-7.6687633,41.1067176],[-7.6715415,41.1093962],[-7.674303,41.1115703],[-7.6812767,41.1165588]]}},{"type":"Feature","properties":{"assetId":"PT-line-way-144396415","countryCode":"PT","assetType":"line","powerType":"line","osmType":"way","osmId":"144396415","actualVoltagesKv":[400],"actualVoltageKv":400,"gridClass":"400","displayClass":"400 kV sınıfı","name":null,"ref":null,"operator":"REN","from":null,"to":null,"displayLabel":"REN · 400 kV · OSM 144396415","labelSource":"generated-identifier","voltageRaw":"400000","circuits":null,"cables":"3","frequency":"50","location":null,"sourceProvider":"ArcGIS OSM Europe","sourceFallback":null,"sourceLicense":"ODbL 1.0","osmTimestamp":"2024-03-01T15:45:11Z"},"geometry":{"type":"LineString","coordinates":[[-7.716182,41.1255168],[-7.714568,41.1236286]]}},{"type":"Feature","properties":{"assetId":"PT-line-way-144396419","countryCode":"PT","assetType":"line","powerType":"line","osmType":"way","osmId":"144396419","actualVoltagesKv":[400],"actualVoltageKv":400,"gridClass":"400","displayClass":"400 kV sınıfı","name":null,"ref":null,"operator":"REN","from":null,"to":null,"displayLabel":"REN · 400 kV · OSM 144396419","labelSource":"generated-identifier","voltageRaw":"400000","circuits":null,"cables":"3","frequency":null,"location":null,"sourceProvider":"ArcGIS OSM Europe","sourceFallback":null,"sourceLicense":"ODbL 1.0","osmTimestamp":"2024-03-01T15:45:11Z"},"geometry":{"type":"LineString","coordinates":[[-7.704812,41.1227771],[-7.7136758,41.1232309],[-7.7115226,41.1210077]]}},{"type":"Feature","properties":{"assetId":"PT-line-way-144396422","countryCode":"PT","assetType":"line","powerType":"line","osmType":"way","osmId":"144396422","actualVoltagesKv":[400],"actualVoltageKv":400,"gridClass":"400","displayClass":"400 kV sınıfı","name":"Armamar - Recarei","ref":null,"operator":"REN","from":null,"to":null,"displayLabel":"Armamar - Recarei","labelSource":"osm-name","voltageRaw":"400000","circuits":null,"cables":"3","frequency":null,"location":null,"sourceProvider":"ArcGIS OSM Europe","sourceFallback":null,"sourceLicense":"ODbL 1.0","osmTimestamp":"2024-03-04T15:14:48Z"},"geometry":{"type":"LineString","coordinates":[[-7.6627546,41.1006526],[-7.6627069,41.1000894],[-7.664426,41.1003568]]}},{"type":"Feature","properties":{"assetId":"PT-line-way-144396423","countryCode":"PT","assetType":"line","powerType":"line","osmType":"way","osmId":"144396423","actualVoltagesKv":[400],"actualVoltageKv":400,"gridClass":"400","displayClass":"400 kV sınıfı","name":null,"ref":null,"operator":"REN","from":null,"to":null,"displayLabel":"REN · 400 kV · OSM 144396423","labelSource":"generated-identifier","voltageRaw":"400000","circuits":null,"cables":"3","frequency":null,"location":null,"sourceProvider":"ArcGIS OSM Europe","sourceFallback":null,"sourceLicense":"ODbL 1.0","osmTimestamp":"2024-03-01T15:45:11Z"},"geometry":{"type":"LineString","coordinates":[[-7.664426,41.1003568],[-7.6624557,41.0999081],[-7.6625239,41.1006514]]}},{"type":"Feature","properties":{"assetId":"PT-line-way-144396425","countryCode":"PT","assetType":"line","powerType":"line","osmType":"way","osmId":"144396425","actualVoltagesKv":[400],"actualVoltageKv":400,"gridClass":"400","displayClass":"400 kV sınıfı","name":null,"ref":null,"operator":"REN","from":null,"to":null,"displayLabel":"REN · 400 kV · OSM 144396425","labelSource":"generated-identifier","voltageRaw":"400000","circuits":null,"cables":"3","frequency":null,"location":null,"sourceProvider":"ArcGIS OSM Europe","sourceFallback":null,"sourceLicense":"ODbL 1.0","osmTimestamp":"2024-03-01T15:45:11Z"},"geometry":{"type":"LineString","coordinates":[[-7.661501,41.1019781],[-7.6615001,41.1028702],[-7.6597822,41.1050946]]}},{"type":"Feature","properties":{"assetId":"PT-line-way-144396426","countryCode":"PT","assetType":"line","powerType":"line","osmType":"way","osmId":"144396426","actualVoltagesKv":[400],"actualVoltageKv":400,"gridClass":"400","displayClass":"400 kV sınıfı","name":null,"ref":null,"operator":"REN","from":null,"to":null,"displayLabel":"REN · 400 kV · OSM 144396426","labelSource":"generated-identifier","voltageRaw":"400000","circuits":null,"cables":"3","frequency":"50","location":null,"sourceProvider":"ArcGIS OSM Europe","sourceFallback":null,"sourceLicense":"ODbL 1.0","osmTimestamp":"2024-02-29T16:01:12Z"},"geometry":{"type":"LineString","coordinates":[[-7.6453618,41.1215366],[-7.6399486,41.1205642],[-7.6211797,41.1171606],[-7.6175793,41.1165077],[-7.614058,41.1158653],[-7.6120698,41.1155026],[-7.6076114,41.1146892],[-7.6019505,41.1136624],[-7.5920207,41.1118499],[-7.5901607,41.1115473],[-7.5876508,41.1113627],[-7.5838333,41.111082],[-7.578661,41.1107316],[-7.5758353,41.1105401],[-7.5720381,41.110269],[-7.5682467,41.1099983],[-7.5636154,41.1096665],[-7.5597047,41.1089807],[-7.5546769,41.1080976],[-7.5482591,41.1078383],[-7.5405753,41.1075329],[-7.5334042,41.1072179],[-7.5252555,41.1073708],[-7.5217267,41.1067749],[-7.5170769,41.1063552],[-7.5086895,41.1058156],[-7.50298,41.108073],[-7.5009191,41.1088879],[-7.4954967,41.1092176],[-7.4921094,41.1076962],[-7.4882854,41.1059571],[-7.4861337,41.1049728],[-7.4841599,41.1040699],[-7.475453,41.103206],[-7.4716967,41.1041579],[-7.4676279,41.1052032],[-7.4604183,41.1057932],[-7.4545473,41.1048811],[-7.4464412,41.1035979],[-7.4385934,41.1009371],[-7.4356449,41.0999744],[-7.431274,41.098507],[-7.4279772,41.0981517],[-7.4245301,41.0977405],[-7.4159238,41.0968165],[-7.4103779,41.0962284],[-7.405259,41.0956785],[-7.3954089,41.0946204],[-7.3880735,41.093848],[-7.3834926,41.0933534],[-7.3801471,41.0929922],[-7.3746944,41.092422],[-7.3690656,41.0917957],[-7.3642077,41.0912758],[-7.3640823,41.0912624],[-7.3606971,41.0909001],[-7.3575972,41.0905684],[-7.3478345,41.0895236],[-7.3444958,41.0891566],[-7.3390902,41.0885902],[-7.3322287,41.087848],[-7.3277161,41.08673],[-7.321783,41.0852323],[-7.3156071,41.0836564],[-7.311716,41.0826903],[-7.3064199,41.0813323],[-7.3008052,41.0799247],[-7.297962,41.0792029],[-7.29261,41.0778443],[-7.2882999,41.0767628],[-7.2827216,41.075343],[-7.2741154,41.0731952],[-7.2701344,41.0737521],[-7.2646163,41.0745278],[-7.2594842,41.0752492],[-7.2543637,41.075969],[-7.2503449,41.0765245],[-7.2458222,41.0771497],[-7.2419632,41.0776832],[-7.2338802,41.0788005],[-7.231488,41.0791312],[-7.2247526,41.0800727],[-7.2211319,41.0805788],[-7.2170832,41.0811448],[-7.2100159,41.0821326],[-7.2020987,41.0832393],[-7.1981665,41.0856453],[-7.1945186,41.0879504],[-7.1915205,41.0898395],[-7.1875684,41.0923362],[-7.1834474,41.0949502],[-7.1802327,41.0970187],[-7.1788309,41.1008228],[-7.1781045,41.1030493],[-7.1749169,41.106767],[-7.1674077,41.1089393],[-7.1631438,41.1093337],[-7.160288,41.1096176],[-7.1550926,41.1129167],[-7.1513191,41.1152537],[-7.1493596,41.1166658],[-7.1470813,41.1183437],[-7.1439727,41.1206709],[-7.1397359,41.1237436],[-7.1364643,41.1261586],[-7.1341348,41.1278758],[-7.1316509,41.1308288],[-7.1300746,41.1343679],[-7.1274116,41.1387321],[-7.1260836,41.139422],[-7.1201029,41.140248],[-7.1164193,41.1422473],[-7.113293,41.1443613],[-7.1091115,41.1471284],[-7.1066954,41.148749],[-7.1034627,41.1508944],[-7.0994383,41.1535652],[-7.0935246,41.1574896],[-7.0912402,41.1590054],[-7.086729,41.1620061],[-7.0827055,41.1646823],[-7.0806706,41.1660358],[-7.0801699,41.1673323],[-7.0783164,41.1721316],[-7.0774544,41.1743635],[-7.074771,41.1813106],[-7.0721941,41.1841076],[-7.0704575,41.1859925],[-7.0679407,41.188724],[-7.0660824,41.1913957],[-7.0630135,41.1927216],[-7.0537792,41.1937254],[-7.0470576,41.1929966],[-7.0399047,41.1922348],[-7.0344994,41.1914292],[-7.0303308,41.1908235],[-7.027507,41.1904154],[-7.0224237,41.1896745],[-7.0193324,41.1892243],[-7.0155234,41.1886723],[-7.0097151,41.1888107],[-7.0038611,41.1889502],[-6.9991523,41.1891883],[-6.9944536,41.1894259],[-6.9903935,41.1896312],[-6.9855433,41.1898765],[-6.9832839,41.1899908],[-6.9796109,41.1899094],[-6.9760084,41.1898296],[-6.9703846,41.189705],[-6.9646823,41.1895787],[-6.9594804,41.1894635],[-6.9555485,41.1893764],[-6.9516055,41.1898349],[-6.9481731,41.1902339],[-6.9448172,41.1906241],[-6.9410132,41.1910664],[-6.9369764,41.1915358],[-6.931533,41.1921687],[-6.9253093,41.1928956],[-6.9226167,41.1930298],[-6.9192204,41.1931991],[-6.9143361,41.1934425],[-6.9095564,41.1936807],[-6.9061836,41.1938714],[-6.900387,41.1941377],[-6.8951916,41.1943966],[-6.8903825,41.1946363],[-6.8857842,41.1948654],[-6.8810434,41.1951303],[-6.876972,41.1953274],[-6.8724793,41.1955448],[-6.8666321,41.1957929],[-6.8647358,41.1958967],[-6.8611198,41.1960946],[-6.8553376,41.1963781],[-6.8502031,41.1966195],[-6.8464618,41.1968035],[-6.8426465,41.1970363],[-6.8398181,41.1971728],[-6.8338487,41.197461],[-6.8293668,41.1977031],[-6.8235362,41.1979804],[-6.8210855,41.1980969],[-6.8171106,41.1982966],[-6.8150282,41.1983946],[-6.8131635,41.1984824],[-6.8011691,41.1990561],[-6.7994287,41.1991541],[-6.7941613,41.199377],[-6.7882295,41.1996667]]}},{"type":"Feature","properties":{"assetId":"PT-line-way-144396434","countryCode":"PT","assetType":"line","powerType":"line","osmType":"way","osmId":"144396434","actualVoltagesKv":[220,400],"actualVoltageKv":400,"gridClass":"400","displayClass":"400 kV sınıfı","name":null,"ref":null,"operator":"REN","from":null,"to":null,"displayLabel":"REN · 400 kV · OSM 144396434","labelSource":"generated-identifier","voltageRaw":"400000;220000","circuits":null,"cables":"6","frequency":"50","location":null,"sourceProvider":"ArcGIS OSM Europe","sourceFallback":null,"sourceLicense":"ODbL 1.0","osmTimestamp":"2024-02-29T16:01:12Z"},"geometry":{"type":"LineString","coordinates":[[-7.6597822,41.1050946],[-7.6563086,41.1067632],[-7.6517169,41.1067531],[-7.6467146,41.1086654],[-7.6437948,41.1122969],[-7.6444071,41.1160251],[-7.6459958,41.1192852],[-7.6453618,41.1215366]]}},{"type":"Feature","properties":{"assetId":"PT-line-way-144396435","countryCode":"PT","assetType":"line","powerType":"line","osmType":"way","osmId":"144396435","actualVoltagesKv":[220,400],"actualVoltageKv":400,"gridClass":"400","displayClass":"400 kV sınıfı","name":null,"ref":null,"operator":"REN","from":null,"to":null,"displayLabel":"REN · 400 kV · OSM 144396435","labelSource":"generated-identifier","voltageRaw":"400000;220000","circuits":null,"cables":"6","frequency":"50","location":null,"sourceProvider":"ArcGIS OSM Europe","sourceFallback":null,"sourceLicense":"ODbL 1.0","osmTimestamp":"2024-03-04T23:07:11Z"},"geometry":{"type":"LineString","coordinates":[[-7.7144939,41.1240374],[-7.7048771,41.1232231],[-7.690625,41.122667],[-7.6870195,41.1214865],[-7.6837273,41.1195683],[-7.6810102,41.1179406]]}},{"type":"Feature","properties":{"assetId":"PT-line-way-144396436","countryCode":"PT","assetType":"line","powerType":"line","osmType":"way","osmId":"144396436","actualVoltagesKv":[220,400],"actualVoltageKv":400,"gridClass":"400","displayClass":"400 kV sınıfı","name":null,"ref":null,"operator":"REN","from":null,"to":null,"displayLabel":"REN · 400 kV · OSM 144396436","labelSource":"generated-identifier","voltageRaw":"400000;220000","circuits":null,"cables":"6","frequency":"50","location":null,"sourceProvider":"ArcGIS OSM Europe","sourceFallback":null,"sourceLicense":"ODbL 1.0","osmTimestamp":"2024-03-02T02:04:55Z"},"geometry":{"type":"LineString","coordinates":[[-7.7563062,41.1377333],[-7.754132,41.1372397],[-7.750388,41.1363833],[-7.7407027,41.1341276],[-7.7298707,41.1316335],[-7.7215165,41.1297231],[-7.7188559,41.1276338],[-7.716182,41.1255168]]}},{"type":"Feature","properties":{"assetId":"PT-line-way-144435558","countryCode":"PT","assetType":"line","powerType":"line","osmType":"way","osmId":"144435558","actualVoltagesKv":[400],"actualVoltageKv":400,"gridClass":"400","displayClass":"400 kV sınıfı","name":null,"ref":null,"operator":"REN","from":null,"to":null,"displayLabel":"REN · 400 kV · OSM 144435558","labelSource":"generated-identifier","voltageRaw":"400000","circuits":null,"cables":"6","frequency":"50","location":null,"sourceProvider":"ArcGIS OSM Europe","sourceFallback":null,"sourceLicense":"ODbL 1.0","osmTimestamp":"2024-02-29T16:01:12Z"},"geometry":{"type":"LineString","coordinates":[[-8.5019937,40.4785237],[-8.498985,40.477671],[-8.496151,40.476853],[-8.492903,40.474971],[-8.489754,40.473145],[-8.4862439,40.4710985],[-8.4822443,40.4696614]]}},{"type":"Feature","properties":{"assetId":"PT-line-way-144439478","countryCode":"PT","assetType":"line","powerType":"line","osmType":"way","osmId":"144439478","actualVoltagesKv":[400],"actualVoltageKv":400,"gridClass":"400","displayClass":"400 kV sınıfı","name":null,"ref":null,"operator":"REN","from":null,"to":null,"displayLabel":"REN · 400 kV · OSM 144439478","labelSource":"generated-identifier","voltageRaw":"400000","circuits":null,"cables":"3","frequency":null,"location":null,"sourceProvider":"ArcGIS OSM Europe","sourceFallback":null,"sourceLicense":"ODbL 1.0","osmTimestamp":"2024-02-29T16:01:12Z"},"geometry":{"type":"LineString","coordinates":[[-7.9912518,40.7042306],[-7.991078,40.702924],[-7.9921148,40.7019522]]}},{"type":"Feature","properties":{"assetId":"PT-line-way-144439480","countryCode":"PT","assetType":"line","powerType":"line","osmType":"way","osmId":"144439480","actualVoltagesKv":[400],"actualVoltageKv":400,"gridClass":"400","displayClass":"400 kV sınıfı","name":null,"ref":null,"operator":"REN","from":null,"to":null,"displayLabel":"REN · 400 kV · OSM 144439480","labelSource":"generated-identifier","voltageRaw":"400000","circuits":null,"cables":"3","frequency":"50","location":null,"sourceProvider":"ArcGIS OSM Europe","sourceFallback":null,"sourceLicense":"ODbL 1.0","osmTimestamp":"2024-03-02T02:04:55Z"},"geometry":{"type":"LineString","coordinates":[[-8.4806123,40.4698146],[-8.48183,40.4701854],[-8.4812968,40.4711009],[-8.4800297,40.4707058]]}},{"type":"Feature","properties":{"assetId":"PT-line-way-144439482","countryCode":"PT","assetType":"line","powerType":"line","osmType":"way","osmId":"144439482","actualVoltagesKv":[400],"actualVoltageKv":400,"gridClass":"400","displayClass":"400 kV sınıfı","name":null,"ref":null,"operator":"REN","from":null,"to":null,"displayLabel":"REN · 400 kV · OSM 144439482","labelSource":"generated-identifier","voltageRaw":"400000","circuits":null,"cables":"3","frequency":null,"location":null,"sourceProvider":"ArcGIS OSM Europe","sourceFallback":null,"sourceLicense":"ODbL 1.0","osmTimestamp":"2024-02-29T16:01:12Z"},"geometry":{"type":"LineString","coordinates":[[-8.4807153,40.4696421],[-8.4821527,40.4700845],[-8.4814154,40.4713523],[-8.4800297,40.4707058]]}},{"type":"Feature","properties":{"assetId":"PT-line-way-144439485","countryCode":"PT","assetType":"line","powerType":"line","osmType":"way","osmId":"144439485","actualVoltagesKv":[400],"actualVoltageKv":400,"gridClass":"400","displayClass":"400 kV sınıfı","name":null,"ref":null,"operator":"REN","from":null,"to":null,"displayLabel":"REN · 400 kV · OSM 144439485","labelSource":"generated-identifier","voltageRaw":"400000","circuits":null,"cables":"6","frequency":"50","location":null,"sourceProvider":"ArcGIS OSM Europe","sourceFallback":null,"sourceLicense":"ODbL 1.0","osmTimestamp":"2024-03-02T02:04:55Z"},"geometry":{"type":"LineString","coordinates":[[-8.4800297,40.4707058],[-8.4764229,40.4696488],[-8.4726269,40.4683781],[-8.468982,40.4672634]]}},{"type":"Feature","properties":{"assetId":"PT-line-way-144545402","countryCode":"PT","assetType":"line","powerType":"line","osmType":"way","osmId":"144545402","actualVoltagesKv":[220,400],"actualVoltageKv":400,"gridClass":"400","displayClass":"400 kV sınıfı","name":null,"ref":null,"operator":"REN","from":null,"to":null,"displayLabel":"REN · 400 kV · OSM 144545402","labelSource":"generated-identifier","voltageRaw":"400000;220000","circuits":null,"cables":"6","frequency":"50","location":null,"sourceProvider":"ArcGIS OSM Europe","sourceFallback":null,"sourceLicense":"ODbL 1.0","osmTimestamp":"2024-03-04T22:08:07Z"},"geometry":{"type":"LineString","coordinates":[[-8.468982,40.4672634],[-8.4664269,40.4670688],[-8.4619912,40.4686976],[-8.4566545,40.4702804],[-8.4499631,40.4692673],[-8.4453296,40.4685878],[-8.4409465,40.4679513],[-8.4352472,40.4664233],[-8.4294773,40.4648526],[-8.4259519,40.4646059],[-8.4213459,40.4642289],[-8.4175833,40.463994],[-8.4129538,40.4626849],[-8.4081464,40.4613656],[-8.4039635,40.4601876],[-8.3997198,40.4590695],[-8.3930253,40.4573706],[-8.3902692,40.456712],[-8.386975,40.455187],[-8.3832984,40.4538699],[-8.3795601,40.4525308],[-8.374918,40.4508679],[-8.3696526,40.4490366],[-8.3636151,40.4468186],[-8.361638,40.4461517],[-8.3550532,40.4437775],[-8.3474946,40.4410195],[-8.3378644,40.439239],[-8.3345065,40.4387557],[-8.328143,40.4404728],[-8.3233796,40.4417655],[-8.3186688,40.4430637],[-8.3172793,40.4429171],[-8.3095852,40.4421179],[-8.302477,40.4413584],[-8.3006611,40.4411644],[-8.2917085,40.4411741],[-8.2894448,40.4412009],[-8.2827499,40.4412288],[-8.2801321,40.4412398],[-8.2722229,40.4412728],[-8.2682955,40.4412773],[-8.2655817,40.4412757],[-8.2623034,40.4419003],[-8.2563981,40.4428627],[-8.2501763,40.4439312],[-8.2450154,40.4448175],[-8.2410232,40.4455208],[-8.2374106,40.4461454],[-8.2346942,40.446615],[-8.2286148,40.4470287],[-8.2247541,40.4472914],[-8.218348,40.4477273],[-8.2137596,40.4480568],[-8.2103138,40.448262],[-8.2074396,40.4484331],[-8.2027825,40.4487894],[-8.1961033,40.4492133],[-8.193803,40.4505306],[-8.1898049,40.4529143],[-8.1878091,40.4539486],[-8.1830412,40.4566464],[-8.1809482,40.4578513],[-8.1784455,40.4621623],[-8.1757893,40.4667596],[-8.1725258,40.4720913],[-8.1716388,40.4735883],[-8.1689006,40.4780133],[-8.1687082,40.4808674],[-8.1683376,40.4850761],[-8.1679917,40.48814],[-8.1652867,40.4915045],[-8.1620848,40.4954868],[-8.1595736,40.49861],[-8.1567721,40.502094],[-8.1545373,40.504873],[-8.1522284,40.5077441],[-8.1491401,40.5115842],[-8.1462081,40.5152297],[-8.1426683,40.5172071],[-8.1373542,40.5201754],[-8.1340077,40.5235448],[-8.130445,40.5270685],[-8.1268426,40.5307284],[-8.1245847,40.5329949],[-8.122011,40.5355784],[-8.1193896,40.5381552],[-8.1178124,40.5416225],[-8.1114963,40.5458421],[-8.1080129,40.548134],[-8.1053168,40.5510964],[-8.1044075,40.5554115],[-8.1038676,40.5580478],[-8.1060203,40.5625915],[-8.1080924,40.5669649],[-8.1104004,40.5719557],[-8.1116683,40.5744695],[-8.1108897,40.5783106],[-8.110137,40.5817081],[-8.106755,40.5843609],[-8.1037658,40.586663],[-8.1003004,40.5893149],[-8.0962181,40.5924272],[-8.0922936,40.5954956],[-8.089214,40.5967994],[-8.0846273,40.5987118],[-8.080217,40.600562],[-8.0755135,40.6025215],[-8.0712027,40.6043485],[-8.0671609,40.6085559],[-8.0644615,40.6113597],[-8.0618947,40.6139795],[-8.0583158,40.6176147],[-8.0563038,40.6196857],[-8.0521811,40.6226799],[-8.0482886,40.6251113],[-8.0454226,40.6269301],[-8.0420269,40.6290317],[-8.038863,40.6309866],[-8.0346747,40.6339983],[-8.0305919,40.6369128],[-8.0275785,40.6390718],[-8.0258563,40.6427559],[-8.0244876,40.645725],[-8.0232089,40.6484264],[-8.0207373,40.653717],[-8.0192613,40.6568763],[-8.0168003,40.6584468],[-8.0138704,40.6603122],[-8.0125523,40.6633476],[-8.010899,40.6672132],[-8.0094641,40.6739105],[-8.0103015,40.6772793],[-8.0104579,40.6806945],[-8.010632,40.6844958],[-8.0094767,40.68777],[-8.0083763,40.6908885],[-8.0076215,40.6930275],[-8.004941,40.6956062],[-8.0000319,40.6975603],[-7.9962045,40.6990838],[-7.9936903,40.7000956]]}},{"type":"Feature","properties":{"assetId":"PT-line-way-144554428","countryCode":"PT","assetType":"line","powerType":"line","osmType":"way","osmId":"144554428","actualVoltagesKv":[400],"actualVoltageKv":400,"gridClass":"400","displayClass":"400 kV sınıfı","name":null,"ref":null,"operator":"REN","from":null,"to":null,"displayLabel":"REN · 400 kV · OSM 144554428","labelSource":"generated-identifier","voltageRaw":"400000","circuits":null,"cables":"3","frequency":"50","location":null,"sourceProvider":"ArcGIS OSM Europe","sourceFallback":null,"sourceLicense":"ODbL 1.0","osmTimestamp":"2023-01-20T19:19:03Z"},"geometry":{"type":"LineString","coordinates":[[-8.5019937,40.4785237],[-8.5035899,40.4752721],[-8.5053906,40.4716117],[-8.5071186,40.4681266],[-8.5083446,40.4656539],[-8.5093838,40.463558],[-8.5108142,40.4607135],[-8.5125391,40.457192],[-8.5137983,40.454648],[-8.5151839,40.4518486],[-8.516323,40.4495471],[-8.5177946,40.4465382],[-8.518895,40.444333],[-8.5188603,40.4406827],[-8.5188151,40.4370976],[-8.5187673,40.4333036],[-8.5187303,40.4302826],[-8.5186884,40.4268609],[-8.5186442,40.4232468],[-8.5186038,40.4199469],[-8.5185697,40.4171658],[-8.5185367,40.414466],[-8.5184885,40.4105287],[-8.5184478,40.4072077],[-8.5184042,40.4036418],[-8.5183459,40.3988806],[-8.5182884,40.3936991],[-8.5182597,40.3911151],[-8.5182242,40.3879199],[-8.5181828,40.384185],[-8.5181404,40.3803684],[-8.5181055,40.3772222],[-8.5180679,40.373834],[-8.5180298,40.3703929],[-8.5179967,40.3674175],[-8.5179638,40.3644503],[-8.5179275,40.3611718],[-8.5178855,40.3573868],[-8.5178442,40.3536669],[-8.5178074,40.3503515],[-8.5177889,40.3486865],[-8.5177738,40.3473194],[-8.5177186,40.3446213],[-8.5176407,40.340819],[-8.517672,40.3387406],[-8.517627,40.3346718],[-8.5175928,40.33157],[-8.5175295,40.3258284],[-8.5175059,40.3236894],[-8.5174642,40.3199185],[-8.5174303,40.3168392],[-8.5174174,40.3156687],[-8.5173963,40.3137585],[-8.5173641,40.3108378],[-8.5173243,40.3072342],[-8.5172823,40.3032207],[-8.5172578,40.3008847],[-8.5172286,40.2980922],[-8.517197,40.2950749],[-8.5171462,40.2902217],[-8.5171124,40.2869951],[-8.5170771,40.2836251],[-8.5169516,40.2797794],[-8.5169904,40.2753379],[-8.5169632,40.2727451],[-8.5169387,40.2704018],[-8.5169078,40.2674468],[-8.5154822,40.2642072],[-8.5138568,40.260327],[-8.5126234,40.2574262],[-8.5113212,40.2543633],[-8.5096908,40.2505641],[-8.5083419,40.2473848],[-8.5061897,40.2423811],[-8.5051809,40.2400072],[-8.5035852,40.2362818],[-8.5021192,40.232716],[-8.5005657,40.2290666],[-8.4989749,40.2254767],[-8.4976141,40.2223051],[-8.4964747,40.2196492],[-8.4949854,40.2161778],[-8.4938255,40.2134741],[-8.4923816,40.2101081],[-8.4908936,40.2066392],[-8.4897291,40.2039242],[-8.490293,40.2009222],[-8.4907555,40.19846],[-8.4912898,40.195616],[-8.4919578,40.1920593],[-8.4926939,40.188175],[-8.4931377,40.1858332],[-8.4936288,40.1832415],[-8.4943936,40.1792055],[-8.495034,40.1758254],[-8.4954839,40.1734513],[-8.4960449,40.1701845],[-8.4968956,40.1658719],[-8.4975058,40.1627786],[-8.4980134,40.1599369],[-8.4986575,40.1563862],[-8.499365,40.1528811],[-8.5000657,40.1489986],[-8.5008049,40.1451018],[-8.5015472,40.1411884],[-8.5020383,40.1385998],[-8.5027147,40.1350337],[-8.5034507,40.1311531],[-8.5036672,40.13004],[-8.5040639,40.127857],[-8.5047377,40.1254607],[-8.505649,40.1227666],[-8.5067876,40.1190189],[-8.50781,40.1155836],[-8.5079783,40.1150306],[-8.5089117,40.1119644],[-8.509807,40.1091256],[-8.5100194,40.108452],[-8.5102592,40.1076917],[-8.5108621,40.1057799],[-8.5116405,40.1031803],[-8.513484,40.0973879],[-8.5151533,40.0919234],[-8.5158645,40.0895141],[-8.5167201,40.0864889],[-8.5161542,40.0829595],[-8.5157151,40.080221],[-8.5152612,40.077477],[-8.5147101,40.0740727],[-8.5141532,40.0706323],[-8.5154223,40.0670461],[-8.5170757,40.0624593],[-8.5181971,40.0591401],[-8.5199467,40.0542053],[-8.5213099,40.0503601],[-8.523338,40.044639],[-8.5244712,40.0414722],[-8.525774,40.0377664],[-8.5265875,40.0353958],[-8.5282117,40.0308549],[-8.5295253,40.0271821],[-8.5304852,40.0244702],[-8.5315575,40.0213835],[-8.5323801,40.0190795],[-8.5328617,40.0177305],[-8.5346104,40.0127961],[-8.535872,40.0092359],[-8.5370647,40.0058702],[-8.538039,40.0031204],[-8.5392481,39.999708],[-8.5403698,39.9965359],[-8.5412914,39.9939293],[-8.5424728,39.990588],[-8.5437738,39.9869083],[-8.5445959,39.9845831],[-8.5451735,39.9829492],[-8.5473369,39.9768294],[-8.5480522,39.9748022],[-8.5487909,39.972716],[-8.5503612,39.9708197],[-8.5539163,39.9665263],[-8.5562246,39.9637384],[-8.5599565,39.959196],[-8.5609814,39.9579931],[-8.5656879,39.9523081],[-8.5672674,39.9504],[-8.5713897,39.9454444],[-8.5751936,39.9408441],[-8.5775666,39.9379585],[-8.5810888,39.9337013],[-8.582753,39.9317014],[-8.5841262,39.9300408],[-8.585632,39.9282196],[-8.5901035,39.9228115],[-8.5909098,39.9212807],[-8.5924168,39.9184196],[-8.5934207,39.9165135],[-8.5961104,39.9114066],[-8.598813,39.9062747],[-8.6007044,39.9027288],[-8.6020564,39.9001383],[-8.6036085,39.8972017],[-8.606279,39.8921487],[-8.607472,39.8898827],[-8.608775,39.8874077],[-8.6106553,39.8838361],[-8.6120178,39.8812478],[-8.6137754,39.877909],[-8.6154714,39.874687],[-8.6163756,39.8729691],[-8.618063,39.8697631],[-8.6196566,39.8667353],[-8.6216397,39.8629748],[-8.6224774,39.8613862],[-8.6246047,39.857352],[-8.6253771,39.8558411],[-8.6282799,39.8521782],[-8.6302325,39.8497228],[-8.6320289,39.8474067],[-8.6338782,39.8450415],[-8.6364306,39.8417768],[-8.6399947,39.8372711],[-8.6429934,39.8334008],[-8.6467028,39.8286662],[-8.6496744,39.8249392],[-8.6518176,39.8221968],[-8.6535206,39.8200343],[-8.6570681,39.8155142],[-8.6586275,39.8135273],[-8.6607705,39.8107965],[-8.6623188,39.8088235],[-8.6654255,39.8048665],[-8.6668505,39.8030514],[-8.6689244,39.8019181],[-8.6727658,39.7998227],[-8.6762644,39.7979108],[-8.6779199,39.7969972],[-8.6829333,39.7942814],[-8.6859192,39.7926523],[-8.6884275,39.7912707],[-8.6909701,39.7898819],[-8.6938041,39.7883328],[-8.695239,39.7875485],[-8.6988062,39.7855984],[-8.7031544,39.7831915],[-8.7075333,39.7807993],[-8.7093142,39.7787126],[-8.7137192,39.7736796],[-8.7161145,39.7709016],[-8.7206678,39.7656988],[-8.7255835,39.7600645],[-8.7283112,39.7569378],[-8.729387,39.7545694],[-8.7310121,39.7504982],[-8.7321661,39.7477465],[-8.733154,39.7453985],[-8.7338734,39.7436887],[-8.7348485,39.7413743],[-8.7358007,39.7397308],[-8.7380649,39.7358423],[-8.7393074,39.7337084],[-8.7403483,39.7319206],[-8.7433132,39.726828],[-8.7460254,39.7221466],[-8.7476707,39.7193167],[-8.7491718,39.7167061],[-8.7511618,39.7132786],[-8.7522376,39.7114257],[-8.7550239,39.7066663],[-8.7566388,39.7039077],[-8.7589096,39.7001147],[-8.7608663,39.6965833],[-8.7632876,39.6935107],[-8.7650512,39.691343],[-8.7676124,39.6880459],[-8.7713415,39.6833797],[-8.7724368,39.6820265],[-8.7752744,39.6784269],[-8.7788842,39.6738999],[-8.7807135,39.6715983],[-8.7807984,39.6714915],[-8.7830673,39.6685701],[-8.7852229,39.6658602],[-8.7881179,39.6628183],[-8.7898233,39.6609861],[-8.7910444,39.6591654],[-8.7933188,39.6553981]]}},{"type":"Feature","properties":{"assetId":"PT-line-way-144554430","countryCode":"PT","assetType":"line","powerType":"line","osmType":"way","osmId":"144554430","actualVoltagesKv":[400],"actualVoltageKv":400,"gridClass":"400","displayClass":"400 kV sınıfı","name":null,"ref":null,"operator":"REN","from":null,"to":null,"displayLabel":"REN · 400 kV · OSM 144554430","labelSource":"generated-identifier","voltageRaw":"400000","circuits":null,"cables":"6","frequency":"50","location":null,"sourceProvider":"ArcGIS OSM Europe","sourceFallback":null,"sourceLicense":"ODbL 1.0","osmTimestamp":"2024-02-29T16:01:12Z"},"geometry":{"type":"LineString","coordinates":[[-8.8070247,40.0477266],[-8.8052362,40.0500644],[-8.8019839,40.0542689],[-8.8001072,40.0566948],[-8.7995043,40.0607495],[-8.7988469,40.0654063],[-8.7972003,40.0680655],[-8.7959425,40.0702145],[-8.7970942,40.074667],[-8.794726,40.0783956],[-8.7921685,40.079702],[-8.7898152,40.0809158],[-8.7881531,40.0839991],[-8.7869246,40.0863223],[-8.7848719,40.0902038],[-8.7840666,40.0936335],[-8.7831822,40.0975723],[-8.7823072,40.1013647],[-8.7815833,40.1045022],[-8.7805508,40.1089768],[-8.7797308,40.1125458],[-8.7788031,40.1165833],[-8.7782584,40.1189536],[-8.7786979,40.1213216]]}},{"type":"Feature","properties":{"assetId":"PT-line-way-144554432","countryCode":"PT","assetType":"line","powerType":"line","osmType":"way","osmId":"144554432","actualVoltagesKv":[400],"actualVoltageKv":400,"gridClass":"400","displayClass":"400 kV sınıfı","name":null,"ref":null,"operator":"REN","from":null,"to":null,"displayLabel":"REN · 400 kV · OSM 144554432","labelSource":"generated-identifier","voltageRaw":"400000","circuits":null,"cables":"3","frequency":"50","location":null,"sourceProvider":"ArcGIS OSM Europe","sourceFallback":null,"sourceLicense":"ODbL 1.0","osmTimestamp":"2024-02-29T16:01:12Z"},"geometry":{"type":"LineString","coordinates":[[-8.7786979,40.1213216],[-8.776562,40.1215686],[-8.7762048,40.1216099]]}},{"type":"Feature","properties":{"assetId":"PT-line-way-144554434","countryCode":"PT","assetType":"line","powerType":"line","osmType":"way","osmId":"144554434","actualVoltagesKv":[400],"actualVoltageKv":400,"gridClass":"400","displayClass":"400 kV sınıfı","name":null,"ref":null,"operator":"REN","from":null,"to":null,"displayLabel":"REN · 400 kV · OSM 144554434","labelSource":"generated-identifier","voltageRaw":"400000","circuits":null,"cables":"6","frequency":null,"location":null,"sourceProvider":"ArcGIS OSM Europe","sourceFallback":null,"sourceLicense":"ODbL 1.0","osmTimestamp":"2024-02-29T16:01:12Z"},"geometry":{"type":"LineString","coordinates":[[-8.7786979,40.1213216],[-8.7785939,40.1225718],[-8.7769047,40.1249405]]}},{"type":"Feature","properties":{"assetId":"PT-line-way-144554436","countryCode":"PT","assetType":"line","powerType":"line","osmType":"way","osmId":"144554436","actualVoltagesKv":[400],"actualVoltageKv":400,"gridClass":"400","displayClass":"400 kV sınıfı","name":null,"ref":null,"operator":"REN","from":null,"to":null,"displayLabel":"REN · 400 kV · OSM 144554436","labelSource":"generated-identifier","voltageRaw":"400000","circuits":null,"cables":"3","frequency":"50","location":null,"sourceProvider":"ArcGIS OSM Europe","sourceFallback":null,"sourceLicense":"ODbL 1.0","osmTimestamp":"2024-02-29T16:01:12Z"},"geometry":{"type":"LineString","coordinates":[[-8.7769047,40.1249405],[-8.7764737,40.126839],[-8.7756928,40.13031],[-8.7749058,40.133659],[-8.7745246,40.1396507],[-8.7742607,40.1437974],[-8.774067,40.1468414],[-8.7736947,40.1516785],[-8.7734858,40.1550033],[-8.7732566,40.1586511],[-8.7730573,40.1618224],[-8.7729455,40.1635082],[-8.772678,40.1675409],[-8.7724321,40.1712478],[-8.7722824,40.1735036],[-8.7719511,40.1784973],[-8.7717309,40.1818164],[-8.7715746,40.1841729],[-8.7713791,40.1871186],[-8.7711961,40.189876],[-8.7709641,40.1933728],[-8.7691839,40.1963828],[-8.7677148,40.1988668],[-8.7657555,40.2021794],[-8.7640503,40.2050623],[-8.7623562,40.2079263],[-8.7604734,40.2111092],[-8.7587312,40.2140541],[-8.7568117,40.2172987],[-8.7552479,40.219942],[-8.7535734,40.222697],[-8.7515632,40.2261464],[-8.7499815,40.2288604],[-8.7480026,40.2322025],[-8.745376,40.236329],[-8.7433999,40.2394334],[-8.7416496,40.2421775],[-8.739858,40.2449861],[-8.7379754,40.2479374],[-8.7363796,40.2504389],[-8.7343906,40.2535568],[-8.7322944,40.2568424],[-8.7306046,40.2595029],[-8.7287296,40.262455],[-8.7272075,40.2648514],[-8.7254444,40.2676271],[-8.7240457,40.2708832],[-8.722554,40.2743556],[-8.7214233,40.2769875],[-8.7197734,40.2808279],[-8.718653,40.2834355],[-8.7175393,40.2860349],[-8.7159904,40.2896498],[-8.7145157,40.2930916],[-8.7132972,40.295935],[-8.7118247,40.2993713],[-8.7106811,40.3020426],[-8.7091742,40.3055622],[-8.7077663,40.3088505],[-8.7062085,40.3124887],[-8.7048477,40.3156666],[-8.7033256,40.3192148],[-8.7019185,40.3224946],[-8.7003789,40.3260832],[-8.6990213,40.3292474],[-8.6977894,40.3321185],[-8.6962874,40.335619],[-8.6948249,40.3390271],[-8.6934368,40.342267],[-8.6925826,40.3442608],[-8.6908409,40.3483256],[-8.689221,40.3505274],[-8.6875966,40.3527354],[-8.6852978,40.3558323],[-8.6831996,40.3586588],[-8.6811056,40.3614796],[-8.6788372,40.364535],[-8.6768001,40.3672789],[-8.6767013,40.367412],[-8.6741746,40.3708152],[-8.6723572,40.3732629],[-8.6707418,40.3754385],[-8.6695728,40.3770128],[-8.6685288,40.3784188],[-8.6664042,40.3812799],[-8.6641271,40.384363],[-8.6628185,40.3865701],[-8.6609376,40.389788],[-8.6595053,40.3922385],[-8.6578257,40.3951117],[-8.6559614,40.3983008],[-8.6542449,40.4012597],[-8.6521897,40.4048025],[-8.6502328,40.4081755],[-8.648393,40.4113465],[-8.6463587,40.4148527],[-8.644231,40.4185197],[-8.6425201,40.4214681],[-8.6405235,40.4249087],[-8.6388733,40.4277163],[-8.6370669,40.430014],[-8.63541,40.4321215],[-8.6328857,40.4352954],[-8.6296915,40.4392831],[-8.6273532,40.4421758],[-8.6256016,40.444393],[-8.6228242,40.4479083],[-8.621039,40.4501678],[-8.6181993,40.4537617],[-8.6153699,40.4573425],[-8.6136862,40.4594731],[-8.6115094,40.4622277],[-8.6087809,40.4656803],[-8.6067485,40.468252],[-8.6045485,40.4710355],[-8.6022105,40.4739936],[-8.5997366,40.4769476],[-8.5969315,40.4805378],[-8.5945703,40.4835598],[-8.5918196,40.4869445],[-8.5892872,40.4901558],[-8.5877365,40.4921221],[-8.5860104,40.4943107],[-8.583615,40.497348],[-8.5829445,40.4999738],[-8.5821203,40.5034252],[-8.5815096,40.5062396],[-8.5807399,40.5094571],[-8.5799604,40.5127151],[-8.578871,40.5175038],[-8.5780303,40.5211988],[-8.5774405,40.5237909],[-8.5764538,40.5281273],[-8.5758173,40.530821],[-8.5752548,40.5333964],[-8.5744905,40.5367549],[-8.573757,40.539978],[-8.5728197,40.5436827],[-8.5718333,40.5481119],[-8.5711529,40.551167],[-8.5703218,40.554898],[-8.5697054,40.5574695],[-8.5690572,40.5604371],[-8.5682819,40.5639867],[-8.567507,40.567534],[-8.566774,40.5707181],[-8.5659125,40.5741604],[-8.5654038,40.5763747],[-8.5636218,40.5788199],[-8.5615454,40.581669],[-8.5589009,40.5852973],[-8.5571562,40.5876911],[-8.5548242,40.5908904],[-8.5533945,40.5928519],[-8.5509102,40.59626],[-8.5479508,40.6003194],[-8.5460876,40.6028752],[-8.5443491,40.6052599],[-8.5420188,40.6084561],[-8.5398005,40.6114984],[-8.5379624,40.6140193],[-8.534779,40.618385],[-8.532113,40.622031],[-8.5309779,40.6235832],[-8.5276768,40.6279752],[-8.5258617,40.6304693],[-8.5228788,40.6345681],[-8.5211562,40.6369348],[-8.5184995,40.640585],[-8.5159663,40.6439191],[-8.5155689,40.6469154],[-8.5152023,40.6496794],[-8.5147733,40.6529137],[-8.5142877,40.6565749],[-8.513734,40.660749],[-8.513971,40.6635982],[-8.5141719,40.6660137],[-8.5144689,40.6695844],[-8.5148321,40.6739499],[-8.5151156,40.6773581],[-8.51541,40.6808967],[-8.5156307,40.6835499],[-8.5159425,40.6872969],[-8.5161741,40.690081],[-8.5160998,40.6926421],[-8.5160089,40.6957712],[-8.5159015,40.6994683],[-8.5157934,40.703189],[-8.5156719,40.7073682],[-8.5155606,40.7112012],[-8.5154457,40.715155],[-8.5153646,40.7179445],[-8.5152653,40.7213622],[-8.5151761,40.7244307],[-8.5150495,40.7287861],[-8.5149185,40.7332928],[-8.5148116,40.7369728],[-8.5146859,40.7412954],[-8.5145564,40.7457509],[-8.5144872,40.7481308],[-8.5143811,40.7517806],[-8.5142789,40.7552942],[-8.5142122,40.7575908],[-8.5141333,40.7603019],[-8.5140165,40.7643194],[-8.5139258,40.7668075],[-8.514473,40.7691962],[-8.5150503,40.7717165],[-8.5164685,40.7779072],[-8.5169849,40.7801245],[-8.5177259,40.782952],[-8.5184792,40.786655],[-8.5177841,40.7895681],[-8.5170535,40.7926299],[-8.516583,40.7946017],[-8.5158754,40.7975669],[-8.5150362,40.801073],[-8.5143241,40.8040483],[-8.513543,40.8073115],[-8.5127601,40.8107743],[-8.5119509,40.8139621],[-8.5112694,40.8168089],[-8.5100668,40.8191065],[-8.5087239,40.821703],[-8.5071239,40.8247965],[-8.505549,40.8278413],[-8.504173,40.8305015],[-8.5016908,40.8352999],[-8.5004834,40.837653],[-8.4992044,40.8401456],[-8.4969884,40.8444941],[-8.495676,40.8470694],[-8.4941761,40.8500123],[-8.4930502,40.8522216],[-8.4921318,40.8540234],[-8.4906659,40.8568396],[-8.4884239,40.8598476],[-8.485507,40.8637609],[-8.4827348,40.8674798],[-8.4800667,40.8711339],[-8.4786917,40.8753971],[-8.4777006,40.8782914],[-8.4770461,40.8802025],[-8.4761165,40.8829168],[-8.4751015,40.8858805],[-8.4739939,40.8890334],[-8.4729073,40.8922075],[-8.4718366,40.8953352],[-8.4722891,40.8980431],[-8.4726618,40.9003455],[-8.4732324,40.9036271],[-8.4737765,40.9069213],[-8.4741075,40.9089249],[-8.4739048,40.9125365],[-8.4737924,40.9145394],[-8.4736652,40.9168064],[-8.4734798,40.9201103],[-8.4733904,40.9217022],[-8.4731946,40.9251916],[-8.4729515,40.9295224],[-8.4727849,40.9325186],[-8.4726176,40.9355272],[-8.4723902,40.9396182],[-8.4721407,40.9441043],[-8.4718932,40.9485551],[-8.4716423,40.9530675],[-8.4715015,40.9555991],[-8.4713106,40.9584663],[-8.4711939,40.96022]]}},{"type":"Feature","properties":{"assetId":"PT-line-way-144564909","countryCode":"PT","assetType":"line","powerType":"line","osmType":"way","osmId":"144564909","actualVoltagesKv":[400],"actualVoltageKv":400,"gridClass":"400","displayClass":"400 kV sınıfı","name":null,"ref":null,"operator":"REN","from":null,"to":null,"displayLabel":"REN · 400 kV · OSM 144564909","labelSource":"generated-identifier","voltageRaw":"400000","circuits":null,"cables":"3","frequency":null,"location":null,"sourceProvider":"ArcGIS OSM Europe","sourceFallback":null,"sourceLicense":"ODbL 1.0","osmTimestamp":"2024-03-01T15:45:11Z"},"geometry":{"type":"LineString","coordinates":[[-8.7950739,39.660691],[-8.7925268,39.658527],[-8.7913758,39.6575491],[-8.7908575,39.6566617]]}},{"type":"Feature","properties":{"assetId":"PT-line-way-144564911","countryCode":"PT","assetType":"line","powerType":"line","osmType":"way","osmId":"144564911","actualVoltagesKv":[400],"actualVoltageKv":400,"gridClass":"400","displayClass":"400 kV sınıfı","name":null,"ref":null,"operator":"REN","from":null,"to":null,"displayLabel":"REN · 400 kV · OSM 144564911","labelSource":"generated-identifier","voltageRaw":"400000","circuits":null,"cables":"3","frequency":null,"location":null,"sourceProvider":"ArcGIS OSM Europe","sourceFallback":null,"sourceLicense":"ODbL 1.0","osmTimestamp":"2024-03-01T15:45:11Z"},"geometry":{"type":"LineString","coordinates":[[-8.7950739,39.660691],[-8.7922695,39.658681],[-8.7909495,39.6577349],[-8.7908575,39.6566617]]}},{"type":"Feature","properties":{"assetId":"PT-line-way-144564912","countryCode":"PT","assetType":"line","powerType":"line","osmType":"way","osmId":"144564912","actualVoltagesKv":[400],"actualVoltageKv":400,"gridClass":"400","displayClass":"400 kV sınıfı","name":"Lavos - Rio Maior","ref":null,"operator":"REN","from":null,"to":null,"displayLabel":"Lavos - Rio Maior","labelSource":"osm-name","voltageRaw":"400000","circuits":null,"cables":"3","frequency":"50","location":null,"sourceProvider":"ArcGIS OSM Europe","sourceFallback":null,"sourceLicense":"ODbL 1.0","osmTimestamp":"2024-03-04T15:48:53Z"},"geometry":{"type":"LineString","coordinates":[[-8.8062552,40.0403467],[-8.804855,40.0384638],[-8.8018837,40.0346909],[-8.7999284,40.0321551],[-8.7973635,40.0288874],[-8.7953752,40.026385],[-8.7933561,40.0238299],[-8.7921293,40.022259],[-8.7900312,40.0196176],[-8.7880222,40.0170533],[-8.7873454,40.0143597],[-8.7866259,40.011331],[-8.7857856,40.0078561],[-8.7848338,40.0039904],[-8.7841958,40.0012737],[-8.7832262,39.9973086],[-8.782298,39.9934544],[-8.7814731,39.9899877],[-8.7806385,39.9866495],[-8.7797043,39.9827947],[-8.7785346,39.9779595],[-8.7779515,39.9755046],[-8.7771666,39.9722453],[-8.7763015,39.9686908],[-8.7755554,39.9656075],[-8.7748366,39.9626637],[-8.7742208,39.9601155],[-8.7734708,39.9570848],[-8.772904,39.9547612],[-8.7720867,39.9515003],[-8.772044,39.9483285],[-8.7719469,39.9445392],[-8.771883,39.941447],[-8.7718008,39.9383302],[-8.7717498,39.9354762],[-8.7716492,39.9321246],[-8.7715852,39.9287302],[-8.7715112,39.9264205],[-8.7714021,39.9227259],[-8.7713548,39.9196806],[-8.771299,39.9167276],[-8.7712385,39.9140335],[-8.7729364,39.910665],[-8.7741125,39.9083756],[-8.7758692,39.9049629],[-8.7770634,39.902643],[-8.7794133,39.8980776],[-8.7804156,39.896129],[-8.781399,39.8942003],[-8.7834109,39.8902432],[-8.7860938,39.8850612],[-8.7877684,39.8817859],[-8.7898272,39.877765],[-8.7914272,39.8746527],[-8.7929224,39.8717398],[-8.7951288,39.8673849],[-8.7967841,39.8641837],[-8.7983783,39.8610653],[-8.7997768,39.8583579],[-8.8017782,39.8544466],[-8.8032097,39.8516703],[-8.8043059,39.8495088],[-8.8050415,39.8478851],[-8.8063412,39.8450651],[-8.8085839,39.8402368],[-8.8106122,39.8357799],[-8.8116529,39.8335344],[-8.8128584,39.8308874],[-8.8148507,39.8264805],[-8.8162755,39.8234188],[-8.817965,39.8197147],[-8.8194543,39.8164566],[-8.8210145,39.8131111],[-8.8221059,39.8106878],[-8.8239343,39.8067319],[-8.8255572,39.8031476],[-8.8271942,39.7995996],[-8.8288476,39.7960561],[-8.8302451,39.792961],[-8.8314138,39.7904067],[-8.8328429,39.7878223],[-8.834983,39.7840178],[-8.8363358,39.7816211],[-8.8377424,39.7790401],[-8.839261,39.7763494],[-8.8409491,39.7731447],[-8.8424461,39.7702666],[-8.8434946,39.7683688],[-8.8448674,39.7657889],[-8.8466499,39.7624127],[-8.8482717,39.7592768],[-8.8493384,39.7572933],[-8.851129,39.7538892],[-8.8524849,39.751279],[-8.8540422,39.74837],[-8.8555948,39.7454455],[-8.8560357,39.7414128],[-8.8563692,39.7383245],[-8.8566946,39.735417],[-8.857153,39.7311947],[-8.8574101,39.729083],[-8.8576524,39.7269513],[-8.8592283,39.7229269],[-8.8604348,39.7199029],[-8.861904,39.7161767],[-8.8630411,39.7132901],[-8.8643238,39.7100185],[-8.8654189,39.707245],[-8.8665468,39.7044195],[-8.8674347,39.7021255],[-8.868374,39.6997394],[-8.8695081,39.6968522],[-8.8701128,39.6953329],[-8.8710277,39.6930342],[-8.8719332,39.6907041],[-8.8736771,39.6863248],[-8.8748654,39.6834303],[-8.8766479,39.6789715],[-8.8778983,39.6760201],[-8.8791289,39.6730232],[-8.8802759,39.6702193],[-8.8817456,39.6666792],[-8.8832916,39.6628692],[-8.8856907,39.657061],[-8.8870486,39.6537824],[-8.8884236,39.6504002],[-8.8897796,39.6470935],[-8.8903631,39.6455881],[-8.8915797,39.6427006],[-8.8932941,39.6385622],[-8.8943837,39.6358661],[-8.8957502,39.632478],[-8.8969202,39.6296808],[-8.898046,39.6269891],[-8.8991792,39.6242261],[-8.9001395,39.6218824],[-8.9013537,39.6189094],[-8.9034656,39.6137737],[-8.9045326,39.6111122],[-8.9053853,39.6090234],[-8.90708,39.6049469],[-8.9085205,39.601431],[-8.9098647,39.5982268],[-8.9108953,39.5956736],[-8.9122093,39.5923779],[-8.9134615,39.5893639],[-8.914523,39.5868144],[-8.9157649,39.5838041],[-8.9168986,39.5811035],[-8.9179189,39.5787007],[-8.9190218,39.5760059],[-8.9197894,39.5742085],[-8.9210468,39.571166],[-8.9221289,39.56858],[-8.9235151,39.5652234],[-8.9247724,39.5621804],[-8.926363,39.5583597],[-8.9282249,39.5539605],[-8.9298739,39.5499396],[-8.9309767,39.5472973],[-8.9323061,39.5440866],[-8.933512,39.5412176],[-8.934494,39.5388851],[-8.9347143,39.5381955],[-8.9357426,39.5349767],[-8.9368549,39.531431],[-8.9372903,39.530081],[-8.9379342,39.5280845],[-8.9394996,39.5254734],[-8.9412409,39.5225778],[-8.9422793,39.5187226],[-8.9430365,39.5159192],[-8.9436344,39.513467],[-8.9444681,39.5104334],[-8.9451101,39.5078406],[-8.9454883,39.5063132],[-8.9462368,39.50383],[-8.9469736,39.5011547],[-8.9478827,39.4975544],[-8.9486798,39.4946195],[-8.9493839,39.4919648],[-8.9501104,39.4891508],[-8.9510134,39.4857494],[-8.951798,39.4827424],[-8.9525433,39.4798778],[-8.9535366,39.4760083],[-8.9543087,39.4731278],[-8.954771,39.4690548],[-8.9563764,39.4654275],[-8.9572464,39.4619996],[-8.9580836,39.4588176],[-8.9589281,39.4557357],[-8.9597007,39.4528295],[-8.960496,39.449616],[-8.9613467,39.4463848],[-8.962214,39.4431245],[-8.9632024,39.4393596],[-8.9638206,39.4369769],[-8.9648465,39.433107],[-8.965594,39.4302843],[-8.9662499,39.4276022],[-8.9671795,39.4242583],[-8.9680166,39.4210787],[-8.9689117,39.4176066],[-8.9696846,39.4147363],[-8.9704491,39.4118629],[-8.97139,39.4082583],[-8.9722576,39.4049355],[-8.9729342,39.4022847],[-8.9728882,39.3976027],[-8.9728578,39.3941324],[-8.9727919,39.3900248],[-8.9727639,39.3865967],[-8.9726913,39.3836881],[-8.9726625,39.3810243],[-8.9722833,39.3772763],[-8.9719282,39.3743723],[-8.9714924,39.370385],[-8.9709767,39.3655342],[-8.9706709,39.3626302],[-8.970766,39.3589009],[-8.9709367,39.3548463],[-8.9710269,39.3522717],[-8.9710666,39.3495793],[-8.97456,39.3460246],[-8.9791238,39.3434902],[-8.9825584,39.3415748],[-8.9858052,39.3397752],[-8.9909412,39.3389526],[-8.9964962,39.3387448],[-8.9993503,39.3385586],[-9.0007285,39.3388448]]}},{"type":"Feature","properties":{"assetId":"PT-line-way-144564914","countryCode":"PT","assetType":"line","powerType":"line","osmType":"way","osmId":"144564914","actualVoltagesKv":[400],"actualVoltageKv":400,"gridClass":"400","displayClass":"400 kV sınıfı","name":null,"ref":null,"operator":"REN","from":null,"to":null,"displayLabel":"REN · 400 kV · OSM 144564914","labelSource":"generated-identifier","voltageRaw":"400000","circuits":null,"cables":"6","frequency":"50","location":null,"sourceProvider":"ArcGIS OSM Europe","sourceFallback":null,"sourceLicense":"ODbL 1.0","osmTimestamp":"2024-03-01T15:45:11Z"},"geometry":{"type":"LineString","coordinates":[[-8.7903158,39.6523156],[-8.7923942,39.6548809],[-8.7933188,39.6553981]]}},{"type":"Feature","properties":{"assetId":"PT-line-way-144564917","countryCode":"PT","assetType":"line","powerType":"line","osmType":"way","osmId":"144564917","actualVoltagesKv":[400],"actualVoltageKv":400,"gridClass":"400","displayClass":"400 kV sınıfı","name":null,"ref":null,"operator":"REN","from":null,"to":null,"displayLabel":"REN · 400 kV · OSM 144564917","labelSource":"generated-identifier","voltageRaw":"400000","circuits":null,"cables":"6","frequency":"50","location":null,"sourceProvider":"ArcGIS OSM Europe","sourceFallback":null,"sourceLicense":"ODbL 1.0","osmTimestamp":"2024-03-01T15:45:11Z"},"geometry":{"type":"LineString","coordinates":[[-8.7908575,39.6566617],[-8.7911366,39.6556643],[-8.7903085,39.6535494],[-8.7897849,39.6521612]]}},{"type":"Feature","properties":{"assetId":"PT-line-way-144564919","countryCode":"PT","assetType":"line","powerType":"line","osmType":"way","osmId":"144564919","actualVoltagesKv":[400],"actualVoltageKv":400,"gridClass":"400","displayClass":"400 kV sınıfı","name":null,"ref":null,"operator":"REN","from":null,"to":null,"displayLabel":"REN · 400 kV · OSM 144564919","labelSource":"generated-identifier","voltageRaw":"400000","circuits":null,"cables":"6","frequency":"50","location":null,"sourceProvider":"ArcGIS OSM Europe","sourceFallback":null,"sourceLicense":"ODbL 1.0","osmTimestamp":"2024-03-04T15:48:53Z"},"geometry":{"type":"LineString","coordinates":[[-8.8066497,40.0402242],[-8.8060952,40.0377371],[-8.8062641,40.0338121],[-8.8064305,40.0299451],[-8.8065757,40.0265695],[-8.8059597,40.0228032],[-8.8052756,40.0186204],[-8.8074688,40.0147256],[-8.8095152,40.0111125],[-8.8116316,40.0074121],[-8.8131312,40.0047083],[-8.8132465,40.0024426],[-8.8134428,39.9985869],[-8.8167074,39.9953582],[-8.8204041,39.991702],[-8.8241007,39.9880458],[-8.8252655,39.9835295],[-8.8263022,39.9795095],[-8.8247429,39.9758565],[-8.8230344,39.9718538],[-8.8211413,39.9674183],[-8.8194034,39.9633461],[-8.8176366,39.9592059],[-8.815893,39.95512],[-8.81417,39.9510821],[-8.8122593,39.9466038],[-8.8106524,39.9428377],[-8.8091372,39.939286],[-8.8083159,39.9366245],[-8.807362,39.9335332],[-8.8062149,39.9298155],[-8.8050621,39.9260793],[-8.8035885,39.921303],[-8.8021815,39.9167421],[-8.8007705,39.912168],[-8.799712,39.9087366],[-8.7995587,39.9055075],[-8.7994055,39.9022783],[-8.7968669,39.8992568],[-8.794612,39.8965729],[-8.7917547,39.8931718],[-8.7900576,39.8911517],[-8.7888829,39.8894956],[-8.7861424,39.8856318],[-8.7803387,39.8832477],[-8.774298,39.8807663],[-8.7694917,39.8787918],[-8.7666669,39.8761607],[-8.7654888,39.8718125],[-8.7643298,39.8675342],[-8.7636756,39.8651538],[-8.7626771,39.8614332],[-8.7619527,39.858759],[-8.7611053,39.8556304],[-8.7605389,39.8535393],[-8.7624055,39.8498413],[-8.7638654,39.8467981],[-8.7668582,39.8424938],[-8.7670766,39.8394097],[-8.7674607,39.8339838],[-8.7659788,39.8306801],[-8.7661033,39.8293258],[-8.7636923,39.8258014],[-8.7616784,39.8225539],[-8.7598299,39.8189537],[-8.7587824,39.8170964],[-8.7596952,39.8128961],[-8.7605599,39.8089169],[-8.7614791,39.804889],[-8.7635902,39.8029933],[-8.7659214,39.8009],[-8.7668956,39.7987774],[-8.7663401,39.7969752],[-8.7654499,39.7940873],[-8.7648097,39.7920101],[-8.7642133,39.7890692],[-8.7637931,39.7869972],[-8.7642874,39.7823342],[-8.7680154,39.7781887],[-8.7700177,39.7759621],[-8.7700629,39.7723259],[-8.7689806,39.7706245],[-8.7664011,39.7695457],[-8.7624936,39.7679114],[-8.7603109,39.7641717],[-8.7579793,39.7606729],[-8.7589801,39.7572087],[-8.7584819,39.7549883],[-8.7553894,39.7527347],[-8.7532944,39.7500935],[-8.7510338,39.7472435],[-8.7511934,39.7450083],[-8.754709,39.7424911],[-8.7577092,39.7417016],[-8.7602818,39.7419045],[-8.7666601,39.7411195],[-8.7710722,39.7379453],[-8.7720099,39.7340368],[-8.7700352,39.7301506],[-8.7686266,39.7273782],[-8.7681049,39.7263514],[-8.7676816,39.7222534],[-8.7660692,39.7200019],[-8.7666436,39.717183],[-8.7669443,39.7147005],[-8.7672374,39.7122798],[-8.7675946,39.70933],[-8.7666505,39.7070102],[-8.7649114,39.7035767],[-8.7654435,39.7026109],[-8.7680397,39.7016292],[-8.7719437,39.7004823],[-8.7757758,39.6993565],[-8.7780556,39.6973287],[-8.7823185,39.693537],[-8.7830767,39.6909184],[-8.7860853,39.6874198],[-8.788031,39.6851298],[-8.7893514,39.6816617],[-8.7907307,39.6780387],[-8.7911053,39.6769485],[-8.79297,39.6715211],[-8.7939634,39.6692714],[-8.7950549,39.6682613],[-8.7963328,39.6657059],[-8.7971417,39.6640883],[-8.7970814,39.6623612],[-8.7950739,39.660691]]}},{"type":"Feature","properties":{"assetId":"PT-line-way-144570032","countryCode":"PT","assetType":"line","powerType":"line","osmType":"way","osmId":"144570032","actualVoltagesKv":[400],"actualVoltageKv":400,"gridClass":"400","displayClass":"400 kV sınıfı","name":null,"ref":null,"operator":"REN","from":null,"to":null,"displayLabel":"REN · 400 kV · OSM 144570032","labelSource":"generated-identifier","voltageRaw":"400000","circuits":null,"cables":"3","frequency":"50","location":null,"sourceProvider":"ArcGIS OSM Europe","sourceFallback":null,"sourceLicense":"ODbL 1.0","osmTimestamp":"2023-06-16T11:45:11Z"},"geometry":{"type":"LineString","coordinates":[[-8.8532495,38.5825165],[-8.853904,38.5865581],[-8.8544347,38.5901794],[-8.8550131,38.594123],[-8.8554544,38.5970869],[-8.8558669,38.5999443],[-8.8563058,38.6029067],[-8.8568296,38.6065314],[-8.8572184,38.6094218],[-8.8576638,38.6122825],[-8.8581342,38.6155277],[-8.8585998,38.6187563],[-8.8590074,38.6216392],[-8.859552,38.6253369],[-8.8599869,38.6285635],[-8.8605728,38.6323067],[-8.8610351,38.6358053],[-8.8615159,38.6391584],[-8.861959,38.6422114],[-8.8624325,38.6454601],[-8.8628863,38.6486152],[-8.8634235,38.652248],[-8.8638061,38.6549686],[-8.8640769,38.6568671],[-8.8646099,38.6605769],[-8.865178,38.6645406],[-8.8656311,38.6677668],[-8.8659895,38.6702159],[-8.8665058,38.6725709],[-8.8674899,38.6770788],[-8.8686598,38.6823506],[-8.8693874,38.6856088],[-8.8701046,38.6888394],[-8.8708326,38.692099],[-8.8716128,38.695618],[-8.8723192,38.698841],[-8.8730736,38.7021968],[-8.873718,38.7050616],[-8.8742957,38.707703],[-8.8750637,38.7109263],[-8.875573,38.7134728],[-8.8761034,38.7158869],[-8.8766844,38.7184969],[-8.8775671,38.7224735],[-8.8782869,38.7257166],[-8.8791189,38.729485],[-8.879898,38.7329956],[-8.8806295,38.7363274],[-8.8813267,38.7394842],[-8.8819986,38.7425242],[-8.8827289,38.7458127],[-8.8833533,38.7486324],[-8.8839719,38.7514487],[-8.8845598,38.7540929],[-8.8851524,38.7567981],[-8.8857548,38.7595229],[-8.8857718,38.7623536],[-8.8857974,38.7653628],[-8.8858155,38.768289],[-8.8858328,38.7713327],[-8.8858552,38.7748463],[-8.8858789,38.7782256],[-8.8859049,38.782025],[-8.8859228,38.7856616],[-8.8859423,38.7892132],[-8.8859678,38.7927787],[-8.8859798,38.7962439],[-8.8859803,38.7963866],[-8.8860094,38.7998428],[-8.886026,38.8031132],[-8.8856752,38.806187],[-8.8855123,38.8076322],[-8.8852771,38.8097182],[-8.8848739,38.8133161],[-8.8844647,38.8168989],[-8.8841179,38.8199362],[-8.8837059,38.823523],[-8.8833168,38.8269703],[-8.8829017,38.8306041],[-8.8825109,38.8340246],[-8.8821077,38.8375837],[-8.8817141,38.8410152],[-8.8813018,38.844641],[-8.8808386,38.8486379],[-8.8805809,38.8509732],[-8.8802291,38.8540618],[-8.8798812,38.8570963],[-8.8795207,38.8602679],[-8.8791133,38.8638278],[-8.8787485,38.86703],[-8.8783305,38.8706523],[-8.8779202,38.8742324],[-8.8775264,38.877688],[-8.8771407,38.8810139],[-8.876751,38.8844589],[-8.8763749,38.8877579],[-8.8759855,38.891119],[-8.8765015,38.8950115],[-8.8769864,38.8986786],[-8.8774827,38.90239],[-8.8779602,38.9059929],[-8.8783624,38.9090614],[-8.8786633,38.911351],[-8.8790995,38.9146274],[-8.8795591,38.9180716],[-8.8799768,38.9212177],[-8.8804193,38.9245499],[-8.8808711,38.9279485],[-8.8813033,38.9311999],[-8.8818149,38.9350768],[-8.8823095,38.938788],[-8.8826555,38.9414168],[-8.8830231,38.9441782],[-8.8835181,38.9479267],[-8.8839665,38.9512939],[-8.8843459,38.9541695],[-8.8847683,38.9573642],[-8.8851799,38.9605332],[-8.8856451,38.9639381],[-8.8861255,38.9675591],[-8.8865996,38.9711471],[-8.8870711,38.9746958],[-8.8875036,38.9779324],[-8.88798,38.9815202],[-8.8884644,38.9851616],[-8.8889282,38.9885969],[-8.8893836,38.9920748],[-8.8898374,38.995496],[-8.8903096,38.9990614],[-8.8907633,39.0025289],[-8.8912515,39.0061224],[-8.8916982,39.0095067],[-8.8922151,39.0133859],[-8.8945664,39.0168036],[-8.8968269,39.0200244],[-8.899235,39.0234641],[-8.9021309,39.0276308],[-8.905907,39.0330294],[-8.907892,39.0358597],[-8.9098958,39.0387244]]}},{"type":"Feature","properties":{"assetId":"PT-line-way-144570039","countryCode":"PT","assetType":"line","powerType":"line","osmType":"way","osmId":"144570039","actualVoltagesKv":[400],"actualVoltageKv":400,"gridClass":"400","displayClass":"400 kV sınıfı","name":null,"ref":null,"operator":"REN","from":null,"to":null,"displayLabel":"REN · 400 kV · OSM 144570039","labelSource":"generated-identifier","voltageRaw":"400000","circuits":null,"cables":"3","frequency":"50","location":null,"sourceProvider":"ArcGIS OSM Europe","sourceFallback":null,"sourceLicense":"ODbL 1.0","osmTimestamp":"2023-12-04T04:02:51Z"},"geometry":{"type":"LineString","coordinates":[[-8.7904389,39.6505987],[-8.7910426,39.6488824],[-8.7917046,39.647238],[-8.7900506,39.6451976],[-8.7875047,39.6432511],[-8.7856106,39.6418383],[-8.7826817,39.6396201],[-8.7814593,39.638446],[-8.779299,39.6364188],[-8.7755509,39.6329013],[-8.7747432,39.632139],[-8.7720368,39.6295845],[-8.7685228,39.6262677],[-8.7606047,39.6216825],[-8.7563999,39.6192474],[-8.7541025,39.6179011],[-8.7528779,39.6171835],[-8.7516135,39.617261],[-8.7440246,39.617726],[-8.7403164,39.6179532],[-8.7392189,39.6178914],[-8.7318282,39.6174849],[-8.7262807,39.6171798],[-8.7218766,39.6169375],[-8.7212454,39.6169028],[-8.7175513,39.6160632],[-8.7132226,39.6150793],[-8.7098848,39.6143204],[-8.7058578,39.6134049],[-8.7033972,39.6118099],[-8.6967113,39.612174],[-8.6922511,39.6132775],[-8.6878972,39.6125948],[-8.6843701,39.6122813],[-8.6813726,39.6097392],[-8.6787976,39.6075554],[-8.6753423,39.6046249],[-8.6722888,39.6020351],[-8.6693848,39.5995986],[-8.6655095,39.5963061],[-8.6610374,39.5924648],[-8.6576141,39.5918822],[-8.653661,39.5912095],[-8.649395,39.5904835],[-8.6438299,39.5895912],[-8.6394993,39.5885321],[-8.6342042,39.5872372],[-8.6286109,39.5858932],[-8.6237336,39.5847212],[-8.62013,39.5838552],[-8.6151882,39.5835141],[-8.6082848,39.5830377],[-8.601912,39.5825978],[-8.5959195,39.5821842],[-8.5902581,39.5817935],[-8.5840476,39.5813725],[-8.5830385,39.5806157],[-8.5813414,39.5793428],[-8.5775216,39.5764777],[-8.5722766,39.5725435],[-8.5685688,39.5697667],[-8.5646295,39.5668129],[-8.5597448,39.5631501],[-8.5549889,39.5594554],[-8.5514486,39.5567653],[-8.5495795,39.5542202],[-8.5458922,39.5521296],[-8.5422908,39.5500876],[-8.5378171,39.547551],[-8.5338285,39.5452894],[-8.528006,39.5419877],[-8.5229925,39.5391447],[-8.5185183,39.5366074],[-8.5146505,39.5343692],[-8.5088194,39.531051],[-8.5038198,39.5282621],[-8.5000379,39.5260857],[-8.4953601,39.5236112],[-8.4920854,39.5215612],[-8.4864506,39.5183354],[-8.4831139,39.5163902],[-8.4784898,39.5138412],[-8.4738013,39.5112461],[-8.467128,39.5102033],[-8.4610447,39.5091815],[-8.456247,39.508428],[-8.4492128,39.5073619],[-8.4423756,39.5063104],[-8.4391105,39.5058493],[-8.433638,39.5068153],[-8.4306148,39.5081652],[-8.4269161,39.5099627],[-8.4252047,39.5099468],[-8.4232153,39.5100001],[-8.4203515,39.5083064],[-8.4182509,39.507064],[-8.4138104,39.5073546],[-8.4077194,39.5075361],[-8.4029642,39.5077809],[-8.39757,39.5085274],[-8.3921161,39.5092978],[-8.3899287,39.5096815],[-8.385019,39.5098871],[-8.3815304,39.5100656],[-8.3759385,39.5103772],[-8.3677574,39.5107403],[-8.3640752,39.5109518],[-8.3584338,39.5104684],[-8.3532804,39.5100982],[-8.3478311,39.5084425],[-8.3421605,39.506768],[-8.3390456,39.5065325],[-8.3257752,39.5057007],[-8.3220223,39.5054245],[-8.3159326,39.5050632],[-8.3107032,39.5042854],[-8.3050643,39.5034467],[-8.2990882,39.5025578],[-8.2941581,39.5018244],[-8.2903289,39.5012549],[-8.2856703,39.5005619],[-8.2815034,39.4999421],[-8.2759618,39.4991191],[-8.2731314,39.4986987],[-8.2712895,39.4984111],[-8.2641306,39.4973544],[-8.2603542,39.4967904],[-8.2533286,39.4957411],[-8.2485581,39.4950286],[-8.2421691,39.4940695],[-8.2376414,39.493403],[-8.2298079,39.4941084],[-8.2261288,39.4944286],[-8.22367,39.494639],[-8.2204288,39.4945577],[-8.2184291,39.4946626],[-8.2101521,39.4950926],[-8.2068912,39.4952875],[-8.2022086,39.4953144],[-8.1977111,39.4953402],[-8.1948511,39.4953608],[-8.1912062,39.4953817],[-8.1873612,39.4954038],[-8.1828325,39.4954298],[-8.1795898,39.4935436],[-8.1727635,39.4934041],[-8.1705989,39.4933741],[-8.1641695,39.4932492],[-8.1578629,39.4931306],[-8.1528723,39.4926443],[-8.1489876,39.492319],[-8.1463993,39.4900488],[-8.1443738,39.4882677],[-8.1417442,39.4859267],[-8.1352474,39.4802202],[-8.1317811,39.4771822],[-8.1281856,39.4740248],[-8.1238281,39.4701558],[-8.1202307,39.466977],[-8.1174691,39.4656951],[-8.1162448,39.4659287]]}},{"type":"Feature","properties":{"assetId":"PT-line-way-144599063","countryCode":"PT","assetType":"line","powerType":"line","osmType":"way","osmId":"144599063","actualVoltagesKv":[400],"actualVoltageKv":400,"gridClass":"400","displayClass":"400 kV sınıfı","name":"Falagueira - Estremoz","ref":null,"operator":"REN","from":null,"to":null,"displayLabel":"Falagueira - Estremoz","labelSource":"osm-name","voltageRaw":"400000","circuits":null,"cables":"3","frequency":"50","location":null,"sourceProvider":"ArcGIS OSM Europe","sourceFallback":null,"sourceLicense":"ODbL 1.0","osmTimestamp":"2024-03-02T02:04:55Z"},"geometry":{"type":"LineString","coordinates":[[-7.7419809,39.5286404],[-7.7425739,39.5285351],[-7.7437627,39.527967],[-7.7451785,39.526395],[-7.7467824,39.5245905],[-7.7478217,39.5214894],[-7.7491404,39.5176191],[-7.7505911,39.5134922],[-7.7525045,39.5079124],[-7.7542024,39.504492],[-7.7557978,39.5012255],[-7.7583622,39.4962529],[-7.7606153,39.4918783],[-7.7622916,39.4884243],[-7.7640431,39.4852037],[-7.7657692,39.4817696],[-7.7674309,39.4785316],[-7.7691415,39.4752387],[-7.7707886,39.471908],[-7.7725815,39.4684748],[-7.7742598,39.465158],[-7.775881,39.4618651],[-7.7774415,39.4586799],[-7.7792301,39.4552835],[-7.7809211,39.4519418],[-7.7825688,39.4487017],[-7.7825923,39.4451446],[-7.7826063,39.4422955],[-7.7826045,39.4401237],[-7.7802803,39.437027],[-7.7779886,39.4338334],[-7.7757192,39.4307772],[-7.7733629,39.4274786],[-7.7710109,39.4243254],[-7.7687499,39.4212268],[-7.7664226,39.4180373],[-7.7642001,39.4149912],[-7.7602787,39.4127067],[-7.7580475,39.4094621],[-7.7558255,39.4062017],[-7.7553492,39.4028239],[-7.7530717,39.3996777],[-7.7508738,39.3966414],[-7.7485304,39.3935102],[-7.7456248,39.3894451],[-7.7433778,39.3864045],[-7.7404638,39.3847911],[-7.7368814,39.38281],[-7.7334231,39.3808973],[-7.7297851,39.3788853],[-7.7265918,39.3771192],[-7.7230874,39.3757637],[-7.7192213,39.3742683],[-7.7155869,39.3728625],[-7.7122722,39.3715803],[-7.7085531,39.3701416],[-7.7048276,39.3687004],[-7.7009942,39.3672289],[-7.6984883,39.3662481],[-7.6958381,39.3632925],[-7.6932235,39.3603765],[-7.6907047,39.3575672],[-7.6880678,39.3546106],[-7.684497,39.3506223],[-7.681889,39.3477093],[-7.6814042,39.3442001],[-7.680904,39.3405796],[-7.6804511,39.3370777],[-7.6799689,39.3336126],[-7.6794322,39.3300691],[-7.6790102,39.3266957],[-7.678542,39.3232275],[-7.6781134,39.3201922],[-7.677562,39.3164019],[-7.6771773,39.3135184],[-7.6766236,39.3100394],[-7.6761121,39.3063451],[-7.6752646,39.3032494],[-7.674146,39.2993745],[-7.6732009,39.2961063],[-7.6719717,39.2918514],[-7.669325,39.2886758],[-7.6688022,39.28466],[-7.6685118,39.2816091],[-7.6694749,39.2789557],[-7.6704538,39.2763412],[-7.6736712,39.2737961],[-7.6760808,39.2719591],[-7.6808509,39.2694883],[-7.6842358,39.2677575],[-7.6868465,39.2664036],[-7.6914025,39.264078],[-7.6964626,39.2614948],[-7.6996863,39.2598491],[-7.70325,39.2580298],[-7.706166,39.2565225],[-7.7090145,39.2550868],[-7.7118184,39.2536541],[-7.7165649,39.2521111],[-7.7190234,39.2513012],[-7.7222413,39.2502889],[-7.7266482,39.2488843],[-7.7297981,39.2479019],[-7.732585,39.2469913],[-7.7349703,39.2446625],[-7.736619,39.2430529],[-7.7384188,39.2412189],[-7.7414605,39.2382726],[-7.7441591,39.2356215],[-7.7457719,39.2323345],[-7.7468507,39.2301065],[-7.7482011,39.2273975],[-7.7497879,39.2241687],[-7.7506173,39.2213046],[-7.7514808,39.2184983],[-7.7521781,39.2161965],[-7.7532125,39.2127812],[-7.7543604,39.2090563],[-7.7554394,39.2054039],[-7.756343,39.2024276],[-7.757548,39.1984579],[-7.7585094,39.1952908],[-7.7595051,39.1919933],[-7.7586063,39.1883792],[-7.7576301,39.184721],[-7.7568005,39.1814477],[-7.7559048,39.1779135],[-7.7550919,39.1747061],[-7.754383,39.1719086],[-7.7536157,39.1689617],[-7.754093,39.1656441],[-7.7546176,39.161786],[-7.7550374,39.1584902],[-7.7554981,39.1552466],[-7.7558568,39.152621],[-7.7562168,39.1499287],[-7.7564809,39.1479334],[-7.7568421,39.1453506],[-7.7571974,39.1428094],[-7.7576249,39.1396875],[-7.7580663,39.1364602],[-7.7583603,39.1342513],[-7.7573192,39.1309116],[-7.756064,39.1269602],[-7.7547471,39.1228139],[-7.7537884,39.1197956],[-7.7526635,39.1162537],[-7.7517838,39.113484],[-7.7508115,39.1104221],[-7.7499525,39.1077174],[-7.7495277,39.1063795],[-7.7491188,39.1043396],[-7.7485778,39.10164],[-7.7478385,39.0979515],[-7.7471125,39.094329],[-7.7464706,39.0911255],[-7.7458083,39.0878205],[-7.7451085,39.0843302],[-7.7444854,39.0812226],[-7.7439041,39.0783232],[-7.7434319,39.0759681],[-7.7414551,39.0737666],[-7.7393902,39.071467],[-7.735587,39.0672584],[-7.7336944,39.065164],[-7.7314672,39.0626992],[-7.7292688,39.0602662],[-7.7273368,39.058128],[-7.7255675,39.0561697],[-7.7230489,39.0533821],[-7.7202649,39.0502973],[-7.7179161,39.0476947],[-7.7152965,39.0447919],[-7.7127152,39.0419314],[-7.7104524,39.0394238],[-7.7080926,39.0368085],[-7.7056162,39.034064],[-7.703794,39.0320445],[-7.7021354,39.0301814],[-7.6996758,39.0274836],[-7.6970515,39.0245731],[-7.694493,39.0217278],[-7.692173,39.0191477],[-7.6902093,39.0169639],[-7.6874892,39.0139386],[-7.6855886,39.0118247],[-7.6836639,39.010045],[-7.6818655,39.008382],[-7.6801457,39.0067917],[-7.6782748,39.0050616],[-7.676129,39.0030772],[-7.6735378,39.0006809],[-7.6707258,38.9980803],[-7.6676182,38.9952062],[-7.6669923,38.9928254],[-7.6667659,38.9896656],[-7.6665073,38.9861217],[-7.66474,38.9837538],[-7.6617144,38.9821579],[-7.655002,38.9817964],[-7.6501306,38.9815027],[-7.6461532,38.9805303],[-7.6420279,38.9803423],[-7.6377736,38.9789936],[-7.6333704,38.9775694],[-7.6287165,38.976759],[-7.6253123,38.9753978],[-7.6210369,38.9736681],[-7.6180246,38.9724494],[-7.6142016,38.9709027],[-7.6098595,38.9701866],[-7.6057969,38.9683412],[-7.6021376,38.9666925],[-7.5973592,38.9645394],[-7.5941014,38.9630714],[-7.5904418,38.9614224],[-7.58737,38.9600331],[-7.5844367,38.9576863],[-7.5814703,38.9552821],[-7.5791882,38.9534152],[-7.5760513,38.9509048],[-7.5742703,38.9494677],[-7.5710327,38.9467924],[-7.5678913,38.9441966],[-7.5650438,38.9418306],[-7.5618916,38.939227],[-7.558807,38.9366646],[-7.5557152,38.9341034],[-7.5529245,38.9317916],[-7.5500988,38.9294556],[-7.5474267,38.9272465],[-7.5448931,38.9251518],[-7.5422632,38.9229774],[-7.5385614,38.9198124],[-7.5367787,38.9176139],[-7.5344433,38.9149045],[-7.5308101,38.9122704],[-7.5287068,38.909644],[-7.5261224,38.9046664],[-7.5254478,38.9015253],[-7.5252872,38.8981794],[-7.5264863,38.8943743],[-7.5279199,38.8905702],[-7.5283259,38.8898449]]}},{"type":"Feature","properties":{"assetId":"PT-line-way-144599064","countryCode":"PT","assetType":"line","powerType":"line","osmType":"way","osmId":"144599064","actualVoltagesKv":[400],"actualVoltageKv":400,"gridClass":"400","displayClass":"400 kV sınıfı","name":null,"ref":null,"operator":"REN","from":null,"to":null,"displayLabel":"REN · 400 kV · OSM 144599064","labelSource":"generated-identifier","voltageRaw":"400000","circuits":null,"cables":"3","frequency":"50","location":null,"sourceProvider":"ArcGIS OSM Europe","sourceFallback":null,"sourceLicense":"ODbL 1.0","osmTimestamp":"2024-03-02T02:04:55Z"},"geometry":{"type":"LineString","coordinates":[[-7.7288328,39.5235832],[-7.725156,39.5247812],[-7.7214094,39.5259696],[-7.717988,39.5270072],[-7.7141068,39.5282173],[-7.709637,39.5296109],[-7.7054997,39.5309008],[-7.7002096,39.53255],[-7.6963953,39.5337392],[-7.6913567,39.5352988],[-7.6862673,39.5368742],[-7.6827418,39.5379654],[-7.6796231,39.5389307],[-7.6757399,39.5401327],[-7.6716184,39.5414083],[-7.6678417,39.5425772],[-7.6643958,39.5436438],[-7.6601511,39.5449575],[-7.656346,39.5468506],[-7.6516133,39.549158],[-7.6471661,39.5513459],[-7.6435744,39.5531128],[-7.6408748,39.5544408],[-7.6352934,39.557197],[-7.6328006,39.558457],[-7.6277513,39.5609428],[-7.6238991,39.5627648],[-7.6185264,39.56539],[-7.6134117,39.5679783],[-7.608916,39.5701773],[-7.604451,39.5723845],[-7.6011711,39.5739879],[-7.5983248,39.5753642],[-7.5955163,39.5767144],[-7.5926479,39.5781239],[-7.5885136,39.5801615],[-7.5812536,39.5837736],[-7.577409,39.5856634],[-7.5736346,39.5875266],[-7.5684226,39.5901177],[-7.5640045,39.5921864],[-7.5629563,39.5939262],[-7.5616667,39.596191],[-7.5589836,39.600833],[-7.5564184,39.6052915],[-7.5549922,39.6077702],[-7.5532287,39.6108845],[-7.5519011,39.613167],[-7.5500013,39.6164572],[-7.5475632,39.6206961],[-7.5462987,39.6228552],[-7.5454394,39.6256464],[-7.544439,39.6290759],[-7.5432719,39.6329004],[-7.5425104,39.6353607],[-7.5415014,39.6388025],[-7.540517,39.6421179],[-7.5395396,39.6452357],[-7.5383886,39.6492297],[-7.5362069,39.6544324],[-7.5351203,39.6569904],[-7.5340662,39.6593899],[-7.53402889203547,39.65947667999144]]}},{"type":"Feature","properties":{"assetId":"PT-line-way-144599065","countryCode":"PT","assetType":"line","powerType":"line","osmType":"way","osmId":"144599065","actualVoltagesKv":[400],"actualVoltageKv":400,"gridClass":"400","displayClass":"400 kV sınıfı","name":"Pego - Falagueira","ref":null,"operator":"REN","from":null,"to":null,"displayLabel":"Pego - Falagueira","labelSource":"osm-name","voltageRaw":"400000","circuits":null,"cables":"3","frequency":"50","location":null,"sourceProvider":"ArcGIS OSM Europe","sourceFallback":null,"sourceLicense":"ODbL 1.0","osmTimestamp":"2024-03-02T22:02:01Z"},"geometry":{"type":"LineString","coordinates":[[-8.1148187,39.4657099],[-8.1154845,39.4650677],[-8.1162897,39.4621095],[-8.1177686,39.4565668],[-8.1192376,39.4510608],[-8.1177865,39.4478601],[-8.1160784,39.4440298],[-8.1134982,39.4383505],[-8.1118134,39.4346419],[-8.1090849,39.4285876],[-8.1045529,39.4255254],[-8.1007127,39.4229719],[-8.0973573,39.4222559],[-8.0936886,39.4214731],[-8.0897464,39.4206319],[-8.0858809,39.4211389],[-8.0797689,39.4219406],[-8.0749965,39.4225665],[-8.0700499,39.4232146],[-8.0639785,39.42401],[-8.0587069,39.4247007],[-8.0545696,39.4252427],[-8.0497868,39.4258694],[-8.0465841,39.4262889],[-8.0412398,39.4269891],[-8.0359689,39.4276772],[-8.0302536,39.4284233],[-8.0255905,39.429032],[-8.0175724,39.4300787],[-8.0116134,39.4308566],[-8.0053503,39.4316742],[-7.9976432,39.4326816],[-7.9915708,39.4334754],[-7.9862047,39.4341768],[-7.9818534,39.4347455],[-7.9766024,39.4354319],[-7.9706347,39.4369005],[-7.9661102,39.4382971],[-7.9569084,39.4411374],[-7.9487697,39.4436495],[-7.9398688,39.4463967],[-7.9371636,39.4472041],[-7.9321396,39.4487039],[-7.9281633,39.4499373],[-7.9229864,39.4515347],[-7.9193966,39.4526127],[-7.9150204,39.4539489],[-7.911059,39.4551563],[-7.9061035,39.456668],[-7.9020091,39.4579171],[-7.8970823,39.45942],[-7.8930194,39.4611023],[-7.8875056,39.4633871],[-7.8820203,39.4656601],[-7.876097,39.4681144],[-7.8713436,39.4700603],[-7.8666221,39.4720049],[-7.8600755,39.4747012],[-7.8551097,39.4767464],[-7.8505463,39.4786258],[-7.8482222,39.4795829],[-7.8431444,39.4816741],[-7.8354409,39.4848484],[-7.8330387,39.4858383],[-7.825696,39.4888637],[-7.8209979,39.4907994],[-7.8172392,39.4923481],[-7.8128426,39.4941595],[-7.8087014,39.4958656],[-7.8045116,39.4975917],[-7.7992196,39.4997718],[-7.7941757,39.5018497],[-7.789451,39.5037961],[-7.7861535,39.5051544],[-7.7834214,39.5062917],[-7.780176,39.5076426],[-7.7787777,39.5080765],[-7.7753028,39.5091548],[-7.7708666,39.5105314],[-7.7663899,39.5119205],[-7.7623556,39.5131724],[-7.7572736,39.5147493],[-7.7526998,39.5161685],[-7.7498444,39.5170767],[-7.7469236,39.5179779],[-7.7416504,39.5195941],[-7.7374417,39.5209026],[-7.7332178,39.5222268],[-7.7288328,39.5235832]]}},{"type":"Feature","properties":{"assetId":"PT-line-way-144599068","countryCode":"PT","assetType":"line","powerType":"line","osmType":"way","osmId":"144599068","actualVoltagesKv":[400],"actualVoltageKv":400,"gridClass":"400","displayClass":"400 kV sınıfı","name":null,"ref":null,"operator":"REN","from":null,"to":null,"displayLabel":"REN · 400 kV · OSM 144599068","labelSource":"generated-identifier","voltageRaw":"400000","circuits":null,"cables":"6","frequency":"50","location":null,"sourceProvider":"ArcGIS OSM Europe","sourceFallback":null,"sourceLicense":"ODbL 1.0","osmTimestamp":"2024-02-29T16:01:12Z"},"geometry":{"type":"LineString","coordinates":[[-7.7288328,39.5235832],[-7.7297191,39.5252598],[-7.7311535,39.527189],[-7.7334792,39.5286449],[-7.7363946,39.5291418],[-7.7393752,39.5291952]]}},{"type":"Feature","properties":{"assetId":"PT-line-way-144616553","countryCode":"PT","assetType":"line","powerType":"line","osmType":"way","osmId":"144616553","actualVoltagesKv":[400],"actualVoltageKv":400,"gridClass":"400","displayClass":"400 kV sınıfı","name":"Rio Maior - Alto de Mira","ref":null,"operator":"REN","from":null,"to":null,"displayLabel":"Rio Maior - Alto de Mira","labelSource":"osm-name","voltageRaw":"400000","circuits":null,"cables":"3","frequency":"50","location":null,"sourceProvider":"ArcGIS OSM Europe","sourceFallback":null,"sourceLicense":"ODbL 1.0","osmTimestamp":"2024-03-04T15:48:53Z"},"geometry":{"type":"LineString","coordinates":[[-9.1404976,38.9011562],[-9.140832,38.9020692],[-9.1409808,38.9029526],[-9.1419601,38.9087678],[-9.1425496,38.9122285],[-9.143961,38.913551],[-9.1450285,38.9145513],[-9.1454088,38.919252],[-9.1456924,38.9226803],[-9.146035,38.9268206],[-9.1462939,38.9299498],[-9.1465418,38.9329468],[-9.1468593,38.9367832],[-9.14389,38.9438197],[-9.1425913,38.946897],[-9.1403218,38.9522746],[-9.1387589,38.9559775],[-9.1378431,38.9581472],[-9.1247628,38.9891296],[-9.1241293,38.9944937],[-9.1232799,39.0014871],[-9.1230532,39.0033537],[-9.1225902,39.0071656],[-9.122154,39.0108851],[-9.1207084,39.0232093],[-9.1203817,39.0258817],[-9.119212,39.0302738],[-9.1181711,39.0341819],[-9.1174727,39.036804],[-9.1164253,39.0407731],[-9.1154078,39.0446286],[-9.1077349,39.0736954],[-9.1054758,39.0899909],[-9.1038724,39.1016673],[-9.1034923,39.1044357],[-9.1031994,39.106568],[-9.1026863,39.110304],[-9.1023037,39.1130819],[-9.1018696,39.1162331],[-9.1005634,39.1257139],[-9.0989974,39.1370792],[-9.0975523,39.1479896],[-9.0965108,39.1700509],[-9.0962153,39.176609],[-9.0960688,39.1798609],[-9.0957462,39.1870209],[-9.0956549,39.1890469],[-9.0950787,39.2058859],[-9.0941179,39.2338429],[-9.0923089,39.2386791],[-9.0840981,39.2610008],[-9.0638074,39.2814801],[-9.0606029,39.284737],[-9.0553301,39.2900412],[-9.0425167,39.3029807],[-9.0375046,39.3081351],[-9.0359473,39.3097009],[-9.0334713,39.3121904],[-9.0299196,39.3157613],[-9.0126928,39.3330785],[-9.0107713,39.3350185],[-9.0074906,39.3369789],[-9.0042149,39.3372896],[-9.0032576,39.3371491]]}},{"type":"Feature","properties":{"assetId":"PT-line-way-144620574","countryCode":"PT","assetType":"line","powerType":"line","osmType":"way","osmId":"144620574","actualVoltagesKv":[400],"actualVoltageKv":400,"gridClass":"400","displayClass":"400 kV sınıfı","name":null,"ref":null,"operator":"REN","from":null,"to":null,"displayLabel":"REN · 400 kV · OSM 144620574","labelSource":"generated-identifier","voltageRaw":"400000","circuits":null,"cables":"3","frequency":null,"location":null,"sourceProvider":"ArcGIS OSM Europe","sourceFallback":null,"sourceLicense":"ODbL 1.0","osmTimestamp":"2024-02-29T16:01:12Z"},"geometry":{"type":"LineString","coordinates":[[-9.1405825,38.9030193],[-9.1409808,38.9029526],[-9.1412957,38.9028999],[-9.1420932,38.9027214],[-9.1454795,38.9020125],[-9.1472359,38.9014343],[-9.150123,38.9002806],[-9.1560122,38.8980679],[-9.1614024,38.8950523],[-9.1639778,38.8931634],[-9.1658174,38.89216]]}},{"type":"Feature","properties":{"assetId":"PT-line-way-144627242","countryCode":"PT","assetType":"line","powerType":"line","osmType":"way","osmId":"144627242","actualVoltagesKv":[400],"actualVoltageKv":400,"gridClass":"400","displayClass":"400 kV sınıfı","name":"Sines - Palmela","ref":null,"operator":"REN","from":null,"to":null,"displayLabel":"Sines - Palmela","labelSource":"osm-name","voltageRaw":"400000","circuits":null,"cables":"3","frequency":"50","location":null,"sourceProvider":"ArcGIS OSM Europe","sourceFallback":null,"sourceLicense":"ODbL 1.0","osmTimestamp":"2024-02-29T16:01:12Z"},"geometry":{"type":"LineString","coordinates":[[-8.7612288,37.9969477],[-8.7609341,37.9966482],[-8.7598426,37.9970867],[-8.7583201,37.9980679],[-8.7549772,38.000164],[-8.7528054,38.0016372],[-8.7489717,38.0042002],[-8.7453439,38.0066092],[-8.742505,38.0084992],[-8.7396392,38.010407],[-8.7369865,38.0121728],[-8.7339898,38.0141677],[-8.7312583,38.0159859],[-8.7270075,38.0188154],[-8.7233423,38.021255],[-8.7204419,38.0231855],[-8.7168167,38.0256123],[-8.714732,38.0269967],[-8.7111979,38.0293437],[-8.7073397,38.0319057],[-8.7052695,38.0332776],[-8.702632,38.0350254],[-8.6991475,38.0373345],[-8.6961151,38.0393439],[-8.6925357,38.0417453],[-8.6899326,38.0434618],[-8.6876428,38.0449717],[-8.684614,38.0474116],[-8.679953,38.0511662],[-8.6773106,38.0532941],[-8.6733909,38.0564507],[-8.6706168,38.0586845],[-8.6673599,38.061307],[-8.6642305,38.0638269],[-8.6618541,38.0657403],[-8.6585462,38.0684067],[-8.6560738,38.0703995],[-8.6534076,38.072487],[-8.650329,38.0749604],[-8.646937,38.0777501],[-8.6434736,38.0805383],[-8.6404852,38.0829083],[-8.6373225,38.0854823],[-8.635388,38.0870567],[-8.6318754,38.0898517],[-8.6285508,38.0922538],[-8.6255024,38.0944348],[-8.6225038,38.09658],[-8.6189175,38.0991644],[-8.616693,38.1007674],[-8.6135521,38.1030134],[-8.6089597,38.1062971],[-8.6059933,38.1084181],[-8.6034032,38.11027],[-8.6005648,38.1122993],[-8.5977366,38.1143214],[-8.5947441,38.1164608],[-8.5921108,38.1183639],[-8.5889024,38.1206402],[-8.5838423,38.1242603],[-8.5803781,38.1281448],[-8.5783324,38.1304253],[-8.5762061,38.1327955],[-8.5742374,38.1350097],[-8.5706136,38.1390637],[-8.5674865,38.1425601],[-8.5643946,38.146017],[-8.5617006,38.149029],[-8.559548,38.1514355],[-8.5586498,38.1538988],[-8.5578174,38.1562443],[-8.5568725,38.1589069],[-8.555667,38.1622723],[-8.5543725,38.1658725],[-8.5531452,38.1693686],[-8.5518658,38.173013],[-8.5508299,38.1759232],[-8.549551,38.1795159],[-8.5484417,38.182632],[-8.5471691,38.1862067],[-8.546102,38.1892039],[-8.5447902,38.1928884],[-8.5433934,38.1968113],[-8.5423307,38.1997959],[-8.5412987,38.2026942],[-8.5401373,38.2059554],[-8.5388407,38.2095965],[-8.5376929,38.2128194],[-8.536537,38.2160649],[-8.5352073,38.2197983],[-8.5340672,38.2229991],[-8.5329709,38.2260768],[-8.5318689,38.2291705],[-8.5306224,38.2326696],[-8.5294337,38.2360062],[-8.5283144,38.239148],[-8.5271261,38.2424832],[-8.5258903,38.2459516],[-8.5245281,38.2497589],[-8.5228449,38.2544629],[-8.521711,38.2576317],[-8.5206734,38.2605313],[-8.5196832,38.2632982],[-8.5183335,38.2670696],[-8.5169147,38.271034],[-8.515492,38.2750088],[-8.5143905,38.2780864],[-8.513235,38.2813143],[-8.5122715,38.2840061],[-8.510783,38.2881641],[-8.5105397,38.2926521],[-8.510316,38.2967763],[-8.510146,38.2999125],[-8.5099532,38.3032675],[-8.5097878,38.3068802],[-8.509543,38.3104034],[-8.5093644,38.3137304],[-8.509116,38.3183563],[-8.508917,38.3220621],[-8.5087114,38.3255781],[-8.5085015,38.3290224],[-8.5082539,38.3330856],[-8.5080475,38.3363434],[-8.507849,38.3398573],[-8.5076394,38.3435664],[-8.5074508,38.3469049],[-8.507246,38.3505289],[-8.5070416,38.3541453],[-8.5041112,38.359213],[-8.5015066,38.363717],[-8.4998853,38.3665204],[-8.4979909,38.3697834],[-8.497879,38.3734397],[-8.4977876,38.3758821],[-8.4976319,38.3791876],[-8.4975218,38.382723],[-8.497423,38.3858918],[-8.4973244,38.3890564],[-8.4972334,38.3919465],[-8.4971113,38.3958252],[-8.4969922,38.3991223],[-8.496859,38.4028077],[-8.4967306,38.4063623],[-8.4966075,38.4100547],[-8.4965066,38.4130808],[-8.498351,38.4150667],[-8.5010531,38.4180412],[-8.5030048,38.4201407],[-8.5054104,38.4227285],[-8.5083937,38.4259526],[-8.5104712,38.4281976],[-8.5131307,38.4310715],[-8.5156124,38.4337533],[-8.5182108,38.436561],[-8.5208685,38.4394326],[-8.5237591,38.4425557],[-8.5260925,38.4450768],[-8.5290188,38.4482382],[-8.5312569,38.4506561],[-8.5336138,38.4531939],[-8.5357182,38.4554598],[-8.5375901,38.4574752],[-8.5405785,38.4606926],[-8.5428804,38.4631784],[-8.5457508,38.4662781],[-8.5482513,38.4689783],[-8.5505618,38.4714731],[-8.552791,38.4738801],[-8.5550412,38.4763041],[-8.5575266,38.4789839],[-8.5596677,38.4812831],[-8.5625228,38.4843963],[-8.5664231,38.4885614],[-8.5684498,38.4907472],[-8.572344,38.4949681],[-8.5747268,38.4975515],[-8.5769143,38.4999126],[-8.5811156,38.5044513],[-8.583766,38.507303],[-8.5862745,38.510009],[-8.5889208,38.5128525],[-8.5910007,38.5150911],[-8.593349,38.517624],[-8.5960619,38.5205448],[-8.5986118,38.5232833],[-8.6011922,38.5260489],[-8.6037794,38.5288474],[-8.6064755,38.5317458],[-8.6091016,38.5345705],[-8.6118421,38.5375356],[-8.614762,38.5406677],[-8.617674,38.5437914],[-8.6197607,38.5460402],[-8.6225663,38.5490536],[-8.6260641,38.5528106],[-8.6285423,38.5554589],[-8.6307419,38.5578325],[-8.6335508,38.5608518],[-8.635471,38.5629133],[-8.6381025,38.5657326],[-8.6402919,38.5680911],[-8.6429647,38.5709361],[-8.6452747,38.5734297],[-8.6475577,38.5758926],[-8.6493411,38.577827],[-8.6527659,38.5794936],[-8.6560063,38.5810737],[-8.6595699,38.5828046],[-8.664237,38.5850775],[-8.6673366,38.586574],[-8.6706102,38.5881621],[-8.6740527,38.5898252],[-8.6764804,38.5910018],[-8.6804611,38.591441],[-8.6841652,38.5918452],[-8.6874009,38.5921972],[-8.6906738,38.5925555],[-8.696707,38.5932053],[-8.7013458,38.5937175],[-8.7061932,38.594235],[-8.7108342,38.5947502],[-8.7156781,38.5952788],[-8.7203041,38.5957835],[-8.7244216,38.5950379],[-8.7284243,38.5943268],[-8.7371043,38.5927567],[-8.7399702,38.5922481],[-8.7440588,38.5915034],[-8.7479178,38.590808],[-8.7525822,38.5899628],[-8.7564984,38.589251],[-8.7610285,38.5884374],[-8.7652783,38.5876769],[-8.7696047,38.5868944],[-8.7740898,38.5860831],[-8.7795553,38.5850946],[-8.7839109,38.5843092],[-8.7888967,38.5833839],[-8.7930762,38.5826242],[-8.7975988,38.5818021],[-8.8012693,38.5811461],[-8.8055542,38.5803685],[-8.8092959,38.5796952],[-8.8131263,38.5790005],[-8.8170486,38.5782893],[-8.8218304,38.5774221],[-8.8256981,38.5767209],[-8.829378,38.5760626],[-8.8338238,38.5752673],[-8.8383099,38.5746397],[-8.8430208,38.574],[-8.8476868,38.5733627],[-8.851579,38.5728371],[-8.8557287,38.5722703],[-8.8566326,38.5722095]]}},{"type":"Feature","properties":{"assetId":"PT-line-way-144632810","countryCode":"PT","assetType":"line","powerType":"line","osmType":"way","osmId":"144632810","actualVoltagesKv":[400],"actualVoltageKv":400,"gridClass":"400","displayClass":"400 kV sınıfı","name":null,"ref":null,"operator":"REN","from":null,"to":null,"displayLabel":"REN · 400 kV · OSM 144632810","labelSource":"generated-identifier","voltageRaw":"400000","circuits":null,"cables":"3","frequency":"50","location":null,"sourceProvider":"ArcGIS OSM Europe","sourceFallback":null,"sourceLicense":"ODbL 1.0","osmTimestamp":"2024-03-01T15:45:11Z"},"geometry":{"type":"LineString","coordinates":[[-8.7636393,37.9966973],[-8.7634872,37.9965209],[-8.7631367,37.996114],[-8.7630183,37.9959767]]}},{"type":"Feature","properties":{"assetId":"PT-line-way-144632829","countryCode":"PT","assetType":"line","powerType":"line","osmType":"way","osmId":"144632829","actualVoltagesKv":[150,400],"actualVoltageKv":400,"gridClass":"400","displayClass":"400 kV sınıfı","name":null,"ref":null,"operator":"REN","from":null,"to":null,"displayLabel":"REN · 400 kV · OSM 144632829","labelSource":"generated-identifier","voltageRaw":"400000;150000","circuits":null,"cables":"6","frequency":"50","location":null,"sourceProvider":"ArcGIS OSM Europe","sourceFallback":null,"sourceLicense":"ODbL 1.0","osmTimestamp":"2024-03-01T15:45:11Z"},"geometry":{"type":"LineString","coordinates":[[-8.7573064,37.9904792],[-8.7559003,37.988467],[-8.7538478,37.98556],[-8.751972,37.9828911],[-8.7499022,37.9799093],[-8.7493014,37.9767524],[-8.7486769,37.9734712],[-8.7481582,37.9707457],[-8.747594,37.9677811],[-8.7469045,37.9641575],[-8.7475077,37.9614381],[-8.7482685,37.9580081],[-8.7490081,37.9546735],[-8.7497933,37.9511331],[-8.7506397,37.9473167],[-8.751403,37.9437368],[-8.7527081,37.9417761],[-8.7542641,37.9394385],[-8.7559045,37.9369263],[-8.7579271,37.9346609],[-8.7603147,37.9319866],[-8.7623246,37.9297352],[-8.7646683,37.9271099],[-8.7682213,37.9261017],[-8.7722001,37.9249727],[-8.7752561,37.9241055],[-8.7782985,37.9232422],[-8.7815998,37.9229139],[-8.7855501,37.9225211],[-8.7889698,37.9229505],[-8.7923839,37.9233791],[-8.796101,37.9238458],[-8.8001726,37.9262333],[-8.8026367,37.9282356],[-8.8033916,37.9288351]]}},{"type":"Feature","properties":{"assetId":"PT-line-way-144632838","countryCode":"PT","assetType":"line","powerType":"line","osmType":"way","osmId":"144632838","actualVoltagesKv":[400],"actualVoltageKv":400,"gridClass":"400","displayClass":"400 kV sınıfı","name":null,"ref":null,"operator":"REN","from":null,"to":null,"displayLabel":"REN · 400 kV · OSM 144632838","labelSource":"generated-identifier","voltageRaw":"400000","circuits":null,"cables":"3","frequency":null,"location":null,"sourceProvider":"ArcGIS OSM Europe","sourceFallback":null,"sourceLicense":"ODbL 1.0","osmTimestamp":"2024-03-01T15:45:11Z"},"geometry":{"type":"LineString","coordinates":[[-8.8019895,37.9290866],[-8.8026768,37.9300631]]}},{"type":"Feature","properties":{"assetId":"PT-line-way-144632839","countryCode":"PT","assetType":"line","powerType":"line","osmType":"way","osmId":"144632839","actualVoltagesKv":[400],"actualVoltageKv":400,"gridClass":"400","displayClass":"400 kV sınıfı","name":null,"ref":null,"operator":"Energias de Portugal","from":null,"to":null,"displayLabel":"Energias de Portugal · 400 kV · OSM 144632839","labelSource":"generated-identifier","voltageRaw":"400000","circuits":null,"cables":"3","frequency":null,"location":null,"sourceProvider":"ArcGIS OSM Europe","sourceFallback":null,"sourceLicense":"ODbL 1.0","osmTimestamp":"2024-03-01T15:45:11Z"},"geometry":{"type":"LineString","coordinates":[[-8.8021673,37.9310516],[-8.8021435,37.9309694]]}},{"type":"Feature","properties":{"assetId":"PT-line-way-144632840","countryCode":"PT","assetType":"line","powerType":"line","osmType":"way","osmId":"144632840","actualVoltagesKv":[400],"actualVoltageKv":400,"gridClass":"400","displayClass":"400 kV sınıfı","name":null,"ref":null,"operator":"REN","from":null,"to":null,"displayLabel":"REN · 400 kV · OSM 144632840","labelSource":"generated-identifier","voltageRaw":"400000","circuits":null,"cables":"6","frequency":"50","location":null,"sourceProvider":"ArcGIS OSM Europe","sourceFallback":null,"sourceLicense":"ODbL 1.0","osmTimestamp":"2024-03-02T02:04:55Z"},"geometry":{"type":"LineString","coordinates":[[-8.8019895,37.9290866],[-8.8006379,37.927842],[-8.7982558,37.925654],[-8.7953149,37.9247613],[-8.7921815,37.9238101],[-8.78893,37.9234015],[-8.7855334,37.9229608],[-8.7814678,37.9233758],[-8.7784188,37.923687],[-8.7758076,37.9244283],[-8.7724448,37.9253829],[-8.7685593,37.9264859],[-8.7650388,37.9274853],[-8.7627168,37.9300735],[-8.7607854,37.9322263],[-8.7580411,37.9352849],[-8.7563626,37.9371556],[-8.7540356,37.9407085],[-8.7519496,37.9438933],[-8.751206,37.9473366],[-8.7503926,37.9510144],[-8.7495914,37.9546372],[-8.7487799,37.9583062],[-8.748226,37.9608106],[-8.7474847,37.9641618],[-8.7481236,37.9675138],[-8.7487333,37.9707124],[-8.7492046,37.9731847],[-8.749839,37.9765129],[-8.7504595,37.9797675],[-8.7524369,37.9825693],[-8.7542829,37.9852411],[-8.7561033,37.9878716],[-8.7577618,37.9902483],[-8.7591607,37.9918491],[-8.760975,37.9939043],[-8.7622013,37.9953497]]}},{"type":"Feature","properties":{"assetId":"PT-line-way-144632843","countryCode":"PT","assetType":"line","powerType":"line","osmType":"way","osmId":"144632843","actualVoltagesKv":[400],"actualVoltageKv":400,"gridClass":"400","displayClass":"400 kV sınıfı","name":null,"ref":null,"operator":"REN","from":null,"to":null,"displayLabel":"REN · 400 kV · OSM 144632843","labelSource":"generated-identifier","voltageRaw":"400000","circuits":null,"cables":"3","frequency":"50","location":null,"sourceProvider":"ArcGIS OSM Europe","sourceFallback":null,"sourceLicense":"ODbL 1.0","osmTimestamp":"2024-03-02T02:04:55Z"},"geometry":{"type":"LineString","coordinates":[[-8.7573064,37.9904792],[-8.7592092,37.9926091],[-8.7606337,37.9942044],[-8.7617946,37.9955412],[-8.7622461,37.9964303]]}},{"type":"Feature","properties":{"assetId":"PT-line-way-144632844","countryCode":"PT","assetType":"line","powerType":"line","osmType":"way","osmId":"144632844","actualVoltagesKv":[400],"actualVoltageKv":400,"gridClass":"400","displayClass":"400 kV sınıfı","name":"Ferreira do Alentejo - Sines","ref":null,"operator":"REN","from":null,"to":null,"displayLabel":"Ferreira do Alentejo - Sines","labelSource":"osm-name","voltageRaw":"400000","circuits":null,"cables":"3","frequency":"50","location":null,"sourceProvider":"ArcGIS OSM Europe","sourceFallback":null,"sourceLicense":"ODbL 1.0","osmTimestamp":"2024-03-02T02:04:55Z"},"geometry":{"type":"LineString","coordinates":[[-8.1273709,38.0545753],[-8.1271008,38.0541795],[-8.1277357,38.0527253],[-8.1293131,38.0517495],[-8.1313556,38.0516558],[-8.1353067,38.0518303],[-8.1398823,38.0518986],[-8.1442695,38.052026],[-8.1492067,38.0521694],[-8.1536684,38.052299],[-8.1578479,38.0524204],[-8.1617523,38.0525338],[-8.1652152,38.0526343],[-8.1689243,38.052742],[-8.1717353,38.0528237],[-8.1758444,38.052943],[-8.1790684,38.0530366],[-8.1834016,38.0532075],[-8.1874522,38.053319],[-8.1913947,38.0530843],[-8.1955298,38.0528162],[-8.2000169,38.0525394],[-8.2055596,38.0521936],[-8.2111688,38.0518465],[-8.2151923,38.0515912],[-8.2203939,38.0513346],[-8.2244549,38.0512177],[-8.2275487,38.0511657],[-8.2301028,38.0511289],[-8.23557,38.0506887],[-8.2405132,38.0502231],[-8.2445815,38.0498398],[-8.2491983,38.0494049],[-8.2523885,38.0491044],[-8.2569335,38.0487573],[-8.2600192,38.0485217],[-8.2656491,38.0480918],[-8.2707306,38.0470606],[-8.2739188,38.0464136],[-8.2775314,38.0457393],[-8.2816027,38.0448542],[-8.2850912,38.0441338],[-8.288406,38.0435214],[-8.2926674,38.0427224],[-8.2954068,38.0421957],[-8.2984747,38.0416273],[-8.3026817,38.0407536],[-8.306365,38.0399267],[-8.3105159,38.0390022],[-8.315028,38.0380066],[-8.3199723,38.0368876],[-8.3232793,38.036176],[-8.3274542,38.0352436],[-8.3319862,38.0342313],[-8.3351086,38.0335338],[-8.3392507,38.0326817],[-8.3432243,38.0318889],[-8.3473867,38.0310336],[-8.3512636,38.0302585],[-8.3546717,38.0295349],[-8.3579543,38.0288458],[-8.3618859,38.0280057],[-8.3652591,38.0273157],[-8.3688943,38.026565],[-8.3726613,38.0258227],[-8.3756699,38.0252075],[-8.3825802,38.0237814],[-8.3871882,38.0228352],[-8.3913791,38.0219811],[-8.3948127,38.0212818],[-8.3993731,38.0203436],[-8.4024666,38.0197023],[-8.4055439,38.0190685],[-8.4096895,38.0181039],[-8.4142675,38.0170284],[-8.4176386,38.0161572],[-8.42074,38.0154389],[-8.4237293,38.0153403],[-8.4270688,38.0152179],[-8.4309072,38.0150941],[-8.4351984,38.0149372],[-8.4406862,38.0148203],[-8.4435229,38.0147315],[-8.4463887,38.0146417],[-8.4494814,38.0145449],[-8.4535764,38.0144166],[-8.4576311,38.0142896],[-8.4609478,38.0141719],[-8.4651136,38.0140694],[-8.4704483,38.0139043],[-8.4758971,38.0137357],[-8.4802113,38.013755],[-8.4852172,38.0137365],[-8.4902555,38.0134336],[-8.4941239,38.0131561],[-8.5017254,38.0129158],[-8.5053692,38.0127888],[-8.5084016,38.012675],[-8.5114482,38.0125786],[-8.5151961,38.01248],[-8.5191219,38.0123712],[-8.5236217,38.0122508],[-8.5265844,38.0121841],[-8.5294688,38.0121065],[-8.5333863,38.0120148],[-8.5364547,38.011936],[-8.5405089,38.0118274],[-8.5433407,38.0122413],[-8.5493151,38.0131146],[-8.5562195,38.0141002],[-8.560667,38.0140206],[-8.5639153,38.0139614],[-8.5676141,38.0138939],[-8.5736945,38.013783],[-8.5775716,38.0137206],[-8.5813184,38.0133585],[-8.5849425,38.0130017],[-8.5880978,38.012691],[-8.5916936,38.012337],[-8.5952903,38.0120034],[-8.598834,38.0116597],[-8.602611,38.0112934],[-8.6064665,38.0109205],[-8.6108637,38.010491],[-8.6145646,38.0101063],[-8.6176097,38.0098107],[-8.6208404,38.0095108],[-8.6249479,38.0091135],[-8.6288382,38.0086942],[-8.6337764,38.0082518],[-8.6396815,38.0076583],[-8.6428145,38.007358],[-8.6461019,38.007043],[-8.6480533,38.0065044],[-8.6516536,38.0054756],[-8.6533583,38.0039886],[-8.6577832,38.0000706],[-8.6630754,37.9954159],[-8.6643762,37.9926854],[-8.665898,37.9895371],[-8.6684323,37.9862319],[-8.6706414,37.9833576],[-8.6726507,37.9807629],[-8.674638,37.9781966],[-8.6775493,37.9768188],[-8.6817964,37.9748806],[-8.68605,37.9729469],[-8.691587,37.972987],[-8.6965711,37.97296],[-8.699723,37.9729569],[-8.7035464,37.9734557],[-8.7078187,37.9739777],[-8.7117131,37.9744535],[-8.7155384,37.9749209],[-8.7208062,37.9755645],[-8.7240445,37.9759602],[-8.7276024,37.9763949],[-8.7310364,37.9768145],[-8.7363438,37.9774629],[-8.7405913,37.9779896],[-8.7437725,37.9797989],[-8.7463763,37.9812997],[-8.7494077,37.9830527],[-8.7512279,37.984089],[-8.7529463,37.9866475],[-8.7543061,37.9886446],[-8.7566288,37.9920446],[-8.7582581,37.9943946],[-8.7612111,37.9961078],[-8.7616455,37.9967395]]}},{"type":"Feature","properties":{"assetId":"PT-line-way-144632847","countryCode":"PT","assetType":"line","powerType":"line","osmType":"way","osmId":"144632847","actualVoltagesKv":[400],"actualVoltageKv":400,"gridClass":"400","displayClass":"400 kV sınıfı","name":null,"ref":null,"operator":"REN","from":null,"to":null,"displayLabel":"REN · 400 kV · OSM 144632847","labelSource":"generated-identifier","voltageRaw":"400000","circuits":null,"cables":"3","frequency":"50","location":null,"sourceProvider":"ArcGIS OSM Europe","sourceFallback":null,"sourceLicense":"ODbL 1.0","osmTimestamp":"2024-03-01T15:45:11Z"},"geometry":{"type":"LineString","coordinates":[[-8.7616455,37.9967395],[-8.7617564,37.996865],[-8.7621122,37.9972677],[-8.762258,37.9974327]]}},{"type":"Feature","properties":{"assetId":"PT-line-way-144633314","countryCode":"PT","assetType":"line","powerType":"line","osmType":"way","osmId":"144633314","actualVoltagesKv":[400],"actualVoltageKv":400,"gridClass":"400","displayClass":"400 kV sınıfı","name":null,"ref":null,"operator":"REN","from":null,"to":null,"displayLabel":"REN · 400 kV · OSM 144633314","labelSource":"generated-identifier","voltageRaw":"400000","circuits":null,"cables":"6","frequency":null,"location":null,"sourceProvider":"ArcGIS OSM Europe","sourceFallback":null,"sourceLicense":"ODbL 1.0","osmTimestamp":"2024-03-02T22:02:01Z"},"geometry":{"type":"LineString","coordinates":[[-8.521303,37.2254974],[-8.5214102,37.2237759],[-8.5206485,37.2194316],[-8.5201496,37.2165267],[-8.5196346,37.2130065],[-8.5202837,37.2108192],[-8.5211742,37.2079139],[-8.5198331,37.2044019],[-8.5183168,37.2017939]]}},{"type":"Feature","properties":{"assetId":"PT-line-way-144639163","countryCode":"PT","assetType":"line","powerType":"line","osmType":"way","osmId":"144639163","actualVoltagesKv":[400],"actualVoltageKv":400,"gridClass":"400","displayClass":"400 kV sınıfı","name":"Alqueva - Ferreira do Alentejo","ref":null,"operator":"REN","from":null,"to":null,"displayLabel":"Alqueva - Ferreira do Alentejo","labelSource":"osm-name","voltageRaw":"400000","circuits":null,"cables":"3","frequency":"50","location":null,"sourceProvider":"ArcGIS OSM Europe","sourceFallback":null,"sourceLicense":"ODbL 1.0","osmTimestamp":"2024-03-01T12:05:19Z"},"geometry":{"type":"LineString","coordinates":[[-8.1281179,38.0557707],[-8.128278,38.0562564],[-8.1276291,38.0589482],[-8.1267204,38.063128],[-8.1258853,38.06688],[-8.1249973,38.0708693],[-8.1240794,38.0750387],[-8.123239,38.0789167],[-8.1222858,38.0831845],[-8.1194411,38.0855745],[-8.1164434,38.0881673],[-8.1137294,38.0904147],[-8.1104314,38.0930888],[-8.1077858,38.0952643],[-8.1046634,38.0978873],[-8.1021894,38.0999655],[-8.0994573,38.1022443],[-8.0968279,38.1044114],[-8.0941599,38.106645],[-8.0912859,38.109051],[-8.0885782,38.1113177],[-8.0860141,38.1142959],[-8.0840757,38.1165473],[-8.0818808,38.1190964],[-8.0791767,38.1222687],[-8.0772237,38.1245433],[-8.0750689,38.1270519],[-8.0733634,38.1290307],[-8.0707121,38.1298443],[-8.0673988,38.1308638],[-8.064034,38.131899],[-8.0586487,38.1318864],[-8.0523941,38.1318718],[-8.0481304,38.1318618],[-8.0443004,38.1318529],[-8.0402873,38.1318633],[-8.0362662,38.1318442],[-8.03213,38.1318206],[-8.0282628,38.1318331],[-8.0240726,38.1317744],[-8.0186583,38.1317961],[-8.0137649,38.1317362],[-8.0093752,38.1317731],[-8.0052341,38.131793],[-8.0014656,38.1317552],[-7.9977492,38.1317978],[-7.9942094,38.1318716],[-7.9899573,38.1319531],[-7.9864737,38.1320075],[-7.9824818,38.1320537],[-7.9784791,38.1321223],[-7.9744118,38.1321906],[-7.9696278,38.132301],[-7.965546,38.1323447],[-7.9616042,38.132409],[-7.9574275,38.1325025],[-7.9535533,38.1325755],[-7.948985,38.1324824],[-7.9444542,38.132367],[-7.9402083,38.1322936],[-7.9360975,38.1322453],[-7.9322898,38.1321381],[-7.9287005,38.134043],[-7.9242776,38.1338214],[-7.9205155,38.1319337],[-7.9164946,38.131856],[-7.9124125,38.1317708],[-7.9082758,38.1316932],[-7.9044308,38.131628],[-7.9005252,38.1315579],[-7.8969444,38.131485],[-7.8936883,38.1325151],[-7.8904699,38.1335299],[-7.8870915,38.1345896],[-7.8826059,38.1359966],[-7.8783804,38.1362606],[-7.8745611,38.1372834],[-7.8707924,38.1385734],[-7.8688763,38.1392267],[-7.8659454,38.1402259],[-7.8624086,38.1414316],[-7.8587409,38.1426323],[-7.8555838,38.1436544],[-7.8526369,38.144611],[-7.8497113,38.1455343],[-7.8459647,38.1467713],[-7.8420109,38.1480583],[-7.8383502,38.1491985],[-7.8353201,38.1501858],[-7.8316855,38.1514046],[-7.827905,38.1526293],[-7.8245024,38.1537316],[-7.820428,38.1550661],[-7.8161312,38.1564494],[-7.8131622,38.1574051],[-7.8081851,38.1590188],[-7.8026309,38.1608195],[-7.7988733,38.1620377],[-7.7957091,38.1636561],[-7.7926509,38.1652299],[-7.7889862,38.1671157],[-7.7865325,38.1683494],[-7.7834501,38.1693844],[-7.7797002,38.1706082],[-7.776754,38.1715823],[-7.7706887,38.1735874],[-7.7666973,38.1748394],[-7.7621888,38.1759929],[-7.7572595,38.1772542],[-7.752501,38.1784716],[-7.7490443,38.1793244],[-7.7445587,38.180464],[-7.740508,38.1814931],[-7.7357825,38.1826936],[-7.7326076,38.1835002],[-7.7297132,38.183603],[-7.7256981,38.1837061],[-7.7218087,38.1837939],[-7.7186472,38.1838497],[-7.7142181,38.1839975],[-7.7102656,38.18409],[-7.7061058,38.1841998],[-7.7035281,38.1842718],[-7.6981193,38.1844228],[-7.6932888,38.1845421],[-7.6897232,38.1845936],[-7.6874171,38.1855206],[-7.6836015,38.1869718],[-7.6797973,38.1884166],[-7.6777378,38.1892022],[-7.673956,38.1920453],[-7.6718862,38.193565],[-7.6705593,38.1947904],[-7.6683363,38.19678],[-7.6663619,38.1978245],[-7.6634478,38.1993956],[-7.6586553,38.2007526],[-7.6560311,38.2015158],[-7.6506157,38.2033033],[-7.6465042,38.2046184],[-7.6415048,38.2052821],[-7.6374302,38.205823],[-7.6328568,38.2072302],[-7.627025,38.2069108],[-7.6223833,38.2044568],[-7.6168665,38.1993856],[-7.6152502,38.1981612],[-7.6100439,38.1941764],[-7.6091726,38.1918585],[-7.6049175,38.1880165],[-7.6020168,38.1866539],[-7.598618,38.1850774],[-7.5966081,38.1847888],[-7.591099,38.1840389],[-7.5860563,38.1833632],[-7.5811963,38.1825761],[-7.5740641,38.1814273],[-7.5689467,38.1805866],[-7.5627559,38.179595],[-7.5594995,38.1790595],[-7.5555822,38.1784152],[-7.5516612,38.1777703],[-7.5458335,38.1768377],[-7.5424033,38.1762504],[-7.5402815,38.1746126],[-7.5375276,38.172513],[-7.5331582,38.1724119],[-7.5286086,38.1737018],[-7.5260114,38.1744382],[-7.5218519,38.1756175],[-7.5188523,38.1764679],[-7.5130502,38.1781129],[-7.5105964,38.1788085],[-7.5035767,38.1819465],[-7.4997236,38.1846528],[-7.4988819,38.1850865]]}},{"type":"Feature","properties":{"assetId":"PT-line-way-144639170","countryCode":"PT","assetType":"line","powerType":"line","osmType":"way","osmId":"144639170","actualVoltagesKv":[400],"actualVoltageKv":400,"gridClass":"400","displayClass":"400 kV sınıfı","name":null,"ref":null,"operator":"REN","from":null,"to":null,"displayLabel":"REN · 400 kV · OSM 144639170","labelSource":"generated-identifier","voltageRaw":"400000","circuits":null,"cables":"6","frequency":null,"location":null,"sourceProvider":"ArcGIS OSM Europe","sourceFallback":null,"sourceLicense":"ODbL 1.0","osmTimestamp":"2024-02-29T16:01:12Z"},"geometry":{"type":"LineString","coordinates":[[-7.497498,38.1870045],[-7.4974887,38.1881851],[-7.4974465,38.1911644]]}},{"type":"Feature","properties":{"assetId":"PT-line-way-144640006","countryCode":"PT","assetType":"line","powerType":"line","osmType":"way","osmId":"144640006","actualVoltagesKv":[400],"actualVoltageKv":400,"gridClass":"400","displayClass":"400 kV sınıfı","name":"Alqueva - Brovales","ref":null,"operator":"REN","from":null,"to":null,"displayLabel":"Alqueva - Brovales","labelSource":"osm-name","voltageRaw":"400000","circuits":null,"cables":"3","frequency":null,"location":null,"sourceProvider":"ArcGIS OSM Europe","sourceFallback":null,"sourceLicense":"ODbL 1.0","osmTimestamp":"2024-03-01T12:05:19Z"},"geometry":{"type":"LineString","coordinates":[[-7.4986865,38.1849779],[-7.4989755,38.184674],[-7.4975687,38.183977],[-7.4910855,38.1827973],[-7.4841715,38.1838456],[-7.47785,38.1872975],[-7.4747813,38.1903239],[-7.4722834,38.1927674],[-7.4703495,38.1946591],[-7.4623813,38.1953194],[-7.4580064,38.1957408],[-7.4544259,38.1985187],[-7.449431,38.1990017],[-7.4455629,38.1993786],[-7.4429995,38.1996284],[-7.4393649,38.1988752],[-7.4353136,38.1980356],[-7.4331535,38.1975879],[-7.4314044,38.196576],[-7.4281062,38.1946678],[-7.4244367,38.1925448],[-7.4210635,38.1905931],[-7.4182803,38.1889823],[-7.4145063,38.1867991],[-7.408968,38.1858332],[-7.4064088,38.1853868],[-7.4036093,38.1850266],[-7.3996893,38.1845223],[-7.3946797,38.1838778],[-7.3897433,38.1832427],[-7.3868355,38.1828685],[-7.3821554,38.1822664],[-7.3797988,38.1831307],[-7.3749792,38.1848982],[-7.3716823,38.1861073],[-7.3690048,38.1870892],[-7.3639311,38.1889498],[-7.3614345,38.1898653],[-7.3571062,38.1914525],[-7.3536986,38.1927021],[-7.3506191,38.1948614],[-7.3459871,38.1981091],[-7.3422105,38.200757],[-7.3388081,38.2031423],[-7.3361776,38.2049865],[-7.3334361,38.2069084],[-7.3311594,38.2085045],[-7.3277969,38.2108617],[-7.324732,38.2130102],[-7.3222148,38.2147747],[-7.3180457,38.2176987],[-7.3147282,38.2200254],[-7.3110899,38.2205893],[-7.3077715,38.2211035],[-7.303364,38.2217866],[-7.2991078,38.2224485],[-7.2943884,38.2231823],[-7.2905843,38.2237739],[-7.285871,38.2245068],[-7.2811905,38.2273634],[-7.2765756,38.2301799],[-7.27186,38.233066],[-7.2676633,38.2356347],[-7.2635052,38.2381758],[-7.2591381,38.2408452],[-7.2547266,38.2436034],[-7.2488943,38.2436627],[-7.2422478,38.2437304],[-7.2384767,38.2437726],[-7.2330258,38.2438406],[-7.2267823,38.2439142],[-7.2212194,38.2439797],[-7.2153249,38.2440492],[-7.211633,38.2410136],[-7.2072505,38.2373916],[-7.203168,38.2340529],[-7.199405,38.2309583],[-7.198661,38.2272201],[-7.1979019,38.223477],[-7.1950992,38.220505],[-7.1928123,38.21808],[-7.1903983,38.21552],[-7.1868603,38.2144011],[-7.1841217,38.2135357],[-7.1795061,38.2127999],[-7.1741604,38.2119682],[-7.1703889,38.2113748],[-7.1668056,38.2108268],[-7.1614454,38.2099883],[-7.1578012,38.2092764],[-7.1547672,38.2086837],[-7.1517516,38.2070247],[-7.1476498,38.2047682],[-7.1427721,38.2020932],[-7.1390029,38.2000221],[-7.1349001,38.1977678],[-7.1303574,38.1952452],[-7.1274949,38.1936691],[-7.1226991,38.1936976],[-7.118869,38.1937203],[-7.1149315,38.1937437],[-7.1123289,38.1937592],[-7.110596230475017,38.194662725048374]]}},{"type":"Feature","properties":{"assetId":"PT-line-way-144651404","countryCode":"PT","assetType":"line","powerType":"line","osmType":"way","osmId":"144651404","actualVoltagesKv":[400],"actualVoltageKv":400,"gridClass":"400","displayClass":"400 kV sınıfı","name":null,"ref":null,"operator":"REN","from":null,"to":null,"displayLabel":"REN · 400 kV · OSM 144651404","labelSource":"generated-identifier","voltageRaw":"400000","circuits":null,"cables":"6","frequency":"50","location":null,"sourceProvider":"ArcGIS OSM Europe","sourceFallback":null,"sourceLicense":"ODbL 1.0","osmTimestamp":"2024-02-29T16:01:12Z"},"geometry":{"type":"LineString","coordinates":[[-9.1681493,38.8892204],[-9.1712396,38.8859657],[-9.1742013,38.8828242],[-9.1781845,38.8789287],[-9.1800377,38.8770507],[-9.1817072,38.8754021],[-9.1849878,38.8723141],[-9.1877442,38.8697727],[-9.1909342,38.866837],[-9.2010986,38.8574469],[-9.2055877,38.8533501],[-9.20889,38.8502531],[-9.2108804,38.8484577],[-9.214789,38.8449462],[-9.2187888,38.8412926],[-9.2214024,38.8388599],[-9.2244125,38.8360434],[-9.2278397,38.8328366],[-9.2307873,38.8289836],[-9.2335441,38.8254717],[-9.2360238,38.8221975],[-9.2376782,38.8199895],[-9.2402549,38.8161531],[-9.2413203,38.8134919],[-9.2427186,38.8104898],[-9.2435989,38.8065274],[-9.2449422,38.8031638],[-9.2441693,38.7999715],[-9.2429453,38.7946828],[-9.2421871,38.791398],[-9.2424645,38.7887109],[-9.2413386,38.7839933],[-9.2405634,38.7809655]]}},{"type":"Feature","properties":{"assetId":"PT-line-way-144651408","countryCode":"PT","assetType":"line","powerType":"line","osmType":"way","osmId":"144651408","actualVoltagesKv":[220,400],"actualVoltageKv":400,"gridClass":"400","displayClass":"400 kV sınıfı","name":null,"ref":null,"operator":"REN","from":null,"to":null,"displayLabel":"REN · 400 kV · OSM 144651408","labelSource":"generated-identifier","voltageRaw":"400000;220000","circuits":null,"cables":"6","frequency":"50","location":null,"sourceProvider":"ArcGIS OSM Europe","sourceFallback":null,"sourceLicense":"ODbL 1.0","osmTimestamp":"2024-02-29T16:01:12Z"},"geometry":{"type":"LineString","coordinates":[[-9.1806438,38.8771701],[-9.182232,38.8755608],[-9.1856624,38.8724053],[-9.1888576,38.8694659],[-9.1930261,38.8675612],[-9.1951723,38.8652986],[-9.1979147,38.8611064],[-9.2008357,38.8584169],[-9.2063191,38.8533679],[-9.2090839,38.8507672],[-9.2131337,38.8470963],[-9.2164416,38.8440259],[-9.2208086,38.8399953],[-9.225188,38.8359485],[-9.227386,38.8339174],[-9.2287344,38.8326713],[-9.2306337,38.8301825],[-9.233966,38.8258157],[-9.2368947,38.8219162],[-9.2381585,38.8202793],[-9.2409096,38.8160562],[-9.2420093,38.8135855],[-9.2433181,38.8106451],[-9.244462,38.8068246],[-9.2457074,38.8040786],[-9.2481929,38.798757],[-9.2484174,38.7953522]]}},{"type":"Feature","properties":{"assetId":"PT-line-way-144651417","countryCode":"PT","assetType":"line","powerType":"line","osmType":"way","osmId":"144651417","actualVoltagesKv":[400],"actualVoltageKv":400,"gridClass":"400","displayClass":"400 kV sınıfı","name":null,"ref":null,"operator":"REN","from":null,"to":null,"displayLabel":"REN · 400 kV · OSM 144651417","labelSource":"generated-identifier","voltageRaw":"400000","circuits":null,"cables":"3","frequency":null,"location":null,"sourceProvider":"ArcGIS OSM Europe","sourceFallback":null,"sourceLicense":"ODbL 1.0","osmTimestamp":"2024-02-29T16:01:12Z"},"geometry":{"type":"LineString","coordinates":[[-9.1465815,38.9007817],[-9.1448112,38.9011272]]}},{"type":"Feature","properties":{"assetId":"PT-line-way-144651420","countryCode":"PT","assetType":"line","powerType":"line","osmType":"way","osmId":"144651420","actualVoltagesKv":[400],"actualVoltageKv":400,"gridClass":"400","displayClass":"400 kV sınıfı","name":null,"ref":null,"operator":"REN","from":null,"to":null,"displayLabel":"REN · 400 kV · OSM 144651420","labelSource":"generated-identifier","voltageRaw":"400000","circuits":null,"cables":"3","frequency":null,"location":null,"sourceProvider":"ArcGIS OSM Europe","sourceFallback":null,"sourceLicense":"ODbL 1.0","osmTimestamp":"2024-02-29T16:01:12Z"},"geometry":{"type":"LineString","coordinates":[[-9.1434824,38.8992977],[-9.1465815,38.9007817]]}},{"type":"Feature","properties":{"assetId":"PT-line-way-144651425","countryCode":"PT","assetType":"line","powerType":"line","osmType":"way","osmId":"144651425","actualVoltagesKv":[400],"actualVoltageKv":400,"gridClass":"400","displayClass":"400 kV sınıfı","name":null,"ref":null,"operator":"REN","from":null,"to":null,"displayLabel":"REN · 400 kV · OSM 144651425","labelSource":"generated-identifier","voltageRaw":"400000","circuits":null,"cables":"3","frequency":null,"location":null,"sourceProvider":"ArcGIS OSM Europe","sourceFallback":null,"sourceLicense":"ODbL 1.0","osmTimestamp":"2024-02-29T16:01:12Z"},"geometry":{"type":"LineString","coordinates":[[-9.1434824,38.8992977],[-9.1448112,38.9011272]]}},{"type":"Feature","properties":{"assetId":"PT-line-way-144651426","countryCode":"PT","assetType":"line","powerType":"line","osmType":"way","osmId":"144651426","actualVoltagesKv":[400],"actualVoltageKv":400,"gridClass":"400","displayClass":"400 kV sınıfı","name":null,"ref":null,"operator":"REN","from":null,"to":null,"displayLabel":"REN · 400 kV · OSM 144651426","labelSource":"generated-identifier","voltageRaw":"400000","circuits":null,"cables":"3","frequency":"50","location":null,"sourceProvider":"ArcGIS OSM Europe","sourceFallback":null,"sourceLicense":"ODbL 1.0","osmTimestamp":"2024-02-29T16:01:12Z"},"geometry":{"type":"LineString","coordinates":[[-9.2405634,38.7809655],[-9.2394064,38.77888]]}},{"type":"Feature","properties":{"assetId":"PT-line-way-144651449","countryCode":"PT","assetType":"line","powerType":"line","osmType":"way","osmId":"144651449","actualVoltagesKv":[400],"actualVoltageKv":400,"gridClass":"400","displayClass":"400 kV sınıfı","name":null,"ref":null,"operator":"REN","from":null,"to":null,"displayLabel":"REN · 400 kV · OSM 144651449","labelSource":"generated-identifier","voltageRaw":"400000","circuits":null,"cables":"3","frequency":null,"location":null,"sourceProvider":"ArcGIS OSM Europe","sourceFallback":null,"sourceLicense":"ODbL 1.0","osmTimestamp":"2024-02-29T16:01:12Z"},"geometry":{"type":"LineString","coordinates":[[-9.1806438,38.8771701],[-9.1790441,38.8787726],[-9.1769838,38.880862]]}},{"type":"Feature","properties":{"assetId":"PT-line-way-144651465","countryCode":"PT","assetType":"line","powerType":"line","osmType":"way","osmId":"144651465","actualVoltagesKv":[400],"actualVoltageKv":400,"gridClass":"400","displayClass":"400 kV sınıfı","name":null,"ref":null,"operator":"REN","from":null,"to":null,"displayLabel":"REN · 400 kV · OSM 144651465","labelSource":"generated-identifier","voltageRaw":"400000","circuits":null,"cables":"3","frequency":null,"location":null,"sourceProvider":"ArcGIS OSM Europe","sourceFallback":null,"sourceLicense":"ODbL 1.0","osmTimestamp":"2024-03-01T15:45:11Z"},"geometry":{"type":"LineString","coordinates":[[-9.1558081,38.8976614],[-9.1603567,38.8944684],[-9.1630254,38.8926326],[-9.1681493,38.8892204]]}},{"type":"Feature","properties":{"assetId":"PT-line-way-144651470","countryCode":"PT","assetType":"line","powerType":"line","osmType":"way","osmId":"144651470","actualVoltagesKv":[400],"actualVoltageKv":400,"gridClass":"400","displayClass":"400 kV sınıfı","name":null,"ref":null,"operator":"REN","from":null,"to":null,"displayLabel":"REN · 400 kV · OSM 144651470","labelSource":"generated-identifier","voltageRaw":"400000","circuits":null,"cables":"6","frequency":"50","location":null,"sourceProvider":"ArcGIS OSM Europe","sourceFallback":null,"sourceLicense":"ODbL 1.0","osmTimestamp":"2024-02-29T16:01:12Z"},"geometry":{"type":"LineString","coordinates":[[-9.1379004,38.890435],[-9.1407028,38.8945395],[-9.141791,38.8963109],[-9.1434824,38.8992977]]}},{"type":"Feature","properties":{"assetId":"PT-line-way-144651472","countryCode":"PT","assetType":"line","powerType":"line","osmType":"way","osmId":"144651472","actualVoltagesKv":[220,400],"actualVoltageKv":400,"gridClass":"400","displayClass":"400 kV sınıfı","name":null,"ref":null,"operator":"REN","from":null,"to":null,"displayLabel":"REN · 400 kV · OSM 144651472","labelSource":"generated-identifier","voltageRaw":"400000;220000","circuits":null,"cables":"6","frequency":null,"location":null,"sourceProvider":"ArcGIS OSM Europe","sourceFallback":null,"sourceLicense":"ODbL 1.0","osmTimestamp":"2024-03-02T22:02:01Z"},"geometry":{"type":"LineString","coordinates":[[-9.1658174,38.89216],[-9.1694649,38.8884594],[-9.1722574,38.8856362],[-9.1752285,38.882661],[-9.1769838,38.880862]]}},{"type":"Feature","properties":{"assetId":"PT-line-way-144651475","countryCode":"PT","assetType":"line","powerType":"line","osmType":"way","osmId":"144651475","actualVoltagesKv":[400],"actualVoltageKv":400,"gridClass":"400","displayClass":"400 kV sınıfı","name":null,"ref":null,"operator":"REN","from":null,"to":null,"displayLabel":"REN · 400 kV · OSM 144651475","labelSource":"generated-identifier","voltageRaw":"400000","circuits":null,"cables":"3","frequency":"50","location":null,"sourceProvider":"ArcGIS OSM Europe","sourceFallback":null,"sourceLicense":"ODbL 1.0","osmTimestamp":"2024-03-03T01:57:50Z"},"geometry":{"type":"LineString","coordinates":[[-9.2484174,38.7953522],[-9.2471214,38.7929838],[-9.2451315,38.789301],[-9.2423335,38.784196],[-9.2416817,38.7829963],[-9.2413736,38.7805483],[-9.2398841,38.7787521]]}},{"type":"Feature","properties":{"assetId":"PT-line-way-144651477","countryCode":"PT","assetType":"line","powerType":"line","osmType":"way","osmId":"144651477","actualVoltagesKv":[400],"actualVoltageKv":400,"gridClass":"400","displayClass":"400 kV sınıfı","name":null,"ref":null,"operator":"REN","from":null,"to":null,"displayLabel":"REN · 400 kV · OSM 144651477","labelSource":"generated-identifier","voltageRaw":"400000","circuits":null,"cables":"3","frequency":null,"location":null,"sourceProvider":"ArcGIS OSM Europe","sourceFallback":null,"sourceLicense":"ODbL 1.0","osmTimestamp":"2024-03-02T02:04:55Z"},"geometry":{"type":"LineString","coordinates":[[-9.1558081,38.8976614],[-9.1609433,38.8947993],[-9.1633172,38.8929343],[-9.1681493,38.8892204]]}},{"type":"Feature","properties":{"assetId":"PT-line-way-144701404","countryCode":"PT","assetType":"line","powerType":"line","osmType":"way","osmId":"144701404","actualVoltagesKv":[400],"actualVoltageKv":400,"gridClass":"400","displayClass":"400 kV sınıfı","name":null,"ref":null,"operator":"REN","from":null,"to":null,"displayLabel":"REN · 400 kV · OSM 144701404","labelSource":"generated-identifier","voltageRaw":"400000","circuits":null,"cables":"3","frequency":"50","location":null,"sourceProvider":"ArcGIS OSM Europe","sourceFallback":null,"sourceLicense":"ODbL 1.0","osmTimestamp":"2024-03-01T12:05:19Z"},"geometry":{"type":"LineString","coordinates":[[-8.9516213,39.014311],[-8.9514012,39.0141825],[-8.9505173,39.0136665],[-8.9503045,39.0135423]]}},{"type":"Feature","properties":{"assetId":"PT-line-way-144701407","countryCode":"PT","assetType":"line","powerType":"line","osmType":"way","osmId":"144701407","actualVoltagesKv":[400],"actualVoltageKv":400,"gridClass":"400","displayClass":"400 kV sınıfı","name":"Central do Ribatejo - Ribatejo 3","ref":null,"operator":"REN","from":null,"to":null,"displayLabel":"Central do Ribatejo - Ribatejo 3","labelSource":"osm-name","voltageRaw":"400000","circuits":null,"cables":"3","frequency":null,"location":null,"sourceProvider":"ArcGIS OSM Europe","sourceFallback":null,"sourceLicense":"ODbL 1.0","osmTimestamp":"2024-03-02T02:04:55Z"},"geometry":{"type":"LineString","coordinates":[[-8.9504499,39.0133912],[-8.9498265,39.0130497],[-8.9517195,39.0124057]]}},{"type":"Feature","properties":{"assetId":"PT-line-way-144701425","countryCode":"PT","assetType":"line","powerType":"line","osmType":"way","osmId":"144701425","actualVoltagesKv":[400],"actualVoltageKv":400,"gridClass":"400","displayClass":"400 kV sınıfı","name":null,"ref":null,"operator":"REN","from":null,"to":null,"displayLabel":"REN · 400 kV · OSM 144701425","labelSource":"generated-identifier","voltageRaw":"400000","circuits":null,"cables":"3","frequency":"50","location":null,"sourceProvider":"ArcGIS OSM Europe","sourceFallback":null,"sourceLicense":"ODbL 1.0","osmTimestamp":"2024-02-29T16:01:12Z"},"geometry":{"type":"LineString","coordinates":[[-8.9098958,39.0387244],[-8.9124728,39.0424244],[-8.9144255,39.0452175],[-8.9159592,39.0474087],[-8.9177751,39.0500054],[-8.9211021,39.0547974],[-8.9243691,39.0594667],[-8.9278824,39.0645144],[-8.9306994,39.0685605],[-8.9320018,39.0703829],[-8.9355693,39.075479],[-8.9372499,39.0778815],[-8.9395567,39.0811925],[-8.9418214,39.0843845],[-8.9438292,39.0872632],[-8.9462629,39.0907458],[-8.9481527,39.0934499],[-8.9504286,39.0967107],[-8.9530603,39.1004745],[-8.9549388,39.1031702],[-8.9568927,39.1059063],[-8.9571964,39.1090169],[-8.9575454,39.1125862],[-8.9578714,39.1151526],[-8.9582791,39.1187435],[-8.9588208,39.1239389],[-8.9592094,39.1277372],[-8.9595875,39.1312534],[-8.9599768,39.1348729],[-8.960512,39.1394676],[-8.9608897,39.1432495],[-8.9612676,39.1466539],[-8.9615193,39.1491174],[-8.961873,39.1524516],[-8.9621024,39.1546138],[-8.9625035,39.1580338],[-8.9627247,39.1600869],[-8.963086,39.1632016],[-8.9633028,39.1655914],[-8.9636376,39.168512],[-8.9641019,39.1728651],[-8.964517,39.176388],[-8.9649649,39.180622],[-8.9654182,39.184661],[-8.9657296,39.1881664],[-8.9662102,39.1920949],[-8.9666285,39.1956733],[-8.9669035,39.19886],[-8.9674158,39.2027731],[-8.9677808,39.2058669],[-8.9678274,39.2107238],[-8.9679595,39.2139075],[-8.9680449,39.2172534],[-8.9680894,39.2207633],[-8.9682236,39.2244443],[-8.9683479,39.2286622],[-8.9683789,39.2299318],[-8.9685438,39.2348967],[-8.9686197,39.2399368],[-8.968719,39.2422476],[-8.9687906,39.2461509],[-8.9689109,39.2490752],[-8.9689884,39.2524803],[-8.9690443,39.2548567],[-8.9691422,39.2577689],[-8.969275,39.2628947],[-8.9693724,39.2666573],[-8.9694498,39.2692433],[-8.9695407,39.272209],[-8.9696455,39.2774636],[-8.9697783,39.2819062],[-8.9698912,39.285266],[-8.9699583,39.2882966],[-8.970025,39.2911047],[-8.9701107,39.2938317],[-8.970244,39.298961],[-8.9703309,39.3026362],[-8.9703773,39.3048047],[-8.9705011,39.3097784],[-8.9706341,39.3134031],[-8.970679,39.3150628],[-8.9707913,39.3180431],[-8.9708324,39.3199309],[-8.9736712,39.3242496],[-8.975088,39.326329],[-8.9759633,39.327652],[-8.9782466,39.3286188],[-8.9827795,39.3304397],[-8.9885509,39.3326779],[-8.9903132,39.3346403],[-8.9904639,39.335955],[-8.9900401,39.3370497],[-8.9890107,39.3382435],[-8.9874145,39.3389578],[-8.9844418,39.3396148],[-8.980242,39.3405345],[-8.9789916,39.3411984],[-8.9736015,39.3440606],[-8.9700537,39.3485965],[-8.9687247,39.3506242],[-8.9684057,39.3531652],[-8.9680302,39.3559028],[-8.9676011,39.3596068],[-8.9672792,39.3631198],[-8.9669037,39.3660312],[-8.9664638,39.3702821],[-8.9660883,39.3733093],[-8.9657181,39.3770787],[-8.9652246,39.3811506],[-8.9648062,39.3847537],[-8.9644039,39.3885473],[-8.9640766,39.3913499],[-8.9637387,39.3944509],[-8.9633256,39.3974896],[-8.9622098,39.4008846],[-8.9601295,39.4073983],[-8.9590376,39.4102922],[-8.9579408,39.4135987],[-8.9565313,39.4172928],[-8.9554428,39.4203299],[-8.9542663,39.4238196],[-8.9528928,39.4277198],[-8.9534982,39.4306219],[-8.9538936,39.4324446],[-8.9547278,39.43629],[-8.9554265,39.4400267],[-8.9561148,39.44311],[-8.9567489,39.4464909],[-8.9574683,39.4498026],[-8.9551235,39.4527239],[-8.9532321,39.4551654],[-8.9511495,39.4576711],[-8.9488338,39.4605594],[-8.9467968,39.463086],[-8.9447579,39.4656474],[-8.9419809,39.4690867],[-8.9400705,39.4714528],[-8.9379296,39.474092],[-8.9359069,39.4765856],[-8.9335354,39.4795592],[-8.930691,39.4830672],[-8.9290112,39.4851706],[-8.9261602,39.4887218],[-8.9233801,39.4921727],[-8.9218707,39.494047],[-8.9190889,39.4975012],[-8.9172391,39.499798],[-8.9149155,39.5026831],[-8.9128458,39.5052528],[-8.9102997,39.5084139],[-8.9073902,39.5120725],[-8.9052981,39.5146378],[-8.903623,39.5167203],[-8.9016664,39.5191535],[-8.8998822,39.5214024],[-8.8977431,39.5240392],[-8.8953225,39.5270228],[-8.8935425,39.529258],[-8.8924961,39.5305544],[-8.8911746,39.5323299],[-8.8900319,39.5337078],[-8.8870869,39.5374644],[-8.8853112,39.539657],[-8.8830475,39.5425319],[-8.8799564,39.5464422],[-8.8784552,39.5483283],[-8.8767173,39.5505649],[-8.8745562,39.5532848],[-8.8733466,39.5548183],[-8.8712969,39.5573585],[-8.8684223,39.5610185],[-8.8661347,39.5639057],[-8.8636397,39.5670465],[-8.8616912,39.5695199],[-8.8601374,39.571451],[-8.8577321,39.5745178],[-8.8543568,39.5787772],[-8.8528214,39.5807107],[-8.8513758,39.5825399],[-8.8495871,39.5847996],[-8.8468233,39.5882833],[-8.8449677,39.5906343],[-8.8429329,39.593211],[-8.8408122,39.5958516],[-8.838593,39.5986703],[-8.8373003,39.6003087],[-8.8340728,39.6043896],[-8.8322306,39.6066756],[-8.8305257,39.6088712],[-8.8272989,39.6129896],[-8.8243738,39.6166585],[-8.8222977,39.6192664],[-8.8203843,39.6216707],[-8.8183744,39.6242077],[-8.8163107,39.6268123],[-8.8138061,39.6299735],[-8.8103201,39.634373],[-8.8082633,39.6369686],[-8.8059333,39.6399089],[-8.8042321,39.6420418],[-8.8024041,39.6443385],[-8.8008695,39.6462737],[-8.7987613,39.648932],[-8.7964063,39.6518949],[-8.7933188,39.6553981]]}},{"type":"Feature","properties":{"assetId":"PT-line-way-144708184","countryCode":"PT","assetType":"line","powerType":"line","osmType":"way","osmId":"144708184","actualVoltagesKv":[400],"actualVoltageKv":400,"gridClass":"400","displayClass":"400 kV sınıfı","name":null,"ref":null,"operator":"REN","from":null,"to":null,"displayLabel":"REN · 400 kV · OSM 144708184","labelSource":"generated-identifier","voltageRaw":"400000","circuits":null,"cables":"6","frequency":null,"location":null,"sourceProvider":"ArcGIS OSM Europe","sourceFallback":null,"sourceLicense":"ODbL 1.0","osmTimestamp":"2024-03-01T15:45:11Z"},"geometry":{"type":"LineString","coordinates":[[-8.85569,38.5717431],[-8.8527577,38.5710066],[-8.8514196,38.5696326],[-8.8508708,38.5659586],[-8.8505794,38.564022],[-8.8502173,38.5616129],[-8.8500672,38.5579603],[-8.849953,38.5554384],[-8.8487963,38.5519457],[-8.8478469,38.5492068],[-8.8467838,38.5460766],[-8.8460198,38.5439744],[-8.8438728,38.5404355],[-8.8420719,38.5374893],[-8.8417226,38.5354882],[-8.8423971,38.5316624],[-8.8429919,38.5280251],[-8.8435336,38.5248439],[-8.843692,38.5239184],[-8.844076,38.5216025],[-8.8456953,38.5170722],[-8.8471877,38.5124212],[-8.8465186,38.511699]]}},{"type":"Feature","properties":{"assetId":"PT-line-way-144708189","countryCode":"PT","assetType":"line","powerType":"line","osmType":"way","osmId":"144708189","actualVoltagesKv":[400],"actualVoltageKv":400,"gridClass":"400","displayClass":"400 kV sınıfı","name":null,"ref":null,"operator":"REN","from":null,"to":null,"displayLabel":"REN · 400 kV · OSM 144708189","labelSource":"generated-identifier","voltageRaw":"400000","circuits":null,"cables":"6","frequency":null,"location":null,"sourceProvider":"ArcGIS OSM Europe","sourceFallback":null,"sourceLicense":"ODbL 1.0","osmTimestamp":"2024-03-01T15:45:11Z"},"geometry":{"type":"LineString","coordinates":[[-8.8555888,38.5708731],[-8.8526999,38.5702232],[-8.8519747,38.5694566],[-8.8514662,38.5659014],[-8.8507986,38.5615671],[-8.8506276,38.5575953],[-8.8505851,38.5552687],[-8.8498625,38.5514055],[-8.8492299,38.5490886],[-8.8482599,38.5455658],[-8.8469075,38.5433393],[-8.8448494,38.5399506],[-8.8431452,38.5371735],[-8.8428588,38.5356074],[-8.8433909,38.5325379],[-8.843954,38.5291633],[-8.8444537,38.5262008],[-8.8450414,38.5227024],[-8.8451671,38.5219561],[-8.8456141,38.5193034],[-8.8460838,38.5171866],[-8.8477691,38.5125472],[-8.8473288,38.5110135]]}},{"type":"Feature","properties":{"assetId":"PT-line-way-144716858","countryCode":"PT","assetType":"line","powerType":"line","osmType":"way","osmId":"144716858","actualVoltagesKv":[400],"actualVoltageKv":400,"gridClass":"400","displayClass":"400 kV sınıfı","name":null,"ref":null,"operator":"REN","from":null,"to":null,"displayLabel":"REN · 400 kV · OSM 144716858","labelSource":"generated-identifier","voltageRaw":"400000","circuits":null,"cables":"6","frequency":null,"location":null,"sourceProvider":"ArcGIS OSM Europe","sourceFallback":null,"sourceLicense":"ODbL 1.0","osmTimestamp":"2024-03-02T02:04:55Z"},"geometry":{"type":"LineString","coordinates":[[-8.374933,41.4059264],[-8.3773553,41.4052336],[-8.3817578,41.4031749],[-8.3865132,41.4029386]]}},{"type":"Feature","properties":{"assetId":"PT-line-way-148052303","countryCode":"PT","assetType":"line","powerType":"line","osmType":"way","osmId":"148052303","actualVoltagesKv":[400],"actualVoltageKv":400,"gridClass":"400","displayClass":"400 kV sınıfı","name":"Sines - Portimão 3","ref":null,"operator":"REN","from":null,"to":null,"displayLabel":"Sines - Portimão 3","labelSource":"osm-name","voltageRaw":"400000","circuits":null,"cables":"3","frequency":"50","location":null,"sourceProvider":"ArcGIS OSM Europe","sourceFallback":null,"sourceLicense":"ODbL 1.0","osmTimestamp":"2024-03-02T22:02:01Z"},"geometry":{"type":"LineString","coordinates":[[-8.7630183,37.9959767],[-8.7626187,37.9953747],[-8.7617417,37.9933922],[-8.7603882,37.9901389],[-8.7594606,37.9875282],[-8.7569263,37.9835064],[-8.7534877,37.982016],[-8.7505157,37.9823938],[-8.7476916,37.9807051],[-8.7443979,37.9787262],[-8.7417586,37.9771955],[-8.739248,37.9756902],[-8.7362332,37.9740071],[-8.7342806,37.9707679],[-8.7325962,37.9681036],[-8.7307977,37.9650703],[-8.7289269,37.9620051],[-8.7275312,37.9597032],[-8.7256546,37.9566081],[-8.724174,37.9532666],[-8.7225754,37.9495273],[-8.7203331,37.9470653],[-8.7168355,37.9432495],[-8.7150438,37.9407281],[-8.7097223,37.9380796],[-8.7056239,37.9361588],[-8.7027378,37.9324609],[-8.6999376,37.9285344],[-8.7002916,37.9251238],[-8.7007208,37.9204267],[-8.6981459,37.9167619],[-8.696204,37.9135031],[-8.6934145,37.909093],[-8.6914618,37.9056477],[-8.6903031,37.9025748],[-8.6886616,37.8985196],[-8.6870793,37.8944682],[-8.6858292,37.8914247],[-8.6848958,37.8887914],[-8.6832864,37.8846677],[-8.681838,37.8808487],[-8.6806901,37.8779017],[-8.6793168,37.874455],[-8.6784477,37.8720498],[-8.6773534,37.8692633],[-8.676023,37.8659178],[-8.674757,37.8626145],[-8.6738772,37.8603698],[-8.6733623,37.8568545],[-8.6728365,37.853178],[-8.6725254,37.8512042],[-8.6722426,37.8492327],[-8.6719675,37.8473156],[-8.6713989,37.8432659],[-8.6695106,37.8401395],[-8.668191,37.8379958],[-8.666292,37.8349031],[-8.6644359,37.831878],[-8.661861,37.8277173],[-8.6585457,37.82248],[-8.656636,37.8192849],[-8.6538572,37.8148098],[-8.6524088,37.8116059],[-8.6505206,37.8075542],[-8.649555,37.8053842],[-8.6478705,37.8016713],[-8.6461539,37.798026],[-8.6461003,37.7956352],[-8.6460145,37.7930664],[-8.6459501,37.7903702],[-8.645875,37.7869957],[-8.6457677,37.7847148],[-8.6457033,37.7821286],[-8.6454995,37.7770747],[-8.6453707,37.7729787],[-8.6452313,37.7693828],[-8.6451025,37.7652864],[-8.6449952,37.7611898],[-8.6444373,37.7585095],[-8.6436434,37.7548366],[-8.6430211,37.7517828],[-8.6422379,37.7478805],[-8.64168,37.7450894],[-8.6408002,37.7406438],[-8.6403067,37.7379627],[-8.6394699,37.7340682],[-8.6388476,37.7311493],[-8.6382253,37.7279757],[-8.6374958,37.7245474],[-8.636852,37.721382],[-8.6360045,37.7173848],[-8.6356075,37.7153055],[-8.6347599,37.7111721],[-8.6339016,37.7068603],[-8.6324532,37.7036687],[-8.6309726,37.7003581],[-8.6300392,37.6982868],[-8.6290844,37.6962578],[-8.6278505,37.6936261],[-8.6269493,37.6915886],[-8.625458,37.6883454],[-8.6244602,37.686002],[-8.623559,37.6840237],[-8.6223466,37.6813406],[-8.6209197,37.6782158],[-8.6190958,37.6741483],[-8.6177762,37.6699532],[-8.6164458,37.6656135],[-8.6149008,37.6606535],[-8.613946,37.6574344],[-8.6132164,37.6549457],[-8.6115105,37.6498746],[-8.6107059,37.648371],[-8.6088712,37.6448201],[-8.6074765,37.6423904],[-8.6056418,37.6377602],[-8.604923,37.6359081],[-8.6027773,37.6305638],[-8.6008997,37.6258564],[-8.5998805,37.6233241],[-8.5982819,37.6192706],[-8.5968335,37.6172735],[-8.5934861,37.6125652],[-8.5920055,37.6104915],[-8.5904391,37.6083582],[-8.5872634,37.6039894],[-8.583549,37.5986635],[-8.582489,37.5972911],[-8.5809119,37.5951149],[-8.5792843,37.5926959],[-8.5779615,37.5908474],[-8.5753007,37.5871237],[-8.5735412,37.5846836],[-8.5718567,37.582371],[-8.5685523,37.5777031],[-8.5650117,37.5726862],[-8.5614712,37.5679071],[-8.5601945,37.5660702],[-8.5566647,37.5611971],[-8.5543687,37.5580333],[-8.5501952,37.552122],[-8.5469873,37.5476478],[-8.5456247,37.5457338],[-8.5426529,37.5415315],[-8.5402925,37.5382392],[-8.537267,37.5339769],[-8.5361834,37.5316116],[-8.5350247,37.5292123],[-8.5342414,37.5263364],[-8.5336299,37.524073],[-8.5323746,37.5195546],[-8.5311945,37.5157422],[-8.5299934,37.5140232],[-8.5280944,37.5114361],[-8.5258628,37.5084148],[-8.5233737,37.5049678],[-8.5197581,37.5000056],[-8.5168613,37.496022],[-8.5145546,37.4929491],[-8.512795,37.4905655],[-8.5123122,37.485066],[-8.5119475,37.4810816],[-8.5116149,37.4774631],[-8.511175,37.4725672],[-8.5106922,37.4677136],[-8.510424,37.4651419],[-8.510027,37.460705],[-8.5096729,37.4566768],[-8.5093511,37.4537981],[-8.5092331,37.4518306],[-8.5089327,37.4488154],[-8.5087288,37.4466945],[-8.508246,37.4417458],[-8.5080475,37.4395224],[-8.5078651,37.4377591],[-8.5075003,37.4334952],[-8.5070497,37.4286476],[-8.5067922,37.4258445],[-8.5064435,37.4225045],[-8.5059339,37.416787],[-8.5058105,37.4136127],[-8.5056013,37.4093433],[-8.5049898,37.4049202],[-8.5046089,37.4025466],[-8.5039169,37.398089],[-8.5034287,37.3951058],[-8.5029352,37.3914491],[-8.5022378,37.3871315],[-8.5018462,37.3847019],[-8.5036594,37.3817906],[-8.5030478,37.3794547],[-8.501181,37.3783677],[-8.4987188,37.3769439],[-8.4963584,37.3755499],[-8.4928286,37.3708349],[-8.4899157,37.3670235],[-8.4867829,37.3639665],[-8.4859944,37.3618859],[-8.4821856,37.3567607],[-8.4803134,37.3542619],[-8.4779692,37.3511447],[-8.4735221,37.3452171],[-8.4697938,37.3402313],[-8.4676373,37.3311207],[-8.4664571,37.3261129],[-8.4656203,37.3227684],[-8.4652555,37.3194665],[-8.4645903,37.3136729],[-8.4666288,37.3086639],[-8.4675837,37.3063683],[-8.4706307,37.3017855],[-8.473109,37.2986534],[-8.4752441,37.297211],[-8.4795141,37.2941213],[-8.4829795,37.2916119],[-8.4876573,37.2889915],[-8.4904254,37.2874721],[-8.4938479,37.2856198],[-8.4967232,37.2839809],[-8.4990943,37.2827004],[-8.5043085,37.2798065],[-8.5093618,37.2769637],[-8.5119045,37.2755892],[-8.5175479,37.2724389],[-8.5193396,37.2674271],[-8.5201442,37.2653181],[-8.5223115,37.2590763],[-8.5231376,37.2566853],[-8.5248113,37.2530133],[-8.5265386,37.2482393],[-8.5285986,37.2426281],[-8.5278797,37.2392372],[-8.5236204,37.2357864],[-8.5221934,37.2340099],[-8.5217053,37.2308323],[-8.5211903,37.2284745],[-8.521303,37.2254974]]}},{"type":"Feature","properties":{"assetId":"PT-line-way-151162381","countryCode":"PT","assetType":"line","powerType":"line","osmType":"way","osmId":"151162381","actualVoltagesKv":[400],"actualVoltageKv":400,"gridClass":"400","displayClass":"400 kV sınıfı","name":null,"ref":null,"operator":"REN","from":null,"to":null,"displayLabel":"REN · 400 kV · OSM 151162381","labelSource":"generated-identifier","voltageRaw":"400000","circuits":null,"cables":"6","frequency":"50","location":null,"sourceProvider":"ArcGIS OSM Europe","sourceFallback":null,"sourceLicense":"ODbL 1.0","osmTimestamp":"2024-02-29T16:01:12Z"},"geometry":{"type":"LineString","coordinates":[[-8.837748,40.0589097],[-8.8374901,40.0623961],[-8.8353406,40.0656043],[-8.8325297,40.0678933],[-8.8297994,40.0701358],[-8.8271214,40.0723122],[-8.8245873,40.0743714],[-8.8220235,40.0764686],[-8.8173474,40.0774108],[-8.8121633,40.0784554],[-8.8077795,40.0793296],[-8.8023356,40.0804152],[-8.795697,40.0817403],[-8.7929358,40.0836024],[-8.7900076,40.0855724],[-8.7881496,40.088815],[-8.7864374,40.0918339],[-8.7840598,40.0960818],[-8.7830726,40.1003975],[-8.7821969,40.1042435],[-8.7811701,40.1086923],[-8.7803404,40.1123674],[-8.7796113,40.1155719],[-8.7788237,40.1190508]]}},{"type":"Feature","properties":{"assetId":"PT-line-way-151162385","countryCode":"PT","assetType":"line","powerType":"line","osmType":"way","osmId":"151162385","actualVoltagesKv":[400],"actualVoltageKv":400,"gridClass":"400","displayClass":"400 kV sınıfı","name":null,"ref":null,"operator":"REN","from":null,"to":null,"displayLabel":"REN · 400 kV · OSM 151162385","labelSource":"generated-identifier","voltageRaw":"400000","circuits":null,"cables":"3","frequency":null,"location":null,"sourceProvider":"ArcGIS OSM Europe","sourceFallback":null,"sourceLicense":"ODbL 1.0","osmTimestamp":"2024-02-29T16:01:12Z"},"geometry":{"type":"LineString","coordinates":[[-8.7770932,40.1218696],[-8.7766088,40.122413],[-8.7758722,40.1234291]]}},{"type":"Feature","properties":{"assetId":"PT-line-way-151162386","countryCode":"PT","assetType":"line","powerType":"line","osmType":"way","osmId":"151162386","actualVoltagesKv":[400],"actualVoltageKv":400,"gridClass":"400","displayClass":"400 kV sınıfı","name":null,"ref":null,"operator":"REN","from":null,"to":null,"displayLabel":"REN · 400 kV · OSM 151162386","labelSource":"generated-identifier","voltageRaw":"400000","circuits":null,"cables":"3","frequency":"50","location":null,"sourceProvider":"ArcGIS OSM Europe","sourceFallback":null,"sourceLicense":"ODbL 1.0","osmTimestamp":"2024-02-29T16:01:12Z"},"geometry":{"type":"LineString","coordinates":[[-8.7766826,40.1213898],[-8.776562,40.1215686],[-8.7761193,40.1222247],[-8.7755208,40.1232885]]}},{"type":"Feature","properties":{"assetId":"PT-line-way-163194140","countryCode":"PT","assetType":"line","powerType":"line","osmType":"way","osmId":"163194140","actualVoltagesKv":[400],"actualVoltageKv":400,"gridClass":"400","displayClass":"400 kV sınıfı","name":null,"ref":null,"operator":"REN","from":null,"to":null,"displayLabel":"REN · 400 kV · OSM 163194140","labelSource":"generated-identifier","voltageRaw":"400000","circuits":null,"cables":"3","frequency":null,"location":null,"sourceProvider":"ArcGIS OSM Europe","sourceFallback":null,"sourceLicense":"ODbL 1.0","osmTimestamp":"2024-02-29T16:01:12Z"},"geometry":{"type":"LineString","coordinates":[[-8.516655,37.2296576],[-8.5190854,37.2288691],[-8.521303,37.2254974]]}},{"type":"Feature","properties":{"assetId":"PT-line-way-163194141","countryCode":"PT","assetType":"line","powerType":"line","osmType":"way","osmId":"163194141","actualVoltagesKv":[400],"actualVoltageKv":400,"gridClass":"400","displayClass":"400 kV sınıfı","name":null,"ref":null,"operator":"REN","from":null,"to":null,"displayLabel":"REN · 400 kV · OSM 163194141","labelSource":"generated-identifier","voltageRaw":"400000","circuits":null,"cables":"3","frequency":null,"location":null,"sourceProvider":"ArcGIS OSM Europe","sourceFallback":null,"sourceLicense":"ODbL 1.0","osmTimestamp":"2024-02-29T16:01:12Z"},"geometry":{"type":"LineString","coordinates":[[-8.5183168,37.2017939],[-8.5173146,37.2003527],[-8.5166693,37.1996837]]}},{"type":"Feature","properties":{"assetId":"PT-line-way-163194142","countryCode":"PT","assetType":"line","powerType":"line","osmType":"way","osmId":"163194142","actualVoltagesKv":[400],"actualVoltageKv":400,"gridClass":"400","displayClass":"400 kV sınıfı","name":"Sines - Portimão 3","ref":null,"operator":"REN","from":null,"to":null,"displayLabel":"Sines - Portimão 3","labelSource":"osm-name","voltageRaw":"400000","circuits":null,"cables":"3","frequency":null,"location":null,"sourceProvider":"ArcGIS OSM Europe","sourceFallback":null,"sourceLicense":"ODbL 1.0","osmTimestamp":"2024-03-02T22:02:01Z"},"geometry":{"type":"LineString","coordinates":[[-8.5183168,37.2017939],[-8.5176115,37.2001963],[-8.5168742,37.1995845]]}},{"type":"Feature","properties":{"assetId":"PT-line-way-163203282","countryCode":"PT","assetType":"line","powerType":"line","osmType":"way","osmId":"163203282","actualVoltagesKv":[400],"actualVoltageKv":400,"gridClass":"400","displayClass":"400 kV sınıfı","name":null,"ref":null,"operator":"REN","from":null,"to":null,"displayLabel":"REN · 400 kV · OSM 163203282","labelSource":"generated-identifier","voltageRaw":"400000","circuits":null,"cables":"3","frequency":"50","location":null,"sourceProvider":"ArcGIS OSM Europe","sourceFallback":null,"sourceLicense":"ODbL 1.0","osmTimestamp":"2024-02-29T16:01:12Z"},"geometry":{"type":"LineString","coordinates":[[-8.2868285,37.2840244],[-8.287418,37.2820016],[-8.2883772,37.2782527]]}},{"type":"Feature","properties":{"assetId":"PT-line-way-163203283","countryCode":"PT","assetType":"line","powerType":"line","osmType":"way","osmId":"163203283","actualVoltagesKv":[150,400],"actualVoltageKv":400,"gridClass":"400","displayClass":"400 kV sınıfı","name":null,"ref":null,"operator":"REN","from":null,"to":null,"displayLabel":"REN · 400 kV · OSM 163203283","labelSource":"generated-identifier","voltageRaw":"400000;150000","circuits":null,"cables":"6","frequency":"50","location":null,"sourceProvider":"ArcGIS OSM Europe","sourceFallback":null,"sourceLicense":"ODbL 1.0","osmTimestamp":"2024-02-29T16:01:12Z"},"geometry":{"type":"LineString","coordinates":[[-8.2883772,37.2782527],[-8.2921022,37.2796832],[-8.2951037,37.2817535],[-8.301651,37.2834591],[-8.3046128,37.2853075],[-8.3070902,37.2865734],[-8.3105466,37.2890144],[-8.3136264,37.2895784],[-8.3168115,37.2899457],[-8.3208451,37.2896016],[-8.3276653,37.2873717],[-8.3325235,37.2834878],[-8.3333333,37.2805143],[-8.3358947,37.2777266],[-8.3549723,37.2662638],[-8.3657626,37.2632933],[-8.3692419,37.2636175],[-8.3746701,37.2637051],[-8.3794817,37.2606118],[-8.3889178,37.2581318],[-8.3945552,37.2545737],[-8.3957333,37.2504283],[-8.3965811,37.2466069],[-8.3969665,37.2351154],[-8.3958654,37.2327836],[-8.3954697,37.2288348],[-8.3957535,37.2264505],[-8.3969184,37.2249251],[-8.3992981,37.2239402],[-8.4029322,37.222427],[-8.4079337,37.2203342],[-8.4142005,37.2177351],[-8.4172158,37.2164879],[-8.4198089,37.2154152],[-8.4238131,37.2137588],[-8.4300763,37.2145211],[-8.4338147,37.214976],[-8.4358234,37.2152205],[-8.4426893,37.2165061],[-8.4463717,37.2171956],[-8.4508697,37.2180332],[-8.4621339,37.2201328],[-8.4649177,37.2206517],[-8.467266,37.2210894],[-8.4707704,37.2217457],[-8.4776715,37.223038],[-8.4808797,37.2236378],[-8.4878896,37.2252142],[-8.4938311,37.2274213],[-8.4989432,37.2293202],[-8.5025153,37.2306471],[-8.504704,37.23146],[-8.5145582,37.230365],[-8.516655,37.2296576]]}},{"type":"Feature","properties":{"assetId":"PT-line-way-163226928","countryCode":"PT","assetType":"line","powerType":"line","osmType":"way","osmId":"163226928","actualVoltagesKv":[400],"actualVoltageKv":400,"gridClass":"400","displayClass":"400 kV sınıfı","name":null,"ref":null,"operator":"REN","from":null,"to":null,"displayLabel":"REN · 400 kV · OSM 163226928","labelSource":"generated-identifier","voltageRaw":"400000","circuits":null,"cables":"6","frequency":"50","location":null,"sourceProvider":"ArcGIS OSM Europe","sourceFallback":null,"sourceLicense":"ODbL 1.0","osmTimestamp":"2022-12-09T15:59:15Z"},"geometry":{"type":"LineString","coordinates":[[-9.1194329,38.58195],[-9.1186327,38.5824044],[-9.1172321,38.5832065],[-9.1153854,38.5859113],[-9.1147451,38.5897714],[-9.1143457,38.5918985],[-9.1129582,38.5959245],[-9.1111178,38.5984863],[-9.1107047,38.6011082],[-9.1103616,38.6033896],[-9.1100237,38.605842],[-9.1082105,38.6070933],[-9.1056262,38.6084347],[-9.1023727,38.6084033],[-9.0997508,38.606366],[-9.0949456,38.603354],[-9.0919215,38.6033896],[-9.0884882,38.6021005],[-9.0843871,38.6005514],[-9.0824814,38.5983011],[-9.0794693,38.5973557],[-9.0754581,38.5960896],[-9.072114,38.5947843],[-9.0679363,38.5931511],[-9.0647685,38.5915751],[-9.0605113,38.5894669],[-9.0571242,38.5875973],[-9.0547432,38.5852548],[-9.0527577,38.5840088],[-9.0503288,38.5825649],[-9.0481022,38.5812372],[-9.0425458,38.5790399],[-9.0395769,38.5790014],[-9.0358497,38.5784046],[-9.0323679,38.5778471],[-9.0292,38.5767117],[-9.0250989,38.5769424],[-9.0222329,38.5781565],[-9.0221851,38.5781766],[-9.0185919,38.5796893],[-9.0167197,38.5818489],[-9.0168431,38.5843168],[-9.0155053,38.5853273],[-9.0108866,38.5852854],[-9.0067667,38.5854741],[-9.0057165,38.5855125],[-9.0055068,38.5855202],[-9.0017241,38.5856586],[-8.9999302,38.5869107],[-8.9963543,38.5880655],[-8.9920807,38.5880954],[-8.9863437,38.589185],[-8.9829778,38.5881853],[-8.980591,38.585994],[-8.9781918,38.5837339],[-8.9745013,38.5821405],[-8.9710187,38.5825832],[-8.9678971,38.5830756],[-8.9632139,38.583879],[-8.9593149,38.5840189],[-8.9558338,38.5841392],[-8.9514906,38.5843144],[-8.9468583,38.5845621],[-8.9419053,38.5846968],[-8.9372052,38.5848794],[-8.9338433,38.5861107],[-8.9317949,38.5865263],[-8.9286399,38.5867637],[-8.9264453,38.5861568],[-8.9237777,38.5861084],[-8.9189709,38.586086],[-8.9151978,38.5857444],[-8.9111298,38.5861911],[-8.9068763,38.5857228],[-8.8997729,38.5862837],[-8.8954154,38.5856275],[-8.8916038,38.5853221],[-8.8875768,38.5846153],[-8.8839055,38.5839827],[-8.8789106,38.5829277],[-8.8738176,38.5814558],[-8.8684155,38.5799141],[-8.8639882,38.5803108],[-8.8592293,38.5816236],[-8.8555679,38.5826079],[-8.8532495,38.5825165]]}},{"type":"Feature","properties":{"assetId":"PT-line-way-177628884","countryCode":"PT","assetType":"line","powerType":"line","osmType":"way","osmId":"177628884","actualVoltagesKv":[400],"actualVoltageKv":400,"gridClass":"400","displayClass":"400 kV sınıfı","name":"Armamar - Recarei","ref":null,"operator":"REN","from":null,"to":null,"displayLabel":"Armamar - Recarei","labelSource":"osm-name","voltageRaw":"400000","circuits":null,"cables":null,"frequency":null,"location":null,"sourceProvider":"ArcGIS OSM Europe","sourceFallback":null,"sourceLicense":"ODbL 1.0","osmTimestamp":"2024-03-04T15:14:48Z"},"geometry":{"type":"LineString","coordinates":[[-7.704812,41.1227771],[-7.714568,41.1236286]]}},{"type":"Feature","properties":{"assetId":"PT-line-way-201459315","countryCode":"PT","assetType":"line","powerType":"line","osmType":"way","osmId":"201459315","actualVoltagesKv":[400],"actualVoltageKv":400,"gridClass":"400","displayClass":"400 kV sınıfı","name":null,"ref":null,"operator":"REN","from":null,"to":null,"displayLabel":"REN · 400 kV · OSM 201459315","labelSource":"generated-identifier","voltageRaw":"400000","circuits":null,"cables":"3","frequency":"50","location":null,"sourceProvider":"ArcGIS OSM Europe","sourceFallback":null,"sourceLicense":"ODbL 1.0","osmTimestamp":"2024-02-29T16:01:12Z"},"geometry":{"type":"LineString","coordinates":[[-7.7657034,37.3444665],[-7.7659736,37.3446823],[-7.7667644,37.3453133],[-7.7669057,37.3454661]]}},{"type":"Feature","properties":{"assetId":"PT-line-way-201507063","countryCode":"PT","assetType":"line","powerType":"line","osmType":"way","osmId":"201507063","actualVoltagesKv":[400],"actualVoltageKv":400,"gridClass":"400","displayClass":"400 kV sınıfı","name":null,"ref":null,"operator":"REN","from":null,"to":null,"displayLabel":"REN · 400 kV · OSM 201507063","labelSource":"generated-identifier","voltageRaw":"400000","circuits":null,"cables":"3","frequency":"50","location":null,"sourceProvider":"ArcGIS OSM Europe","sourceFallback":null,"sourceLicense":"ODbL 1.0","osmTimestamp":"2024-02-29T16:01:12Z"},"geometry":{"type":"LineString","coordinates":[[-7.9529511,37.3780332],[-7.9570299,37.3782237],[-7.9611837,37.378486],[-7.9643999,37.37868],[-7.967996,37.3788242],[-7.9745669,37.3792598],[-7.9787568,37.379486],[-7.9830459,37.379734],[-7.9871959,37.37992],[-7.9917535,37.3801739],[-7.9993614,37.3806133],[-8.0051757,37.3809354],[-8.0086708,37.3811361],[-8.01398,37.3806978],[-8.0184764,37.3803015],[-8.0243391,37.3798092],[-8.0281931,37.3789346],[-8.0334288,37.3777641],[-8.0408274,37.3761055],[-8.0433903,37.3755425],[-8.0490678,37.3742903],[-8.0526781,37.3734697],[-8.0555856,37.3728259],[-8.060199,37.3717857],[-8.0626989,37.3712656],[-8.0646622,37.371159],[-8.0699784,37.3682003],[-8.0742592,37.3657616],[-8.0753803,37.3622356],[-8.0758765,37.3605194],[-8.0767858,37.3575965],[-8.0777675,37.3544625],[-8.0794466,37.3494476],[-8.0828637,37.3476139],[-8.0854815,37.3461682],[-8.0905885,37.3434217],[-8.0947459,37.3411614],[-8.1018859,37.3372631],[-8.1050241,37.3355528],[-8.1095946,37.3330618],[-8.1123304,37.3315306],[-8.1161124,37.3295386],[-8.1224746,37.3266806],[-8.1258863,37.325115],[-8.1286651,37.3238651],[-8.1352258,37.3209472],[-8.1416416,37.3179865],[-8.1476766,37.3151537],[-8.1546772,37.3119495],[-8.157928,37.3106184],[-8.1606209,37.310068],[-8.1652397,37.3090397],[-8.1715429,37.3075292],[-8.1752712,37.3067313],[-8.1804371,37.3056817],[-8.1868851,37.3041968],[-8.192786,37.3029679],[-8.2013047,37.3023193],[-8.2034773,37.3021955],[-8.2067764,37.3019779],[-8.2132727,37.3014957],[-8.216427,37.3012823],[-8.2226443,37.3007831],[-8.2287383,37.300335],[-8.2313776,37.3001601],[-8.2360983,37.2997547],[-8.2396013,37.2995371],[-8.2430559,37.2992426],[-8.249504,37.2987817],[-8.2534039,37.2984916],[-8.2598519,37.2980179],[-8.2617509,37.2978771],[-8.2673246,37.297668],[-8.2715946,37.2967505],[-8.2736546,37.2940961],[-8.2744646,37.2928201],[-8.2766372,37.2920903],[-8.2795179,37.2903661],[-8.2824576,37.2886163],[-8.2833374,37.2856757],[-8.2868285,37.2840244]]}},{"type":"Feature","properties":{"assetId":"PT-line-way-215856860","countryCode":"PT","assetType":"line","powerType":"line","osmType":"way","osmId":"215856860","actualVoltagesKv":[400],"actualVoltageKv":400,"gridClass":"400","displayClass":"400 kV sınıfı","name":"Tavira - Puebla de Guzmán","ref":null,"operator":"REN","from":null,"to":null,"displayLabel":"Tavira - Puebla de Guzmán","labelSource":"osm-name","voltageRaw":"400000","circuits":null,"cables":"3","frequency":"50","location":null,"sourceProvider":"ArcGIS OSM Europe","sourceFallback":null,"sourceLicense":"ODbL 1.0","osmTimestamp":"2024-03-02T22:02:01Z"},"geometry":{"type":"LineString","coordinates":[[-7.7667385,37.3455994],[-7.7676773,37.3464475],[-7.7704507,37.3488719],[-7.7722907,37.350356],[-7.7726662,37.3540659],[-7.769055,37.3575414],[-7.7643056,37.3595798],[-7.7583421,37.3622681],[-7.7553006,37.3636626],[-7.7496894,37.3662109],[-7.745995,37.3678682],[-7.7384814,37.3703315],[-7.7357107,37.3712504],[-7.73267,37.3722854],[-7.7256102,37.3745438],[-7.7233099,37.3753307],[-7.719108,37.3766717],[-7.7148053,37.3780763],[-7.7110885,37.3792896],[-7.7071435,37.3805722],[-7.7024196,37.3821239],[-7.6967406,37.3839843],[-7.6939197,37.3883643],[-7.6919935,37.3914035],[-7.6894967,37.3952607],[-7.6869674,37.3992004],[-7.6849772,37.4023428],[-7.6832721,37.4049791],[-7.6799772,37.4100917],[-7.6780662,37.4130997],[-7.675403,37.4173133],[-7.6726037,37.4217073],[-7.6688819,37.4229914],[-7.6629938,37.4249803],[-7.6603384,37.4258829],[-7.6542532,37.4279602],[-7.6504604,37.4276563],[-7.6466624,37.4273773],[-7.6429047,37.4270918],[-7.6383058,37.429076],[-7.6338457,37.4309878],[-7.631633,37.4319548],[-7.6269643,37.4308661],[-7.6228954,37.4299098],[-7.6191162,37.4289982],[-7.6139744,37.4278139],[-7.6096426,37.4280525],[-7.6060082,37.4296329],[-7.6012231,37.4316947],[-7.6010358,37.4317747],[-7.5966714,37.4336392],[-7.5919544,37.43566],[-7.5873963,37.4376112],[-7.5854437,37.4402819],[-7.5831316,37.4435039],[-7.581202,37.4461722],[-7.5789963,37.4492004],[-7.5774652,37.4512836],[-7.5756992,37.4537208],[-7.5734328,37.4568039],[-7.5704099,37.4609961],[-7.5676526,37.4647708],[-7.5654371,37.4678109],[-7.5631745,37.4709564],[-7.5611871,37.4736944],[-7.5564639,37.4762777],[-7.5516918,37.4790025],[-7.5479538,37.4810798],[-7.5444013,37.4830795],[-7.5413085,37.4848147],[-7.5392397,37.4874223],[-7.5377001,37.4894701],[-7.5357003,37.4920702],[-7.5337828,37.4945571],[-7.5304676,37.4968205],[-7.5272896,37.4989747],[-7.5231908,37.501817],[-7.5211329,37.5032038],[-7.5163112,37.5064924],[-7.5133512,37.5098858],[-7.5097566,37.5141463],[-7.5078421,37.5151733],[-7.5033681,37.5176163],[-7.502734029067979,37.52276250811163]]}},{"type":"Feature","properties":{"assetId":"PT-line-way-291954080","countryCode":"PT","assetType":"line","powerType":"line","osmType":"way","osmId":"291954080","actualVoltagesKv":[400],"actualVoltageKv":400,"gridClass":"400","displayClass":"400 kV sınıfı","name":"Pegões - Sines","ref":null,"operator":"REN","from":null,"to":null,"displayLabel":"Pegões - Sines","labelSource":"osm-name","voltageRaw":"400000","circuits":null,"cables":"3","frequency":"50","location":null,"sourceProvider":"ArcGIS OSM Europe","sourceFallback":null,"sourceLicense":"ODbL 1.0","osmTimestamp":"2024-03-02T22:02:01Z"},"geometry":{"type":"LineString","coordinates":[[-8.761431,37.9968393],[-8.7610492,37.9963468],[-8.7597417,37.9967316],[-8.7573614,37.9981715],[-8.7542649,38.0000447],[-8.7521556,38.0014753],[-8.749148,38.0034686],[-8.7457676,38.005702],[-8.7430003,38.0075303],[-8.7395476,38.0098114],[-8.736923,38.0115453],[-8.7337867,38.0136173],[-8.7307404,38.0156297],[-8.7265919,38.0183701],[-8.7228089,38.020869],[-8.7195994,38.022989],[-8.7162384,38.0252091],[-8.7142426,38.0265273],[-8.7103278,38.0291129],[-8.7070879,38.0312528],[-8.7044026,38.0330263],[-8.701727,38.0347869],[-8.6991495,38.0364829],[-8.6946804,38.0394234],[-8.690192,38.0424039],[-8.6873381,38.0442602],[-8.6845717,38.0465079],[-8.6831378,38.0476728],[-8.6792696,38.0508067],[-8.6768528,38.0527647],[-8.6721965,38.0565627],[-8.669095,38.0590493],[-8.665959,38.0615896],[-8.6626223,38.0642924],[-8.6591906,38.067072],[-8.6560699,38.0696076],[-8.6534881,38.0717052],[-8.6500086,38.0745321],[-8.6469671,38.077003],[-8.6437222,38.0796391],[-8.640282,38.0823855],[-8.6379737,38.0842556],[-8.6351686,38.0865737],[-8.6314709,38.0895199],[-8.6290339,38.0913096],[-8.6261509,38.0933572],[-8.6239799,38.0948991],[-8.6212027,38.0968715],[-8.618491,38.0988121],[-8.6162319,38.1004287],[-8.6129113,38.1028049],[-8.608809,38.1057403],[-8.6063401,38.107509],[-8.60421,38.1090487],[-8.6010582,38.1112929],[-8.5975083,38.1138359],[-8.5943894,38.1160575],[-8.5912097,38.118329],[-8.5883397,38.1203791],[-8.5835202,38.1238217],[-8.58201,38.1255165],[-8.5792668,38.1285948],[-8.5766682,38.1314876],[-8.5745594,38.1338351],[-8.5703058,38.1386111],[-8.5669221,38.1423929],[-8.5637148,38.1459774],[-8.5609745,38.1490399],[-8.5590122,38.1512328],[-8.5581719,38.1535959],[-8.5573429,38.1559269],[-8.5563858,38.1586179],[-8.5550702,38.162317],[-8.5540577,38.1651638],[-8.5526887,38.1690124],[-8.5513616,38.1727434],[-8.550214,38.1759701],[-8.5489547,38.1795107],[-8.5478468,38.1826256],[-8.5468116,38.185536],[-8.5457804,38.1884347],[-8.544491,38.1920594],[-8.5433062,38.1953899],[-8.5420726,38.1988574],[-8.5408357,38.2023339],[-8.5397674,38.2053352],[-8.5384186,38.2089908],[-8.5373498,38.2121234],[-8.5361449,38.2155066],[-8.5348702,38.2190859],[-8.5336471,38.2225201],[-8.5324764,38.2258069],[-8.5314339,38.2287339],[-8.5303023,38.2319107],[-8.5290425,38.2353626],[-8.5277977,38.2389188],[-8.5266742,38.2420129],[-8.5252312,38.2460244],[-8.5239658,38.2495816],[-8.5227198,38.2530841],[-8.5218251,38.2555992],[-8.5202864,38.259924],[-8.5193133,38.262659],[-8.5179708,38.2664322],[-8.5166637,38.2701056],[-8.5152003,38.274218],[-8.5139175,38.2778228],[-8.5127243,38.2811757],[-8.5116713,38.2841344],[-8.5102514,38.2881237],[-8.510035,38.291806],[-8.5097854,38.2964007],[-8.5096001,38.2999567],[-8.5093895,38.3031772],[-8.5092113,38.3068647],[-8.5089547,38.3107289],[-8.5087542,38.3142642],[-8.5085182,38.3183731],[-8.5083038,38.3221056],[-8.5080974,38.3256978],[-8.5078952,38.329218],[-8.5076904,38.3327839],[-8.5074877,38.3363111],[-8.5072589,38.3402934],[-8.507063,38.3437028],[-8.5068714,38.3470377],[-8.5066709,38.3505271],[-8.5064697,38.3540285],[-8.5036542,38.3588893],[-8.5011361,38.3632362],[-8.4994537,38.3661808],[-8.4973492,38.3698068],[-8.4972332,38.3731655],[-8.4971824,38.3760857],[-8.4971226,38.3789591],[-8.4969628,38.3830139],[-8.4968027,38.3870766],[-8.4966615,38.3906586],[-8.4965116,38.39446],[-8.4963891,38.3978777],[-8.4963091,38.4001084],[-8.4961886,38.4034689],[-8.4960933,38.4061239],[-8.496015,38.4087713],[-8.4959197,38.4119898],[-8.4958852,38.4131568],[-8.4976944,38.415132],[-8.5009417,38.4186948],[-8.5027613,38.4206357],[-8.5051674,38.4232022],[-8.5080828,38.4263539],[-8.5100224,38.4284506],[-8.5121578,38.430759],[-8.5146134,38.4334134],[-8.5173901,38.4364146],[-8.5203788,38.4396451],[-8.5232486,38.4427468],[-8.5252117,38.4448685],[-8.5274212,38.4472564],[-8.5307276,38.4508295],[-8.5324976,38.4527406],[-8.5351022,38.4555528],[-8.5372228,38.4578424],[-8.5399859,38.4608256],[-8.542724,38.4637772],[-8.5452046,38.4664511],[-8.5476374,38.4690735],[-8.5498269,38.4714334],[-8.5520329,38.4738111],[-8.553981,38.4759081],[-8.5572944,38.4794841],[-8.5590957,38.4814369],[-8.562214,38.4847949],[-8.566036,38.4889015],[-8.568227,38.4912613],[-8.5719216,38.4952356],[-8.5743698,38.4979169],[-8.5765361,38.5002551],[-8.5808639,38.504918],[-8.5834061,38.5076607],[-8.5858434,38.5102792],[-8.5882808,38.5129175],[-8.5905507,38.5153499],[-8.5929784,38.517954],[-8.5956133,38.5208044],[-8.598442,38.52386],[-8.6009601,38.5265729],[-8.603623,38.5294299],[-8.6061847,38.5321881],[-8.6087589,38.5349703],[-8.6114552,38.5378624],[-8.614264,38.5408831],[-8.6172334,38.5440771],[-8.6197917,38.5468291],[-8.6220414,38.5492431],[-8.6255803,38.553041],[-8.6280444,38.5556913],[-8.6303124,38.5581133],[-8.6311233,38.5594502]]}},{"type":"Feature","properties":{"assetId":"PT-line-way-335907744","countryCode":"PT","assetType":"line","powerType":"line","osmType":"way","osmId":"335907744","actualVoltagesKv":[400],"actualVoltageKv":400,"gridClass":"400","displayClass":"400 kV sınıfı","name":null,"ref":null,"operator":"REN","from":null,"to":null,"displayLabel":"REN · 400 kV · OSM 335907744","labelSource":"generated-identifier","voltageRaw":"400000","circuits":null,"cables":"3","frequency":null,"location":null,"sourceProvider":"ArcGIS OSM Europe","sourceFallback":null,"sourceLicense":"ODbL 1.0","osmTimestamp":"2024-02-29T16:01:12Z"},"geometry":{"type":"LineString","coordinates":[[-9.0008444,39.3391975],[-9.0009264,39.3388771],[-9.00117,39.3379258],[-9.0013862,39.3370815]]}},{"type":"Feature","properties":{"assetId":"PT-line-way-335907747","countryCode":"PT","assetType":"line","powerType":"line","osmType":"way","osmId":"335907747","actualVoltagesKv":[400],"actualVoltageKv":400,"gridClass":"400","displayClass":"400 kV sınıfı","name":null,"ref":null,"operator":"REN","from":null,"to":null,"displayLabel":"REN · 400 kV · OSM 335907747","labelSource":"generated-identifier","voltageRaw":"400000","circuits":null,"cables":"3","frequency":null,"location":null,"sourceProvider":"ArcGIS OSM Europe","sourceFallback":null,"sourceLicense":"ODbL 1.0","osmTimestamp":"2024-02-29T16:01:12Z"},"geometry":{"type":"LineString","coordinates":[[-9.0005386,39.3394837],[-9.0014327,39.3396168],[-9.0016655,39.3396512]]}},{"type":"Feature","properties":{"assetId":"PT-line-way-335907748","countryCode":"PT","assetType":"line","powerType":"line","osmType":"way","osmId":"335907748","actualVoltagesKv":[400],"actualVoltageKv":400,"gridClass":"400","displayClass":"400 kV sınıfı","name":null,"ref":null,"operator":"REN","from":null,"to":null,"displayLabel":"REN · 400 kV · OSM 335907748","labelSource":"generated-identifier","voltageRaw":"400000","circuits":null,"cables":"3","frequency":null,"location":null,"sourceProvider":"ArcGIS OSM Europe","sourceFallback":null,"sourceLicense":"ODbL 1.0","osmTimestamp":"2024-02-29T16:01:12Z"},"geometry":{"type":"LineString","coordinates":[[-9.0012682,39.336621],[-9.0021579,39.336755],[-9.0023962,39.3368002]]}},{"type":"Feature","properties":{"assetId":"PT-line-way-335907749","countryCode":"PT","assetType":"line","powerType":"line","osmType":"way","osmId":"335907749","actualVoltagesKv":[400],"actualVoltageKv":400,"gridClass":"400","displayClass":"400 kV sınıfı","name":null,"ref":null,"operator":"REN","from":null,"to":null,"displayLabel":"REN · 400 kV · OSM 335907749","labelSource":"generated-identifier","voltageRaw":"400000","circuits":null,"cables":"3","frequency":null,"location":null,"sourceProvider":"ArcGIS OSM Europe","sourceFallback":null,"sourceLicense":"ODbL 1.0","osmTimestamp":"2024-02-29T16:01:12Z"},"geometry":{"type":"LineString","coordinates":[[-9.0016383,39.3397574],[-9.0016655,39.3396512],[-9.0018265,39.339023],[-9.002071,39.3380693],[-9.0022857,39.3372312],[-9.002343,39.3370079],[-9.0023962,39.3368002],[-9.002561,39.3361573],[-9.0025878,39.3360525]]}},{"type":"Feature","properties":{"assetId":"PT-line-way-335907750","countryCode":"PT","assetType":"line","powerType":"line","osmType":"way","osmId":"335907750","actualVoltagesKv":[400],"actualVoltageKv":400,"gridClass":"400","displayClass":"400 kV sınıfı","name":null,"ref":null,"operator":"REN","from":null,"to":null,"displayLabel":"REN · 400 kV · OSM 335907750","labelSource":"generated-identifier","voltageRaw":"400000","circuits":null,"cables":"3","frequency":null,"location":null,"sourceProvider":"ArcGIS OSM Europe","sourceFallback":null,"sourceLicense":"ODbL 1.0","osmTimestamp":"2024-02-29T16:01:12Z"},"geometry":{"type":"LineString","coordinates":[[-9.0023464,39.3360111],[-9.0022653,39.336331],[-9.0021579,39.336755],[-9.0021032,39.3369709],[-9.0020498,39.3371814],[-9.0018342,39.3380326],[-9.0015926,39.338986],[-9.0014327,39.3396168],[-9.0014076,39.3397159]]}},{"type":"Feature","properties":{"assetId":"PT-line-way-335908362","countryCode":"PT","assetType":"line","powerType":"line","osmType":"way","osmId":"335908362","actualVoltagesKv":[400],"actualVoltageKv":400,"gridClass":"400","displayClass":"400 kV sınıfı","name":null,"ref":null,"operator":"REN","from":null,"to":null,"displayLabel":"REN · 400 kV · OSM 335908362","labelSource":"generated-identifier","voltageRaw":"400000","circuits":null,"cables":"3","frequency":null,"location":null,"sourceProvider":"ArcGIS OSM Europe","sourceFallback":null,"sourceLicense":"ODbL 1.0","osmTimestamp":"2024-02-29T16:01:12Z"},"geometry":{"type":"LineString","coordinates":[[-9.0022653,39.336331],[-9.0017644,39.3362559],[-9.0018153,39.336036],[-9.002561,39.3361573]]}},{"type":"Feature","properties":{"assetId":"PT-line-way-335908513","countryCode":"PT","assetType":"line","powerType":"line","osmType":"way","osmId":"335908513","actualVoltagesKv":[400],"actualVoltageKv":400,"gridClass":"400","displayClass":"400 kV sınıfı","name":null,"ref":null,"operator":"REN","from":null,"to":null,"displayLabel":"REN · 400 kV · OSM 335908513","labelSource":"generated-identifier","voltageRaw":"400000","circuits":null,"cables":"3","frequency":null,"location":null,"sourceProvider":"ArcGIS OSM Europe","sourceFallback":null,"sourceLicense":"ODbL 1.0","osmTimestamp":"2024-02-29T16:01:12Z"},"geometry":{"type":"LineString","coordinates":[[-9.0013862,39.3370815],[-9.0020498,39.3371814],[-9.0022857,39.3372312],[-9.0029526,39.3373222],[-9.0030184,39.3371122]]}},{"type":"Feature","properties":{"assetId":"PT-line-way-335924326","countryCode":"PT","assetType":"line","powerType":"line","osmType":"way","osmId":"335924326","actualVoltagesKv":[400],"actualVoltageKv":400,"gridClass":"400","displayClass":"400 kV sınıfı","name":null,"ref":null,"operator":"REN","from":null,"to":null,"displayLabel":"REN · 400 kV · OSM 335924326","labelSource":"generated-identifier","voltageRaw":"400000","circuits":null,"cables":"3","frequency":"50","location":null,"sourceProvider":"ArcGIS OSM Europe","sourceFallback":null,"sourceLicense":"ODbL 1.0","osmTimestamp":"2024-03-01T12:05:19Z"},"geometry":{"type":"LineString","coordinates":[[-8.9517667,39.0141599],[-8.9515472,39.0140317],[-8.9506634,39.0135158],[-8.9504499,39.0133912]]}},{"type":"Feature","properties":{"assetId":"PT-line-way-335924328","countryCode":"PT","assetType":"line","powerType":"line","osmType":"way","osmId":"335924328","actualVoltagesKv":[400],"actualVoltageKv":400,"gridClass":"400","displayClass":"400 kV sınıfı","name":null,"ref":null,"operator":"REN","from":null,"to":null,"displayLabel":"REN · 400 kV · OSM 335924328","labelSource":"generated-identifier","voltageRaw":"400000","circuits":null,"cables":"3","frequency":"50","location":null,"sourceProvider":"ArcGIS OSM Europe","sourceFallback":null,"sourceLicense":"ODbL 1.0","osmTimestamp":"2024-03-01T12:05:19Z"},"geometry":{"type":"LineString","coordinates":[[-8.9510407,39.0145548],[-8.9511092,39.0144841],[-8.9512552,39.0143333],[-8.9514012,39.0141825],[-8.9515472,39.0140317],[-8.9516581,39.0139171]]}},{"type":"Feature","properties":{"assetId":"PT-line-way-335924329","countryCode":"PT","assetType":"line","powerType":"line","osmType":"way","osmId":"335924329","actualVoltagesKv":[400],"actualVoltageKv":400,"gridClass":"400","displayClass":"400 kV sınıfı","name":null,"ref":null,"operator":"REN","from":null,"to":null,"displayLabel":"REN · 400 kV · OSM 335924329","labelSource":"generated-identifier","voltageRaw":"400000","circuits":null,"cables":"3","frequency":"50","location":null,"sourceProvider":"ArcGIS OSM Europe","sourceFallback":null,"sourceLicense":"ODbL 1.0","osmTimestamp":"2024-03-01T12:05:19Z"},"geometry":{"type":"LineString","coordinates":[[-8.9501591,39.0136934],[-8.9503712,39.0138172],[-8.9512552,39.0143333],[-8.9514759,39.0144621]]}},{"type":"Feature","properties":{"assetId":"PT-line-way-335924330","countryCode":"PT","assetType":"line","powerType":"line","osmType":"way","osmId":"335924330","actualVoltagesKv":[400],"actualVoltageKv":400,"gridClass":"400","displayClass":"400 kV sınıfı","name":"Central do Ribatejo - Ribatejo 2","ref":null,"operator":"REN","from":null,"to":null,"displayLabel":"Central do Ribatejo - Ribatejo 2","labelSource":"osm-name","voltageRaw":"400000","circuits":null,"cables":"3","frequency":null,"location":null,"sourceProvider":"ArcGIS OSM Europe","sourceFallback":null,"sourceLicense":"ODbL 1.0","osmTimestamp":"2024-03-02T02:04:55Z"},"geometry":{"type":"LineString","coordinates":[[-8.9503045,39.0135423],[-8.9491809,39.0130566],[-8.9512397,39.0121261]]}},{"type":"Feature","properties":{"assetId":"PT-line-way-335924331","countryCode":"PT","assetType":"line","powerType":"line","osmType":"way","osmId":"335924331","actualVoltagesKv":[400],"actualVoltageKv":400,"gridClass":"400","displayClass":"400 kV sınıfı","name":null,"ref":null,"operator":"REN","from":null,"to":null,"displayLabel":"REN · 400 kV · OSM 335924331","labelSource":"generated-identifier","voltageRaw":"400000","circuits":null,"cables":"3","frequency":"50","location":null,"sourceProvider":"ArcGIS OSM Europe","sourceFallback":null,"sourceLicense":"ODbL 1.0","osmTimestamp":"2024-03-01T12:05:19Z"},"geometry":{"type":"LineString","coordinates":[[-8.950773,39.0134028],[-8.9506634,39.0135158],[-8.9505173,39.0136665],[-8.9503712,39.0138172],[-8.9502251,39.0139679],[-8.9501668,39.014028]]}},{"type":"Feature","properties":{"assetId":"PT-line-way-335924332","countryCode":"PT","assetType":"line","powerType":"line","osmType":"way","osmId":"335924332","actualVoltagesKv":[400],"actualVoltageKv":400,"gridClass":"400","displayClass":"400 kV sınıfı","name":null,"ref":null,"operator":"REN","from":null,"to":null,"displayLabel":"REN · 400 kV · OSM 335924332","labelSource":"generated-identifier","voltageRaw":"400000","circuits":null,"cables":"3","frequency":"50","location":null,"sourceProvider":"ArcGIS OSM Europe","sourceFallback":null,"sourceLicense":"ODbL 1.0","osmTimestamp":"2024-03-01T12:05:19Z"},"geometry":{"type":"LineString","coordinates":[[-8.9500137,39.0138445],[-8.9502251,39.0139679],[-8.9511092,39.0144841],[-8.9513305,39.0146133]]}},{"type":"Feature","properties":{"assetId":"PT-line-way-338154584","countryCode":"PT","assetType":"line","powerType":"line","osmType":"way","osmId":"338154584","actualVoltagesKv":[400],"actualVoltageKv":400,"gridClass":"400","displayClass":"400 kV sınıfı","name":null,"ref":null,"operator":"REN","from":null,"to":null,"displayLabel":"REN · 400 kV · OSM 338154584","labelSource":"generated-identifier","voltageRaw":"400000","circuits":null,"cables":"3","frequency":null,"location":null,"sourceProvider":"ArcGIS OSM Europe","sourceFallback":null,"sourceLicense":"ODbL 1.0","osmTimestamp":"2024-02-29T16:01:12Z"},"geometry":{"type":"LineString","coordinates":[[-8.3884411,41.4022534],[-8.3884415,41.4023564],[-8.3884422,41.4025452],[-8.388444,41.4031111],[-8.3884447,41.4033025],[-8.3884453,41.4034912],[-8.3884456,41.4035819]]}},{"type":"Feature","properties":{"assetId":"PT-line-way-338154596","countryCode":"PT","assetType":"line","powerType":"line","osmType":"way","osmId":"338154596","actualVoltagesKv":[400],"actualVoltageKv":400,"gridClass":"400","displayClass":"400 kV sınıfı","name":null,"ref":null,"operator":"REN","from":null,"to":null,"displayLabel":"REN · 400 kV · OSM 338154596","labelSource":"generated-identifier","voltageRaw":"400000","circuits":null,"cables":"3","frequency":null,"location":null,"sourceProvider":"ArcGIS OSM Europe","sourceFallback":null,"sourceLicense":"ODbL 1.0","osmTimestamp":"2024-02-29T16:01:12Z"},"geometry":{"type":"LineString","coordinates":[[-8.3894276,41.4020634],[-8.3894285,41.4023486],[-8.3894291,41.4025342],[-8.3894298,41.4027296],[-8.3894311,41.4031092],[-8.3894317,41.4033042],[-8.3894324,41.4034884],[-8.3894343,41.4040551],[-8.3894346,41.4041474]]}},{"type":"Feature","properties":{"assetId":"PT-line-way-338154597","countryCode":"PT","assetType":"line","powerType":"line","osmType":"way","osmId":"338154597","actualVoltagesKv":[400],"actualVoltageKv":400,"gridClass":"400","displayClass":"400 kV sınıfı","name":null,"ref":null,"operator":"REN","from":null,"to":null,"displayLabel":"REN · 400 kV · OSM 338154597","labelSource":"generated-identifier","voltageRaw":"400000","circuits":null,"cables":"3","frequency":null,"location":null,"sourceProvider":"ArcGIS OSM Europe","sourceFallback":null,"sourceLicense":"ODbL 1.0","osmTimestamp":"2024-02-29T16:01:12Z"},"geometry":{"type":"LineString","coordinates":[[-8.3891422,41.4020632],[-8.3891426,41.4021627],[-8.3891432,41.4023508],[-8.3891445,41.4027301],[-8.3891451,41.4029201],[-8.3891457,41.4031097],[-8.389147,41.4034892],[-8.3891477,41.4036759],[-8.3891489,41.4040557],[-8.3891492,41.4041471]]}},{"type":"Feature","properties":{"assetId":"PT-line-way-338154611","countryCode":"PT","assetType":"line","powerType":"line","osmType":"way","osmId":"338154611","actualVoltagesKv":[400],"actualVoltageKv":400,"gridClass":"400","displayClass":"400 kV sınıfı","name":null,"ref":null,"operator":"REN","from":null,"to":null,"displayLabel":"REN · 400 kV · OSM 338154611","labelSource":"generated-identifier","voltageRaw":"400000","circuits":null,"cables":"3","frequency":null,"location":null,"sourceProvider":"ArcGIS OSM Europe","sourceFallback":null,"sourceLicense":"ODbL 1.0","osmTimestamp":"2024-02-29T16:01:12Z"},"geometry":{"type":"LineString","coordinates":[[-8.3891477,41.4036759],[-8.3900318,41.4036743]]}},{"type":"Feature","properties":{"assetId":"PT-line-way-338154612","countryCode":"PT","assetType":"line","powerType":"line","osmType":"way","osmId":"338154612","actualVoltagesKv":[400],"actualVoltageKv":400,"gridClass":"400","displayClass":"400 kV sınıfı","name":null,"ref":null,"operator":"REN","from":null,"to":null,"displayLabel":"REN · 400 kV · OSM 338154612","labelSource":"generated-identifier","voltageRaw":"400000","circuits":null,"cables":"3","frequency":null,"location":null,"sourceProvider":"ArcGIS OSM Europe","sourceFallback":null,"sourceLicense":"ODbL 1.0","osmTimestamp":"2024-02-29T16:01:12Z"},"geometry":{"type":"LineString","coordinates":[[-8.3891489,41.4040557],[-8.3894343,41.4040551],[-8.3900334,41.404054]]}},{"type":"Feature","properties":{"assetId":"PT-line-way-338154613","countryCode":"PT","assetType":"line","powerType":"line","osmType":"way","osmId":"338154613","actualVoltagesKv":[400],"actualVoltageKv":400,"gridClass":"400","displayClass":"400 kV sınıfı","name":null,"ref":null,"operator":"REN","from":null,"to":null,"displayLabel":"REN · 400 kV · OSM 338154613","labelSource":"generated-identifier","voltageRaw":"400000","circuits":null,"cables":"3","frequency":null,"location":null,"sourceProvider":"ArcGIS OSM Europe","sourceFallback":null,"sourceLicense":"ODbL 1.0","osmTimestamp":"2024-02-29T16:01:12Z"},"geometry":{"type":"LineString","coordinates":[[-8.3891426,41.4021627],[-8.3900257,41.402161]]}},{"type":"Feature","properties":{"assetId":"PT-line-way-338154614","countryCode":"PT","assetType":"line","powerType":"line","osmType":"way","osmId":"338154614","actualVoltagesKv":[400],"actualVoltageKv":400,"gridClass":"400","displayClass":"400 kV sınıfı","name":null,"ref":null,"operator":"REN","from":null,"to":null,"displayLabel":"REN · 400 kV · OSM 338154614","labelSource":"generated-identifier","voltageRaw":"400000","circuits":null,"cables":"3","frequency":null,"location":null,"sourceProvider":"ArcGIS OSM Europe","sourceFallback":null,"sourceLicense":"ODbL 1.0","osmTimestamp":"2024-02-29T16:01:12Z"},"geometry":{"type":"LineString","coordinates":[[-8.3891445,41.4027301],[-8.3894298,41.4027296],[-8.390028,41.4027284]]}},{"type":"Feature","properties":{"assetId":"PT-line-way-338154628","countryCode":"PT","assetType":"line","powerType":"line","osmType":"way","osmId":"338154628","actualVoltagesKv":[400],"actualVoltageKv":400,"gridClass":"400","displayClass":"400 kV sınıfı","name":null,"ref":null,"operator":"REN","from":null,"to":null,"displayLabel":"REN · 400 kV · OSM 338154628","labelSource":"generated-identifier","voltageRaw":"400000","circuits":null,"cables":"3","frequency":null,"location":null,"sourceProvider":"ArcGIS OSM Europe","sourceFallback":null,"sourceLicense":"ODbL 1.0","osmTimestamp":"2024-02-29T16:01:12Z"},"geometry":{"type":"LineString","coordinates":[[-8.3882431,41.4033022],[-8.3884447,41.4033025],[-8.3894317,41.4033042]]}},{"type":"Feature","properties":{"assetId":"PT-line-way-338154629","countryCode":"PT","assetType":"line","powerType":"line","osmType":"way","osmId":"338154629","actualVoltagesKv":[400],"actualVoltageKv":400,"gridClass":"400","displayClass":"400 kV sınıfı","name":null,"ref":null,"operator":"REN","from":null,"to":null,"displayLabel":"REN · 400 kV · OSM 338154629","labelSource":"generated-identifier","voltageRaw":"400000","circuits":null,"cables":"3","frequency":null,"location":null,"sourceProvider":"ArcGIS OSM Europe","sourceFallback":null,"sourceLicense":"ODbL 1.0","osmTimestamp":"2024-02-29T16:01:12Z"},"geometry":{"type":"LineString","coordinates":[[-8.3881881,41.4023583],[-8.3884415,41.4023564],[-8.3891432,41.4023508],[-8.3894285,41.4023486]]}},{"type":"Feature","properties":{"assetId":"PT-line-way-338154630","countryCode":"PT","assetType":"line","powerType":"line","osmType":"way","osmId":"338154630","actualVoltagesKv":[400],"actualVoltageKv":400,"gridClass":"400","displayClass":"400 kV sınıfı","name":null,"ref":null,"operator":"REN","from":null,"to":null,"displayLabel":"REN · 400 kV · OSM 338154630","labelSource":"generated-identifier","voltageRaw":"400000","circuits":null,"cables":"3","frequency":null,"location":null,"sourceProvider":"ArcGIS OSM Europe","sourceFallback":null,"sourceLicense":"ODbL 1.0","osmTimestamp":"2024-02-29T16:01:12Z"},"geometry":{"type":"LineString","coordinates":[[-8.3882438,41.4034918],[-8.3884453,41.4034912],[-8.389147,41.4034892],[-8.3894324,41.4034884]]}},{"type":"Feature","properties":{"assetId":"PT-line-way-338154631","countryCode":"PT","assetType":"line","powerType":"line","osmType":"way","osmId":"338154631","actualVoltagesKv":[400],"actualVoltageKv":400,"gridClass":"400","displayClass":"400 kV sınıfı","name":null,"ref":null,"operator":"REN","from":null,"to":null,"displayLabel":"REN · 400 kV · OSM 338154631","labelSource":"generated-identifier","voltageRaw":"400000","circuits":null,"cables":"3","frequency":null,"location":null,"sourceProvider":"ArcGIS OSM Europe","sourceFallback":null,"sourceLicense":"ODbL 1.0","osmTimestamp":"2024-02-29T16:01:12Z"},"geometry":{"type":"LineString","coordinates":[[-8.3881887,41.402548],[-8.3884422,41.4025452],[-8.3894291,41.4025342]]}},{"type":"Feature","properties":{"assetId":"PT-line-way-338154632","countryCode":"PT","assetType":"line","powerType":"line","osmType":"way","osmId":"338154632","actualVoltagesKv":[400],"actualVoltageKv":400,"gridClass":"400","displayClass":"400 kV sınıfı","name":null,"ref":null,"operator":"REN","from":null,"to":null,"displayLabel":"REN · 400 kV · OSM 338154632","labelSource":"generated-identifier","voltageRaw":"400000","circuits":null,"cables":"3","frequency":null,"location":null,"sourceProvider":"ArcGIS OSM Europe","sourceFallback":null,"sourceLicense":"ODbL 1.0","osmTimestamp":"2024-02-29T16:01:12Z"},"geometry":{"type":"LineString","coordinates":[[-8.3891451,41.4029201],[-8.3882262,41.4029219],[-8.3882269,41.4031115],[-8.388444,41.4031111],[-8.3891457,41.4031097],[-8.3894311,41.4031092]]}},{"type":"Feature","properties":{"assetId":"PT-line-way-338230586","countryCode":"PT","assetType":"line","powerType":"line","osmType":"way","osmId":"338230586","actualVoltagesKv":[400],"actualVoltageKv":400,"gridClass":"400","displayClass":"400 kV sınıfı","name":"Alto Lindoso - Riba d'Ave 2","ref":null,"operator":"REN","from":null,"to":null,"displayLabel":"Alto Lindoso - Riba d'Ave 2","labelSource":"osm-name","voltageRaw":"400000","circuits":null,"cables":"3","frequency":null,"location":null,"sourceProvider":"ArcGIS OSM Europe","sourceFallback":null,"sourceLicense":"ODbL 1.0","osmTimestamp":"2024-03-04T15:14:48Z"},"geometry":{"type":"LineString","coordinates":[[-8.3865132,41.4029386],[-8.387794,41.4032403],[-8.3882431,41.4033022]]}},{"type":"Feature","properties":{"assetId":"PT-line-way-338230588","countryCode":"PT","assetType":"line","powerType":"line","osmType":"way","osmId":"338230588","actualVoltagesKv":[400],"actualVoltageKv":400,"gridClass":"400","displayClass":"400 kV sınıfı","name":"Riba d'Ave - Recarei 1","ref":null,"operator":"REN","from":null,"to":null,"displayLabel":"Riba d'Ave - Recarei 1","labelSource":"osm-name","voltageRaw":"400000","circuits":null,"cables":"3","frequency":"50","location":null,"sourceProvider":"ArcGIS OSM Europe","sourceFallback":null,"sourceLicense":"ODbL 1.0","osmTimestamp":"2024-03-02T22:02:01Z"},"geometry":{"type":"LineString","coordinates":[[-8.4524436,41.158069],[-8.4512677,41.1579773],[-8.4503069,41.1593753],[-8.4493389,41.1617334],[-8.4490306,41.1639747],[-8.4486703,41.1666199],[-8.4483744,41.1688129],[-8.4478958,41.1723393],[-8.4473722,41.1760432],[-8.447022,41.1785679],[-8.4455461,41.180987],[-8.4434945,41.1844193],[-8.4403555,41.1897469],[-8.439381,41.1913204],[-8.4382521,41.194332],[-8.4372149,41.1972473],[-8.4362676,41.1998136],[-8.4351617,41.2028095],[-8.4337866,41.2065273],[-8.4324824,41.210053],[-8.4316426,41.2123969],[-8.4305768,41.215949],[-8.4295891,41.2192409],[-8.4284917,41.2229241],[-8.4270833,41.2276507],[-8.4258018,41.2319766],[-8.4247491,41.2355317],[-8.4237626,41.2388629],[-8.4221074,41.2443233],[-8.4211828,41.2475434],[-8.4203404,41.2504772],[-8.41907,41.254586],[-8.41775,41.2590553],[-8.4162481,41.2640958],[-8.4143285,41.2706466],[-8.4132739,41.274052],[-8.4130258,41.2767338],[-8.4126489,41.2808319],[-8.4124028,41.2835065],[-8.4122149,41.285597],[-8.4117412,41.2907732],[-8.4112238,41.2966937],[-8.4104875,41.3064433],[-8.410234,41.3096117],[-8.4100243,41.3125584],[-8.4096125,41.3177338],[-8.4092994,41.3218248],[-8.4091163,41.3246974],[-8.4087875,41.3285142],[-8.4085375,41.3318362],[-8.4075246,41.3343263],[-8.4069533,41.3357605],[-8.4059092,41.3383816],[-8.4050632,41.3405053],[-8.4021378,41.3437843],[-8.398049,41.3476553],[-8.3926428,41.3527468],[-8.3875805,41.3582907],[-8.385697,41.3603574],[-8.382974,41.3632957],[-8.3762867,41.370511],[-8.376206,41.3739087],[-8.3758843,41.3800318],[-8.3756819,41.3833073],[-8.3754904,41.3868481],[-8.3752869,41.3900272],[-8.3749425,41.3961239],[-8.374854,41.3974392],[-8.3754613,41.3996799],[-8.3773829,41.4013616],[-8.379868,41.4020243],[-8.3830861,41.4022626],[-8.3876062,41.4022369],[-8.3881881,41.4023583]]}},{"type":"Feature","properties":{"assetId":"PT-line-way-338230594","countryCode":"PT","assetType":"line","powerType":"line","osmType":"way","osmId":"338230594","actualVoltagesKv":[400],"actualVoltageKv":400,"gridClass":"400","displayClass":"400 kV sınıfı","name":"Pedralva - Riba d'Ave","ref":null,"operator":"REN","from":null,"to":null,"displayLabel":"Pedralva - Riba d'Ave","labelSource":"osm-name","voltageRaw":"400000","circuits":null,"cables":"3","frequency":"50","location":null,"sourceProvider":"ArcGIS OSM Europe","sourceFallback":null,"sourceLicense":"ODbL 1.0","osmTimestamp":"2024-03-02T22:02:01Z"},"geometry":{"type":"LineString","coordinates":[[-8.3288329,41.57341],[-8.3292636,41.5693816],[-8.3296462,41.5658029],[-8.3299897,41.562589],[-8.3302423,41.5602259],[-8.3306154,41.5567361],[-8.3310581,41.5525943],[-8.3316312,41.5472316],[-8.3319273,41.5444604],[-8.3325564,41.5385737],[-8.3328321,41.5359928],[-8.3335203,41.5295523],[-8.3334357,41.5241548],[-8.3334063,41.5209227],[-8.333361,41.5159331],[-8.3333294,41.5124484],[-8.3332961,41.5087854],[-8.3332617,41.5050009],[-8.3332261,41.5010802],[-8.333188,41.4975786],[-8.3331375,41.4929296],[-8.3331227,41.4907661],[-8.3362862,41.4870054],[-8.3386213,41.4842087],[-8.343897,41.4778898],[-8.3465558,41.4747302],[-8.3502721,41.4703258],[-8.353089,41.4669663],[-8.355344,41.4641961],[-8.3564375,41.4593719],[-8.356813,41.4575144],[-8.3576709,41.4538768],[-8.3582842,41.4511247],[-8.3590726,41.4477896],[-8.360261,41.4426532],[-8.361309,41.4384755],[-8.3620508,41.435287],[-8.363009,41.4311319],[-8.3635853,41.4286327],[-8.3647627,41.4235266],[-8.365499,41.4203421],[-8.3661085,41.4176899],[-8.3672694,41.4127678],[-8.3690358,41.410974],[-8.3700166,41.4100537],[-8.3709973,41.4091333],[-8.3738261,41.4081132],[-8.3797025,41.4059942],[-8.38536,41.4040092],[-8.3876234,41.4035832],[-8.3882438,41.4034918]]}},{"type":"Feature","properties":{"assetId":"PT-line-way-338230596","countryCode":"PT","assetType":"line","powerType":"line","osmType":"way","osmId":"338230596","actualVoltagesKv":[400],"actualVoltageKv":400,"gridClass":"400","displayClass":"400 kV sınıfı","name":"Riba d'Ave - Recarei 2","ref":null,"operator":"REN","from":null,"to":null,"displayLabel":"Riba d'Ave - Recarei 2","labelSource":"osm-name","voltageRaw":"400000","circuits":null,"cables":"3","frequency":null,"location":null,"sourceProvider":"ArcGIS OSM Europe","sourceFallback":null,"sourceLicense":"ODbL 1.0","osmTimestamp":"2024-03-02T22:02:01Z"},"geometry":{"type":"LineString","coordinates":[[-8.3865132,41.4029386],[-8.3876049,41.402562],[-8.3881887,41.402548]]}},{"type":"Feature","properties":{"assetId":"PT-line-way-338788017","countryCode":"PT","assetType":"line","powerType":"line","osmType":"way","osmId":"338788017","actualVoltagesKv":[400],"actualVoltageKv":400,"gridClass":"400","displayClass":"400 kV sınıfı","name":null,"ref":null,"operator":"REN","from":null,"to":null,"displayLabel":"REN · 400 kV · OSM 338788017","labelSource":"generated-identifier","voltageRaw":"400000","circuits":null,"cables":"3","frequency":"50","location":null,"sourceProvider":"ArcGIS OSM Europe","sourceFallback":null,"sourceLicense":"ODbL 1.0","osmTimestamp":"2024-02-29T16:01:12Z"},"geometry":{"type":"LineString","coordinates":[[-7.7665186,37.3455114],[-7.766606,37.3454445],[-7.7667644,37.3453133],[-7.7668565,37.345247]]}},{"type":"Feature","properties":{"assetId":"PT-line-way-338788020","countryCode":"PT","assetType":"line","powerType":"line","osmType":"way","osmId":"338788020","actualVoltagesKv":[150,400],"actualVoltageKv":400,"gridClass":"400","displayClass":"400 kV sınıfı","name":null,"ref":null,"operator":"REN","from":null,"to":null,"displayLabel":"REN · 400 kV · OSM 338788020","labelSource":"generated-identifier","voltageRaw":"400000;150000","circuits":null,"cables":"6","frequency":"50","location":null,"sourceProvider":"ArcGIS OSM Europe","sourceFallback":null,"sourceLicense":"ODbL 1.0","osmTimestamp":"2024-03-01T15:45:11Z"},"geometry":{"type":"LineString","coordinates":[[-7.7701501,37.3474382],[-7.7728752,37.3491859],[-7.7772537,37.3520549],[-7.7808994,37.3544432],[-7.7854016,37.3573484],[-7.7922259,37.3590157],[-7.7968379,37.3601697],[-7.8010607,37.3611745],[-7.8061995,37.3624741],[-7.8105323,37.3635006],[-7.8129688,37.3641158],[-7.8156894,37.3647965],[-7.8192449,37.3656569],[-7.8227005,37.3665166],[-7.8260491,37.3663724],[-7.8292877,37.3662489],[-7.8356871,37.3659709],[-7.8422291,37.3656826],[-7.8492568,37.3654149],[-7.8533827,37.3667791],[-7.8559995,37.36768],[-7.8596656,37.3689103],[-7.864776,37.3706399],[-7.8693165,37.3721687],[-7.873708,37.3736975],[-7.8779052,37.3750924],[-7.8825299,37.3766572],[-7.8884176,37.3785616],[-7.891993,37.3789424],[-7.8975699,37.379488],[-7.9040988,37.3778101],[-7.9118521,37.3757878],[-7.9154703,37.3760207],[-7.9207465,37.3762719],[-7.9245205,37.3764065],[-7.9277952,37.3765885],[-7.9334928,37.3769124],[-7.9393614,37.3771004],[-7.9450872,37.3775637],[-7.948711,37.3777695],[-7.9529511,37.3780332]]}},{"type":"Feature","properties":{"assetId":"PT-line-way-338788036","countryCode":"PT","assetType":"line","powerType":"line","osmType":"way","osmId":"338788036","actualVoltagesKv":[400],"actualVoltageKv":400,"gridClass":"400","displayClass":"400 kV sınıfı","name":null,"ref":null,"operator":"REN","from":null,"to":null,"displayLabel":"REN · 400 kV · OSM 338788036","labelSource":"generated-identifier","voltageRaw":"400000","circuits":null,"cables":"3","frequency":"50","location":null,"sourceProvider":"ArcGIS OSM Europe","sourceFallback":null,"sourceLicense":"ODbL 1.0","osmTimestamp":"2024-02-29T16:01:12Z"},"geometry":{"type":"LineString","coordinates":[[-7.765714,37.3448824],[-7.7658058,37.3448116],[-7.7659736,37.3446823],[-7.766068,37.3446094]]}},{"type":"Feature","properties":{"assetId":"PT-line-way-338793571","countryCode":"PT","assetType":"line","powerType":"line","osmType":"way","osmId":"338793571","actualVoltagesKv":[400],"actualVoltageKv":400,"gridClass":"400","displayClass":"400 kV sınıfı","name":null,"ref":null,"operator":"REN","from":null,"to":null,"displayLabel":"REN · 400 kV · OSM 338793571","labelSource":"generated-identifier","voltageRaw":"400000","circuits":null,"cables":"3","frequency":"50","location":null,"sourceProvider":"ArcGIS OSM Europe","sourceFallback":null,"sourceLicense":"ODbL 1.0","osmTimestamp":"2024-03-01T15:45:11Z"},"geometry":{"type":"LineString","coordinates":[[-8.7630987,37.9977775],[-8.7626591,37.9972192],[-8.7625125,37.9970503]]}},{"type":"Feature","properties":{"assetId":"PT-line-way-338793576","countryCode":"PT","assetType":"line","powerType":"line","osmType":"way","osmId":"338793576","actualVoltagesKv":[400],"actualVoltageKv":400,"gridClass":"400","displayClass":"400 kV sınıfı","name":null,"ref":null,"operator":"REN","from":null,"to":null,"displayLabel":"REN · 400 kV · OSM 338793576","labelSource":"generated-identifier","voltageRaw":"400000","circuits":null,"cables":"3","frequency":"50","location":null,"sourceProvider":"ArcGIS OSM Europe","sourceFallback":null,"sourceLicense":"ODbL 1.0","osmTimestamp":"2024-03-01T15:45:11Z"},"geometry":{"type":"LineString","coordinates":[[-8.7632306,37.9969149],[-8.7630831,37.9967404],[-8.7627383,37.9963308],[-8.7626057,37.9961741],[-8.7622013,37.9953497]]}},{"type":"Feature","properties":{"assetId":"PT-line-way-338793577","countryCode":"PT","assetType":"line","powerType":"line","osmType":"way","osmId":"338793577","actualVoltagesKv":[400],"actualVoltageKv":400,"gridClass":"400","displayClass":"400 kV sınıfı","name":null,"ref":null,"operator":"REN","from":null,"to":null,"displayLabel":"REN · 400 kV · OSM 338793577","labelSource":"generated-identifier","voltageRaw":"400000","circuits":null,"cables":"3","frequency":"50","location":null,"sourceProvider":"ArcGIS OSM Europe","sourceFallback":null,"sourceLicense":"ODbL 1.0","osmTimestamp":"2024-03-01T15:45:11Z"},"geometry":{"type":"LineString","coordinates":[[-8.7610227,37.9980904],[-8.7618733,37.9976375],[-8.7620582,37.9975391],[-8.762258,37.9974327],[-8.7626591,37.9972192],[-8.7628462,37.9971196],[-8.7630437,37.9970144],[-8.7632306,37.9969149],[-8.763447,37.9967997],[-8.7636393,37.9966973],[-8.7643148,37.9963377]]}},{"type":"Feature","properties":{"assetId":"PT-line-way-338793579","countryCode":"PT","assetType":"line","powerType":"line","osmType":"way","osmId":"338793579","actualVoltagesKv":[400],"actualVoltageKv":400,"gridClass":"400","displayClass":"400 kV sınıfı","name":null,"ref":null,"operator":"REN","from":null,"to":null,"displayLabel":"REN · 400 kV · OSM 338793579","labelSource":"generated-identifier","voltageRaw":"400000","circuits":null,"cables":"3","frequency":"50","location":null,"sourceProvider":"ArcGIS OSM Europe","sourceFallback":null,"sourceLicense":"ODbL 1.0","osmTimestamp":"2024-03-01T15:45:11Z"},"geometry":{"type":"LineString","coordinates":[[-8.7622013,37.9953497],[-8.7628117,37.9960646],[-8.7629449,37.9962184],[-8.7632959,37.9966248],[-8.763447,37.9967997]]}},{"type":"Feature","properties":{"assetId":"PT-line-way-338793585","countryCode":"PT","assetType":"line","powerType":"line","osmType":"way","osmId":"338793585","actualVoltagesKv":[400],"actualVoltageKv":400,"gridClass":"400","displayClass":"400 kV sınıfı","name":null,"ref":null,"operator":"REN","from":null,"to":null,"displayLabel":"REN · 400 kV · OSM 338793585","labelSource":"generated-identifier","voltageRaw":"400000","circuits":null,"cables":"3","frequency":"50","location":null,"sourceProvider":"ArcGIS OSM Europe","sourceFallback":null,"sourceLicense":"ODbL 1.0","osmTimestamp":"2024-03-01T15:45:11Z"},"geometry":{"type":"LineString","coordinates":[[-8.7609261,37.9973168],[-8.7613558,37.997083],[-8.7615532,37.9969756],[-8.7617564,37.996865],[-8.7623455,37.9965445],[-8.7627383,37.9963308],[-8.7629449,37.9962184],[-8.7631367,37.996114],[-8.7637765,37.9957659]]}},{"type":"Feature","properties":{"assetId":"PT-line-way-338793588","countryCode":"PT","assetType":"line","powerType":"line","osmType":"way","osmId":"338793588","actualVoltagesKv":[400],"actualVoltageKv":400,"gridClass":"400","displayClass":"400 kV sınıfı","name":null,"ref":null,"operator":"REN","from":null,"to":null,"displayLabel":"REN · 400 kV · OSM 338793588","labelSource":"generated-identifier","voltageRaw":"400000","circuits":null,"cables":"3","frequency":"50","location":null,"sourceProvider":"ArcGIS OSM Europe","sourceFallback":null,"sourceLicense":"ODbL 1.0","osmTimestamp":"2024-03-01T15:45:11Z"},"geometry":{"type":"LineString","coordinates":[[-8.7635011,37.9975789],[-8.7630437,37.9970144],[-8.762896,37.996842]]}},{"type":"Feature","properties":{"assetId":"PT-line-way-338793592","countryCode":"PT","assetType":"line","powerType":"line","osmType":"way","osmId":"338793592","actualVoltagesKv":[400],"actualVoltageKv":400,"gridClass":"400","displayClass":"400 kV sınıfı","name":null,"ref":null,"operator":"REN","from":null,"to":null,"displayLabel":"REN · 400 kV · OSM 338793592","labelSource":"generated-identifier","voltageRaw":"400000","circuits":null,"cables":"3","frequency":"50","location":null,"sourceProvider":"ArcGIS OSM Europe","sourceFallback":null,"sourceLicense":"ODbL 1.0","osmTimestamp":"2024-03-01T15:45:11Z"},"geometry":{"type":"LineString","coordinates":[[-8.7608779,37.9979382],[-8.7617247,37.9974782],[-8.7619123,37.9973763],[-8.7621122,37.9972677],[-8.7625125,37.9970503],[-8.7626981,37.9969495],[-8.762896,37.996842],[-8.7630831,37.9967404],[-8.7632959,37.9966248],[-8.7634872,37.9965209],[-8.7641233,37.9961754]]}},{"type":"Feature","properties":{"assetId":"PT-line-way-399506261","countryCode":"PT","assetType":"line","powerType":"line","osmType":"way","osmId":"399506261","actualVoltagesKv":[400],"actualVoltageKv":400,"gridClass":"400","displayClass":"400 kV sınıfı","name":null,"ref":null,"operator":"REN","from":null,"to":null,"displayLabel":"REN · 400 kV · OSM 399506261","labelSource":"generated-identifier","voltageRaw":"400000","circuits":null,"cables":"3","frequency":"50","location":null,"sourceProvider":"ArcGIS OSM Europe","sourceFallback":null,"sourceLicense":"ODbL 1.0","osmTimestamp":"2024-02-29T16:01:12Z"},"geometry":{"type":"LineString","coordinates":[[-8.8582018,38.5753785],[-8.8581416,38.5748172],[-8.8580489,38.5739534],[-8.8580328,38.5738031],[-8.8578988,38.5725546],[-8.857853,38.5721273],[-8.8578299,38.5719116],[-8.8578063,38.5716918],[-8.8577836,38.5714807],[-8.8577143,38.570834],[-8.8576914,38.5706206],[-8.8576813,38.5705269]]}},{"type":"Feature","properties":{"assetId":"PT-line-way-399506264","countryCode":"PT","assetType":"line","powerType":"line","osmType":"way","osmId":"399506264","actualVoltagesKv":[400],"actualVoltageKv":400,"gridClass":"400","displayClass":"400 kV sınıfı","name":null,"ref":null,"operator":"REN","from":null,"to":null,"displayLabel":"REN · 400 kV · OSM 399506264","labelSource":"generated-identifier","voltageRaw":"400000","circuits":null,"cables":"3","frequency":"50","location":null,"sourceProvider":"ArcGIS OSM Europe","sourceFallback":null,"sourceLicense":"ODbL 1.0","osmTimestamp":"2024-02-29T16:01:12Z"},"geometry":{"type":"LineString","coordinates":[[-8.8580328,38.5738031],[-8.8588074,38.5737087]]}},{"type":"Feature","properties":{"assetId":"PT-line-way-399506266","countryCode":"PT","assetType":"line","powerType":"line","osmType":"way","osmId":"399506266","actualVoltagesKv":[400],"actualVoltageKv":400,"gridClass":"400","displayClass":"400 kV sınıfı","name":null,"ref":null,"operator":"REN","from":null,"to":null,"displayLabel":"REN · 400 kV · OSM 399506266","labelSource":"generated-identifier","voltageRaw":"400000","circuits":null,"cables":"3","frequency":"50","location":null,"sourceProvider":"ArcGIS OSM Europe","sourceFallback":null,"sourceLicense":"ODbL 1.0","osmTimestamp":"2024-02-29T16:01:12Z"},"geometry":{"type":"LineString","coordinates":[[-8.8586199,38.5718692],[-8.8578299,38.5719116]]}},{"type":"Feature","properties":{"assetId":"PT-line-way-399506267","countryCode":"PT","assetType":"line","powerType":"line","osmType":"way","osmId":"399506267","actualVoltagesKv":[400],"actualVoltageKv":400,"gridClass":"400","displayClass":"400 kV sınıfı","name":null,"ref":null,"operator":"REN","from":null,"to":null,"displayLabel":"REN · 400 kV · OSM 399506267","labelSource":"generated-identifier","voltageRaw":"400000","circuits":null,"cables":"3","frequency":"50","location":null,"sourceProvider":"ArcGIS OSM Europe","sourceFallback":null,"sourceLicense":"ODbL 1.0","osmTimestamp":"2024-02-29T16:01:12Z"},"geometry":{"type":"LineString","coordinates":[[-8.8578063,38.5716918],[-8.8565855,38.5717897]]}},{"type":"Feature","properties":{"assetId":"PT-line-way-399506268","countryCode":"PT","assetType":"line","powerType":"line","osmType":"way","osmId":"399506268","actualVoltagesKv":[400],"actualVoltageKv":400,"gridClass":"400","displayClass":"400 kV sınıfı","name":null,"ref":null,"operator":"REN","from":null,"to":null,"displayLabel":"REN · 400 kV · OSM 399506268","labelSource":"generated-identifier","voltageRaw":"400000","circuits":null,"cables":"3","frequency":"50","location":null,"sourceProvider":"ArcGIS OSM Europe","sourceFallback":null,"sourceLicense":"ODbL 1.0","osmTimestamp":"2024-02-29T16:01:12Z"},"geometry":{"type":"LineString","coordinates":[[-8.8577143,38.570834],[-8.8564888,38.5709279]]}},{"type":"Feature","properties":{"assetId":"PT-line-way-399506269","countryCode":"PT","assetType":"line","powerType":"line","osmType":"way","osmId":"399506269","actualVoltagesKv":[400],"actualVoltageKv":400,"gridClass":"400","displayClass":"400 kV sınıfı","name":null,"ref":null,"operator":"REN","from":null,"to":null,"displayLabel":"REN · 400 kV · OSM 399506269","labelSource":"generated-identifier","voltageRaw":"400000","circuits":null,"cables":"3","frequency":"50","location":null,"sourceProvider":"ArcGIS OSM Europe","sourceFallback":null,"sourceLicense":"ODbL 1.0","osmTimestamp":"2024-03-01T15:45:11Z"},"geometry":{"type":"LineString","coordinates":[[-8.85569,38.5717431],[-8.856561,38.5715713]]}},{"type":"Feature","properties":{"assetId":"PT-line-way-399506270","countryCode":"PT","assetType":"line","powerType":"line","osmType":"way","osmId":"399506270","actualVoltagesKv":[400],"actualVoltageKv":400,"gridClass":"400","displayClass":"400 kV sınıfı","name":null,"ref":null,"operator":"REN","from":null,"to":null,"displayLabel":"REN · 400 kV · OSM 399506270","labelSource":"generated-identifier","voltageRaw":"400000","circuits":null,"cables":"3","frequency":"50","location":null,"sourceProvider":"ArcGIS OSM Europe","sourceFallback":null,"sourceLicense":"ODbL 1.0","osmTimestamp":"2024-03-01T15:45:11Z"},"geometry":{"type":"LineString","coordinates":[[-8.8555888,38.5708731],[-8.8564642,38.5707087]]}},{"type":"Feature","properties":{"assetId":"PT-line-way-402330847","countryCode":"PT","assetType":"line","powerType":"line","osmType":"way","osmId":"402330847","actualVoltagesKv":[400],"actualVoltageKv":400,"gridClass":"400","displayClass":"400 kV sınıfı","name":null,"ref":null,"operator":"REN","from":null,"to":null,"displayLabel":"REN · 400 kV · OSM 402330847","labelSource":"generated-identifier","voltageRaw":"400000","circuits":null,"cables":"3","frequency":"50","location":null,"sourceProvider":"ArcGIS OSM Europe","sourceFallback":null,"sourceLicense":"ODbL 1.0","osmTimestamp":"2024-02-29T16:01:12Z"},"geometry":{"type":"LineString","coordinates":[[-8.8363904,40.0565549],[-8.836614,40.0571343]]}},{"type":"Feature","properties":{"assetId":"PT-line-way-402330848","countryCode":"PT","assetType":"line","powerType":"line","osmType":"way","osmId":"402330848","actualVoltagesKv":[400],"actualVoltageKv":400,"gridClass":"400","displayClass":"400 kV sınıfı","name":null,"ref":null,"operator":"REN","from":null,"to":null,"displayLabel":"REN · 400 kV · OSM 402330848","labelSource":"generated-identifier","voltageRaw":"400000","circuits":null,"cables":"3","frequency":"50","location":null,"sourceProvider":"ArcGIS OSM Europe","sourceFallback":null,"sourceLicense":"ODbL 1.0","osmTimestamp":"2024-02-29T16:01:12Z"},"geometry":{"type":"LineString","coordinates":[[-8.837532,40.0582871],[-8.8371813,40.0576744],[-8.8368393,40.0570595]]}},{"type":"Feature","properties":{"assetId":"PT-line-way-402330849","countryCode":"PT","assetType":"line","powerType":"line","osmType":"way","osmId":"402330849","actualVoltagesKv":[400],"actualVoltageKv":400,"gridClass":"400","displayClass":"400 kV sınıfı","name":null,"ref":null,"operator":"REN","from":null,"to":null,"displayLabel":"REN · 400 kV · OSM 402330849","labelSource":"generated-identifier","voltageRaw":"400000","circuits":null,"cables":"3","frequency":"50","location":null,"sourceProvider":"ArcGIS OSM Europe","sourceFallback":null,"sourceLicense":"ODbL 1.0","osmTimestamp":"2024-02-29T16:01:12Z"},"geometry":{"type":"LineString","coordinates":[[-8.8370814,40.0584367],[-8.8370698,40.058416],[-8.8367307,40.057824],[-8.8363888,40.0572091]]}},{"type":"Feature","properties":{"assetId":"PT-line-way-402499949","countryCode":"PT","assetType":"line","powerType":"line","osmType":"way","osmId":"402499949","actualVoltagesKv":[400],"actualVoltageKv":400,"gridClass":"400","displayClass":"400 kV sınıfı","name":null,"ref":null,"operator":"REN","from":null,"to":null,"displayLabel":"REN · 400 kV · OSM 402499949","labelSource":"generated-identifier","voltageRaw":"400000","circuits":null,"cables":"3","frequency":"50","location":null,"sourceProvider":"ArcGIS OSM Europe","sourceFallback":null,"sourceLicense":"ODbL 1.0","osmTimestamp":"2024-03-01T15:45:11Z"},"geometry":{"type":"LineString","coordinates":[[-8.7904389,39.6505987],[-8.7903927,39.6507858],[-8.7902926,39.6511916],[-8.7902346,39.6514266]]}},{"type":"Feature","properties":{"assetId":"PT-line-way-402499956","countryCode":"PT","assetType":"line","powerType":"line","osmType":"way","osmId":"402499956","actualVoltagesKv":[400],"actualVoltageKv":400,"gridClass":"400","displayClass":"400 kV sınıfı","name":null,"ref":null,"operator":"REN","from":null,"to":null,"displayLabel":"REN · 400 kV · OSM 402499956","labelSource":"generated-identifier","voltageRaw":"400000","circuits":null,"cables":"3","frequency":"50","location":null,"sourceProvider":"ArcGIS OSM Europe","sourceFallback":null,"sourceLicense":"ODbL 1.0","osmTimestamp":"2024-03-01T15:45:11Z"},"geometry":{"type":"LineString","coordinates":[[-8.7899938,39.65139],[-8.7900519,39.6511546],[-8.7901521,39.6507485],[-8.7901981,39.6505622],[-8.790218,39.6504898],[-8.7903763,39.6502595]]}},{"type":"Feature","properties":{"assetId":"PT-line-way-402499959","countryCode":"PT","assetType":"line","powerType":"line","osmType":"way","osmId":"402499959","actualVoltagesKv":[400],"actualVoltageKv":400,"gridClass":"400","displayClass":"400 kV sınıfı","name":null,"ref":null,"operator":"REN","from":null,"to":null,"displayLabel":"REN · 400 kV · OSM 402499959","labelSource":"generated-identifier","voltageRaw":"400000","circuits":null,"cables":"3","frequency":"50","location":null,"sourceProvider":"ArcGIS OSM Europe","sourceFallback":null,"sourceLicense":"ODbL 1.0","osmTimestamp":"2024-03-01T15:45:11Z"},"geometry":{"type":"LineString","coordinates":[[-8.7904754,39.6514632],[-8.7905333,39.6512285],[-8.7906333,39.6508232],[-8.7906797,39.6506353]]}},{"type":"Feature","properties":{"assetId":"PT-line-way-402499967","countryCode":"PT","assetType":"line","powerType":"line","osmType":"way","osmId":"402499967","actualVoltagesKv":[400],"actualVoltageKv":400,"gridClass":"400","displayClass":"400 kV sınıfı","name":null,"ref":null,"operator":"REN","from":null,"to":null,"displayLabel":"REN · 400 kV · OSM 402499967","labelSource":"generated-identifier","voltageRaw":"400000","circuits":null,"cables":"3","frequency":"50","location":null,"sourceProvider":"ArcGIS OSM Europe","sourceFallback":null,"sourceLicense":"ODbL 1.0","osmTimestamp":"2024-03-01T15:45:11Z"},"geometry":{"type":"LineString","coordinates":[[-8.7900537,39.6502103],[-8.7899777,39.650456],[-8.7899573,39.6505256],[-8.7899115,39.6507111],[-8.7898112,39.6511176],[-8.789753,39.6513535]]}},{"type":"Feature","properties":{"assetId":"PT-line-way-402596016","countryCode":"PT","assetType":"line","powerType":"line","osmType":"way","osmId":"402596016","actualVoltagesKv":[400],"actualVoltageKv":400,"gridClass":"400","displayClass":"400 kV sınıfı","name":null,"ref":null,"operator":"REN","from":null,"to":null,"displayLabel":"REN · 400 kV · OSM 402596016","labelSource":"generated-identifier","voltageRaw":"400000","circuits":null,"cables":"3","frequency":"50","location":null,"sourceProvider":"ArcGIS OSM Europe","sourceFallback":null,"sourceLicense":"ODbL 1.0","osmTimestamp":"2024-02-29T16:01:12Z"},"geometry":{"type":"LineString","coordinates":[[-8.4536815,41.1580536],[-8.454212,41.1581252]]}},{"type":"Feature","properties":{"assetId":"PT-line-way-402596023","countryCode":"PT","assetType":"line","powerType":"line","osmType":"way","osmId":"402596023","actualVoltagesKv":[400],"actualVoltageKv":400,"gridClass":"400","displayClass":"400 kV sınıfı","name":null,"ref":null,"operator":"REN","from":null,"to":null,"displayLabel":"REN · 400 kV · OSM 402596023","labelSource":"generated-identifier","voltageRaw":"400000","circuits":null,"cables":"3","frequency":"50","location":null,"sourceProvider":"ArcGIS OSM Europe","sourceFallback":null,"sourceLicense":"ODbL 1.0","osmTimestamp":"2024-02-29T16:01:12Z"},"geometry":{"type":"LineString","coordinates":[[-8.4538261,41.1574972],[-8.454348,41.1575735]]}},{"type":"Feature","properties":{"assetId":"PT-line-way-402596049","countryCode":"PT","assetType":"line","powerType":"line","osmType":"way","osmId":"402596049","actualVoltagesKv":[400],"actualVoltageKv":400,"gridClass":"400","displayClass":"400 kV sınıfı","name":null,"ref":null,"operator":"REN","from":null,"to":null,"displayLabel":"REN · 400 kV · OSM 402596049","labelSource":"generated-identifier","voltageRaw":"400000","circuits":null,"cables":"3","frequency":"50","location":null,"sourceProvider":"ArcGIS OSM Europe","sourceFallback":null,"sourceLicense":"ODbL 1.0","osmTimestamp":"2024-02-29T16:01:12Z"},"geometry":{"type":"LineString","coordinates":[[-8.4529992,41.155845],[-8.4542112,41.1560152],[-8.4540176,41.1567601],[-8.4538261,41.1574972],[-8.4537253,41.1578684],[-8.4536815,41.1580536],[-8.4536328,41.1582409],[-8.4524436,41.158069]]}},{"type":"Feature","properties":{"assetId":"PT-line-way-402911916","countryCode":"PT","assetType":"line","powerType":"line","osmType":"way","osmId":"402911916","actualVoltagesKv":[400],"actualVoltageKv":400,"gridClass":"400","displayClass":"400 kV sınıfı","name":null,"ref":null,"operator":"REN","from":null,"to":null,"displayLabel":"REN · 400 kV · OSM 402911916","labelSource":"generated-identifier","voltageRaw":"400000","circuits":null,"cables":"3","frequency":"50","location":null,"sourceProvider":"ArcGIS OSM Europe","sourceFallback":null,"sourceLicense":"ODbL 1.0","osmTimestamp":"2024-02-29T16:01:12Z"},"geometry":{"type":"LineString","coordinates":[[-9.1361558,38.8896104],[-9.1360977,38.8894262],[-9.1359441,38.8889386]]}},{"type":"Feature","properties":{"assetId":"PT-line-way-402911920","countryCode":"PT","assetType":"line","powerType":"line","osmType":"way","osmId":"402911920","actualVoltagesKv":[400],"actualVoltageKv":400,"gridClass":"400","displayClass":"400 kV sınıfı","name":null,"ref":null,"operator":"REN","from":null,"to":null,"displayLabel":"REN · 400 kV · OSM 402911920","labelSource":"generated-identifier","voltageRaw":"400000","circuits":null,"cables":"3","frequency":"50","location":null,"sourceProvider":"ArcGIS OSM Europe","sourceFallback":null,"sourceLicense":"ODbL 1.0","osmTimestamp":"2023-12-14T23:27:24Z"},"geometry":{"type":"LineString","coordinates":[[-9.1384493,38.8891675],[-9.1383906,38.8889833],[-9.138236,38.8884973]]}},{"type":"Feature","properties":{"assetId":"PT-line-way-402911922","countryCode":"PT","assetType":"line","powerType":"line","osmType":"way","osmId":"402911922","actualVoltagesKv":[400],"actualVoltageKv":400,"gridClass":"400","displayClass":"400 kV sınıfı","name":null,"ref":null,"operator":"REN","from":null,"to":null,"displayLabel":"REN · 400 kV · OSM 402911922","labelSource":"generated-identifier","voltageRaw":"400000","circuits":null,"cables":"3","frequency":"50","location":null,"sourceProvider":"ArcGIS OSM Europe","sourceFallback":null,"sourceLicense":"ODbL 1.0","osmTimestamp":"2023-12-14T23:27:24Z"},"geometry":{"type":"LineString","coordinates":[[-9.1376779,38.889121],[-9.1377366,38.8893051],[-9.137898,38.8898111],[-9.1379539,38.8899864]]}},{"type":"Feature","properties":{"assetId":"PT-line-way-402911924","countryCode":"PT","assetType":"line","powerType":"line","osmType":"way","osmId":"402911924","actualVoltagesKv":[400],"actualVoltageKv":400,"gridClass":"400","displayClass":"400 kV sınıfı","name":null,"ref":null,"operator":"REN","from":null,"to":null,"displayLabel":"REN · 400 kV · OSM 402911924","labelSource":"generated-identifier","voltageRaw":"400000","circuits":null,"cables":"3","frequency":"50","location":null,"sourceProvider":"ArcGIS OSM Europe","sourceFallback":null,"sourceLicense":"ODbL 1.0","osmTimestamp":"2024-02-29T16:01:12Z"},"geometry":{"type":"LineString","coordinates":[[-9.1379004,38.890435],[-9.1377153,38.8900325]]}},{"type":"Feature","properties":{"assetId":"PT-line-way-402911956","countryCode":"PT","assetType":"line","powerType":"line","osmType":"way","osmId":"402911956","actualVoltagesKv":[400],"actualVoltageKv":400,"gridClass":"400","displayClass":"400 kV sınıfı","name":null,"ref":null,"operator":"REN","from":null,"to":null,"displayLabel":"REN · 400 kV · OSM 402911956","labelSource":"generated-identifier","voltageRaw":"400000","circuits":null,"cables":"3","frequency":"50","location":null,"sourceProvider":"ArcGIS OSM Europe","sourceFallback":null,"sourceLicense":"ODbL 1.0","osmTimestamp":"2023-12-14T23:27:24Z"},"geometry":{"type":"LineString","coordinates":[[-9.1389169,38.8890771],[-9.1386813,38.8891226],[-9.1384493,38.8891675],[-9.1382123,38.8892132],[-9.1379729,38.8892595],[-9.1377366,38.8893051],[-9.1374988,38.889351],[-9.1370264,38.8894423],[-9.136801,38.8894858],[-9.1363959,38.889564],[-9.1361558,38.8896104],[-9.1359211,38.8896557],[-9.1356917,38.8897],[-9.1358357,38.8901517],[-9.1355993,38.8901973],[-9.1353966,38.8895616],[-9.1358624,38.8894716],[-9.1360977,38.8894262],[-9.1363372,38.8893799],[-9.1367423,38.8893017],[-9.136969,38.8892579],[-9.1374403,38.8891669],[-9.1376779,38.889121],[-9.1379142,38.8890753],[-9.1381536,38.8890291],[-9.1383906,38.8889833],[-9.1386226,38.8889385],[-9.1388582,38.888893]]}},{"type":"Feature","properties":{"assetId":"PT-line-way-403455381","countryCode":"PT","assetType":"line","powerType":"line","osmType":"way","osmId":"403455381","actualVoltagesKv":[400],"actualVoltageKv":400,"gridClass":"400","displayClass":"400 kV sınıfı","name":null,"ref":null,"operator":"REN","from":null,"to":null,"displayLabel":"REN · 400 kV · OSM 403455381","labelSource":"generated-identifier","voltageRaw":"400000","circuits":null,"cables":"3","frequency":"50","location":null,"sourceProvider":"ArcGIS OSM Europe","sourceFallback":null,"sourceLicense":"ODbL 1.0","osmTimestamp":"2024-03-02T22:02:01Z"},"geometry":{"type":"LineString","coordinates":[[-8.4792526,40.4688084],[-8.4809213,40.4692971]]}},{"type":"Feature","properties":{"assetId":"PT-line-way-403455383","countryCode":"PT","assetType":"line","powerType":"line","osmType":"way","osmId":"403455383","actualVoltagesKv":[400],"actualVoltageKv":400,"gridClass":"400","displayClass":"400 kV sınıfı","name":null,"ref":null,"operator":"REN","from":null,"to":null,"displayLabel":"REN · 400 kV · OSM 403455383","labelSource":"generated-identifier","voltageRaw":"400000","circuits":null,"cables":"3","frequency":"50","location":null,"sourceProvider":"ArcGIS OSM Europe","sourceFallback":null,"sourceLicense":"ODbL 1.0","osmTimestamp":"2024-03-02T02:04:55Z"},"geometry":{"type":"LineString","coordinates":[[-8.4822443,40.4696614],[-8.4810243,40.4691246]]}},{"type":"Feature","properties":{"assetId":"PT-line-way-403642696","countryCode":"PT","assetType":"line","powerType":"line","osmType":"way","osmId":"403642696","actualVoltagesKv":[400],"actualVoltageKv":400,"gridClass":"400","displayClass":"400 kV sınıfı","name":null,"ref":null,"operator":"REN","from":null,"to":null,"displayLabel":"REN · 400 kV · OSM 403642696","labelSource":"generated-identifier","voltageRaw":"400000","circuits":null,"cables":"3","frequency":"50","location":null,"sourceProvider":"ArcGIS OSM Europe","sourceFallback":null,"sourceLicense":"ODbL 1.0","osmTimestamp":"2024-03-01T15:45:11Z"},"geometry":{"type":"LineString","coordinates":[[-8.7895564,39.6506559],[-8.7899115,39.6507111],[-8.7901521,39.6507485],[-8.7903927,39.6507858],[-8.7906333,39.6508232],[-8.7907578,39.6508425]]}},{"type":"Feature","properties":{"assetId":"PT-line-way-403642698","countryCode":"PT","assetType":"line","powerType":"line","osmType":"way","osmId":"403642698","actualVoltagesKv":[400],"actualVoltageKv":400,"gridClass":"400","displayClass":"400 kV sınıfı","name":null,"ref":null,"operator":"REN","from":null,"to":null,"displayLabel":"REN · 400 kV · OSM 403642698","labelSource":"generated-identifier","voltageRaw":"400000","circuits":null,"cables":"3","frequency":"50","location":null,"sourceProvider":"ArcGIS OSM Europe","sourceFallback":null,"sourceLicense":"ODbL 1.0","osmTimestamp":"2024-03-01T15:45:11Z"},"geometry":{"type":"LineString","coordinates":[[-8.790656,39.6512474],[-8.7905333,39.6512285],[-8.7902926,39.6511916],[-8.7900519,39.6511546],[-8.7898112,39.6511176],[-8.7894555,39.6510629]]}},{"type":"Feature","properties":{"assetId":"PT-line-way-502495586","countryCode":"PT","assetType":"line","powerType":"line","osmType":"way","osmId":"502495586","actualVoltagesKv":[150,400],"actualVoltageKv":400,"gridClass":"400","displayClass":"400 kV sınıfı","name":null,"ref":null,"operator":"REN","from":null,"to":null,"displayLabel":"REN · 400 kV · OSM 502495586","labelSource":"generated-identifier","voltageRaw":"400000;150000","circuits":null,"cables":"6","frequency":"50","location":null,"sourceProvider":"ArcGIS OSM Europe","sourceFallback":null,"sourceLicense":"ODbL 1.0","osmTimestamp":"2024-03-01T15:45:11Z"},"geometry":{"type":"LineString","coordinates":[[-7.7568479,39.53346],[-7.75771,39.5389811],[-7.7556482,39.541859],[-7.7535335,39.5447517],[-7.7506575,39.5489675],[-7.7484637,39.5520047],[-7.7487192,39.5547466],[-7.7490581,39.5588987],[-7.7494092,39.5624765],[-7.7496668,39.5657225],[-7.7499978,39.5692969],[-7.7504101,39.5733319],[-7.7503071,39.5771558],[-7.7502057,39.5804002],[-7.7499404,39.5857224],[-7.7523126,39.5907494],[-7.7546118,39.594665],[-7.7564064,39.5980952],[-7.758119,39.6013207],[-7.7602752,39.6053414],[-7.7620088,39.6087753],[-7.7630492,39.6107547],[-7.7636706,39.6143535],[-7.7642363,39.6182967],[-7.7648996,39.6227622],[-7.7655812,39.6277103],[-7.7661469,39.6311718],[-7.7666828,39.6351482],[-7.7658231,39.6393351],[-7.7655265,39.6410986],[-7.7648125,39.6440369],[-7.7633469,39.6507791],[-7.7626356,39.6539588],[-7.7611724,39.6560013],[-7.7591983,39.6585873],[-7.7576574,39.6605787],[-7.7544583,39.6629035],[-7.7534946,39.6635592],[-7.7513269,39.6650339],[-7.7475761,39.6677896],[-7.744775,39.6697686],[-7.7414861,39.672072],[-7.7373,39.6750959],[-7.7344287,39.6771407],[-7.7310381,39.6785791],[-7.7277508,39.6799405],[-7.7215812,39.6831791],[-7.7187292,39.6858452],[-7.717373,39.6911332],[-7.7174535,39.6934826],[-7.7174339,39.6963616],[-7.7200987,39.6992643],[-7.723091,39.702503],[-7.7264904,39.7062504],[-7.7273981,39.7109611],[-7.7254824,39.7138454],[-7.7195655,39.7162175],[-7.7155507,39.7167395],[-7.7113322,39.7151791],[-7.7079062,39.7125936],[-7.7031185,39.7120065],[-7.6980527,39.7139109],[-7.6930897,39.7195305],[-7.6921158,39.7231806],[-7.6912484,39.7263902],[-7.6889505,39.7299608],[-7.6869581,39.7330035],[-7.6833202,39.7345153],[-7.6785253,39.7365248],[-7.6744265,39.738245],[-7.6705444,39.7402689],[-7.6667678,39.7422622],[-7.6616659,39.7449258],[-7.6562622,39.747741],[-7.6528321,39.7492598],[-7.6483887,39.7511517],[-7.6445452,39.7527993],[-7.6414724,39.7541166],[-7.637183,39.7559635],[-7.6335278,39.7575301],[-7.6298939,39.7590908],[-7.6260613,39.760736],[-7.6220626,39.7624454],[-7.6180158,39.7641762],[-7.6130779,39.7658689],[-7.6073688,39.7678228],[-7.6028897,39.7693583],[-7.5969973,39.7713846],[-7.5907253,39.7730767],[-7.5850999,39.7745551],[-7.5808174,39.775724],[-7.5765353,39.7773533],[-7.5720123,39.7790918],[-7.5683688,39.7813947],[-7.5654361,39.7832024],[-7.5623062,39.7870173],[-7.5592013,39.7908264],[-7.5571081,39.7934075],[-7.5561021,39.7964699],[-7.5549092,39.800058],[-7.5536647,39.8037748],[-7.5525199,39.8072892],[-7.5514888,39.8103651],[-7.5517265,39.8130369],[-7.5520831,39.8163534],[-7.552448,39.82039],[-7.5527805,39.8237231]]}},{"type":"Feature","properties":{"assetId":"PT-line-way-531352772","countryCode":"PT","assetType":"line","powerType":"line","osmType":"way","osmId":"531352772","actualVoltagesKv":[150,400],"actualVoltageKv":400,"gridClass":"400","displayClass":"400 kV sınıfı","name":null,"ref":null,"operator":"REN","from":null,"to":null,"displayLabel":"REN · 400 kV · OSM 531352772","labelSource":"generated-identifier","voltageRaw":"400000;150000","circuits":null,"cables":"6","frequency":"50","location":null,"sourceProvider":"ArcGIS OSM Europe","sourceFallback":null,"sourceLicense":"ODbL 1.0","osmTimestamp":"2024-02-29T16:01:12Z"},"geometry":{"type":"LineString","coordinates":[[-8.227314,41.6466488],[-8.224723,41.643526],[-8.2205737,41.6409564],[-8.2138574,41.63901],[-8.2079405,41.6381921],[-8.2048371,41.6379576],[-8.201184,41.6379095],[-8.1976295,41.6385826],[-8.1958491,41.6389198],[-8.1905678,41.6398419],[-8.1862012,41.6423114],[-8.1810916,41.6429167],[-8.1764138,41.6445723],[-8.1732541,41.6456867],[-8.168233,41.6483885],[-8.1666452,41.6493466],[-8.1644028,41.6505411],[-8.1594139,41.6541164],[-8.1576973,41.6556435],[-8.1532449,41.6596995],[-8.1504715,41.6632423],[-8.1477195,41.6655787],[-8.1456703,41.6673098],[-8.1433743,41.6692734],[-8.1368512,41.6708722],[-8.1290031,41.6729198],[-8.1260955,41.6736771],[-8.118934,41.6737332],[-8.1128776,41.6737292],[-8.1046969,41.6742662],[-8.0995578,41.6746548],[-8.0946279,41.6755564],[-8.0921871,41.6765541],[-8.0889523,41.6776599],[-8.0835208,41.6797073],[-8.0789557,41.6814481],[-8.0748604,41.6829158],[-8.0723243,41.6844388],[-8.0612053,41.6848258],[-8.0583812,41.6849644],[-8.0556678,41.6850608],[-8.0527267,41.6854996],[-8.0496908,41.6859529],[-8.0477275,41.6862842],[-8.0436241,41.6868926]]}},{"type":"Feature","properties":{"assetId":"PT-line-way-531352773","countryCode":"PT","assetType":"line","powerType":"line","osmType":"way","osmId":"531352773","actualVoltagesKv":[150,400],"actualVoltageKv":400,"gridClass":"400","displayClass":"400 kV sınıfı","name":null,"ref":null,"operator":"REN","from":null,"to":null,"displayLabel":"REN · 400 kV · OSM 531352773","labelSource":"generated-identifier","voltageRaw":"400000;150000","circuits":null,"cables":"6","frequency":"50","location":null,"sourceProvider":"ArcGIS OSM Europe","sourceFallback":null,"sourceLicense":"ODbL 1.0","osmTimestamp":"2024-02-29T16:01:12Z"},"geometry":{"type":"LineString","coordinates":[[-8.0434727,41.6864368],[-8.0473544,41.685856],[-8.049485,41.6855323],[-8.0556427,41.6846141],[-8.0608817,41.6844614],[-8.0691871,41.6813019],[-8.074066,41.6809253],[-8.0787841,41.6805847],[-8.0836952,41.6788959],[-8.0908057,41.6763557],[-8.0954915,41.674741],[-8.1003276,41.6739416],[-8.1043294,41.6736531],[-8.1128803,41.6730701],[-8.1187865,41.6730581],[-8.1256396,41.672988],[-8.12951,41.6720704],[-8.13676,41.6700127],[-8.1435138,41.6684098],[-8.1461209,41.6656829],[-8.1484598,41.6634627],[-8.1524617,41.659463],[-8.1568444,41.6552547],[-8.1594247,41.6533669],[-8.1639361,41.6501763],[-8.166334,41.6487774],[-8.1679595,41.6478313],[-8.172074,41.6455424],[-8.1757218,41.6442236],[-8.1803781,41.6427403],[-8.1832051,41.6424637],[-8.1864104,41.6416258],[-8.1901038,41.6393928],[-8.1959429,41.6384828],[-8.2011169,41.6373582],[-8.205682,41.6373201],[-8.213895,41.6384226],[-8.2214642,41.6403911],[-8.2247311,41.6426842],[-8.227097,41.6454466]]}},{"type":"Feature","properties":{"assetId":"PT-line-way-531352798","countryCode":"PT","assetType":"line","powerType":"line","osmType":"way","osmId":"531352798","actualVoltagesKv":[400],"actualVoltageKv":400,"gridClass":"400","displayClass":"400 kV sınıfı","name":null,"ref":null,"operator":"REN","from":null,"to":null,"displayLabel":"REN · 400 kV · OSM 531352798","labelSource":"generated-identifier","voltageRaw":"400000","circuits":null,"cables":"3","frequency":"50","location":null,"sourceProvider":"ArcGIS OSM Europe","sourceFallback":null,"sourceLicense":"ODbL 1.0","osmTimestamp":"2024-02-29T16:01:12Z"},"geometry":{"type":"LineString","coordinates":[[-8.0293538,41.6703476],[-8.0288748,41.6699486],[-8.0284416,41.6705246],[-8.0302186,41.6725742]]}},{"type":"Feature","properties":{"assetId":"PT-line-way-531352799","countryCode":"PT","assetType":"line","powerType":"line","osmType":"way","osmId":"531352799","actualVoltagesKv":[400],"actualVoltageKv":400,"gridClass":"400","displayClass":"400 kV sınıfı","name":null,"ref":null,"operator":"REN","from":null,"to":null,"displayLabel":"REN · 400 kV · OSM 531352799","labelSource":"generated-identifier","voltageRaw":"400000","circuits":null,"cables":"3","frequency":"50","location":null,"sourceProvider":"ArcGIS OSM Europe","sourceFallback":null,"sourceLicense":"ODbL 1.0","osmTimestamp":"2024-02-29T16:01:12Z"},"geometry":{"type":"LineString","coordinates":[[-8.0270958,41.6938137],[-8.0262147,41.6931423],[-8.0274847,41.6906687],[-8.0323859,41.6874645],[-8.0339429,41.6840842],[-8.0329746,41.6816504],[-8.0312043,41.6767283],[-8.0296782,41.6727055],[-8.0277295,41.6704455],[-8.0288748,41.6699486],[-8.0295472,41.6702258]]}},{"type":"Feature","properties":{"assetId":"PT-line-way-531352801","countryCode":"PT","assetType":"line","powerType":"line","osmType":"way","osmId":"531352801","actualVoltagesKv":[400],"actualVoltageKv":400,"gridClass":"400","displayClass":"400 kV sınıfı","name":"Vieira do Minho - Pedralva 2","ref":null,"operator":"REN","from":null,"to":null,"displayLabel":"Vieira do Minho - Pedralva 2","labelSource":"osm-name","voltageRaw":"400000","circuits":null,"cables":"3","frequency":"50","location":null,"sourceProvider":"ArcGIS OSM Europe","sourceFallback":null,"sourceLicense":"ODbL 1.0","osmTimestamp":"2024-03-02T22:02:01Z"},"geometry":{"type":"LineString","coordinates":[[-8.0346015,41.6839911],[-8.0359733,41.6857389],[-8.0379233,41.68647],[-8.0405196,41.6863438],[-8.0434727,41.6864368]]}},{"type":"Feature","properties":{"assetId":"PT-line-way-531352802","countryCode":"PT","assetType":"line","powerType":"line","osmType":"way","osmId":"531352802","actualVoltagesKv":[400],"actualVoltageKv":400,"gridClass":"400","displayClass":"400 kV sınıfı","name":"Salamonde - Vieira do Minho","ref":null,"operator":"REN","from":null,"to":null,"displayLabel":"Salamonde - Vieira do Minho","labelSource":"osm-name","voltageRaw":"400000","circuits":null,"cables":"3","frequency":"50","location":null,"sourceProvider":"ArcGIS OSM Europe","sourceFallback":null,"sourceLicense":"ODbL 1.0","osmTimestamp":"2024-03-02T22:02:01Z"},"geometry":{"type":"LineString","coordinates":[[-8.0906327,41.6897259],[-8.0896725,41.6901976],[-8.087972,41.6904549],[-8.0864659,41.6901815],[-8.0821288,41.6890719],[-8.079114,41.6883027],[-8.0754903,41.6868265],[-8.071931,41.6852601],[-8.0603948,41.6856507],[-8.0557546,41.685817],[-8.0535981,41.6863778],[-8.0441058,41.689158],[-8.0398732,41.6880403],[-8.037207,41.6868387]]}},{"type":"Feature","properties":{"assetId":"PT-line-way-542145784","countryCode":"PT","assetType":"line","powerType":"line","osmType":"way","osmId":"542145784","actualVoltagesKv":[400],"actualVoltageKv":400,"gridClass":"400","displayClass":"400 kV sınıfı","name":"Moimenta - Armamar","ref":null,"operator":"REN","from":null,"to":null,"displayLabel":"Moimenta - Armamar","labelSource":"osm-name","voltageRaw":"400000","circuits":null,"cables":"3","frequency":"50","location":null,"sourceProvider":"ArcGIS OSM Europe","sourceFallback":null,"sourceLicense":"ODbL 1.0","osmTimestamp":"2024-03-02T22:02:01Z"},"geometry":{"type":"LineString","coordinates":[[-7.6883596,40.9743358],[-7.6881369,40.9749059],[-7.6890584,40.9784],[-7.6895602,40.9817548],[-7.6887922,40.98378],[-7.6874611,40.9871538],[-7.6862017,40.9905506],[-7.6844559,40.9947549],[-7.6817221,40.9966792],[-7.6786862,40.9989164],[-7.6754506,41.0011574],[-7.6720717,41.0036263],[-7.670802,41.0057705],[-7.6689436,41.0089617],[-7.6677969,41.0124656],[-7.667633,41.0147679],[-7.6673617,41.0173521],[-7.6672388,41.0207474],[-7.6668062,41.0243028],[-7.6665886,41.0272555],[-7.6662866,41.0306078],[-7.665534,41.0338789],[-7.6650232,41.036822],[-7.6649657,41.0371536],[-7.6645933,41.039007],[-7.6642285,41.040822],[-7.6635323,41.0443049],[-7.6630613,41.0467876],[-7.6622524,41.050664],[-7.6617353,41.0535904],[-7.6606602,41.056011],[-7.6598001,41.0580107],[-7.6594827,41.0615274],[-7.6591499,41.0643144],[-7.6568871,41.0672016],[-7.6549211,41.0695677],[-7.652561,41.0725049],[-7.6511583,41.0743034],[-7.6511941,41.0767271],[-7.6513374,41.0800344],[-7.6514808,41.0826354],[-7.6522743,41.0848889],[-7.6544399,41.0866331],[-7.6566106,41.0878563],[-7.6589937,41.0892037],[-7.6630715,41.0912673],[-7.6639674,41.0926756],[-7.6635271,41.0951024],[-7.6617967,41.0982622]]}},{"type":"Feature","properties":{"assetId":"PT-line-way-543076234","countryCode":"PT","assetType":"line","powerType":"line","osmType":"way","osmId":"543076234","actualVoltagesKv":[400],"actualVoltageKv":400,"gridClass":"400","displayClass":"400 kV sınıfı","name":null,"ref":null,"operator":"REN","from":null,"to":null,"displayLabel":"REN · 400 kV · OSM 543076234","labelSource":"generated-identifier","voltageRaw":"400000","circuits":null,"cables":"6","frequency":"50","location":null,"sourceProvider":"ArcGIS OSM Europe","sourceFallback":null,"sourceLicense":"ODbL 1.0","osmTimestamp":"2024-03-02T22:02:01Z"},"geometry":{"type":"LineString","coordinates":[[-8.6311233,38.5594502],[-8.6294174,38.5617909],[-8.6270893,38.5649452],[-8.6245358,38.5680155],[-8.6225939,38.5705152],[-8.6207163,38.5728806],[-8.6188603,38.575246],[-8.6176479,38.5766803],[-8.615073,38.5800772],[-8.6120474,38.5824842],[-8.6093009,38.5846816],[-8.6066186,38.5868117],[-8.6039847,38.5888034],[-8.6017907,38.5905519],[-8.5998219,38.592162],[-8.5973382,38.5942249],[-8.5947633,38.5961745],[-8.594023,38.599256],[-8.5941786,38.6024086],[-8.5942107,38.6056534],[-8.5943985,38.6091327],[-8.5944682,38.6123268],[-8.594597,38.6157555],[-8.5946989,38.6191338],[-8.5948759,38.6226879],[-8.5949832,38.625236],[-8.5950696,38.6282443],[-8.593661,38.6323578],[-8.5911129,38.6347747],[-8.5881738,38.6375627],[-8.5881062,38.6385318],[-8.5896091,38.6401412],[-8.5944723,38.6422329],[-8.5994053,38.6443545],[-8.6036084,38.648242]]}},{"type":"Feature","properties":{"assetId":"PT-line-way-591811117","countryCode":"PT","assetType":"line","powerType":"line","osmType":"way","osmId":"591811117","actualVoltagesKv":[400],"actualVoltageKv":400,"gridClass":"400","displayClass":"400 kV sınıfı","name":"Vermoim / Recarei - Vila Nova de Famalicão","ref":null,"operator":"REN","from":null,"to":null,"displayLabel":"Vermoim / Recarei - Vila Nova de Famalicão","labelSource":"osm-name","voltageRaw":"400000","circuits":null,"cables":"6","frequency":"50","location":null,"sourceProvider":"ArcGIS OSM Europe","sourceFallback":null,"sourceLicense":"ODbL 1.0","osmTimestamp":"2024-03-02T22:02:01Z"},"geometry":{"type":"LineString","coordinates":[[-8.4735114,41.2184162],[-8.4738225,41.2197659],[-8.4725764,41.2249141],[-8.4717911,41.2278995],[-8.4734944,41.2325502],[-8.4735376,41.2354185],[-8.4737105,41.2394423],[-8.4738154,41.2437535],[-8.4718466,41.2463057],[-8.4682612,41.2484253],[-8.4621694,41.2520028],[-8.4586205,41.2562688],[-8.4587662,41.2604209],[-8.4623608,41.26473],[-8.4680881,41.2667479],[-8.4726997,41.2703482],[-8.4763458,41.2714748],[-8.4812028,41.2729498],[-8.4850786,41.2741048],[-8.4896581,41.2764472],[-8.4935647,41.2799953],[-8.4948916,41.2836963],[-8.4965394,41.2880231],[-8.4977182,41.2913759],[-8.499187,41.2955399],[-8.5005325,41.2990777],[-8.5030567,41.3019848],[-8.5079877,41.3037837],[-8.513641,41.3057958],[-8.5189734,41.3084754],[-8.5255431,41.3091082],[-8.5289375,41.3082483],[-8.533091,41.3081324],[-8.5398378,41.3079841],[-8.5473407,41.3078018],[-8.5548026,41.3084047],[-8.5649223,41.3079757],[-8.5696558,41.3077418],[-8.5755811,41.307328],[-8.5792226,41.3070672],[-8.5833761,41.3081889],[-8.5881032,41.311582],[-8.5931553,41.3150359],[-8.5957248,41.3171794],[-8.597141,41.3203555],[-8.5985451,41.3234167],[-8.5999165,41.3266647],[-8.6037229,41.3305312],[-8.6100405,41.3329356],[-8.6116067,41.3352389],[-8.6110441,41.3390964],[-8.6147358,41.3444017],[-8.6180127,41.3464616],[-8.6198675,41.3489828],[-8.6192385,41.3532285],[-8.616913,41.3558834],[-8.6141855,41.3574294]]}},{"type":"Feature","properties":{"assetId":"PT-line-way-683735401","countryCode":"PT","assetType":"line","powerType":"line","osmType":"way","osmId":"683735401","actualVoltagesKv":[400],"actualVoltageKv":400,"gridClass":"400","displayClass":"400 kV sınıfı","name":null,"ref":null,"operator":"REN","from":null,"to":null,"displayLabel":"REN · 400 kV · OSM 683735401","labelSource":"generated-identifier","voltageRaw":"400000","circuits":null,"cables":"6","frequency":null,"location":null,"sourceProvider":"ArcGIS OSM Europe","sourceFallback":null,"sourceLicense":"ODbL 1.0","osmTimestamp":"2024-03-02T22:02:01Z"},"geometry":{"type":"LineString","coordinates":[[-8.4514707,41.1571676],[-8.4488985,41.1576412],[-8.4433116,41.1602131],[-8.4375979,41.1599543],[-8.4342923,41.1607698],[-8.4288223,41.1606482],[-8.4246809,41.1623682],[-8.4202781,41.1627678],[-8.4165343,41.1631491],[-8.4106871,41.1636316],[-8.4040894,41.1630517],[-8.3995042,41.1644457],[-8.3953464,41.1662403],[-8.3886283,41.1680656],[-8.3856209,41.1701701],[-8.3804384,41.1728866],[-8.3790069,41.1756941],[-8.3778577,41.1789638],[-8.3762807,41.1822965],[-8.3740431,41.1834886],[-8.3708771,41.183496],[-8.3671742,41.1847053],[-8.3646898,41.1869711],[-8.3624512,41.1892112],[-8.3590749,41.1924873],[-8.3569865,41.1947957]]}},{"type":"Feature","properties":{"assetId":"PT-line-way-690953966","countryCode":"PT","assetType":"line","powerType":"line","osmType":"way","osmId":"690953966","actualVoltagesKv":[400],"actualVoltageKv":400,"gridClass":"400","displayClass":"400 kV sınıfı","name":"Armamar - Recarei","ref":null,"operator":"REN","from":null,"to":null,"displayLabel":"Armamar - Recarei","labelSource":"osm-name","voltageRaw":"400000","circuits":null,"cables":"3","frequency":"50","location":null,"sourceProvider":"ArcGIS OSM Europe","sourceFallback":null,"sourceLicense":"ODbL 1.0","osmTimestamp":"2024-03-04T15:14:48Z"},"geometry":{"type":"LineString","coordinates":[[-7.7563062,41.1377333],[-7.7575937,41.1369045],[-7.7582917,41.1364239],[-7.7585473,41.1351484],[-7.7576268,41.1336121],[-7.7555312,41.1309701],[-7.7545373,41.1282534],[-7.7532974,41.1256099],[-7.7537091,41.1221625],[-7.7603215,41.1155328],[-7.7635647,41.1137148],[-7.7675835,41.1123628],[-7.7772341,41.1139122],[-7.7790936,41.1141109],[-7.7849614,41.1151924],[-7.7903104,41.1171724],[-7.7989655,41.1175762],[-7.8019621,41.1188189],[-7.806261,41.1227071],[-7.8081511,41.1233882],[-7.8139183,41.1233213],[-7.8186511,41.1229264],[-7.8215414,41.1240794],[-7.8240909,41.1280099],[-7.8266166,41.1314299]]}},{"type":"Feature","properties":{"assetId":"PT-line-way-692517782","countryCode":"PT","assetType":"line","powerType":"line","osmType":"way","osmId":"692517782","actualVoltagesKv":[150,400],"actualVoltageKv":400,"gridClass":"400","displayClass":"400 kV sınıfı","name":null,"ref":null,"operator":"REN","from":null,"to":null,"displayLabel":"REN · 400 kV · OSM 692517782","labelSource":"generated-identifier","voltageRaw":"400000;150000","circuits":null,"cables":"6","frequency":"50","location":null,"sourceProvider":"ArcGIS OSM Europe","sourceFallback":null,"sourceLicense":"ODbL 1.0","osmTimestamp":"2024-03-02T22:02:01Z"},"geometry":{"type":"LineString","coordinates":[[-8.2340062,41.6461137],[-8.2371712,41.6413372],[-8.2442844,41.6382663],[-8.2478678,41.635957],[-8.251344,41.6337378],[-8.2551742,41.6313081],[-8.2571488,41.6304573],[-8.2654336,41.6268874],[-8.2682499,41.6249306],[-8.2723215,41.6196232],[-8.2745799,41.6149149],[-8.2786515,41.6079903],[-8.2805373,41.604955],[-8.2865238,41.5953183],[-8.2937524,41.5923575],[-8.297081,41.5914388],[-8.2998168,41.5892281],[-8.3001429,41.585453],[-8.30032,41.5824381],[-8.3007439,41.5789319],[-8.3031731,41.5752196],[-8.3083863,41.5734551],[-8.3114469,41.5705487]]}},{"type":"Feature","properties":{"assetId":"PT-line-way-692517783","countryCode":"PT","assetType":"line","powerType":"line","osmType":"way","osmId":"692517783","actualVoltagesKv":[400],"actualVoltageKv":400,"gridClass":"400","displayClass":"400 kV sınıfı","name":null,"ref":null,"operator":"REN","from":null,"to":null,"displayLabel":"REN · 400 kV · OSM 692517783","labelSource":"generated-identifier","voltageRaw":"400000","circuits":null,"cables":"6","frequency":"50","location":null,"sourceProvider":"ArcGIS OSM Europe","sourceFallback":null,"sourceLicense":"ODbL 1.0","osmTimestamp":"2024-03-02T02:04:55Z"},"geometry":{"type":"LineString","coordinates":[[-8.3239836,41.5756957],[-8.3255319,41.5738527],[-8.3272145,41.5733322],[-8.3288329,41.57341]]}},{"type":"Feature","properties":{"assetId":"PT-line-way-749660301","countryCode":"PT","assetType":"line","powerType":"line","osmType":"way","osmId":"749660301","actualVoltagesKv":[400],"actualVoltageKv":400,"gridClass":"400","displayClass":"400 kV sınıfı","name":null,"ref":null,"operator":"REN","from":null,"to":null,"displayLabel":"REN · 400 kV · OSM 749660301","labelSource":"generated-identifier","voltageRaw":"400000","circuits":null,"cables":"3","frequency":"50","location":null,"sourceProvider":"ArcGIS OSM Europe","sourceFallback":null,"sourceLicense":"ODbL 1.0","osmTimestamp":"2024-02-29T16:01:12Z"},"geometry":{"type":"LineString","coordinates":[[-8.835852,40.0566235],[-8.8361635,40.0572839]]}},{"type":"Feature","properties":{"assetId":"PT-line-way-749660306","countryCode":"PT","assetType":"line","powerType":"line","osmType":"way","osmId":"749660306","actualVoltagesKv":[400],"actualVoltageKv":400,"gridClass":"400","displayClass":"400 kV sınıfı","name":null,"ref":null,"operator":"REN","from":null,"to":null,"displayLabel":"REN · 400 kV · OSM 749660306","labelSource":"generated-identifier","voltageRaw":"400000","circuits":null,"cables":"3","frequency":"50","location":null,"sourceProvider":"ArcGIS OSM Europe","sourceFallback":null,"sourceLicense":"ODbL 1.0","osmTimestamp":"2024-03-01T12:05:19Z"},"geometry":{"type":"LineString","coordinates":[[-8.4818986,40.4691331],[-8.4811272,40.4689521]]}},{"type":"Feature","properties":{"assetId":"PT-line-way-749660314","countryCode":"PT","assetType":"line","powerType":"line","osmType":"way","osmId":"749660314","actualVoltagesKv":[400],"actualVoltageKv":400,"gridClass":"400","displayClass":"400 kV sınıfı","name":null,"ref":null,"operator":"REN","from":null,"to":null,"displayLabel":"REN · 400 kV · OSM 749660314","labelSource":"generated-identifier","voltageRaw":"400000","circuits":null,"cables":"6","frequency":"50","location":null,"sourceProvider":"ArcGIS OSM Europe","sourceFallback":null,"sourceLicense":"ODbL 1.0","osmTimestamp":"2024-03-02T22:02:01Z"},"geometry":{"type":"LineString","coordinates":[[-8.777529,40.1221948],[-8.7774029,40.1230172],[-8.7766313,40.1249342],[-8.7759371,40.1266586],[-8.7754555,40.1288845],[-8.774962,40.1311656],[-8.7744767,40.1334087],[-8.7736988,40.1394182],[-8.7731718,40.143489],[-8.7727614,40.1466594],[-8.7721161,40.1516437],[-8.7713438,40.1576085],[-8.7726876,40.159642],[-8.772506,40.1619273],[-8.7722637,40.1649773],[-8.7720344,40.167863],[-8.7718105,40.1706797],[-8.7716617,40.172968],[-8.7697291,40.1764879],[-8.7683585,40.1789164],[-8.7642494,40.1819021],[-8.75958,40.1824489],[-8.7549455,40.1829915],[-8.7503529,40.1835293],[-8.7466085,40.1839677],[-8.7444205,40.1857818],[-8.7443072,40.1872155],[-8.7439451,40.191795],[-8.746874,40.1953559],[-8.7465495,40.1978041],[-8.7446306,40.2011584],[-8.7428772,40.2042233],[-8.7412146,40.2071293],[-8.7393741,40.2092586],[-8.7373273,40.2116265],[-8.7354425,40.2138069],[-8.7317061,40.2148638],[-8.7306172,40.2161111],[-8.7305434,40.2195336],[-8.7292063,40.2235088],[-8.7288643,40.2259345],[-8.7271066,40.229468],[-8.7253198,40.2330597],[-8.7215739,40.2367165],[-8.7190686,40.2391621],[-8.7164787,40.2416902],[-8.7141161,40.2439964],[-8.7117986,40.2462584],[-8.7089652,40.2490239],[-8.7063608,40.2515658],[-8.7039125,40.2539552],[-8.7008289,40.2569646],[-8.6983797,40.2593548],[-8.6925834,40.2606359],[-8.6868244,40.2618381],[-8.68223,40.2627972],[-8.6784429,40.2635877],[-8.6734432,40.2646314],[-8.6691437,40.2645603],[-8.6649567,40.2644911],[-8.6613384,40.2644312],[-8.6572266,40.2643633],[-8.6528529,40.263412],[-8.648504,40.2624661],[-8.6432616,40.2613259],[-8.6384683,40.2606602],[-8.6350823,40.2601899],[-8.6311662,40.2610659],[-8.6276894,40.2636207],[-8.6236373,40.2665982],[-8.6189028,40.2685389],[-8.6148047,40.2702187],[-8.6108823,40.2707055],[-8.607088,40.2711764],[-8.6033207,40.2730021],[-8.5989232,40.2751332],[-8.5958541,40.2766204],[-8.5922742,40.2783552],[-8.5892426,40.2805833],[-8.5857926,40.2831188],[-8.5834598,40.2854848],[-8.5809394,40.2880408],[-8.5786692,40.2903429],[-8.5759579,40.2930924],[-8.5732441,40.2958443],[-8.5701862,40.2989449],[-8.5654605,40.2999254],[-8.561,40.3008509],[-8.5561773,40.3018516],[-8.5522771,40.3026608],[-8.5488363,40.3044437],[-8.5440565,40.3069205],[-8.5412603,40.3083693],[-8.5365701,40.3107995],[-8.5316554,40.3123216],[-8.5280351,40.3134428],[-8.5230351,40.3149912],[-8.5184813,40.3164014],[-8.5169309,40.3188893],[-8.5167754,40.3229292],[-8.5167258,40.3265629],[-8.5165085,40.3319519],[-8.51412,40.3347929],[-8.5140143,40.3398469],[-8.5141066,40.3421816],[-8.5143399,40.3468221],[-8.5184813,40.3495736],[-8.5185169,40.3541032],[-8.5185502,40.358326],[-8.5185804,40.3621642],[-8.518611,40.3660596],[-8.5186395,40.3696747],[-8.5186797,40.3738454],[-8.5186583,40.3782917],[-8.5185778,40.3805637],[-8.5186583,40.3846163],[-8.5186368,40.3881088],[-8.5187012,40.3916288],[-8.5174035,40.3940656],[-8.5151929,40.3982167],[-8.5134548,40.4014583],[-8.5114744,40.4042074],[-8.5097453,40.406993],[-8.5083802,40.4097164],[-8.5065286,40.41341],[-8.5034184,40.4172022],[-8.5009678,40.42019],[-8.4990381,40.4238231],[-8.4975493,40.4266261],[-8.4945452,40.4324133],[-8.4901035,40.4344192],[-8.4887535,40.4362078],[-8.4866381,40.4390105],[-8.485423,40.4423277],[-8.4826067,40.4439985],[-8.4805816,40.4462102],[-8.4803027,40.4474063],[-8.4822788,40.4499229],[-8.4841222,40.4522702],[-8.4856597,40.4560261],[-8.4867083,40.4593226],[-8.4875763,40.4620515],[-8.4882984,40.4643214],[-8.486226,40.4670119],[-8.4849496,40.4686913],[-8.4818986,40.4691331]]}},{"type":"Feature","properties":{"assetId":"PT-line-way-752983055","countryCode":"PT","assetType":"line","powerType":"line","osmType":"way","osmId":"752983055","actualVoltagesKv":[400],"actualVoltageKv":400,"gridClass":"400","displayClass":"400 kV sınıfı","name":"Pedralva - Vila Nova de Famalicão","ref":null,"operator":"REN","from":null,"to":null,"displayLabel":"Pedralva - Vila Nova de Famalicão","labelSource":"osm-name","voltageRaw":"400000","circuits":null,"cables":"3","frequency":"50","location":null,"sourceProvider":"ArcGIS OSM Europe","sourceFallback":null,"sourceLicense":"ODbL 1.0","osmTimestamp":"2024-03-05T19:45:17Z"},"geometry":{"type":"LineString","coordinates":[[-8.3311431,41.5745369],[-8.3328302,41.5751008],[-8.3346916,41.5768975],[-8.3389161,41.5808753],[-8.3443824,41.5821974],[-8.3480865,41.5830682],[-8.3495323,41.5840532],[-8.3512408,41.5862841],[-8.3528394,41.5884086],[-8.3560351,41.5928427],[-8.3610938,41.59462],[-8.3672897,41.5968345],[-8.3719674,41.5994982],[-8.3726809,41.6013114],[-8.3725521,41.6056556],[-8.3735339,41.6078376],[-8.3741883,41.6115517],[-8.375634,41.6159714],[-8.3782009,41.6179366],[-8.3827281,41.6208356],[-8.3854965,41.6225915],[-8.3890934,41.6248582],[-8.3897438,41.6284199],[-8.3902842,41.6311836],[-8.3904948,41.6346027],[-8.3910419,41.637784],[-8.3921658,41.6399769],[-8.3919123,41.6443366],[-8.3903338,41.6454931],[-8.3900388,41.6475776],[-8.3920746,41.6485717],[-8.3968423,41.6498213],[-8.4013913,41.6519687],[-8.4063346,41.6513515],[-8.4105698,41.6525009],[-8.4125653,41.653046],[-8.4177848,41.6516706],[-8.421111,41.6525003],[-8.4224398,41.6559894],[-8.4245158,41.6581838],[-8.425468,41.6600915],[-8.421391,41.6625],[-8.4195236,41.6643311],[-8.4194317,41.6668642],[-8.4207339,41.6687557],[-8.421356,41.672422],[-8.4231264,41.6735441],[-8.4285659,41.6751028],[-8.434617,41.6756517],[-8.4365294,41.6772254],[-8.4384994,41.6808734],[-8.4413601,41.6841516],[-8.4437888,41.6852473],[-8.4493477,41.6846183],[-8.4544191,41.684108],[-8.4600616,41.6841854],[-8.465972,41.6842107],[-8.4718474,41.6842703],[-8.4754372,41.6842781],[-8.4798403,41.6820341],[-8.4837114,41.6800125],[-8.4888217,41.6773907],[-8.4918633,41.675838],[-8.494917,41.675242],[-8.4988291,41.6744667],[-8.5036785,41.6757388],[-8.5085106,41.6749161],[-8.5109389,41.6751352],[-8.5151745,41.6755836],[-8.5207185,41.6780658],[-8.5251415,41.6801151],[-8.529527,41.68125],[-8.5333182,41.6840564],[-8.5358569,41.6859724],[-8.5390515,41.6901747],[-8.5410511,41.6928136],[-8.5434477,41.695968],[-8.5447015,41.6976162],[-8.5482943,41.7008505],[-8.5512153,41.7034829],[-8.552551,41.7074398],[-8.5573911,41.7102742],[-8.5585659,41.7123515],[-8.560308,41.7130623],[-8.5635011,41.7126348],[-8.5664509,41.7115386],[-8.571069,41.7110681],[-8.5737325,41.7115917],[-8.5783727,41.7110861],[-8.5818099,41.7107857],[-8.5851278,41.7104924],[-8.5895642,41.7078943],[-8.5913385,41.7044271],[-8.590855,41.7008681],[-8.5902803,41.6963575],[-8.5896809,41.6919213],[-8.5914887,41.6884701],[-8.5934521,41.684447],[-8.5938919,41.6792017],[-8.5976577,41.6749185],[-8.5981459,41.6732497],[-8.5961258,41.6706899],[-8.5958549,41.6693756],[-8.5986418,41.6689107],[-8.6020428,41.6675423],[-8.604084,41.6639556],[-8.6110414,41.6615238],[-8.6129886,41.6579648],[-8.6122869,41.6540823],[-8.6115083,41.6478815],[-8.608861,41.6457509],[-8.6081958,41.6444881],[-8.607165,41.6415968],[-8.6048001,41.638563],[-8.6043325,41.6324063],[-8.6067474,41.6290787],[-8.6092984,41.6241117],[-8.6133617,41.6168741],[-8.6180234,41.6114417],[-8.6204964,41.6084656],[-8.6247826,41.606418],[-8.62894,41.6045468],[-8.6341708,41.6030451],[-8.6399853,41.6015242],[-8.6424932,41.599324],[-8.6473899,41.5961078],[-8.6518155,41.5932009],[-8.6562106,41.5903139],[-8.6600953,41.5878199],[-8.6645449,41.5848798],[-8.6694631,41.581579],[-8.6751974,41.5778406],[-8.6775765,41.5716504],[-8.6778742,41.5687427],[-8.6781476,41.5652266],[-8.6784428,41.5614298],[-8.6801916,41.5570304],[-8.6831608,41.5514425],[-8.6854649,41.5494653],[-8.6878359,41.5474379],[-8.6916581,41.5442641],[-8.6937234,41.5424875],[-8.6964351,41.5402008],[-8.6995545,41.5375588],[-8.7018344,41.5356394],[-8.7033471,41.5316157],[-8.7045515,41.5287545],[-8.7054715,41.5260517],[-8.7052542,41.5233106],[-8.7033123,41.5192882],[-8.7012202,41.5148759],[-8.6988008,41.5097925],[-8.6973551,41.5067254],[-8.6973041,41.5026135],[-8.6970332,41.5003456],[-8.694807,41.4979831],[-8.6926425,41.4968441],[-8.68727,41.4951103],[-8.6858752,41.4933705],[-8.6846843,41.4905919],[-8.6838153,41.4875239],[-8.6830804,41.4850424],[-8.6821711,41.481954],[-8.6798885,41.4782626],[-8.6772493,41.4746755],[-8.6739984,41.4725874],[-8.6709166,41.4706018],[-8.6679527,41.4687005],[-8.6665311,41.4662264],[-8.6648306,41.4641763],[-8.6660188,41.4604437],[-8.670246,41.4551006],[-8.6698222,41.4516449],[-8.6677596,41.447793],[-8.6659545,41.4444133],[-8.664034,41.4408806],[-8.6593509,41.4382043],[-8.6542681,41.4353107],[-8.6508966,41.4333562],[-8.6468679,41.4306816],[-8.6431986,41.4281215],[-8.6415383,41.4244411],[-8.6378127,41.4212473],[-8.6350581,41.4189202],[-8.6293477,41.4162953],[-8.6230257,41.4137306],[-8.6184633,41.4110995],[-8.6125141,41.4099348],[-8.6092901,41.4096954],[-8.6043844,41.4078225],[-8.6013535,41.4031592],[-8.602488,41.397401],[-8.606109,41.3942259],[-8.6105454,41.3920145],[-8.6147001,41.3901351],[-8.6192815,41.3864476],[-8.6232993,41.383112],[-8.6231473,41.3798559],[-8.6222511,41.3750394],[-8.6201397,41.3722557],[-8.616972,41.3678737],[-8.6140054,41.3637772],[-8.6117122,41.3605059],[-8.6107992,41.3586913],[-8.6115834,41.3585712]]}},{"type":"Feature","properties":{"assetId":"PT-line-way-752983056","countryCode":"PT","assetType":"line","powerType":"line","osmType":"way","osmId":"752983056","actualVoltagesKv":[400],"actualVoltageKv":400,"gridClass":"400","displayClass":"400 kV sınıfı","name":null,"ref":null,"operator":"REN","from":null,"to":null,"displayLabel":"REN · 400 kV · OSM 752983056","labelSource":"generated-identifier","voltageRaw":"400000","circuits":null,"cables":"3","frequency":"50","location":null,"sourceProvider":"ArcGIS OSM Europe","sourceFallback":null,"sourceLicense":"ODbL 1.0","osmTimestamp":"2023-11-24T12:08:35Z"},"geometry":{"type":"LineString","coordinates":[[-8.3311431,41.5745369],[-8.3290054,41.5747556],[-8.3269561,41.5745931]]}},{"type":"Feature","properties":{"assetId":"PT-line-way-752983057","countryCode":"PT","assetType":"line","powerType":"line","osmType":"way","osmId":"752983057","actualVoltagesKv":[400],"actualVoltageKv":400,"gridClass":"400","displayClass":"400 kV sınıfı","name":"Vieira do Minho - Pedralva 2","ref":null,"operator":"REN","from":null,"to":null,"displayLabel":"Vieira do Minho - Pedralva 2","labelSource":"osm-name","voltageRaw":"400000","circuits":null,"cables":"6","frequency":"50","location":null,"sourceProvider":"ArcGIS OSM Europe","sourceFallback":null,"sourceLicense":"ODbL 1.0","osmTimestamp":"2024-03-02T22:02:01Z"},"geometry":{"type":"LineString","coordinates":[[-8.310975,41.5698809],[-8.3092772,41.5709183],[-8.303328,41.573571],[-8.2995971,41.5768015],[-8.2990875,41.5797991],[-8.298366,41.5835831],[-8.2977746,41.5866415],[-8.2951929,41.5899225],[-8.2928272,41.5907651],[-8.2877203,41.5925705],[-8.2851936,41.5949014],[-8.2835736,41.595784],[-8.2819964,41.5985079],[-8.2789736,41.6036526],[-8.2769512,41.6069738],[-8.2756825,41.6092501],[-8.2727053,41.6143438],[-8.2700016,41.6188556],[-8.2673999,41.6235113],[-8.2629796,41.6269659],[-8.2571055,41.6292735],[-8.2539352,41.6305807],[-8.2507112,41.6319078],[-8.2478251,41.6330866],[-8.2431312,41.6329142],[-8.2353314,41.6322286],[-8.2343068,41.6324451],[-8.232863,41.6334598],[-8.2325429,41.6380024],[-8.2321771,41.6428729],[-8.2303961,41.6446649]]}},{"type":"Feature","properties":{"assetId":"PT-line-way-753362823","countryCode":"PT","assetType":"line","powerType":"line","osmType":"way","osmId":"753362823","actualVoltagesKv":[400],"actualVoltageKv":400,"gridClass":"400","displayClass":"400 kV sınıfı","name":null,"ref":null,"operator":"REN","from":null,"to":null,"displayLabel":"REN · 400 kV · OSM 753362823","labelSource":"generated-identifier","voltageRaw":"400000","circuits":null,"cables":"3","frequency":"50","location":null,"sourceProvider":"ArcGIS OSM Europe","sourceFallback":null,"sourceLicense":"ODbL 1.0","osmTimestamp":"2024-02-29T16:01:12Z"},"geometry":{"type":"LineString","coordinates":[[-8.0272808,41.6936745],[-8.0265338,41.6930702],[-8.0279516,41.6908711],[-8.0327934,41.6878274],[-8.0346015,41.6839911]]}},{"type":"Feature","properties":{"assetId":"PT-line-way-754085462","countryCode":"PT","assetType":"line","powerType":"line","osmType":"way","osmId":"754085462","actualVoltagesKv":[400],"actualVoltageKv":400,"gridClass":"400","displayClass":"400 kV sınıfı","name":null,"ref":null,"operator":"REN","from":null,"to":null,"displayLabel":"REN · 400 kV · OSM 754085462","labelSource":"generated-identifier","voltageRaw":"400000","circuits":null,"cables":"3","frequency":"50","location":null,"sourceProvider":"ArcGIS OSM Europe","sourceFallback":null,"sourceLicense":"ODbL 1.0","osmTimestamp":"2024-03-01T15:45:11Z"},"geometry":{"type":"LineString","coordinates":[[-7.7404453,39.5291793],[-7.7396399,39.5294623],[-7.7399235,39.529932],[-7.7431094,39.5293128],[-7.7459961,39.5291265],[-7.7501303,39.5288658],[-7.7541741,39.5305061],[-7.7568479,39.53346]]}},{"type":"Feature","properties":{"assetId":"PT-line-way-754107910","countryCode":"PT","assetType":"line","powerType":"line","osmType":"way","osmId":"754107910","actualVoltagesKv":[400],"actualVoltageKv":400,"gridClass":"400","displayClass":"400 kV sınıfı","name":null,"ref":null,"operator":"REN","from":null,"to":null,"displayLabel":"REN · 400 kV · OSM 754107910","labelSource":"generated-identifier","voltageRaw":"400000","circuits":null,"cables":"6","frequency":"50","location":null,"sourceProvider":"ArcGIS OSM Europe","sourceFallback":null,"sourceLicense":"ODbL 1.0","osmTimestamp":"2024-02-29T16:01:12Z"},"geometry":{"type":"LineString","coordinates":[[-8.4629917,40.9604387],[-8.4661943,40.9604874],[-8.4711939,40.96022]]}},{"type":"Feature","properties":{"assetId":"PT-line-way-754131028","countryCode":"PT","assetType":"line","powerType":"line","osmType":"way","osmId":"754131028","actualVoltagesKv":[400],"actualVoltageKv":400,"gridClass":"400","displayClass":"400 kV sınıfı","name":"Foz Tua - Armamar","ref":null,"operator":"REN","from":null,"to":null,"displayLabel":"Foz Tua - Armamar","labelSource":"osm-name","voltageRaw":"400000","circuits":null,"cables":"3","frequency":"50","location":null,"sourceProvider":"ArcGIS OSM Europe","sourceFallback":null,"sourceLicense":"ODbL 1.0","osmTimestamp":"2024-03-02T22:02:01Z"},"geometry":{"type":"LineString","coordinates":[[-7.4267309,41.2158714],[-7.426862,41.2171559],[-7.4253726,41.2194383],[-7.4242567,41.2210967],[-7.4183559,41.2228216],[-7.4118274,41.221718],[-7.4097353,41.2213589],[-7.4069028,41.2208828],[-7.4039524,41.2203542],[-7.3994999,41.2185909],[-7.390658,41.2170474],[-7.3875802,41.2170293],[-7.38191,41.2169002],[-7.3793029,41.2163594],[-7.3758214,41.2157945],[-7.3733377,41.2159519],[-7.3681503,41.216307],[-7.3633599,41.2159277],[-7.3604873,41.2146646],[-7.355898,41.2126409],[-7.3538166,41.2117268],[-7.3516761,41.2108147],[-7.3506167,41.2075983],[-7.3494982,41.2042657],[-7.3478836,41.1995191],[-7.3473077,41.1977198]]}},{"type":"Feature","properties":{"assetId":"PT-line-way-754136740","countryCode":"PT","assetType":"line","powerType":"line","osmType":"way","osmId":"754136740","actualVoltagesKv":[400],"actualVoltageKv":400,"gridClass":"400","displayClass":"400 kV sınıfı","name":null,"ref":null,"operator":"REN","from":null,"to":null,"displayLabel":"REN · 400 kV · OSM 754136740","labelSource":"generated-identifier","voltageRaw":"400000","circuits":null,"cables":"3","frequency":"50","location":null,"sourceProvider":"ArcGIS OSM Europe","sourceFallback":null,"sourceLicense":"ODbL 1.0","osmTimestamp":"2024-02-29T16:01:12Z"},"geometry":{"type":"LineString","coordinates":[[-7.6646769,41.1050028],[-7.6657342,41.1024447],[-7.6643421,41.1007287],[-7.6629554,41.1002841],[-7.6630386,41.100654]]}},{"type":"Feature","properties":{"assetId":"PT-line-way-809423403","countryCode":"PT","assetType":"line","powerType":"line","osmType":"way","osmId":"809423403","actualVoltagesKv":[400],"actualVoltageKv":400,"gridClass":"400","displayClass":"400 kV sınıfı","name":null,"ref":null,"operator":"REN","from":null,"to":null,"displayLabel":"REN · 400 kV · OSM 809423403","labelSource":"generated-identifier","voltageRaw":"400000","circuits":null,"cables":"3","frequency":"50","location":null,"sourceProvider":"ArcGIS OSM Europe","sourceFallback":null,"sourceLicense":"ODbL 1.0","osmTimestamp":"2024-02-29T16:01:12Z"},"geometry":{"type":"LineString","coordinates":[[-8.8070915,40.0447051],[-8.8067562,40.0445024],[-8.8070247,40.0477266]]}},{"type":"Feature","properties":{"assetId":"PT-line-way-809423404","countryCode":"PT","assetType":"line","powerType":"line","osmType":"way","osmId":"809423404","actualVoltagesKv":[400],"actualVoltageKv":400,"gridClass":"400","displayClass":"400 kV sınıfı","name":null,"ref":null,"operator":"REN","from":null,"to":null,"displayLabel":"REN · 400 kV · OSM 809423404","labelSource":"generated-identifier","voltageRaw":"400000","circuits":null,"cables":"3","frequency":"50","location":null,"sourceProvider":"ArcGIS OSM Europe","sourceFallback":null,"sourceLicense":"ODbL 1.0","osmTimestamp":"2024-02-29T16:01:12Z"},"geometry":{"type":"LineString","coordinates":[[-8.8070915,40.0447051],[-8.8070247,40.0477266]]}},{"type":"Feature","properties":{"assetId":"PT-line-way-809423405","countryCode":"PT","assetType":"line","powerType":"line","osmType":"way","osmId":"809423405","actualVoltagesKv":[400],"actualVoltageKv":400,"gridClass":"400","displayClass":"400 kV sınıfı","name":null,"ref":null,"operator":"REN","from":null,"to":null,"displayLabel":"REN · 400 kV · OSM 809423405","labelSource":"generated-identifier","voltageRaw":"400000","circuits":null,"cables":"3","frequency":"50","location":null,"sourceProvider":"ArcGIS OSM Europe","sourceFallback":null,"sourceLicense":"ODbL 1.0","osmTimestamp":"2024-02-29T16:01:12Z"},"geometry":{"type":"LineString","coordinates":[[-8.7788237,40.1190508],[-8.7775886,40.1208291],[-8.7770932,40.1218696]]}},{"type":"Feature","properties":{"assetId":"PT-line-way-809423406","countryCode":"PT","assetType":"line","powerType":"line","osmType":"way","osmId":"809423406","actualVoltagesKv":[400],"actualVoltageKv":400,"gridClass":"400","displayClass":"400 kV sınıfı","name":null,"ref":null,"operator":"REN","from":null,"to":null,"displayLabel":"REN · 400 kV · OSM 809423406","labelSource":"generated-identifier","voltageRaw":"400000","circuits":null,"cables":"3","frequency":"50","location":null,"sourceProvider":"ArcGIS OSM Europe","sourceFallback":null,"sourceLicense":"ODbL 1.0","osmTimestamp":"2024-02-29T16:01:12Z"},"geometry":{"type":"LineString","coordinates":[[-8.7788237,40.1190508],[-8.7781886,40.1210976],[-8.777529,40.1221948]]}},{"type":"Feature","properties":{"assetId":"PT-line-way-809641614","countryCode":"PT","assetType":"line","powerType":"line","osmType":"way","osmId":"809641614","actualVoltagesKv":[400],"actualVoltageKv":400,"gridClass":"400","displayClass":"400 kV sınıfı","name":null,"ref":null,"operator":"REN","from":null,"to":null,"displayLabel":"REN · 400 kV · OSM 809641614","labelSource":"generated-identifier","voltageRaw":"400000","circuits":null,"cables":"3","frequency":null,"location":null,"sourceProvider":"ArcGIS OSM Europe","sourceFallback":null,"sourceLicense":"ODbL 1.0","osmTimestamp":"2024-03-01T15:45:11Z"},"geometry":{"type":"LineString","coordinates":[[-8.8035557,37.9307249],[-8.803422,37.9302638],[-8.803328,37.9299398]]}},{"type":"Feature","properties":{"assetId":"PT-line-way-809641615","countryCode":"PT","assetType":"line","powerType":"line","osmType":"way","osmId":"809641615","actualVoltagesKv":[400],"actualVoltageKv":400,"gridClass":"400","displayClass":"400 kV sınıfı","name":"Alcoutim - Tavira","ref":null,"operator":"REN","from":null,"to":null,"displayLabel":"Alcoutim - Tavira","labelSource":"osm-name","voltageRaw":"400000","circuits":null,"cables":"3","frequency":"50","location":null,"sourceProvider":"ArcGIS OSM Europe","sourceFallback":null,"sourceLicense":"ODbL 1.0","osmTimestamp":"2024-03-01T12:05:19Z"},"geometry":{"type":"LineString","coordinates":[[-7.7665713,37.3457327],[-7.7673474,37.346769],[-7.7693228,37.3488122],[-7.7710314,37.3514647],[-7.7710193,37.3530659],[-7.7686697,37.3567192],[-7.7634408,37.3591113],[-7.7578805,37.3616323],[-7.7550763,37.3629114],[-7.7493887,37.3654813],[-7.7458119,37.36711],[-7.7429608,37.367985],[-7.7374756,37.3696712],[-7.7339539,37.3707423],[-7.7278237,37.3730125],[-7.7253145,37.3738587],[-7.7234021,37.3744832],[-7.7186707,37.3760264],[-7.7140197,37.3775547],[-7.7101372,37.3788239],[-7.7062896,37.3800899],[-7.7020343,37.3813464],[-7.6999421,37.3820753]]}},{"type":"Feature","properties":{"assetId":"PT-line-way-809641616","countryCode":"PT","assetType":"line","powerType":"line","osmType":"way","osmId":"809641616","actualVoltagesKv":[400],"actualVoltageKv":400,"gridClass":"400","displayClass":"400 kV sınıfı","name":null,"ref":null,"operator":"REN","from":null,"to":null,"displayLabel":"REN · 400 kV · OSM 809641616","labelSource":"generated-identifier","voltageRaw":"400000","circuits":null,"cables":"3","frequency":"50","location":null,"sourceProvider":"ArcGIS OSM Europe","sourceFallback":null,"sourceLicense":"ODbL 1.0","osmTimestamp":"2024-02-29T16:01:12Z"},"geometry":{"type":"LineString","coordinates":[[-7.7656281,37.3446713],[-7.7658058,37.3448116],[-7.766606,37.3454445],[-7.7667385,37.3455994]]}},{"type":"Feature","properties":{"assetId":"PT-line-way-809641617","countryCode":"PT","assetType":"line","powerType":"line","osmType":"way","osmId":"809641617","actualVoltagesKv":[400],"actualVoltageKv":400,"gridClass":"400","displayClass":"400 kV sınıfı","name":null,"ref":null,"operator":"REN","from":null,"to":null,"displayLabel":"REN · 400 kV · OSM 809641617","labelSource":"generated-identifier","voltageRaw":"400000","circuits":null,"cables":"3","frequency":"50","location":null,"sourceProvider":"ArcGIS OSM Europe","sourceFallback":null,"sourceLicense":"ODbL 1.0","osmTimestamp":"2024-02-29T16:01:12Z"},"geometry":{"type":"LineString","coordinates":[[-7.7669057,37.3454661],[-7.7678825,37.3458244],[-7.7701501,37.3474382]]}},{"type":"Feature","properties":{"assetId":"PT-line-way-809641619","countryCode":"PT","assetType":"line","powerType":"line","osmType":"way","osmId":"809641619","actualVoltagesKv":[400],"actualVoltageKv":400,"gridClass":"400","displayClass":"400 kV sınıfı","name":null,"ref":null,"operator":"REN","from":null,"to":null,"displayLabel":"REN · 400 kV · OSM 809641619","labelSource":"generated-identifier","voltageRaw":"400000","circuits":null,"cables":"3","frequency":"50","location":null,"sourceProvider":"ArcGIS OSM Europe","sourceFallback":null,"sourceLicense":"ODbL 1.0","osmTimestamp":"2024-02-29T16:01:12Z"},"geometry":{"type":"LineString","coordinates":[[-8.7620582,37.9975391],[-8.7619123,37.9973763],[-8.7615532,37.9969756],[-8.761431,37.9968393]]}},{"type":"Feature","properties":{"assetId":"PT-line-way-809641620","countryCode":"PT","assetType":"line","powerType":"line","osmType":"way","osmId":"809641620","actualVoltagesKv":[400],"actualVoltageKv":400,"gridClass":"400","displayClass":"400 kV sınıfı","name":null,"ref":null,"operator":"REN","from":null,"to":null,"displayLabel":"REN · 400 kV · OSM 809641620","labelSource":"generated-identifier","voltageRaw":"400000","circuits":null,"cables":"3","frequency":"50","location":null,"sourceProvider":"ArcGIS OSM Europe","sourceFallback":null,"sourceLicense":"ODbL 1.0","osmTimestamp":"2024-02-29T16:01:12Z"},"geometry":{"type":"LineString","coordinates":[[-8.7618733,37.9976375],[-8.7617247,37.9974782],[-8.7613558,37.997083],[-8.7612288,37.9969477]]}},{"type":"Feature","properties":{"assetId":"PT-line-way-809641621","countryCode":"PT","assetType":"line","powerType":"line","osmType":"way","osmId":"809641621","actualVoltagesKv":[400],"actualVoltageKv":400,"gridClass":"400","displayClass":"400 kV sınıfı","name":"Palmela - Pegões","ref":null,"operator":"REN","from":null,"to":null,"displayLabel":"Palmela - Pegões","labelSource":"osm-name","voltageRaw":"400000","circuits":null,"cables":"3","frequency":"50","location":null,"sourceProvider":"ArcGIS OSM Europe","sourceFallback":null,"sourceLicense":"ODbL 1.0","osmTimestamp":"2024-03-02T22:02:01Z"},"geometry":{"type":"LineString","coordinates":[[-8.6311233,38.5594502],[-8.6330412,38.5610568],[-8.6349864,38.5631625],[-8.637627,38.5659919],[-8.6395475,38.5680753],[-8.6420271,38.5707193],[-8.6444147,38.573267],[-8.6474762,38.5765512],[-8.6492897,38.5785403],[-8.6527372,38.5802027],[-8.6557332,38.581638],[-8.6592999,38.5833328],[-8.6638483,38.5855159],[-8.6671395,38.5870802],[-8.6704621,38.5886648],[-8.6736657,38.5901929],[-8.6762762,38.5914397],[-8.680302,38.5918781],[-8.6835902,38.5922434],[-8.6869596,38.5926059],[-8.6907698,38.5930217],[-8.6961392,38.5936104],[-8.7007694,38.5941024],[-8.7057911,38.5946574],[-8.7101907,38.5951371],[-8.7155311,38.5957192],[-8.7203208,38.5962414],[-8.7246736,38.5955074],[-8.7287181,38.5948203],[-8.7366909,38.593471],[-8.740391,38.5928448],[-8.7447716,38.5921071],[-8.7489002,38.5914042],[-8.753131,38.5906857],[-8.7576267,38.5899216],[-8.7621809,38.58915],[-8.7665725,38.5884071],[-8.7711208,38.5876346],[-8.7805177,38.5860417],[-8.7841496,38.5854357],[-8.7880738,38.5847559],[-8.7930473,38.5838975],[-8.7973439,38.5832137],[-8.8016469,38.5824434],[-8.805808,38.581736],[-8.8095486,38.5811001],[-8.8145813,38.5802445],[-8.8196279,38.5793866],[-8.8236251,38.5787064],[-8.827046,38.5781307],[-8.8308348,38.5774931],[-8.8348159,38.5768231],[-8.8392337,38.5760915],[-8.8426443,38.5755518],[-8.8464556,38.5749377],[-8.8501618,38.5743405],[-8.8543938,38.5736586],[-8.8559377,38.5741113],[-8.8568381,38.5740405]]}},{"type":"Feature","properties":{"assetId":"PT-line-way-809641622","countryCode":"PT","assetType":"line","powerType":"line","osmType":"way","osmId":"809641622","actualVoltagesKv":[400],"actualVoltageKv":400,"gridClass":"400","displayClass":"400 kV sınıfı","name":null,"ref":null,"operator":"REN","from":null,"to":null,"displayLabel":"REN · 400 kV · OSM 809641622","labelSource":"generated-identifier","voltageRaw":"400000","circuits":null,"cables":"3","frequency":"50","location":null,"sourceProvider":"ArcGIS OSM Europe","sourceFallback":null,"sourceLicense":"ODbL 1.0","osmTimestamp":"2024-02-29T16:01:12Z"},"geometry":{"type":"LineString","coordinates":[[-8.8564642,38.5707087],[-8.8576914,38.5706206]]}},{"type":"Feature","properties":{"assetId":"PT-line-way-809641623","countryCode":"PT","assetType":"line","powerType":"line","osmType":"way","osmId":"809641623","actualVoltagesKv":[400],"actualVoltageKv":400,"gridClass":"400","displayClass":"400 kV sınıfı","name":null,"ref":null,"operator":"REN","from":null,"to":null,"displayLabel":"REN · 400 kV · OSM 809641623","labelSource":"generated-identifier","voltageRaw":"400000","circuits":null,"cables":"3","frequency":"50","location":null,"sourceProvider":"ArcGIS OSM Europe","sourceFallback":null,"sourceLicense":"ODbL 1.0","osmTimestamp":"2024-03-01T15:45:11Z"},"geometry":{"type":"LineString","coordinates":[[-8.8564888,38.5709279],[-8.8555888,38.5708731]]}},{"type":"Feature","properties":{"assetId":"PT-line-way-809641624","countryCode":"PT","assetType":"line","powerType":"line","osmType":"way","osmId":"809641624","actualVoltagesKv":[400],"actualVoltageKv":400,"gridClass":"400","displayClass":"400 kV sınıfı","name":null,"ref":null,"operator":"REN","from":null,"to":null,"displayLabel":"REN · 400 kV · OSM 809641624","labelSource":"generated-identifier","voltageRaw":"400000","circuits":null,"cables":"3","frequency":"50","location":null,"sourceProvider":"ArcGIS OSM Europe","sourceFallback":null,"sourceLicense":"ODbL 1.0","osmTimestamp":"2024-02-29T16:01:12Z"},"geometry":{"type":"LineString","coordinates":[[-8.856561,38.5715713],[-8.8577836,38.5714807]]}},{"type":"Feature","properties":{"assetId":"PT-line-way-809641625","countryCode":"PT","assetType":"line","powerType":"line","osmType":"way","osmId":"809641625","actualVoltagesKv":[400],"actualVoltageKv":400,"gridClass":"400","displayClass":"400 kV sınıfı","name":null,"ref":null,"operator":"REN","from":null,"to":null,"displayLabel":"REN · 400 kV · OSM 809641625","labelSource":"generated-identifier","voltageRaw":"400000","circuits":null,"cables":"3","frequency":"50","location":null,"sourceProvider":"ArcGIS OSM Europe","sourceFallback":null,"sourceLicense":"ODbL 1.0","osmTimestamp":"2024-03-01T15:45:11Z"},"geometry":{"type":"LineString","coordinates":[[-8.8565855,38.5717897],[-8.85569,38.5717431]]}},{"type":"Feature","properties":{"assetId":"PT-line-way-809641626","countryCode":"PT","assetType":"line","powerType":"line","osmType":"way","osmId":"809641626","actualVoltagesKv":[400],"actualVoltageKv":400,"gridClass":"400","displayClass":"400 kV sınıfı","name":"Sines - Palmela","ref":null,"operator":"REN","from":null,"to":null,"displayLabel":"Sines - Palmela","labelSource":"osm-name","voltageRaw":"400000","circuits":null,"cables":"3","frequency":"50","location":null,"sourceProvider":"ArcGIS OSM Europe","sourceFallback":null,"sourceLicense":"ODbL 1.0","osmTimestamp":"2024-02-29T16:01:12Z"},"geometry":{"type":"LineString","coordinates":[[-8.8566326,38.5722095],[-8.857853,38.5721273]]}},{"type":"Feature","properties":{"assetId":"PT-line-way-809641627","countryCode":"PT","assetType":"line","powerType":"line","osmType":"way","osmId":"809641627","actualVoltagesKv":[400],"actualVoltageKv":400,"gridClass":"400","displayClass":"400 kV sınıfı","name":"Sines - Palmela","ref":null,"operator":"REN","from":null,"to":null,"displayLabel":"Sines - Palmela","labelSource":"osm-name","voltageRaw":"400000","circuits":null,"cables":"3","frequency":"50","location":null,"sourceProvider":"ArcGIS OSM Europe","sourceFallback":null,"sourceLicense":"ODbL 1.0","osmTimestamp":"2024-02-29T16:01:12Z"},"geometry":{"type":"LineString","coordinates":[[-8.8568381,38.5740405],[-8.8580489,38.5739534]]}},{"type":"Feature","properties":{"assetId":"PT-line-way-809641630","countryCode":"PT","assetType":"line","powerType":"line","osmType":"way","osmId":"809641630","actualVoltagesKv":[400],"actualVoltageKv":400,"gridClass":"400","displayClass":"400 kV sınıfı","name":null,"ref":null,"operator":"REN","from":null,"to":null,"displayLabel":"REN · 400 kV · OSM 809641630","labelSource":"generated-identifier","voltageRaw":"400000","circuits":null,"cables":"3","frequency":"50","location":null,"sourceProvider":"ArcGIS OSM Europe","sourceFallback":null,"sourceLicense":"ODbL 1.0","osmTimestamp":"2023-12-14T23:27:24Z"},"geometry":{"type":"LineString","coordinates":[[-9.1377153,38.8900325],[-9.1376596,38.8898572],[-9.1374988,38.889351],[-9.1374403,38.8891669]]}},{"type":"Feature","properties":{"assetId":"PT-line-way-809641631","countryCode":"PT","assetType":"line","powerType":"line","osmType":"way","osmId":"809641631","actualVoltagesKv":[400],"actualVoltageKv":400,"gridClass":"400","displayClass":"400 kV sınıfı","name":null,"ref":null,"operator":"REN","from":null,"to":null,"displayLabel":"REN · 400 kV · OSM 809641631","labelSource":"generated-identifier","voltageRaw":"400000","circuits":null,"cables":"3","frequency":"50","location":null,"sourceProvider":"ArcGIS OSM Europe","sourceFallback":null,"sourceLicense":"ODbL 1.0","osmTimestamp":"2024-02-29T16:01:12Z"},"geometry":{"type":"LineString","coordinates":[[-9.1379539,38.8899864],[-9.1379004,38.890435]]}},{"type":"Feature","properties":{"assetId":"PT-line-way-809641632","countryCode":"PT","assetType":"line","powerType":"line","osmType":"way","osmId":"809641632","actualVoltagesKv":[400],"actualVoltageKv":400,"gridClass":"400","displayClass":"400 kV sınıfı","name":null,"ref":null,"operator":"REN","from":null,"to":null,"displayLabel":"REN · 400 kV · OSM 809641632","labelSource":"generated-identifier","voltageRaw":"400000","circuits":null,"cables":"3","frequency":"50","location":null,"sourceProvider":"ArcGIS OSM Europe","sourceFallback":null,"sourceLicense":"ODbL 1.0","osmTimestamp":"2024-02-29T16:01:12Z"},"geometry":{"type":"LineString","coordinates":[[-9.1358624,38.8894716],[-9.1359211,38.8896557],[-9.1360825,38.8901618],[-9.1361384,38.8903372]]}},{"type":"Feature","properties":{"assetId":"PT-line-way-809641633","countryCode":"PT","assetType":"line","powerType":"line","osmType":"way","osmId":"809641633","actualVoltagesKv":[400],"actualVoltageKv":400,"gridClass":"400","displayClass":"400 kV sınıfı","name":null,"ref":null,"operator":"REN","from":null,"to":null,"displayLabel":"REN · 400 kV · OSM 809641633","labelSource":"generated-identifier","voltageRaw":"400000","circuits":null,"cables":"3","frequency":"50","location":null,"sourceProvider":"ArcGIS OSM Europe","sourceFallback":null,"sourceLicense":"ODbL 1.0","osmTimestamp":"2024-02-29T16:01:12Z"},"geometry":{"type":"LineString","coordinates":[[-9.1366131,38.8902455],[-9.1371435,38.8909201]]}},{"type":"Feature","properties":{"assetId":"PT-line-way-809641634","countryCode":"PT","assetType":"line","powerType":"line","osmType":"way","osmId":"809641634","actualVoltagesKv":[400],"actualVoltageKv":400,"gridClass":"400","displayClass":"400 kV sınıfı","name":null,"ref":null,"operator":"REN","from":null,"to":null,"displayLabel":"REN · 400 kV · OSM 809641634","labelSource":"generated-identifier","voltageRaw":"400000","circuits":null,"cables":"3","frequency":"50","location":null,"sourceProvider":"ArcGIS OSM Europe","sourceFallback":null,"sourceLicense":"ODbL 1.0","osmTimestamp":"2024-02-29T16:01:12Z"},"geometry":{"type":"LineString","coordinates":[[-9.1363372,38.8893799],[-9.1363959,38.889564],[-9.1365572,38.8900701],[-9.1366131,38.8902455]]}},{"type":"Feature","properties":{"assetId":"PT-line-way-809641635","countryCode":"PT","assetType":"line","powerType":"line","osmType":"way","osmId":"809641635","actualVoltagesKv":[400],"actualVoltageKv":400,"gridClass":"400","displayClass":"400 kV sınıfı","name":null,"ref":null,"operator":"REN","from":null,"to":null,"displayLabel":"REN · 400 kV · OSM 809641635","labelSource":"generated-identifier","voltageRaw":"400000","circuits":null,"cables":"3","frequency":null,"location":null,"sourceProvider":"ArcGIS OSM Europe","sourceFallback":null,"sourceLicense":"ODbL 1.0","osmTimestamp":"2024-02-29T16:01:12Z"},"geometry":{"type":"LineString","coordinates":[[-8.8569443,38.5749085],[-8.8581416,38.5748172]]}},{"type":"Feature","properties":{"assetId":"PT-line-way-809641636","countryCode":"PT","assetType":"line","powerType":"line","osmType":"way","osmId":"809641636","actualVoltagesKv":[400],"actualVoltageKv":400,"gridClass":"400","displayClass":"400 kV sınıfı","name":null,"ref":null,"operator":"REN","from":null,"to":null,"displayLabel":"REN · 400 kV · OSM 809641636","labelSource":"generated-identifier","voltageRaw":"400000","circuits":null,"cables":"3","frequency":"50","location":null,"sourceProvider":"ArcGIS OSM Europe","sourceFallback":null,"sourceLicense":"ODbL 1.0","osmTimestamp":"2024-02-29T16:01:12Z"},"geometry":{"type":"LineString","coordinates":[[-8.8578988,38.5725546],[-8.8566818,38.572648]]}},{"type":"Feature","properties":{"assetId":"PT-line-way-809641637","countryCode":"PT","assetType":"line","powerType":"line","osmType":"way","osmId":"809641637","actualVoltagesKv":[400],"actualVoltageKv":400,"gridClass":"400","displayClass":"400 kV sınıfı","name":null,"ref":null,"operator":"REN","from":null,"to":null,"displayLabel":"REN · 400 kV · OSM 809641637","labelSource":"generated-identifier","voltageRaw":"400000","circuits":null,"cables":"3","frequency":"50","location":null,"sourceProvider":"ArcGIS OSM Europe","sourceFallback":null,"sourceLicense":"ODbL 1.0","osmTimestamp":"2024-03-01T12:05:19Z"},"geometry":{"type":"LineString","coordinates":[[-8.9491529,39.0133978],[-8.9500137,39.0138445]]}},{"type":"Feature","properties":{"assetId":"PT-line-way-809641638","countryCode":"PT","assetType":"line","powerType":"line","osmType":"way","osmId":"809641638","actualVoltagesKv":[400],"actualVoltageKv":400,"gridClass":"400","displayClass":"400 kV sınıfı","name":null,"ref":null,"operator":"REN","from":null,"to":null,"displayLabel":"REN · 400 kV · OSM 809641638","labelSource":"generated-identifier","voltageRaw":"400000","circuits":null,"cables":"3","frequency":"50","location":null,"sourceProvider":"ArcGIS OSM Europe","sourceFallback":null,"sourceLicense":"ODbL 1.0","osmTimestamp":"2024-03-01T12:05:19Z"},"geometry":{"type":"LineString","coordinates":[[-8.9491529,39.0133978],[-8.9501591,39.0136934]]}},{"type":"Feature","properties":{"assetId":"PT-line-way-809641639","countryCode":"PT","assetType":"line","powerType":"line","osmType":"way","osmId":"809641639","actualVoltagesKv":[400],"actualVoltageKv":400,"gridClass":"400","displayClass":"400 kV sınıfı","name":null,"ref":null,"operator":"REN","from":null,"to":null,"displayLabel":"REN · 400 kV · OSM 809641639","labelSource":"generated-identifier","voltageRaw":"400000","circuits":null,"cables":"3","frequency":"50","location":null,"sourceProvider":"ArcGIS OSM Europe","sourceFallback":null,"sourceLicense":"ODbL 1.0","osmTimestamp":"2024-03-01T15:45:11Z"},"geometry":{"type":"LineString","coordinates":[[-8.789753,39.6513535],[-8.7897849,39.6521612]]}},{"type":"Feature","properties":{"assetId":"PT-line-way-809641640","countryCode":"PT","assetType":"line","powerType":"line","osmType":"way","osmId":"809641640","actualVoltagesKv":[400],"actualVoltageKv":400,"gridClass":"400","displayClass":"400 kV sınıfı","name":null,"ref":null,"operator":"REN","from":null,"to":null,"displayLabel":"REN · 400 kV · OSM 809641640","labelSource":"generated-identifier","voltageRaw":"400000","circuits":null,"cables":"3","frequency":"50","location":null,"sourceProvider":"ArcGIS OSM Europe","sourceFallback":null,"sourceLicense":"ODbL 1.0","osmTimestamp":"2024-03-01T15:45:11Z"},"geometry":{"type":"LineString","coordinates":[[-8.7897849,39.6521612],[-8.7899938,39.65139]]}},{"type":"Feature","properties":{"assetId":"PT-line-way-809641641","countryCode":"PT","assetType":"line","powerType":"line","osmType":"way","osmId":"809641641","actualVoltagesKv":[400],"actualVoltageKv":400,"gridClass":"400","displayClass":"400 kV sınıfı","name":null,"ref":null,"operator":"REN","from":null,"to":null,"displayLabel":"REN · 400 kV · OSM 809641641","labelSource":"generated-identifier","voltageRaw":"400000","circuits":null,"cables":"3","frequency":"50","location":null,"sourceProvider":"ArcGIS OSM Europe","sourceFallback":null,"sourceLicense":"ODbL 1.0","osmTimestamp":"2024-03-01T15:45:11Z"},"geometry":{"type":"LineString","coordinates":[[-8.7902346,39.6514266],[-8.7903158,39.6523156]]}},{"type":"Feature","properties":{"assetId":"PT-line-way-809641642","countryCode":"PT","assetType":"line","powerType":"line","osmType":"way","osmId":"809641642","actualVoltagesKv":[400],"actualVoltageKv":400,"gridClass":"400","displayClass":"400 kV sınıfı","name":null,"ref":null,"operator":"REN","from":null,"to":null,"displayLabel":"REN · 400 kV · OSM 809641642","labelSource":"generated-identifier","voltageRaw":"400000","circuits":null,"cables":"3","frequency":"50","location":null,"sourceProvider":"ArcGIS OSM Europe","sourceFallback":null,"sourceLicense":"ODbL 1.0","osmTimestamp":"2024-03-01T15:45:11Z"},"geometry":{"type":"LineString","coordinates":[[-8.7903158,39.6523156],[-8.7904754,39.6514632]]}},{"type":"Feature","properties":{"assetId":"PT-line-way-809922764","countryCode":"PT","assetType":"line","powerType":"line","osmType":"way","osmId":"809922764","actualVoltagesKv":[400],"actualVoltageKv":400,"gridClass":"400","displayClass":"400 kV sınıfı","name":null,"ref":null,"operator":"REN","from":null,"to":null,"displayLabel":"REN · 400 kV · OSM 809922764","labelSource":"generated-identifier","voltageRaw":"400000","circuits":null,"cables":"3","frequency":"50","location":null,"sourceProvider":"ArcGIS OSM Europe","sourceFallback":null,"sourceLicense":"ODbL 1.0","osmTimestamp":"2024-02-29T16:01:12Z"},"geometry":{"type":"LineString","coordinates":[[-9.002071,39.3380693],[-9.0018342,39.3380326],[-9.00117,39.3379258],[-9.0009889,39.3378968]]}},{"type":"Feature","properties":{"assetId":"PT-line-way-809989637","countryCode":"PT","assetType":"line","powerType":"line","osmType":"way","osmId":"809989637","actualVoltagesKv":[400],"actualVoltageKv":400,"gridClass":"400","displayClass":"400 kV sınıfı","name":null,"ref":null,"operator":"REN","from":null,"to":null,"displayLabel":"REN · 400 kV · OSM 809989637","labelSource":"generated-identifier","voltageRaw":"400000","circuits":null,"cables":"3","frequency":null,"location":null,"sourceProvider":"ArcGIS OSM Europe","sourceFallback":null,"sourceLicense":"ODbL 1.0","osmTimestamp":"2024-03-02T02:04:55Z"},"geometry":{"type":"LineString","coordinates":[[-7.7403416,39.5290042],[-7.7393752,39.5291952]]}},{"type":"Feature","properties":{"assetId":"PT-line-way-810029125","countryCode":"PT","assetType":"line","powerType":"line","osmType":"way","osmId":"810029125","actualVoltagesKv":[400],"actualVoltageKv":400,"gridClass":"400","displayClass":"400 kV sınıfı","name":null,"ref":null,"operator":"REN","from":null,"to":null,"displayLabel":"REN · 400 kV · OSM 810029125","labelSource":"generated-identifier","voltageRaw":"400000","circuits":null,"cables":"3","frequency":"50","location":null,"sourceProvider":"ArcGIS OSM Europe","sourceFallback":null,"sourceLicense":"ODbL 1.0","osmTimestamp":"2024-02-29T16:01:12Z"},"geometry":{"type":"LineString","coordinates":[[-7.9228685,38.6353439],[-7.9221685,38.63576],[-7.9194044,38.6374033],[-7.9177012,38.6375876],[-7.9151209,38.6371257],[-7.9131669,38.6364779],[-7.9098348,38.6353732],[-7.9057466,38.6349561],[-7.9017555,38.6345182],[-7.8972762,38.634028],[-7.8923007,38.6334811],[-7.888787,38.6356874],[-7.8850963,38.6379689],[-7.8814511,38.6393286],[-7.875872,38.6413889],[-7.8732193,38.6415963],[-7.8694481,38.6427402],[-7.8664735,38.6436242],[-7.8615263,38.6451022],[-7.8590801,38.6486425],[-7.8566688,38.6520736],[-7.8564489,38.6524297],[-7.8538474,38.6561123],[-7.8517499,38.6591074],[-7.8489336,38.6631245],[-7.8473136,38.6654408],[-7.8461146,38.6671581],[-7.8428021,38.6701863],[-7.8407529,38.6730699],[-7.8391299,38.67538],[-7.8363323,38.6788957],[-7.835871,38.6834226],[-7.8363162,38.6866595],[-7.8364235,38.6900092],[-7.8333604,38.6921447],[-7.8296965,38.6940874],[-7.8257537,38.6971856],[-7.8221917,38.6997562],[-7.8188282,38.7016778],[-7.8139841,38.7038297],[-7.8116238,38.7048888],[-7.8073162,38.7068605],[-7.8027725,38.7089201],[-7.7993929,38.7104563],[-7.7952677,38.712319],[-7.792666,38.7134994],[-7.78956,38.7149142],[-7.7861321,38.7164545],[-7.7827793,38.7169693],[-7.777077,38.7167475],[-7.7726084,38.716555],[-7.768805,38.718405],[-7.7646476,38.72046],[-7.7617079,38.7219039],[-7.7567458,38.7223811],[-7.7535272,38.7226782],[-7.7495414,38.7245532],[-7.7459902,38.7263025],[-7.7441019,38.7272567],[-7.7387053,38.7299434],[-7.736876,38.7308431],[-7.7333569,38.7326174],[-7.7300471,38.7342453],[-7.7264208,38.7360446],[-7.722317,38.7380949],[-7.7193773,38.7395343],[-7.7164912,38.7427519],[-7.7136159,38.7460071],[-7.7104294,38.7496553],[-7.7079672,38.7525085],[-7.7047431,38.7562191],[-7.7029031,38.7583442],[-7.7015567,38.761151],[-7.6999366,38.7645559],[-7.6988691,38.7666263],[-7.6964122,38.7692237],[-7.6946902,38.7709385],[-7.6928449,38.7718837],[-7.6890147,38.7742007],[-7.687577,38.7758736],[-7.6852703,38.7785501],[-7.6827919,38.7813937],[-7.6821482,38.7828113],[-7.6812524,38.7847725],[-7.6802975,38.7868173],[-7.6780176,38.7886697],[-7.6756144,38.7906349],[-7.6729697,38.7955184],[-7.6710546,38.799047],[-7.6679003,38.8025546],[-7.6643974,38.8040721],[-7.6613718,38.8053681],[-7.6585072,38.8063546],[-7.6541084,38.8078512],[-7.651394,38.8098326],[-7.6491088,38.8115715],[-7.6472419,38.8129676],[-7.6450479,38.8162404],[-7.6427144,38.8194963],[-7.6409119,38.8221754],[-7.6413143,38.8243319],[-7.6443076,38.8273493],[-7.6474887,38.830542],[-7.6500207,38.8330911],[-7.6516837,38.8365134],[-7.6528907,38.8390247],[-7.6529819,38.8409676],[-7.6509273,38.84243],[-7.6475102,38.8435289],[-7.6467591,38.8450831],[-7.6473278,38.8466248],[-7.6478106,38.8479492],[-7.6465338,38.8509363],[-7.6456004,38.8532591],[-7.6433903,38.8559035],[-7.6415127,38.8572778],[-7.6388574,38.8591952],[-7.6360518,38.8612211],[-7.6340455,38.8626998],[-7.6305962,38.8652101],[-7.6274526,38.8674781],[-7.6236921,38.8702347],[-7.6191539,38.8724065],[-7.6123142,38.8736218],[-7.6078671,38.8728617],[-7.6055658,38.870928],[-7.603699,38.8692616],[-7.5990426,38.8685891],[-7.5947994,38.8679835],[-7.5901109,38.8673152],[-7.5867742,38.8688147],[-7.5830138,38.8704937],[-7.5795537,38.871993],[-7.5765443,38.8747035],[-7.5744307,38.8766079],[-7.5717056,38.8790968],[-7.5694418,38.8811347],[-7.5677466,38.8825629],[-7.562983,38.882329],[-7.5592601,38.8821453],[-7.5558001,38.8805],[-7.5526351,38.8790259],[-7.5489551,38.8773178],[-7.5436658,38.8773638],[-7.5393635,38.877038],[-7.5354206,38.8778816],[-7.5338864,38.8805376],[-7.5324219,38.8830723],[-7.5306892,38.8860037],[-7.5294661,38.8881207],[-7.5292516,38.8887158]]}},{"type":"Feature","properties":{"assetId":"PT-line-way-810042956","countryCode":"PT","assetType":"line","powerType":"line","osmType":"way","osmId":"810042956","actualVoltagesKv":[400],"actualVoltageKv":400,"gridClass":"400","displayClass":"400 kV sınıfı","name":"Moimenta - Armamar","ref":null,"operator":"REN","from":null,"to":null,"displayLabel":"Moimenta - Armamar","labelSource":"osm-name","voltageRaw":"400000","circuits":null,"cables":"6","frequency":"50","location":null,"sourceProvider":"ArcGIS OSM Europe","sourceFallback":null,"sourceLicense":"ODbL 1.0","osmTimestamp":"2024-03-02T22:02:01Z"},"geometry":{"type":"LineString","coordinates":[[-7.6617967,41.0982622],[-7.6616266,41.0998424]]}},{"type":"Feature","properties":{"assetId":"PT-line-way-810042957","countryCode":"PT","assetType":"line","powerType":"line","osmType":"way","osmId":"810042957","actualVoltagesKv":[400],"actualVoltageKv":400,"gridClass":"400","displayClass":"400 kV sınıfı","name":"Moimenta - Armamar","ref":null,"operator":"REN","from":null,"to":null,"displayLabel":"Moimenta - Armamar","labelSource":"osm-name","voltageRaw":"400000","circuits":null,"cables":"3","frequency":"50","location":null,"sourceProvider":"ArcGIS OSM Europe","sourceFallback":null,"sourceLicense":"ODbL 1.0","osmTimestamp":"2024-03-02T22:02:01Z"},"geometry":{"type":"LineString","coordinates":[[-7.6616266,41.0998424],[-7.6614966,41.1006463]]}},{"type":"Feature","properties":{"assetId":"PT-line-way-810525817","countryCode":"PT","assetType":"line","powerType":"line","osmType":"way","osmId":"810525817","actualVoltagesKv":[400],"actualVoltageKv":400,"gridClass":"400","displayClass":"400 kV sınıfı","name":null,"ref":null,"operator":"REN","from":null,"to":null,"displayLabel":"REN · 400 kV · OSM 810525817","labelSource":"generated-identifier","voltageRaw":"400000","circuits":null,"cables":"3","frequency":"50","location":null,"sourceProvider":"ArcGIS OSM Europe","sourceFallback":null,"sourceLicense":"ODbL 1.0","osmTimestamp":"2024-02-29T16:01:12Z"},"geometry":{"type":"LineString","coordinates":[[-8.4540176,41.1567601],[-8.4528221,41.1565839]]}},{"type":"Feature","properties":{"assetId":"PT-line-way-810562775","countryCode":"PT","assetType":"line","powerType":"line","osmType":"way","osmId":"810562775","actualVoltagesKv":[400],"actualVoltageKv":400,"gridClass":"400","displayClass":"400 kV sınıfı","name":null,"ref":null,"operator":"REN","from":null,"to":null,"displayLabel":"REN · 400 kV · OSM 810562775","labelSource":"generated-identifier","voltageRaw":"400000","circuits":null,"cables":"3","frequency":"50","location":null,"sourceProvider":"ArcGIS OSM Europe","sourceFallback":null,"sourceLicense":"ODbL 1.0","osmTimestamp":"2023-12-20T02:32:46Z"},"geometry":{"type":"LineString","coordinates":[[-8.2921676,40.9578994],[-8.2940688,40.9576792],[-8.2958934,40.9577415],[-8.2992326,40.9592664],[-8.3009738,40.9600506],[-8.3030692,40.9609944],[-8.3070199,40.9627884],[-8.3106399,40.9644239],[-8.312759,40.9653813],[-8.3157892,40.9667503],[-8.3169924,40.9672939],[-8.3264744,40.9715858],[-8.3278207,40.9721952],[-8.3303925,40.9733592],[-8.3319012,40.9740421],[-8.3337599,40.9748872],[-8.3425591,40.978888],[-8.3444402,40.9797146],[-8.3479226,40.9812949],[-8.3490369,40.9818005],[-8.3559715,40.9818608],[-8.3577741,40.9818765],[-8.3655572,40.9819283],[-8.3701283,40.9836015],[-8.3725247,40.9854298],[-8.3759819,40.9880674],[-8.3799458,40.9910913],[-8.3816709,40.9924134],[-8.3865558,40.9961569],[-8.3883405,40.9967235],[-8.3898769,40.9972113],[-8.3937271,40.9984661],[-8.3959348,40.999168],[-8.400608,41.0007542],[-8.4045892,41.0020384],[-8.4074078,41.0029774],[-8.4102172,41.0039012],[-8.4139092,41.0051097],[-8.4163874,41.0059175],[-8.4223237,41.0071029],[-8.4305948,41.0087279],[-8.4337143,41.008829],[-8.4381415,41.0083632],[-8.4400145,41.0072322],[-8.4404925,41.0062869],[-8.4412807,41.0018606],[-8.4414486,41.0009178],[-8.4409272,40.9950923],[-8.4426289,40.991165],[-8.4434154,40.9893826],[-8.448038,40.986618],[-8.4513241,40.9849885],[-8.4523697,40.9845217],[-8.4541117,40.9845461],[-8.4609694,40.9846366],[-8.4622544,40.9839254],[-8.4649001,40.9824611],[-8.4656665,40.9813087],[-8.4654416,40.9798422],[-8.4651982,40.9782549],[-8.4648049,40.9774661],[-8.4632099,40.9751418],[-8.4630932,40.9725958],[-8.4636446,40.97159],[-8.4649257,40.969253],[-8.4666626,40.9674682],[-8.4668727,40.9662983],[-8.4671126,40.9649633],[-8.4666871,40.9636714],[-8.4655489,40.9632499],[-8.4638203,40.9629604],[-8.4592771,40.9626409],[-8.4578286,40.961328],[-8.4577292,40.9602373],[-8.4589226,40.9588651],[-8.4595134,40.959209]]}},{"type":"Feature","properties":{"assetId":"PT-line-way-810562776","countryCode":"PT","assetType":"line","powerType":"line","osmType":"way","osmId":"810562776","actualVoltagesKv":[220,400],"actualVoltageKv":400,"gridClass":"400","displayClass":"400 kV sınıfı","name":null,"ref":null,"operator":"REN","from":null,"to":null,"displayLabel":"REN · 400 kV · OSM 810562776","labelSource":"generated-identifier","voltageRaw":"400000;220000","circuits":null,"cables":"6","frequency":"50","location":null,"sourceProvider":"ArcGIS OSM Europe","sourceFallback":null,"sourceLicense":"ODbL 1.0","osmTimestamp":"2024-03-03T01:57:50Z"},"geometry":{"type":"LineString","coordinates":[[-8.1313883,41.0795429],[-8.1360956,41.0756817],[-8.1430704,41.0709895],[-8.1454542,41.0692154],[-8.1490048,41.0669198],[-8.1535053,41.0638662],[-8.1554797,41.0621693],[-8.1592497,41.0599004],[-8.1631727,41.0571975],[-8.1671898,41.0544223],[-8.1706681,41.0520482],[-8.1735904,41.0500488],[-8.17643,41.0480923],[-8.1781425,41.0467974],[-8.1813491,41.0444104],[-8.1843731,41.042128],[-8.1863372,41.0405136],[-8.1873276,41.0383114],[-8.1881542,41.0361204],[-8.1882007,41.0327975],[-8.1882936,41.0292922],[-8.1882007,41.0269926],[-8.1881171,41.0246018],[-8.1892509,41.0221407],[-8.1901245,41.0201564],[-8.1912862,41.0170992],[-8.194539,41.014701],[-8.1971436,41.0132104],[-8.2009131,41.0127579],[-8.2059093,41.0139127],[-8.2093633,41.0147413],[-8.2169038,41.01423],[-8.2190207,41.0133456],[-8.2271268,41.0096921],[-8.2331706,41.0052135],[-8.2381214,41.0015446],[-8.2424753,40.997042],[-8.246359,40.9930255],[-8.2479082,40.9912973],[-8.2533319,40.9900991],[-8.2607014,40.984553],[-8.2660379,40.9800341],[-8.2683689,40.9769206],[-8.2737375,40.9735364],[-8.2759001,40.9717128],[-8.2802535,40.9680067],[-8.2833239,40.9653906],[-8.2854504,40.9636052],[-8.2882388,40.9612641],[-8.2921676,40.9578994]]}},{"type":"Feature","properties":{"assetId":"PT-line-way-810821775","countryCode":"PT","assetType":"line","powerType":"line","osmType":"way","osmId":"810821775","actualVoltagesKv":[400],"actualVoltageKv":400,"gridClass":"400","displayClass":"400 kV sınıfı","name":null,"ref":null,"operator":"REN","from":null,"to":null,"displayLabel":"REN · 400 kV · OSM 810821775","labelSource":"generated-identifier","voltageRaw":"400000","circuits":null,"cables":"3","frequency":"50","location":null,"sourceProvider":"ArcGIS OSM Europe","sourceFallback":null,"sourceLicense":"ODbL 1.0","osmTimestamp":"2023-11-24T12:08:35Z"},"geometry":{"type":"LineString","coordinates":[[-8.6141855,41.3574294],[-8.6131203,41.3579773]]}},{"type":"Feature","properties":{"assetId":"PT-line-way-810821776","countryCode":"PT","assetType":"line","powerType":"line","osmType":"way","osmId":"810821776","actualVoltagesKv":[400],"actualVoltageKv":400,"gridClass":"400","displayClass":"400 kV sınıfı","name":null,"ref":null,"operator":"REN","from":null,"to":null,"displayLabel":"REN · 400 kV · OSM 810821776","labelSource":"generated-identifier","voltageRaw":"400000","circuits":null,"cables":"3","frequency":"50","location":null,"sourceProvider":"ArcGIS OSM Europe","sourceFallback":null,"sourceLicense":"ODbL 1.0","osmTimestamp":"2023-11-24T12:08:35Z"},"geometry":{"type":"LineString","coordinates":[[-8.6141855,41.3574294],[-8.6126821,41.357266],[-8.6101532,41.3579919],[-8.6107992,41.3586913],[-8.6114935,41.3584062]]}},{"type":"Feature","properties":{"assetId":"PT-line-way-810821777","countryCode":"PT","assetType":"line","powerType":"line","osmType":"way","osmId":"810821777","actualVoltagesKv":[400],"actualVoltageKv":400,"gridClass":"400","displayClass":"400 kV sınıfı","name":"Recarei - Vila Nova de Famalicão","ref":null,"operator":"REN","from":null,"to":null,"displayLabel":"Recarei - Vila Nova de Famalicão","labelSource":"osm-name","voltageRaw":"400000","circuits":null,"cables":"3","frequency":"50","location":null,"sourceProvider":"ArcGIS OSM Europe","sourceFallback":null,"sourceLicense":"ODbL 1.0","osmTimestamp":"2024-03-02T22:02:01Z"},"geometry":{"type":"LineString","coordinates":[[-8.4735114,41.2184162],[-8.4685696,41.2177988]]}},{"type":"Feature","properties":{"assetId":"PT-line-way-810821779","countryCode":"PT","assetType":"line","powerType":"line","osmType":"way","osmId":"810821779","actualVoltagesKv":[220,400],"actualVoltageKv":400,"gridClass":"400","displayClass":"400 kV sınıfı","name":null,"ref":null,"operator":"REN","from":null,"to":null,"displayLabel":"REN · 400 kV · OSM 810821779","labelSource":"generated-identifier","voltageRaw":"400000;220000","circuits":null,"cables":"6","frequency":"50","location":null,"sourceProvider":"ArcGIS OSM Europe","sourceFallback":null,"sourceLicense":"ODbL 1.0","osmTimestamp":"2024-03-04T23:07:11Z"},"geometry":{"type":"LineString","coordinates":[[-8.6030555,41.2317596],[-8.6010289,41.2321357],[-8.5983202,41.2329304],[-8.5938098,41.2343578],[-8.5912188,41.235238],[-8.5862335,41.2368293],[-8.5826587,41.2378801],[-8.5796017,41.238767],[-8.5760041,41.2384134],[-8.5725794,41.2380814],[-8.5682959,41.237578],[-8.5629466,41.2370266],[-8.5592731,41.2366339],[-8.5542182,41.2361132],[-8.5487279,41.2355167],[-8.5443159,41.235041],[-8.5394715,41.2345873],[-8.535306,41.2340844],[-8.5331767,41.2338101],[-8.52782,41.2331891],[-8.5232466,41.2327727],[-8.51981,41.2324726],[-8.5165605,41.2309941],[-8.5124405,41.2291414],[-8.5096173,41.2278793],[-8.507139,41.2267587],[-8.5047813,41.2256927],[-8.5027226,41.2247086],[-8.4998833,41.2241365],[-8.4962029,41.2233949],[-8.4896372,41.2220645],[-8.4824494,41.220636],[-8.4752908,41.2191722]]}},{"type":"Feature","properties":{"assetId":"PT-line-way-810821787","countryCode":"PT","assetType":"line","powerType":"line","osmType":"way","osmId":"810821787","actualVoltagesKv":[400],"actualVoltageKv":400,"gridClass":"400","displayClass":"400 kV sınıfı","name":"Recarei - Vermoim 3","ref":null,"operator":"REN","from":null,"to":null,"displayLabel":"Recarei - Vermoim 3","labelSource":"osm-name","voltageRaw":"400000","circuits":null,"cables":"3","frequency":null,"location":null,"sourceProvider":"ArcGIS OSM Europe","sourceFallback":null,"sourceLicense":"ODbL 1.0","osmTimestamp":"2024-03-02T22:02:01Z"},"geometry":{"type":"LineString","coordinates":[[-8.6033154,41.2310994],[-8.6028387,41.231365],[-8.6000854,41.2321389]]}},{"type":"Feature","properties":{"assetId":"PT-line-way-810821788","countryCode":"PT","assetType":"line","powerType":"line","osmType":"way","osmId":"810821788","actualVoltagesKv":[400],"actualVoltageKv":400,"gridClass":"400","displayClass":"400 kV sınıfı","name":"Vermoim - Vila Nova de Famalicão","ref":null,"operator":"REN","from":null,"to":null,"displayLabel":"Vermoim - Vila Nova de Famalicão","labelSource":"osm-name","voltageRaw":"400000","circuits":null,"cables":"3","frequency":null,"location":null,"sourceProvider":"ArcGIS OSM Europe","sourceFallback":null,"sourceLicense":"ODbL 1.0","osmTimestamp":"2024-03-02T22:02:01Z"},"geometry":{"type":"LineString","coordinates":[[-8.6034808,41.231249],[-8.6030555,41.2317596]]}},{"type":"Feature","properties":{"assetId":"PT-line-way-810821790","countryCode":"PT","assetType":"line","powerType":"line","osmType":"way","osmId":"810821790","actualVoltagesKv":[400],"actualVoltageKv":400,"gridClass":"400","displayClass":"400 kV sınıfı","name":"Recarei - Vermoim 3","ref":null,"operator":"REN","from":null,"to":null,"displayLabel":"Recarei - Vermoim 3","labelSource":"osm-name","voltageRaw":"400000","circuits":null,"cables":"3","frequency":"50","location":null,"sourceProvider":"ArcGIS OSM Europe","sourceFallback":null,"sourceLicense":"ODbL 1.0","osmTimestamp":"2024-03-02T22:02:01Z"},"geometry":{"type":"LineString","coordinates":[[-8.4567429,41.1573929],[-8.4562779,41.1574711],[-8.4543259,41.1571834],[-8.4527376,41.1569746]]}},{"type":"Feature","properties":{"assetId":"PT-line-way-810821805","countryCode":"PT","assetType":"line","powerType":"line","osmType":"way","osmId":"810821805","actualVoltagesKv":[400],"actualVoltageKv":400,"gridClass":"400","displayClass":"400 kV sınıfı","name":"Recarei - Feira","ref":null,"operator":"REN","from":null,"to":null,"displayLabel":"Recarei - Feira","labelSource":"osm-name","voltageRaw":"400000","circuits":null,"cables":"3","frequency":"50","location":null,"sourceProvider":"ArcGIS OSM Europe","sourceFallback":null,"sourceLicense":"ODbL 1.0","osmTimestamp":"2024-03-02T22:02:01Z"},"geometry":{"type":"LineString","coordinates":[[-8.4610416,40.9598305],[-8.4629917,40.9604387]]}},{"type":"Feature","properties":{"assetId":"PT-line-way-810821806","countryCode":"PT","assetType":"line","powerType":"line","osmType":"way","osmId":"810821806","actualVoltagesKv":[400],"actualVoltageKv":400,"gridClass":"400","displayClass":"400 kV sınıfı","name":null,"ref":null,"operator":"REN","from":null,"to":null,"displayLabel":"REN · 400 kV · OSM 810821806","labelSource":"generated-identifier","voltageRaw":"400000","circuits":null,"cables":"3","frequency":"50","location":null,"sourceProvider":"ArcGIS OSM Europe","sourceFallback":null,"sourceLicense":"ODbL 1.0","osmTimestamp":"2024-02-29T16:01:12Z"},"geometry":{"type":"LineString","coordinates":[[-8.4611604,40.9596617],[-8.4629917,40.9604387]]}},{"type":"Feature","properties":{"assetId":"PT-line-way-810821807","countryCode":"PT","assetType":"line","powerType":"line","osmType":"way","osmId":"810821807","actualVoltagesKv":[400],"actualVoltageKv":400,"gridClass":"400","displayClass":"400 kV sınıfı","name":"Recarei - Feira","ref":null,"operator":"REN","from":null,"to":null,"displayLabel":"Recarei - Feira","labelSource":"osm-name","voltageRaw":"400000","circuits":null,"cables":"3","frequency":"50","location":null,"sourceProvider":"ArcGIS OSM Europe","sourceFallback":null,"sourceLicense":"ODbL 1.0","osmTimestamp":"2024-03-02T22:02:01Z"},"geometry":{"type":"LineString","coordinates":[[-8.4711939,40.96022],[-8.4709747,40.9650695],[-8.4707203,40.969195],[-8.4704822,40.9730567],[-8.4703662,40.9749385],[-8.4700718,40.979712],[-8.4698813,40.9828012],[-8.4696221,40.9871691],[-8.4694436,40.9901774],[-8.4692907,40.9927538],[-8.4690581,40.9964249],[-8.4688759,40.9994367],[-8.4686558,41.0030763],[-8.4684933,41.0060219],[-8.468327,41.0088917],[-8.4681504,41.0117905],[-8.4679242,41.0155042],[-8.4676918,41.0193197],[-8.4658892,41.0223376],[-8.4643864,41.0248537],[-8.4618656,41.0290736],[-8.4597132,41.0326767],[-8.4587111,41.03436],[-8.4572522,41.0368026],[-8.4554106,41.0398935],[-8.4539185,41.0423991],[-8.4526447,41.0445342],[-8.4502116,41.0485817],[-8.448818,41.0509444],[-8.446363,41.055055],[-8.4451088,41.058061],[-8.4437217,41.0614459],[-8.4422688,41.0649915],[-8.4423275,41.0687232],[-8.4424015,41.0708968],[-8.4424942,41.0736185],[-8.4425866,41.0763313],[-8.4426847,41.0792092],[-8.4428653,41.0845133],[-8.4430422,41.0897055],[-8.443133,41.0923709],[-8.4432484,41.095757],[-8.4433704,41.0993374],[-8.4435555,41.1047705],[-8.4445388,41.107184],[-8.4454011,41.1093004],[-8.4474623,41.1143592],[-8.4485941,41.1171201],[-8.449811,41.1200887],[-8.4508284,41.1225704],[-8.4523128,41.1261909],[-8.4539842,41.1301624],[-8.4531011,41.1356674],[-8.4523236,41.1410861],[-8.4517542,41.1448985],[-8.4512988,41.1480631],[-8.4508804,41.1510845],[-8.4510941,41.1528142],[-8.451335,41.1545898],[-8.4521171,41.1554511],[-8.4529992,41.155845]]}},{"type":"Feature","properties":{"assetId":"PT-line-way-812957499","countryCode":"PT","assetType":"line","powerType":"line","osmType":"way","osmId":"812957499","actualVoltagesKv":[400],"actualVoltageKv":400,"gridClass":"400","displayClass":"400 kV sınıfı","name":"Foz Tua - Armamar","ref":null,"operator":"REN","from":null,"to":null,"displayLabel":"Foz Tua - Armamar","labelSource":"osm-name","voltageRaw":"400000","circuits":null,"cables":"3","frequency":"50","location":null,"sourceProvider":"ArcGIS OSM Europe","sourceFallback":null,"sourceLicense":"ODbL 1.0","osmTimestamp":"2024-03-02T22:02:01Z"},"geometry":{"type":"LineString","coordinates":[[-7.3719161,41.1643102],[-7.3791219,41.1618062]]}},{"type":"Feature","properties":{"assetId":"PT-line-way-812957500","countryCode":"PT","assetType":"line","powerType":"line","osmType":"way","osmId":"812957500","actualVoltagesKv":[220,400],"actualVoltageKv":400,"gridClass":"400","displayClass":"400 kV sınıfı","name":null,"ref":null,"operator":"REN","from":null,"to":null,"displayLabel":"REN · 400 kV · OSM 812957500","labelSource":"generated-identifier","voltageRaw":"400000;220000","circuits":null,"cables":"6","frequency":"50","location":null,"sourceProvider":"ArcGIS OSM Europe","sourceFallback":null,"sourceLicense":"ODbL 1.0","osmTimestamp":"2024-03-02T22:02:01Z"},"geometry":{"type":"LineString","coordinates":[[-7.3473077,41.1977198],[-7.3480542,41.1958752],[-7.3492406,41.1924484],[-7.3507845,41.188568],[-7.3516385,41.1862459],[-7.3530739,41.1823221],[-7.3538488,41.1802075],[-7.3548841,41.1773086],[-7.3594546,41.1748496],[-7.3610746,41.1733112],[-7.3649907,41.1706906],[-7.3674368,41.1692409],[-7.3698401,41.1665352],[-7.3719161,41.1643102]]}},{"type":"Feature","properties":{"assetId":"PT-line-way-812957501","countryCode":"PT","assetType":"line","powerType":"line","osmType":"way","osmId":"812957501","actualVoltagesKv":[220,400],"actualVoltageKv":400,"gridClass":"400","displayClass":"400 kV sınıfı","name":null,"ref":null,"operator":"REN","from":null,"to":null,"displayLabel":"REN · 400 kV · OSM 812957501","labelSource":"generated-identifier","voltageRaw":"400000;220000","circuits":null,"cables":"9","frequency":"50","location":null,"sourceProvider":"ArcGIS OSM Europe","sourceFallback":null,"sourceLicense":"ODbL 1.0","osmTimestamp":"2023-11-26T12:22:06Z"},"geometry":{"type":"LineString","coordinates":[[-7.3791219,41.1618062],[-7.3843937,41.1612307],[-7.3868775,41.1606654],[-7.390084,41.1602342],[-7.3932772,41.1597849],[-7.3976492,41.1591912],[-7.4043869,41.1582824],[-7.407501,41.157823],[-7.4122351,41.1572606],[-7.415097,41.1574222],[-7.4197586,41.1560631],[-7.4231007,41.155543],[-7.4295085,41.1541223],[-7.4334299,41.1541385],[-7.4369436,41.1541587],[-7.4410956,41.154603],[-7.4454891,41.1550796],[-7.4492335,41.1544858],[-7.4516314,41.1534256]]}},{"type":"Feature","properties":{"assetId":"PT-line-way-812957502","countryCode":"PT","assetType":"line","powerType":"line","osmType":"way","osmId":"812957502","actualVoltagesKv":[400],"actualVoltageKv":400,"gridClass":"400","displayClass":"400 kV sınıfı","name":"Foz Tua - Armamar","ref":null,"operator":"REN","from":null,"to":null,"displayLabel":"Foz Tua - Armamar","labelSource":"osm-name","voltageRaw":"400000","circuits":null,"cables":"3","frequency":"50","location":null,"sourceProvider":"ArcGIS OSM Europe","sourceFallback":null,"sourceLicense":"ODbL 1.0","osmTimestamp":"2024-03-02T22:02:01Z"},"geometry":{"type":"LineString","coordinates":[[-7.4516314,41.1534256],[-7.4563631,41.1516373],[-7.4593406,41.1511936],[-7.4628197,41.1484075],[-7.4647563,41.1474663],[-7.4680393,41.1459858],[-7.4716549,41.1430772],[-7.4759759,41.1385283],[-7.4859082,41.1347992],[-7.489265,41.1335245],[-7.4989786,41.1292608],[-7.5033747,41.1280354],[-7.5072304,41.1269455],[-7.5106113,41.1254412],[-7.5139748,41.1239461],[-7.5174308,41.1225974],[-7.5206052,41.1213659],[-7.524127,41.1200182],[-7.5298548,41.1135337],[-7.5359582,41.1155363],[-7.5373529,41.1146816],[-7.5415908,41.1150756],[-7.5553023,41.1108481],[-7.5581293,41.1106945],[-7.5600015,41.1096597],[-7.5628635,41.1086453],[-7.5657013,41.1073943],[-7.5674795,41.1061797],[-7.568995,41.1051571],[-7.5743647,41.1037039],[-7.5801395,41.1051691],[-7.5833649,41.1060109],[-7.5892912,41.1074933],[-7.5924241,41.1083058],[-7.5960276,41.1092374],[-7.6016107,41.111515],[-7.605811,41.1125607],[-7.6099281,41.1125294],[-7.6140185,41.1112421],[-7.6179211,41.1111593],[-7.624455,41.1106208],[-7.637335,41.1096628],[-7.6412631,41.1094618],[-7.6438152,41.1092879],[-7.647404,41.1078692],[-7.65224,41.1059412],[-7.6553608,41.1047245],[-7.6588476,41.1033501],[-7.6597448,41.1012381],[-7.6609062,41.1000011],[-7.6610431,41.1006439]]}},{"type":"Feature","properties":{"assetId":"PT-line-way-813220087","countryCode":"PT","assetType":"line","powerType":"line","osmType":"way","osmId":"813220087","actualVoltagesKv":[400],"actualVoltageKv":400,"gridClass":"400","displayClass":"400 kV sınıfı","name":null,"ref":null,"operator":"REN","from":null,"to":null,"displayLabel":"REN · 400 kV · OSM 813220087","labelSource":"generated-identifier","voltageRaw":"400000","circuits":null,"cables":"6","frequency":"50","location":null,"sourceProvider":"ArcGIS OSM Europe","sourceFallback":null,"sourceLicense":"ODbL 1.0","osmTimestamp":"2023-11-24T12:08:35Z"},"geometry":{"type":"LineString","coordinates":[[-8.3241961,41.5760157],[-8.3248077,41.5755301],[-8.3269561,41.5745931]]}},{"type":"Feature","properties":{"assetId":"PT-line-way-813220088","countryCode":"PT","assetType":"line","powerType":"line","osmType":"way","osmId":"813220088","actualVoltagesKv":[400],"actualVoltageKv":400,"gridClass":"400","displayClass":"400 kV sınıfı","name":null,"ref":null,"operator":"REN","from":null,"to":null,"displayLabel":"REN · 400 kV · OSM 813220088","labelSource":"generated-identifier","voltageRaw":"400000","circuits":null,"cables":"3","frequency":"50","location":null,"sourceProvider":"ArcGIS OSM Europe","sourceFallback":null,"sourceLicense":"ODbL 1.0","osmTimestamp":"2023-11-24T12:08:35Z"},"geometry":{"type":"LineString","coordinates":[[-8.3269561,41.5745931],[-8.3290241,41.5741557],[-8.3311431,41.5745369]]}},{"type":"Feature","properties":{"assetId":"PT-line-way-813220089","countryCode":"PT","assetType":"line","powerType":"line","osmType":"way","osmId":"813220089","actualVoltagesKv":[400],"actualVoltageKv":400,"gridClass":"400","displayClass":"400 kV sınıfı","name":null,"ref":null,"operator":"REN","from":null,"to":null,"displayLabel":"REN · 400 kV · OSM 813220089","labelSource":"generated-identifier","voltageRaw":"400000","circuits":null,"cables":"3","frequency":"50","location":null,"sourceProvider":"ArcGIS OSM Europe","sourceFallback":null,"sourceLicense":"ODbL 1.0","osmTimestamp":"2024-02-29T16:01:12Z"},"geometry":{"type":"LineString","coordinates":[[-8.3237509,41.5763709],[-8.3241961,41.5760157]]}},{"type":"Feature","properties":{"assetId":"PT-line-way-813220090","countryCode":"PT","assetType":"line","powerType":"line","osmType":"way","osmId":"813220090","actualVoltagesKv":[400],"actualVoltageKv":400,"gridClass":"400","displayClass":"400 kV sınıfı","name":"Vieira do Minho - Pedralva 2","ref":null,"operator":"REN","from":null,"to":null,"displayLabel":"Vieira do Minho - Pedralva 2","labelSource":"osm-name","voltageRaw":"400000","circuits":null,"cables":"3","frequency":"50","location":null,"sourceProvider":"ArcGIS OSM Europe","sourceFallback":null,"sourceLicense":"ODbL 1.0","osmTimestamp":"2024-03-05T17:30:58Z"},"geometry":{"type":"LineString","coordinates":[[-8.3229241,41.5762033],[-8.3230019,41.5752081],[-8.3228518,41.5736553],[-8.3181446,41.5697203],[-8.314647,41.5691604],[-8.310975,41.5698809]]}},{"type":"Feature","properties":{"assetId":"PT-line-way-813220091","countryCode":"PT","assetType":"line","powerType":"line","osmType":"way","osmId":"813220091","actualVoltagesKv":[400],"actualVoltageKv":400,"gridClass":"400","displayClass":"400 kV sınıfı","name":null,"ref":null,"operator":"REN","from":null,"to":null,"displayLabel":"REN · 400 kV · OSM 813220091","labelSource":"generated-identifier","voltageRaw":"400000","circuits":null,"cables":"6","frequency":"50","location":null,"sourceProvider":"ArcGIS OSM Europe","sourceFallback":null,"sourceLicense":"ODbL 1.0","osmTimestamp":"2024-03-02T22:02:01Z"},"geometry":{"type":"LineString","coordinates":[[-8.037207,41.6868387],[-8.0361664,41.6854044],[-8.0342406,41.6816364],[-8.0325857,41.6773834],[-8.0315289,41.6733686],[-8.0310997,41.6715745]]}},{"type":"Feature","properties":{"assetId":"PT-line-way-813220092","countryCode":"PT","assetType":"line","powerType":"line","osmType":"way","osmId":"813220092","actualVoltagesKv":[400],"actualVoltageKv":400,"gridClass":"400","displayClass":"400 kV sınıfı","name":"Vieira do Minho - Pedralva 1","ref":null,"operator":"REN","from":null,"to":null,"displayLabel":"Vieira do Minho - Pedralva 1","labelSource":"osm-name","voltageRaw":"400000","circuits":null,"cables":"3","frequency":"50","location":null,"sourceProvider":"ArcGIS OSM Europe","sourceFallback":null,"sourceLicense":"ODbL 1.0","osmTimestamp":"2024-03-02T22:02:01Z"},"geometry":{"type":"LineString","coordinates":[[-8.0436241,41.6868926],[-8.0402367,41.6874582],[-8.037207,41.6868387]]}},{"type":"Feature","properties":{"assetId":"PT-line-way-813220093","countryCode":"PT","assetType":"line","powerType":"line","osmType":"way","osmId":"813220093","actualVoltagesKv":[400],"actualVoltageKv":400,"gridClass":"400","displayClass":"400 kV sınıfı","name":"Vieira do Minho - Pedralva 2","ref":null,"operator":"REN","from":null,"to":null,"displayLabel":"Vieira do Minho - Pedralva 2","labelSource":"osm-name","voltageRaw":"400000","circuits":null,"cables":"3","frequency":"50","location":null,"sourceProvider":"ArcGIS OSM Europe","sourceFallback":null,"sourceLicense":"ODbL 1.0","osmTimestamp":"2024-03-02T22:02:01Z"},"geometry":{"type":"LineString","coordinates":[[-8.2303961,41.6446649],[-8.227097,41.6454466]]}},{"type":"Feature","properties":{"assetId":"PT-line-way-813220094","countryCode":"PT","assetType":"line","powerType":"line","osmType":"way","osmId":"813220094","actualVoltagesKv":[400],"actualVoltageKv":400,"gridClass":"400","displayClass":"400 kV sınıfı","name":null,"ref":null,"operator":"REN","from":null,"to":null,"displayLabel":"REN · 400 kV · OSM 813220094","labelSource":"generated-identifier","voltageRaw":"400000","circuits":null,"cables":"6","frequency":"50","location":null,"sourceProvider":"ArcGIS OSM Europe","sourceFallback":null,"sourceLicense":"ODbL 1.0","osmTimestamp":"2024-02-29T16:01:12Z"},"geometry":{"type":"LineString","coordinates":[[-8.0302186,41.6725742],[-8.0317864,41.6767504],[-8.0335727,41.6814761],[-8.0346015,41.6839911]]}},{"type":"Feature","properties":{"assetId":"PT-line-way-813220095","countryCode":"PT","assetType":"line","powerType":"line","osmType":"way","osmId":"813220095","actualVoltagesKv":[400],"actualVoltageKv":400,"gridClass":"400","displayClass":"400 kV sınıfı","name":"Vieira do Minho - Pedralva 2","ref":null,"operator":"REN","from":null,"to":null,"displayLabel":"Vieira do Minho - Pedralva 2","labelSource":"osm-name","voltageRaw":"400000","circuits":null,"cables":"3","frequency":"50","location":null,"sourceProvider":"ArcGIS OSM Europe","sourceFallback":null,"sourceLicense":"ODbL 1.0","osmTimestamp":"2024-03-02T22:02:01Z"},"geometry":{"type":"LineString","coordinates":[[-8.0304644,41.671358],[-8.0307926,41.6716667],[-8.0302186,41.6725742]]}},{"type":"Feature","properties":{"assetId":"PT-line-way-813220096","countryCode":"PT","assetType":"line","powerType":"line","osmType":"way","osmId":"813220096","actualVoltagesKv":[400],"actualVoltageKv":400,"gridClass":"400","displayClass":"400 kV sınıfı","name":"Salamonde - Vieira do Minho","ref":null,"operator":"REN","from":null,"to":null,"displayLabel":"Salamonde - Vieira do Minho","labelSource":"osm-name","voltageRaw":"400000","circuits":null,"cables":"3","frequency":"50","location":null,"sourceProvider":"ArcGIS OSM Europe","sourceFallback":null,"sourceLicense":"ODbL 1.0","osmTimestamp":"2024-03-02T22:02:01Z"},"geometry":{"type":"LineString","coordinates":[[-8.0310997,41.6715745],[-8.0306582,41.6712355]]}},{"type":"Feature","properties":{"assetId":"PT-line-way-813220097","countryCode":"PT","assetType":"line","powerType":"line","osmType":"way","osmId":"813220097","actualVoltagesKv":[400],"actualVoltageKv":400,"gridClass":"400","displayClass":"400 kV sınıfı","name":"Vieira do Minho - Pedralva 1","ref":null,"operator":"REN","from":null,"to":null,"displayLabel":"Vieira do Minho - Pedralva 1","labelSource":"osm-name","voltageRaw":"400000","circuits":null,"cables":"3","frequency":"50","location":null,"sourceProvider":"ArcGIS OSM Europe","sourceFallback":null,"sourceLicense":"ODbL 1.0","osmTimestamp":"2024-03-02T22:02:01Z"},"geometry":{"type":"LineString","coordinates":[[-8.0310997,41.6715745],[-8.030852,41.671113]]}},{"type":"Feature","properties":{"assetId":"PT-line-way-813258549","countryCode":"PT","assetType":"line","powerType":"line","osmType":"way","osmId":"813258549","actualVoltagesKv":[400],"actualVoltageKv":400,"gridClass":"400","displayClass":"400 kV sınıfı","name":"Pedralva - Riba d'Ave","ref":null,"operator":"REN","from":null,"to":null,"displayLabel":"Pedralva - Riba d'Ave","labelSource":"osm-name","voltageRaw":"400000","circuits":null,"cables":"3","frequency":"50","location":null,"sourceProvider":"ArcGIS OSM Europe","sourceFallback":null,"sourceLicense":"ODbL 1.0","osmTimestamp":"2024-03-02T22:02:01Z"},"geometry":{"type":"LineString","coordinates":[[-8.3231997,41.5762592],[-8.3239836,41.5756957]]}},{"type":"Feature","properties":{"assetId":"PT-line-way-813258550","countryCode":"PT","assetType":"line","powerType":"line","osmType":"way","osmId":"813258550","actualVoltagesKv":[400],"actualVoltageKv":400,"gridClass":"400","displayClass":"400 kV sınıfı","name":null,"ref":null,"operator":"REN","from":null,"to":null,"displayLabel":"REN · 400 kV · OSM 813258550","labelSource":"generated-identifier","voltageRaw":"400000","circuits":null,"cables":"3","frequency":"50","location":null,"sourceProvider":"ArcGIS OSM Europe","sourceFallback":null,"sourceLicense":"ODbL 1.0","osmTimestamp":"2024-02-29T16:01:12Z"},"geometry":{"type":"LineString","coordinates":[[-8.3234753,41.576315],[-8.3239836,41.5756957]]}},{"type":"Feature","properties":{"assetId":"PT-line-way-813429120","countryCode":"PT","assetType":"line","powerType":"line","osmType":"way","osmId":"813429120","actualVoltagesKv":[220,400],"actualVoltageKv":400,"gridClass":"400","displayClass":"400 kV sınıfı","name":null,"ref":null,"operator":"REN","from":null,"to":null,"displayLabel":"REN · 400 kV · OSM 813429120","labelSource":"generated-identifier","voltageRaw":"400000;220000","circuits":null,"cables":"6","frequency":"50","location":null,"sourceProvider":"ArcGIS OSM Europe","sourceFallback":null,"sourceLicense":"ODbL 1.0","osmTimestamp":"2023-11-24T12:08:35Z"},"geometry":{"type":"LineString","coordinates":[[-8.4685696,41.2177988],[-8.4646156,41.216974],[-8.4558898,41.2152135],[-8.4504686,41.2141236],[-8.4480809,41.2136594],[-8.4421053,41.2123798],[-8.4381018,41.2114586],[-8.434731,41.2104815],[-8.4305138,41.2070638],[-8.4230744,41.204207],[-8.4135539,41.2062317],[-8.41127,41.2073793],[-8.4067617,41.2095864],[-8.4007449,41.2096298],[-8.3983677,41.2092366],[-8.3957854,41.208636],[-8.3901038,41.2065914],[-8.3860263,41.2051453],[-8.3818349,41.2037159],[-8.3782005,41.2024444],[-8.373379,41.200735],[-8.3686436,41.1991186],[-8.3649815,41.1977303],[-8.3569865,41.1947957]]}},{"type":"Feature","properties":{"assetId":"PT-line-way-813429121","countryCode":"PT","assetType":"line","powerType":"line","osmType":"way","osmId":"813429121","actualVoltagesKv":[400],"actualVoltageKv":400,"gridClass":"400","displayClass":"400 kV sınıfı","name":"Armamar - Recarei","ref":null,"operator":"REN","from":null,"to":null,"displayLabel":"Armamar - Recarei","labelSource":"osm-name","voltageRaw":"400000","circuits":null,"cables":"3","frequency":"50","location":null,"sourceProvider":"ArcGIS OSM Europe","sourceFallback":null,"sourceLicense":"ODbL 1.0","osmTimestamp":"2024-03-04T15:14:48Z"},"geometry":{"type":"LineString","coordinates":[[-8.4527024,41.1571162],[-8.4514707,41.1571676]]}},{"type":"Feature","properties":{"assetId":"PT-line-way-813429122","countryCode":"PT","assetType":"line","powerType":"line","osmType":"way","osmId":"813429122","actualVoltagesKv":[400],"actualVoltageKv":400,"gridClass":"400","displayClass":"400 kV sınıfı","name":null,"ref":null,"operator":"REN","from":null,"to":null,"displayLabel":"REN · 400 kV · OSM 813429122","labelSource":"generated-identifier","voltageRaw":"400000","circuits":null,"cables":"3","frequency":"50","location":null,"sourceProvider":"ArcGIS OSM Europe","sourceFallback":null,"sourceLicense":"ODbL 1.0","osmTimestamp":"2024-02-29T16:01:12Z"},"geometry":{"type":"LineString","coordinates":[[-8.4525997,41.1575297],[-8.4514707,41.1571676]]}},{"type":"Feature","properties":{"assetId":"PT-line-way-813429123","countryCode":"PT","assetType":"line","powerType":"line","osmType":"way","osmId":"813429123","actualVoltagesKv":[400],"actualVoltageKv":400,"gridClass":"400","displayClass":"400 kV sınıfı","name":null,"ref":null,"operator":"REN","from":null,"to":null,"displayLabel":"REN · 400 kV · OSM 813429123","labelSource":"generated-identifier","voltageRaw":"400000","circuits":null,"cables":"3","frequency":null,"location":null,"sourceProvider":"ArcGIS OSM Europe","sourceFallback":null,"sourceLicense":"ODbL 1.0","osmTimestamp":"2024-02-29T16:01:12Z"},"geometry":{"type":"LineString","coordinates":[[-8.4525551,41.1577089],[-8.4537253,41.1578684]]}},{"type":"Feature","properties":{"assetId":"PT-line-way-813583232","countryCode":"PT","assetType":"line","powerType":"line","osmType":"way","osmId":"813583232","actualVoltagesKv":[400],"actualVoltageKv":400,"gridClass":"400","displayClass":"400 kV sınıfı","name":null,"ref":null,"operator":"REN","from":null,"to":null,"displayLabel":"REN · 400 kV · OSM 813583232","labelSource":"generated-identifier","voltageRaw":"400000","circuits":null,"cables":"3","frequency":"50","location":null,"sourceProvider":"ArcGIS OSM Europe","sourceFallback":null,"sourceLicense":"ODbL 1.0","osmTimestamp":"2024-02-29T16:01:12Z"},"geometry":{"type":"LineString","coordinates":[[-9.0007285,39.3388448],[-9.0009264,39.3388771],[-9.0015926,39.338986],[-9.0018265,39.339023]]}},{"type":"Feature","properties":{"assetId":"PT-line-way-813583233","countryCode":"PT","assetType":"line","powerType":"line","osmType":"way","osmId":"813583233","actualVoltagesKv":[400],"actualVoltageKv":400,"gridClass":"400","displayClass":"400 kV sınıfı","name":null,"ref":null,"operator":"REN","from":null,"to":null,"displayLabel":"REN · 400 kV · OSM 813583233","labelSource":"generated-identifier","voltageRaw":"400000","circuits":null,"cables":"3","frequency":"50","location":null,"sourceProvider":"ArcGIS OSM Europe","sourceFallback":null,"sourceLicense":"ODbL 1.0","osmTimestamp":"2024-02-29T16:01:12Z"},"geometry":{"type":"LineString","coordinates":[[-8.8361635,40.0572839],[-8.8365055,40.0578988],[-8.836845,40.0584916],[-8.8368562,40.0585115]]}},{"type":"Feature","properties":{"assetId":"PT-line-way-813583234","countryCode":"PT","assetType":"line","powerType":"line","osmType":"way","osmId":"813583234","actualVoltagesKv":[400],"actualVoltageKv":400,"gridClass":"400","displayClass":"400 kV sınıfı","name":null,"ref":null,"operator":"REN","from":null,"to":null,"displayLabel":"REN · 400 kV · OSM 813583234","labelSource":"generated-identifier","voltageRaw":"400000","circuits":null,"cables":"3","frequency":"50","location":null,"sourceProvider":"ArcGIS OSM Europe","sourceFallback":null,"sourceLicense":"ODbL 1.0","osmTimestamp":"2024-02-29T16:01:12Z"},"geometry":{"type":"LineString","coordinates":[[-8.8363888,40.0572091],[-8.835852,40.0566235]]}},{"type":"Feature","properties":{"assetId":"PT-line-way-813583235","countryCode":"PT","assetType":"line","powerType":"line","osmType":"way","osmId":"813583235","actualVoltagesKv":[400],"actualVoltageKv":400,"gridClass":"400","displayClass":"400 kV sınıfı","name":null,"ref":null,"operator":"REN","from":null,"to":null,"displayLabel":"REN · 400 kV · OSM 813583235","labelSource":"generated-identifier","voltageRaw":"400000","circuits":null,"cables":"3","frequency":"50","location":null,"sourceProvider":"ArcGIS OSM Europe","sourceFallback":null,"sourceLicense":"ODbL 1.0","osmTimestamp":"2024-02-29T16:01:12Z"},"geometry":{"type":"LineString","coordinates":[[-8.836614,40.0571343],[-8.836956,40.0577492],[-8.8373067,40.0583619]]}},{"type":"Feature","properties":{"assetId":"PT-line-way-813583236","countryCode":"PT","assetType":"line","powerType":"line","osmType":"way","osmId":"813583236","actualVoltagesKv":[400],"actualVoltageKv":400,"gridClass":"400","displayClass":"400 kV sınıfı","name":null,"ref":null,"operator":"REN","from":null,"to":null,"displayLabel":"REN · 400 kV · OSM 813583236","labelSource":"generated-identifier","voltageRaw":"400000","circuits":null,"cables":"3","frequency":"50","location":null,"sourceProvider":"ArcGIS OSM Europe","sourceFallback":null,"sourceLicense":"ODbL 1.0","osmTimestamp":"2024-02-29T16:01:12Z"},"geometry":{"type":"LineString","coordinates":[[-8.8368393,40.0570595],[-8.8363904,40.0565549]]}},{"type":"Feature","properties":{"assetId":"PT-line-way-813583237","countryCode":"PT","assetType":"line","powerType":"line","osmType":"way","osmId":"813583237","actualVoltagesKv":[400],"actualVoltageKv":400,"gridClass":"400","displayClass":"400 kV sınıfı","name":null,"ref":null,"operator":"REN","from":null,"to":null,"displayLabel":"REN · 400 kV · OSM 813583237","labelSource":"generated-identifier","voltageRaw":"400000","circuits":null,"cables":"3","frequency":"50","location":null,"sourceProvider":"ArcGIS OSM Europe","sourceFallback":null,"sourceLicense":"ODbL 1.0","osmTimestamp":"2024-02-29T16:01:12Z"},"geometry":{"type":"LineString","coordinates":[[-8.837748,40.0589097],[-8.837532,40.0582871]]}},{"type":"Feature","properties":{"assetId":"PT-line-way-813583238","countryCode":"PT","assetType":"line","powerType":"line","osmType":"way","osmId":"813583238","actualVoltagesKv":[400],"actualVoltageKv":400,"gridClass":"400","displayClass":"400 kV sınıfı","name":null,"ref":null,"operator":"REN","from":null,"to":null,"displayLabel":"REN · 400 kV · OSM 813583238","labelSource":"generated-identifier","voltageRaw":"400000","circuits":null,"cables":"3","frequency":"50","location":null,"sourceProvider":"ArcGIS OSM Europe","sourceFallback":null,"sourceLicense":"ODbL 1.0","osmTimestamp":"2024-02-29T16:01:12Z"},"geometry":{"type":"LineString","coordinates":[[-8.8373067,40.0583619],[-8.837748,40.0589097]]}},{"type":"Feature","properties":{"assetId":"PT-line-way-813649762","countryCode":"PT","assetType":"line","powerType":"line","osmType":"way","osmId":"813649762","actualVoltagesKv":[400],"actualVoltageKv":400,"gridClass":"400","displayClass":"400 kV sınıfı","name":null,"ref":null,"operator":"REN","from":null,"to":null,"displayLabel":"REN · 400 kV · OSM 813649762","labelSource":"generated-identifier","voltageRaw":"400000","circuits":null,"cables":"3","frequency":null,"location":null,"sourceProvider":"ArcGIS OSM Europe","sourceFallback":null,"sourceLicense":"ODbL 1.0","osmTimestamp":"2024-03-01T15:45:11Z"},"geometry":{"type":"LineString","coordinates":[[-9.2398841,38.7787521],[-9.239706,38.7785355],[-9.2390911,38.7774695]]}},{"type":"Feature","properties":{"assetId":"PT-line-way-813649763","countryCode":"PT","assetType":"line","powerType":"line","osmType":"way","osmId":"813649763","actualVoltagesKv":[400],"actualVoltageKv":400,"gridClass":"400","displayClass":"400 kV sınıfı","name":null,"ref":null,"operator":"REN","from":null,"to":null,"displayLabel":"REN · 400 kV · OSM 813649763","labelSource":"generated-identifier","voltageRaw":"400000","circuits":null,"cables":"3","frequency":"50","location":null,"sourceProvider":"ArcGIS OSM Europe","sourceFallback":null,"sourceLicense":"ODbL 1.0","osmTimestamp":"2024-02-29T16:01:12Z"},"geometry":{"type":"LineString","coordinates":[[-9.2405634,38.7809655],[-9.2396452,38.7788161]]}},{"type":"Feature","properties":{"assetId":"PT-line-way-813954329","countryCode":"PT","assetType":"line","powerType":"line","osmType":"way","osmId":"813954329","actualVoltagesKv":[400],"actualVoltageKv":400,"gridClass":"400","displayClass":"400 kV sınıfı","name":null,"ref":null,"operator":"REN","from":null,"to":null,"displayLabel":"REN · 400 kV · OSM 813954329","labelSource":"generated-identifier","voltageRaw":"400000","circuits":null,"cables":"3","frequency":"50","location":null,"sourceProvider":"ArcGIS OSM Europe","sourceFallback":null,"sourceLicense":"ODbL 1.0","osmTimestamp":"2024-02-29T16:01:12Z"},"geometry":{"type":"LineString","coordinates":[[-9.1198965,38.5819177],[-9.1194329,38.58195]]}},{"type":"Feature","properties":{"assetId":"PT-line-way-813954330","countryCode":"PT","assetType":"line","powerType":"line","osmType":"way","osmId":"813954330","actualVoltagesKv":[400],"actualVoltageKv":400,"gridClass":"400","displayClass":"400 kV sınıfı","name":"Palmela - Fernão Ferro 5","ref":null,"operator":"REN","from":null,"to":null,"displayLabel":"Palmela - Fernão Ferro 5","labelSource":"osm-name","voltageRaw":"400000","circuits":null,"cables":"3","frequency":"50","location":null,"sourceProvider":"ArcGIS OSM Europe","sourceFallback":null,"sourceLicense":"ODbL 1.0","osmTimestamp":"2024-03-02T22:02:01Z"},"geometry":{"type":"LineString","coordinates":[[-8.8566818,38.572648],[-8.855812,38.5728828],[-8.854395,38.5741917],[-8.8539163,38.5757206],[-8.8528157,38.5793277],[-8.8532495,38.5825165]]}},{"type":"Feature","properties":{"assetId":"PT-line-way-813954334","countryCode":"PT","assetType":"line","powerType":"line","osmType":"way","osmId":"813954334","actualVoltagesKv":[400],"actualVoltageKv":400,"gridClass":"400","displayClass":"400 kV sınıfı","name":"Alcochete - Fanhões","ref":"L 4106","operator":"REN","from":null,"to":null,"displayLabel":"Alcochete - Fanhões","labelSource":"osm-name","voltageRaw":"400000","circuits":null,"cables":"3","frequency":"50","location":null,"sourceProvider":"ArcGIS OSM Europe","sourceFallback":null,"sourceLicense":"ODbL 1.0","osmTimestamp":"2024-03-01T12:05:19Z"},"geometry":{"type":"LineString","coordinates":[[-9.1361384,38.8903372],[-9.1360387,38.8908742],[-9.1372124,38.8946296],[-9.1402579,38.9020915],[-9.140738,38.9067969],[-9.1410274,38.909795],[-9.1412612,38.9121588],[-9.1408612,38.9137107],[-9.1384096,38.9156326],[-9.1354636,38.917942],[-9.130545,38.9202636],[-9.126373,38.9222],[-9.1199096,38.9252595],[-9.1170376,38.9266189],[-9.1097574,38.9300441],[-9.1058853,38.9318658],[-9.1010681,38.934132],[-9.0975942,38.9357666],[-9.0954976,38.9367531],[-9.0915479,38.9386115],[-9.0847575,38.9418064],[-9.0810135,38.9435679],[-9.0775746,38.9451858],[-9.0740274,38.9468546],[-9.0719429,38.9479018],[-9.0650236,38.951363],[-9.0623749,38.9526879],[-9.0580799,38.9548358],[-9.0534581,38.9571577],[-9.0498571,38.9589477],[-9.0479424,38.9599052],[-9.0436644,38.9620443],[-9.0402727,38.9637402],[-9.036404,38.9656746],[-9.033028,38.9673626],[-9.0285188,38.9696146],[-9.0208282,38.9734553],[-9.0149625,38.9757806],[-9.010206,38.9776684],[-9.004981,38.9797442],[-9.0016593,38.9810769],[-8.9969618,38.982922],[-8.9900836,38.9856596],[-8.9861113,38.9857766],[-8.983644,38.9858493],[-8.9798908,38.9840018],[-8.9782924,38.982676],[-8.9752013,38.9801462],[-8.9726465,38.9780564],[-8.9712056,38.9736142],[-8.9703269,38.9708486],[-8.9691741,38.9673023],[-8.9667032,38.9639145],[-8.962866,38.9586501],[-8.9601392,38.9548413],[-8.9575843,38.951334],[-8.9553137,38.9482093],[-8.9529498,38.9449591],[-8.9506443,38.9417833],[-8.9487133,38.9391298],[-8.9468261,38.9365309],[-8.9457113,38.9349954],[-8.9415275,38.932718],[-8.9375861,38.9305668],[-8.9339999,38.9286071],[-8.9304354,38.9266668],[-8.9265204,38.9245035],[-8.9224699,38.9222936],[-8.918597,38.9201888],[-8.914519,38.9179589],[-8.9105764,38.9158031],[-8.9068734,38.9137863],[-8.904451,38.9124638],[-8.899416,38.9097139],[-8.8975193,38.9062437],[-8.8961924,38.9038216],[-8.8946874,38.9010685],[-8.8926431,38.8973011],[-8.8909075,38.8941386],[-8.8906284,38.8936273],[-8.8894551,38.8914772],[-8.8894342,38.8876689],[-8.8894105,38.8837864],[-8.8893881,38.879819],[-8.8893591,38.876],[-8.8893334,38.8720301],[-8.8893141,38.8683874],[-8.8892885,38.8647832],[-8.889265,38.8612458],[-8.8892487,38.8579104],[-8.8892297,38.8544009],[-8.8892085,38.8510081],[-8.8891883,38.8476452],[-8.8891668,38.8444813],[-8.8891547,38.8412335],[-8.8891222,38.83691],[-8.8890978,38.8329238],[-8.8890714,38.8286364],[-8.889053,38.8256763],[-8.8890421,38.8219409],[-8.8890124,38.8187386],[-8.8889838,38.8147739],[-8.888961,38.8108099],[-8.8889444,38.8068461],[-8.8889144,38.8031002],[-8.8889099,38.7992323],[-8.8888759,38.7953186],[-8.8888579,38.7913104],[-8.8887908,38.7874759],[-8.8887893,38.7842419],[-8.8887664,38.7809574],[-8.8887389,38.7776555],[-8.8887263,38.7741928],[-8.8887042,38.7701889],[-8.8886848,38.7671397],[-8.8886481,38.7634289],[-8.8886473,38.7598945],[-8.8885953,38.7564709],[-8.8885902,38.7530959],[-8.8885851,38.7494101],[-8.8885527,38.7461219],[-8.8885305,38.7431528],[-8.8885102,38.7391698],[-8.8884829,38.7349799],[-8.8877428,38.7318362],[-8.8878328,38.7285779],[-8.8879363,38.7249842],[-8.8880443,38.7215584],[-8.8881545,38.7177403],[-8.8882358,38.7151152],[-8.8883227,38.7124413],[-8.8901456,38.7100615]]}},{"type":"Feature","properties":{"assetId":"PT-line-way-813954338","countryCode":"PT","assetType":"line","powerType":"line","osmType":"way","osmId":"813954338","actualVoltagesKv":[400],"actualVoltageKv":400,"gridClass":"400","displayClass":"400 kV sınıfı","name":"Alcochete - Palmela","ref":null,"operator":"REN","from":null,"to":null,"displayLabel":"Alcochete - Palmela","labelSource":"osm-name","voltageRaw":"400000","circuits":null,"cables":"3","frequency":"50","location":null,"sourceProvider":"ArcGIS OSM Europe","sourceFallback":null,"sourceLicense":"ODbL 1.0","osmTimestamp":"2024-03-01T12:05:19Z"},"geometry":{"type":"LineString","coordinates":[[-8.8981788,38.7023005],[-8.8976102,38.7023694],[-8.8953558,38.7017728],[-8.8916074,38.6977663],[-8.8878711,38.6976218],[-8.8844338,38.6975182],[-8.8786268,38.697131],[-8.8766991,38.6964361],[-8.8752826,38.6924536],[-8.8739439,38.6887265],[-8.8725252,38.6847571],[-8.8708479,38.6800716],[-8.8695226,38.6763704],[-8.8683321,38.6730644],[-8.8670885,38.6695809],[-8.8665656,38.6659938],[-8.866048,38.6625399],[-8.8655147,38.6589029],[-8.8650218,38.6554683],[-8.8644202,38.6513684],[-8.8639016,38.6478662],[-8.863453,38.644655],[-8.862925,38.6410541],[-8.8623931,38.6373823],[-8.8619584,38.6344352],[-8.8614656,38.6310456],[-8.8610614,38.6283041],[-8.8606488,38.6252837],[-8.8601259,38.6219509],[-8.8596471,38.6182059],[-8.8590455,38.6141373],[-8.8586599,38.6115832],[-8.8581938,38.6082902],[-8.8576657,38.6046837],[-8.8570697,38.6004899],[-8.8564889,38.5965622],[-8.8559383,38.5927566],[-8.8554344,38.5893259],[-8.8549145,38.5859871],[-8.8545026,38.5829741],[-8.8539935,38.5794638],[-8.8549253,38.5761406],[-8.8560689,38.5752085],[-8.8569443,38.5749085]]}},{"type":"Feature","properties":{"assetId":"PT-line-way-897569116","countryCode":"PT","assetType":"line","powerType":"line","osmType":"way","osmId":"897569116","actualVoltagesKv":[400],"actualVoltageKv":400,"gridClass":"400","displayClass":"400 kV sınıfı","name":"Central do Pego - Pego 3","ref":null,"operator":"REN","from":null,"to":null,"displayLabel":"Central do Pego - Pego 3","labelSource":"osm-name","voltageRaw":"400000","circuits":null,"cables":null,"frequency":null,"location":null,"sourceProvider":"ArcGIS OSM Europe","sourceFallback":null,"sourceLicense":"ODbL 1.0","osmTimestamp":"2024-03-02T02:04:55Z"},"geometry":{"type":"LineString","coordinates":[[-8.1125716,39.4680233],[-8.1133233,39.4674555],[-8.1138683,39.4670242]]}},{"type":"Feature","properties":{"assetId":"PT-line-way-943814234","countryCode":"PT","assetType":"line","powerType":"line","osmType":"way","osmId":"943814234","actualVoltagesKv":[400],"actualVoltageKv":400,"gridClass":"400","displayClass":"400 kV sınıfı","name":null,"ref":null,"operator":"REN","from":null,"to":null,"displayLabel":"REN · 400 kV · OSM 943814234","labelSource":"generated-identifier","voltageRaw":"400000","circuits":null,"cables":"3","frequency":null,"location":null,"sourceProvider":"ArcGIS OSM Europe","sourceFallback":null,"sourceLicense":"ODbL 1.0","osmTimestamp":"2024-02-29T16:01:12Z"},"geometry":{"type":"LineString","coordinates":[[-8.8982619,38.7024754],[-8.8990876,38.7022362],[-8.8998419,38.7020177]]}},{"type":"Feature","properties":{"assetId":"PT-line-way-943814235","countryCode":"PT","assetType":"line","powerType":"line","osmType":"way","osmId":"943814235","actualVoltagesKv":[400],"actualVoltageKv":400,"gridClass":"400","displayClass":"400 kV sınıfı","name":null,"ref":null,"operator":"REN","from":null,"to":null,"displayLabel":"REN · 400 kV · OSM 943814235","labelSource":"generated-identifier","voltageRaw":"400000","circuits":null,"cables":"3","frequency":null,"location":null,"sourceProvider":"ArcGIS OSM Europe","sourceFallback":null,"sourceLicense":"ODbL 1.0","osmTimestamp":"2024-02-29T16:01:12Z"},"geometry":{"type":"LineString","coordinates":[[-8.8981788,38.7023005],[-8.899004,38.7020571],[-8.8998666,38.7018054]]}},{"type":"Feature","properties":{"assetId":"PT-line-way-964625641","countryCode":"PT","assetType":"line","powerType":"line","osmType":"way","osmId":"964625641","actualVoltagesKv":[400],"actualVoltageKv":400,"gridClass":"400","displayClass":"400 kV sınıfı","name":null,"ref":null,"operator":"Iberdrola","from":null,"to":null,"displayLabel":"Iberdrola · 400 kV · OSM 964625641","labelSource":"generated-identifier","voltageRaw":"400000","circuits":null,"cables":"6","frequency":null,"location":null,"sourceProvider":"ArcGIS OSM Europe","sourceFallback":null,"sourceLicense":"ODbL 1.0","osmTimestamp":"2023-12-05T11:31:40Z"},"geometry":{"type":"LineString","coordinates":[[-7.7629205,41.5386852],[-7.7550525,41.540106],[-7.748462,41.5445773],[-7.7438378,41.5473957],[-7.7412844,41.5489454],[-7.7359736,41.5521731],[-7.7296329,41.5575443],[-7.7283575,41.5595663],[-7.7258643,41.564974],[-7.7255398,41.5676169],[-7.7263499,41.5693668],[-7.7281401,41.5709874]]}},{"type":"Feature","properties":{"assetId":"PT-line-way-964625642","countryCode":"PT","assetType":"line","powerType":"line","osmType":"way","osmId":"964625642","actualVoltagesKv":[400],"actualVoltageKv":400,"gridClass":"400","displayClass":"400 kV sınıfı","name":null,"ref":null,"operator":"Iberdrola","from":null,"to":null,"displayLabel":"Iberdrola · 400 kV · OSM 964625642","labelSource":"generated-identifier","voltageRaw":"400000","circuits":null,"cables":"3","frequency":null,"location":null,"sourceProvider":"ArcGIS OSM Europe","sourceFallback":null,"sourceLicense":"ODbL 1.0","osmTimestamp":"2023-12-05T11:31:40Z"},"geometry":{"type":"LineString","coordinates":[[-7.7658122,41.5379156],[-7.7651072,41.5383945],[-7.7629205,41.5386852]]}},{"type":"Feature","properties":{"assetId":"PT-line-way-964625643","countryCode":"PT","assetType":"line","powerType":"line","osmType":"way","osmId":"964625643","actualVoltagesKv":[400],"actualVoltageKv":400,"gridClass":"400","displayClass":"400 kV sınıfı","name":null,"ref":null,"operator":"Iberdrola","from":null,"to":null,"displayLabel":"Iberdrola · 400 kV · OSM 964625643","labelSource":"generated-identifier","voltageRaw":"400000","circuits":null,"cables":"3","frequency":null,"location":null,"sourceProvider":"ArcGIS OSM Europe","sourceFallback":null,"sourceLicense":"ODbL 1.0","osmTimestamp":"2023-12-05T11:31:40Z"},"geometry":{"type":"LineString","coordinates":[[-7.7656519,41.5377681],[-7.7648238,41.538167],[-7.7629205,41.5386852]]}},{"type":"Feature","properties":{"assetId":"PT-line-way-964625645","countryCode":"PT","assetType":"line","powerType":"line","osmType":"way","osmId":"964625645","actualVoltagesKv":[400],"actualVoltageKv":400,"gridClass":"400","displayClass":"400 kV sınıfı","name":"Daivões - Ribeira de Pena","ref":null,"operator":"REN","from":null,"to":null,"displayLabel":"Daivões - Ribeira de Pena","labelSource":"osm-name","voltageRaw":"400000","circuits":null,"cables":"3","frequency":null,"location":null,"sourceProvider":"ArcGIS OSM Europe","sourceFallback":null,"sourceLicense":"ODbL 1.0","osmTimestamp":"2024-03-02T02:04:55Z"},"geometry":{"type":"LineString","coordinates":[[-7.8120893,41.5503184],[-7.8127599,41.5494673],[-7.8145194,41.5500293],[-7.8164275,41.5523666],[-7.8203559,41.553811],[-7.8258383,41.5532088],[-7.8287888,41.5526789],[-7.8322649,41.5509768],[-7.8363955,41.5486242],[-7.8396893,41.5459664],[-7.8431332,41.5430436],[-7.8466576,41.5404016],[-7.8498817,41.5380246],[-7.8530359,41.5356796],[-7.8543019,41.5326277],[-7.8548234,41.5293233],[-7.8577281,41.524631],[-7.8605528,41.5237334]]}},{"type":"Feature","properties":{"assetId":"PT-line-way-964625646","countryCode":"PT","assetType":"line","powerType":"line","osmType":"way","osmId":"964625646","actualVoltagesKv":[400],"actualVoltageKv":400,"gridClass":"400","displayClass":"400 kV sınıfı","name":"Gouvães - Ribeira de Pena 2/3","ref":null,"operator":"REN","from":null,"to":null,"displayLabel":"Gouvães - Ribeira de Pena 2/3","labelSource":"osm-name","voltageRaw":"400000","circuits":null,"cables":"6","frequency":null,"location":null,"sourceProvider":"ArcGIS OSM Europe","sourceFallback":null,"sourceLicense":"ODbL 1.0","osmTimestamp":"2024-03-02T22:02:01Z"},"geometry":{"type":"LineString","coordinates":[[-7.8093481,41.5520366],[-7.8081733,41.5531526],[-7.8027392,41.5560751],[-7.8001213,41.55748],[-7.7958942,41.5596396],[-7.7908623,41.5607635],[-7.787,41.5603541],[-7.7809274,41.5581705],[-7.7785671,41.5564042],[-7.7758849,41.5544212],[-7.7700698,41.5485841],[-7.7694368,41.5441838],[-7.7689433,41.5427786],[-7.7676632,41.539645],[-7.7676814,41.5378469],[-7.7667573,41.5370689]]}},{"type":"Feature","properties":{"assetId":"PT-line-way-964625647","countryCode":"PT","assetType":"line","powerType":"line","osmType":"way","osmId":"964625647","actualVoltagesKv":[400],"actualVoltageKv":400,"gridClass":"400","displayClass":"400 kV sınıfı","name":"Gouvães - Ribeira de Pena 2","ref":null,"operator":"REN","from":null,"to":null,"displayLabel":"Gouvães - Ribeira de Pena 2","labelSource":"osm-name","voltageRaw":"400000","circuits":null,"cables":"3","frequency":null,"location":null,"sourceProvider":"ArcGIS OSM Europe","sourceFallback":null,"sourceLicense":"ODbL 1.0","osmTimestamp":"2024-03-02T22:02:01Z"},"geometry":{"type":"LineString","coordinates":[[-7.8117085,41.5501538],[-7.8120682,41.5495731],[-7.8113806,41.5493464],[-7.8093481,41.5520366]]}},{"type":"Feature","properties":{"assetId":"PT-line-way-964625648","countryCode":"PT","assetType":"line","powerType":"line","osmType":"way","osmId":"964625648","actualVoltagesKv":[400],"actualVoltageKv":400,"gridClass":"400","displayClass":"400 kV sınıfı","name":"Gouvães - Ribeira de Pena 3","ref":null,"operator":"REN","from":null,"to":null,"displayLabel":"Gouvães - Ribeira de Pena 3","labelSource":"osm-name","voltageRaw":"400000","circuits":null,"cables":"3","frequency":null,"location":null,"sourceProvider":"ArcGIS OSM Europe","sourceFallback":null,"sourceLicense":"ODbL 1.0","osmTimestamp":"2024-03-02T22:02:01Z"},"geometry":{"type":"LineString","coordinates":[[-7.8093481,41.5520366],[-7.8111749,41.5489435],[-7.8124251,41.5494412],[-7.8119123,41.5502381]]}},{"type":"Feature","properties":{"assetId":"PT-line-way-964625649","countryCode":"PT","assetType":"line","powerType":"line","osmType":"way","osmId":"964625649","actualVoltagesKv":[400],"actualVoltageKv":400,"gridClass":"400","displayClass":"400 kV sınıfı","name":"Gouvães - Ribeira de Pena 1","ref":null,"operator":"REN","from":null,"to":null,"displayLabel":"Gouvães - Ribeira de Pena 1","labelSource":"osm-name","voltageRaw":"400000","circuits":null,"cables":"3","frequency":null,"location":null,"sourceProvider":"ArcGIS OSM Europe","sourceFallback":null,"sourceLicense":"ODbL 1.0","osmTimestamp":"2024-03-02T22:02:01Z"},"geometry":{"type":"LineString","coordinates":[[-7.7663503,41.5377572],[-7.7667425,41.5374375],[-7.7671586,41.5379578],[-7.7670336,41.5393777],[-7.7681708,41.5427384],[-7.7689433,41.5448262],[-7.769115,41.5482227],[-7.7699733,41.5501016],[-7.7758527,41.555224],[-7.7783096,41.5570064],[-7.7803373,41.5584434],[-7.7867103,41.5608358],[-7.7911842,41.5612773],[-7.7965486,41.5600169],[-7.800132,41.558026],[-7.8029215,41.5565809],[-7.8087688,41.5534256],[-7.8100777,41.5522855],[-7.810823,41.5513327]]}},{"type":"Feature","properties":{"assetId":"PT-line-way-99655275","countryCode":"PT","assetType":"line","powerType":"line","osmType":"way","osmId":"99655275","actualVoltagesKv":[400],"actualVoltageKv":400,"gridClass":"400","displayClass":"400 kV sınıfı","name":null,"ref":null,"operator":"REN","from":null,"to":null,"displayLabel":"REN · 400 kV · OSM 99655275","labelSource":"generated-identifier","voltageRaw":"400000","circuits":null,"cables":"6","frequency":null,"location":null,"sourceProvider":"ArcGIS OSM Europe","sourceFallback":null,"sourceLicense":"ODbL 1.0","osmTimestamp":"2024-02-29T16:01:12Z"},"geometry":{"type":"LineString","coordinates":[[-8.835852,40.0566235],[-8.8334916,40.0555125],[-8.8297443,40.0556038],[-8.8266573,40.0541394],[-8.824002,40.0528706],[-8.8213527,40.0515743],[-8.8189574,40.0499505],[-8.8165521,40.048315],[-8.8142572,40.0467353],[-8.8098997,40.0449418],[-8.8070915,40.0447051]]}}]}