{"type":"FeatureCollection","metadata":{"countryCode":"PT","layer":"substations","sourceProviders":["ArcGIS OSM Europe","OpenStreetMap Overpass API"],"license":"ODbL 1.0","attribution":"© OpenStreetMap contributors"},"features":[{"type":"Feature","properties":{"assetId":"PT-substation-node-11147322107","countryCode":"PT","assetType":"substation","powerType":"substation","osmType":"node","osmId":"11147322107","actualVoltagesKv":[60],"actualVoltageKv":60,"gridClass":"154","displayClass":"154 kV sınıfı","name":"Subestação do Metropolitano de Lisboa no Oriente","ref":null,"operator":"Metropolitano de Lisboa","from":null,"to":null,"displayLabel":"Subestação do Metropolitano de Lisboa no Oriente","labelSource":"osm-name","voltageRaw":"60000","circuits":null,"cables":null,"frequency":null,"location":"underground","sourceProvider":"OpenStreetMap Overpass API","sourceFallback":"ArcGIS structures layer omits polygon/way substations","sourceLicense":"ODbL 1.0","osmTimestamp":"2025-06-17T17:02:37Z"},"geometry":{"type":"Point","coordinates":[-9.0999417,38.7687969]}},{"type":"Feature","properties":{"assetId":"PT-substation-node-11384535761","countryCode":"PT","assetType":"substation","powerType":"substation","osmType":"node","osmId":"11384535761","actualVoltagesKv":[10,60],"actualVoltageKv":60,"gridClass":"154","displayClass":"154 kV sınıfı","name":"Subestação do Colombo","ref":"1106S5728000","operator":"E-REDES","from":null,"to":null,"displayLabel":"Subestação do Colombo","labelSource":"osm-name","voltageRaw":"60000;10000","circuits":null,"cables":null,"frequency":null,"location":null,"sourceProvider":"OpenStreetMap Overpass API","sourceFallback":"ArcGIS structures layer omits polygon/way substations","sourceLicense":"ODbL 1.0","osmTimestamp":"2026-02-24T12:21:19Z"},"geometry":{"type":"Point","coordinates":[-9.186232,38.755561]}},{"type":"Feature","properties":{"assetId":"PT-substation-node-11430031382","countryCode":"PT","assetType":"substation","powerType":"substation","osmType":"node","osmId":"11430031382","actualVoltagesKv":[60],"actualVoltageKv":60,"gridClass":"154","displayClass":"154 kV sınıfı","name":"Subestação da Cibra - Pataias","ref":null,"operator":"SECIL","from":null,"to":null,"displayLabel":"Subestação da Cibra - Pataias","labelSource":"osm-name","voltageRaw":"60000","circuits":null,"cables":null,"frequency":null,"location":null,"sourceProvider":"OpenStreetMap Overpass API","sourceFallback":"ArcGIS structures layer omits polygon/way substations","sourceLicense":"ODbL 1.0","osmTimestamp":"2026-02-06T18:57:38Z"},"geometry":{"type":"Point","coordinates":[-8.9868566,39.6563714]}},{"type":"Feature","properties":{"assetId":"PT-substation-node-12921178339","countryCode":"PT","assetType":"substation","powerType":"substation","osmType":"node","osmId":"12921178339","actualVoltagesKv":[60],"actualVoltageKv":60,"gridClass":"154","displayClass":"154 kV sınıfı","name":"Subestação do Metropolitano de Lisboa em Calvanas","ref":null,"operator":"Metropolitano de Lisboa","from":null,"to":null,"displayLabel":"Subestação do Metropolitano de Lisboa em Calvanas","labelSource":"osm-name","voltageRaw":"60000","circuits":null,"cables":null,"frequency":null,"location":null,"sourceProvider":"OpenStreetMap Overpass API","sourceFallback":"ArcGIS structures layer omits polygon/way substations","sourceLicense":"ODbL 1.0","osmTimestamp":"2025-06-17T17:02:37Z"},"geometry":{"type":"Point","coordinates":[-9.1503373,38.7616443]}},{"type":"Feature","properties":{"assetId":"PT-substation-relation-16747703","countryCode":"PT","assetType":"substation","powerType":"substation","osmType":"relation","osmId":"16747703","actualVoltagesKv":[15,60],"actualVoltageKv":60,"gridClass":"154","displayClass":"154 kV sınıfı","name":"Subestação de Caniços","ref":"0312S5001200","operator":"E-REDES","from":null,"to":null,"displayLabel":"Subestação de Caniços","labelSource":"osm-name","voltageRaw":"60000;15000","circuits":null,"cables":null,"frequency":"50","location":"outdoor","sourceProvider":"OpenStreetMap Overpass API","sourceFallback":"ArcGIS structures layer omits polygon/way substations","sourceLicense":"ODbL 1.0","osmTimestamp":"2026-02-24T12:33:44Z"},"geometry":{"type":"Point","coordinates":[-8.435485837349187,41.3630504]}},{"type":"Feature","properties":{"assetId":"PT-substation-relation-17290041","countryCode":"PT","assetType":"substation","powerType":"substation","osmType":"relation","osmId":"17290041","actualVoltagesKv":[400],"actualVoltageKv":400,"gridClass":"400","displayClass":"400 kV sınıfı","name":"Subestação da Central Termoeléctrica do Ribatejo","ref":null,"operator":"Energias de Portugal","from":null,"to":null,"displayLabel":"Subestação da Central Termoeléctrica do Ribatejo","labelSource":"osm-name","voltageRaw":"400000","circuits":null,"cables":null,"frequency":null,"location":null,"sourceProvider":"OpenStreetMap Overpass API","sourceFallback":"ArcGIS structures layer omits polygon/way substations","sourceLicense":"ODbL 1.0","osmTimestamp":"2024-11-06T16:36:41Z"},"geometry":{"type":"Point","coordinates":[-8.951323099583496,39.01203255]}},{"type":"Feature","properties":{"assetId":"PT-substation-relation-17294947","countryCode":"PT","assetType":"substation","powerType":"substation","osmType":"relation","osmId":"17294947","actualVoltagesKv":[18,20,400],"actualVoltageKv":400,"gridClass":"400","displayClass":"400 kV sınıfı","name":"Subestação da Central Termoelétrica do Pego","ref":null,"operator":"Engie","from":null,"to":null,"displayLabel":"Subestação da Central Termoelétrica do Pego","labelSource":"osm-name","voltageRaw":"400000;20000;18000","circuits":null,"cables":null,"frequency":null,"location":null,"sourceProvider":"OpenStreetMap Overpass API","sourceFallback":"ArcGIS structures layer omits polygon/way substations","sourceLicense":"ODbL 1.0","osmTimestamp":"2025-10-25T23:51:46Z"},"geometry":{"type":"Point","coordinates":[-8.110930136372799,39.4668487]}},{"type":"Feature","properties":{"assetId":"PT-substation-relation-17294958","countryCode":"PT","assetType":"substation","powerType":"substation","osmType":"relation","osmId":"17294958","actualVoltagesKv":[220],"actualVoltageKv":220,"gridClass":"154","displayClass":"154 kV sınıfı","name":"Subestação da Central Hidroelétrica da Bemposta","ref":null,"operator":"Movhera","from":null,"to":null,"displayLabel":"Subestação da Central Hidroelétrica da Bemposta","labelSource":"osm-name","voltageRaw":"220000","circuits":null,"cables":null,"frequency":null,"location":null,"sourceProvider":"OpenStreetMap Overpass API","sourceFallback":"ArcGIS structures layer omits polygon/way substations","sourceLicense":"ODbL 1.0","osmTimestamp":"2025-09-06T00:22:28Z"},"geometry":{"type":"Point","coordinates":[-6.472575907137809,41.30184125]}},{"type":"Feature","properties":{"assetId":"PT-substation-relation-17294973","countryCode":"PT","assetType":"substation","powerType":"substation","osmType":"relation","osmId":"17294973","actualVoltagesKv":[60,150,400],"actualVoltageKv":400,"gridClass":"400","displayClass":"400 kV sınıfı","name":"Subestação da Central Termoeléctrica de Sines","ref":null,"operator":"Energias de Portugal","from":null,"to":null,"displayLabel":"Subestação da Central Termoeléctrica de Sines","labelSource":"osm-name","voltageRaw":"400000;150000;60000","circuits":null,"cables":null,"frequency":null,"location":null,"sourceProvider":"OpenStreetMap Overpass API","sourceFallback":"ArcGIS structures layer omits polygon/way substations","sourceLicense":"ODbL 1.0","osmTimestamp":"2025-10-26T14:01:16Z"},"geometry":{"type":"Point","coordinates":[-8.80197454309204,37.9303786]}},{"type":"Feature","properties":{"assetId":"PT-substation-relation-18418761","countryCode":"PT","assetType":"substation","powerType":"substation","osmType":"relation","osmId":"18418761","actualVoltagesKv":[60],"actualVoltageKv":60,"gridClass":"154","displayClass":"154 kV sınıfı","name":"Subestação do Sub-parque Eólico de Sernancelhe","ref":null,"operator":"Finerge","from":null,"to":null,"displayLabel":"Subestação do Sub-parque Eólico de Sernancelhe","labelSource":"osm-name","voltageRaw":"60000","circuits":null,"cables":null,"frequency":null,"location":null,"sourceProvider":"OpenStreetMap Overpass API","sourceFallback":"ArcGIS structures layer omits polygon/way substations","sourceLicense":"ODbL 1.0","osmTimestamp":"2025-10-25T20:45:07Z"},"geometry":{"type":"Point","coordinates":[-7.460433133847104,40.88226685]}},{"type":"Feature","properties":{"assetId":"PT-substation-relation-19040600","countryCode":"PT","assetType":"substation","powerType":"substation","osmType":"relation","osmId":"19040600","actualVoltagesKv":[400],"actualVoltageKv":400,"gridClass":"400","displayClass":"400 kV sınıfı","name":"Subestação da Central Hidroelétrica de Frades","ref":null,"operator":"Energias de Portugal","from":null,"to":null,"displayLabel":"Subestação da Central Hidroelétrica de Frades","labelSource":"osm-name","voltageRaw":"400000","circuits":null,"cables":null,"frequency":null,"location":"outdoor","sourceProvider":"OpenStreetMap Overpass API","sourceFallback":"ArcGIS structures layer omits polygon/way substations","sourceLicense":"ODbL 1.0","osmTimestamp":"2025-09-12T19:55:54Z"},"geometry":{"type":"Point","coordinates":[-8.027554447152625,41.69338105]}},{"type":"Feature","properties":{"assetId":"PT-substation-relation-19263353","countryCode":"PT","assetType":"substation","powerType":"substation","osmType":"relation","osmId":"19263353","actualVoltagesKv":[60],"actualVoltageKv":60,"gridClass":"154","displayClass":"154 kV sınıfı","name":"Subestação da Central Hidroelétrica de Vila Cova","ref":null,"operator":"Energias de Portugal","from":null,"to":null,"displayLabel":"Subestação da Central Hidroelétrica de Vila Cova","labelSource":"osm-name","voltageRaw":"60000","circuits":null,"cables":null,"frequency":null,"location":null,"sourceProvider":"OpenStreetMap Overpass API","sourceFallback":"ArcGIS structures layer omits polygon/way substations","sourceLicense":"ODbL 1.0","osmTimestamp":"2025-06-17T18:29:27Z"},"geometry":{"type":"Point","coordinates":[-7.727982349524876,40.37972675]}},{"type":"Feature","properties":{"assetId":"PT-substation-relation-19375586","countryCode":"PT","assetType":"substation","powerType":"substation","osmType":"relation","osmId":"19375586","actualVoltagesKv":[30,60],"actualVoltageKv":60,"gridClass":"154","displayClass":"154 kV sınıfı","name":"Subestação da Central Solar de Lagos","ref":null,"operator":"Hyperion","from":null,"to":null,"displayLabel":"Subestação da Central Solar de Lagos","labelSource":"osm-name","voltageRaw":"60000;30000","circuits":null,"cables":null,"frequency":null,"location":null,"sourceProvider":"OpenStreetMap Overpass API","sourceFallback":"ArcGIS structures layer omits polygon/way substations","sourceLicense":"ODbL 1.0","osmTimestamp":"2025-09-26T16:58:55Z"},"geometry":{"type":"Point","coordinates":[-8.71125517970852,37.157587]}},{"type":"Feature","properties":{"assetId":"PT-substation-relation-19585241","countryCode":"PT","assetType":"substation","powerType":"substation","osmType":"relation","osmId":"19585241","actualVoltagesKv":[220],"actualVoltageKv":220,"gridClass":"154","displayClass":"154 kV sınıfı","name":"Subestação da Central Hidroelétrica do Picote","ref":null,"operator":"Movhera","from":null,"to":null,"displayLabel":"Subestação da Central Hidroelétrica do Picote","labelSource":"osm-name","voltageRaw":"220000","circuits":null,"cables":null,"frequency":null,"location":null,"sourceProvider":"OpenStreetMap Overpass API","sourceFallback":"ArcGIS structures layer omits polygon/way substations","sourceLicense":"ODbL 1.0","osmTimestamp":"2025-09-09T21:30:00Z"},"geometry":{"type":"Point","coordinates":[-6.351177633953542,41.379290600000004]}},{"type":"Feature","properties":{"assetId":"PT-substation-relation-19645437","countryCode":"PT","assetType":"substation","powerType":"substation","osmType":"relation","osmId":"19645437","actualVoltagesKv":[400],"actualVoltageKv":400,"gridClass":"400","displayClass":"400 kV sınıfı","name":"Subestação da Central de Ciclo Combinado de Lares","ref":null,"operator":"Energias de Portugal","from":null,"to":null,"displayLabel":"Subestação da Central de Ciclo Combinado de Lares","labelSource":"osm-name","voltageRaw":"400000","circuits":null,"cables":null,"frequency":"50","location":"outdoor","sourceProvider":"OpenStreetMap Overpass API","sourceFallback":"ArcGIS structures layer omits polygon/way substations","sourceLicense":"ODbL 1.0","osmTimestamp":"2025-09-26T17:03:49Z"},"geometry":{"type":"Point","coordinates":[-8.775595298068506,40.123465100000004]}},{"type":"Feature","properties":{"assetId":"PT-substation-relation-19645523","countryCode":"PT","assetType":"substation","powerType":"substation","osmType":"relation","osmId":"19645523","actualVoltagesKv":[220],"actualVoltageKv":220,"gridClass":"154","displayClass":"154 kV sınıfı","name":"Subestação da Central Termoeléctrica da Tapada do Outeiro","ref":null,"operator":"Portugen","from":null,"to":null,"displayLabel":"Subestação da Central Termoeléctrica da Tapada do Outeiro","labelSource":"osm-name","voltageRaw":"220000","circuits":null,"cables":null,"frequency":"50","location":"outdoor","sourceProvider":"OpenStreetMap Overpass API","sourceFallback":"ArcGIS structures layer omits polygon/way substations","sourceLicense":"ODbL 1.0","osmTimestamp":"2025-10-26T00:00:42Z"},"geometry":{"type":"Point","coordinates":[-8.45831859577339,41.070185800000004]}},{"type":"Feature","properties":{"assetId":"PT-substation-relation-19651625","countryCode":"PT","assetType":"substation","powerType":"substation","osmType":"relation","osmId":"19651625","actualVoltagesKv":[220],"actualVoltageKv":220,"gridClass":"154","displayClass":"154 kV sınıfı","name":"Subestação da Central Hidroelétrica da Aguieira","ref":null,"operator":"Energias de Portugal","from":null,"to":null,"displayLabel":"Subestação da Central Hidroelétrica da Aguieira","labelSource":"osm-name","voltageRaw":"220000","circuits":null,"cables":null,"frequency":"50","location":"outdoor","sourceProvider":"OpenStreetMap Overpass API","sourceFallback":"ArcGIS structures layer omits polygon/way substations","sourceLicense":"ODbL 1.0","osmTimestamp":"2025-09-26T17:56:05Z"},"geometry":{"type":"Point","coordinates":[-8.19973133574415,40.340320649999995]}},{"type":"Feature","properties":{"assetId":"PT-substation-way-100820748","countryCode":"PT","assetType":"substation","powerType":"substation","osmType":"way","osmId":"100820748","actualVoltagesKv":[25,60],"actualVoltageKv":60,"gridClass":"154","displayClass":"154 kV sınıfı","name":"Subestação de Tração da Amadora","ref":null,"operator":"Infraestruturas de Portugal","from":null,"to":null,"displayLabel":"Subestação de Tração da Amadora","labelSource":"osm-name","voltageRaw":"60000;25000","circuits":null,"cables":null,"frequency":"50","location":"outdoor","sourceProvider":"OpenStreetMap Overpass API","sourceFallback":"ArcGIS structures layer omits polygon/way substations","sourceLicense":"ODbL 1.0","osmTimestamp":"2026-05-04T13:49:33Z"},"geometry":{"type":"Point","coordinates":[-9.24432545,38.76237175]}},{"type":"Feature","properties":{"assetId":"PT-substation-way-1016728706","countryCode":"PT","assetType":"substation","powerType":"substation","osmType":"way","osmId":"1016728706","actualVoltagesKv":[60],"actualVoltageKv":60,"gridClass":"154","displayClass":"154 kV sınıfı","name":"Subestação do Parque Eólico da Serra do Barroso","ref":null,"operator":null,"from":null,"to":null,"displayLabel":"Subestação do Parque Eólico da Serra do Barroso","labelSource":"osm-name","voltageRaw":"60000","circuits":null,"cables":null,"frequency":null,"location":null,"sourceProvider":"OpenStreetMap Overpass API","sourceFallback":"ArcGIS structures layer omits polygon/way substations","sourceLicense":"ODbL 1.0","osmTimestamp":"2026-04-03T15:57:23Z"},"geometry":{"type":"Point","coordinates":[-7.86803744015523,41.68491795]}},{"type":"Feature","properties":{"assetId":"PT-substation-way-1026176307","countryCode":"PT","assetType":"substation","powerType":"substation","osmType":"way","osmId":"1026176307","actualVoltagesKv":[60],"actualVoltageKv":60,"gridClass":"154","displayClass":"154 kV sınıfı","name":"Posto de Corte de Bensafrim","ref":"0807P5907400","operator":"E-REDES","from":null,"to":null,"displayLabel":"Posto de Corte de Bensafrim","labelSource":"osm-name","voltageRaw":"60000","circuits":null,"cables":null,"frequency":"50","location":"outdoor","sourceProvider":"OpenStreetMap Overpass API","sourceFallback":"ArcGIS structures layer omits polygon/way substations","sourceLicense":"ODbL 1.0","osmTimestamp":"2026-06-09T20:46:59Z"},"geometry":{"type":"Point","coordinates":[-8.711424349905752,37.157962600000005]}},{"type":"Feature","properties":{"assetId":"PT-substation-way-1032397976","countryCode":"PT","assetType":"substation","powerType":"substation","osmType":"way","osmId":"1032397976","actualVoltagesKv":[60],"actualVoltageKv":60,"gridClass":"154","displayClass":"154 kV sınıfı","name":"Posto de Seccionamento do Casarão","ref":null,"operator":null,"from":null,"to":null,"displayLabel":"Posto de Seccionamento do Casarão","labelSource":"osm-name","voltageRaw":"60000","circuits":null,"cables":null,"frequency":null,"location":"outdoor","sourceProvider":"OpenStreetMap Overpass API","sourceFallback":"ArcGIS structures layer omits polygon/way substations","sourceLicense":"ODbL 1.0","osmTimestamp":"2025-07-21T14:39:48Z"},"geometry":{"type":"Point","coordinates":[-8.390735333747699,40.55088945]}},{"type":"Feature","properties":{"assetId":"PT-substation-way-1033202212","countryCode":"PT","assetType":"substation","powerType":"substation","osmType":"way","osmId":"1033202212","actualVoltagesKv":[30,60],"actualVoltageKv":60,"gridClass":"154","displayClass":"154 kV sınıfı","name":"Subestação de Castro Daire","ref":"1803S5004800","operator":"E-REDES","from":null,"to":null,"displayLabel":"Subestação de Castro Daire","labelSource":"osm-name","voltageRaw":"60000;30000","circuits":null,"cables":null,"frequency":null,"location":null,"sourceProvider":"OpenStreetMap Overpass API","sourceFallback":"ArcGIS structures layer omits polygon/way substations","sourceLicense":"ODbL 1.0","osmTimestamp":"2026-02-24T12:30:02Z"},"geometry":{"type":"Point","coordinates":[-7.968638047161543,40.9114192]}},{"type":"Feature","properties":{"assetId":"PT-substation-way-1036396263","countryCode":"PT","assetType":"substation","powerType":"substation","osmType":"way","osmId":"1036396263","actualVoltagesKv":[10,60],"actualVoltageKv":60,"gridClass":"154","displayClass":"154 kV sınıfı","name":"Subestação Norte","ref":"1106S5099600","operator":"E-REDES","from":null,"to":null,"displayLabel":"Subestação Norte","labelSource":"osm-name","voltageRaw":"60000;10000","circuits":null,"cables":null,"frequency":null,"location":null,"sourceProvider":"OpenStreetMap Overpass API","sourceFallback":"ArcGIS structures layer omits polygon/way substations","sourceLicense":"ODbL 1.0","osmTimestamp":"2025-06-28T12:53:56Z"},"geometry":{"type":"Point","coordinates":[-9.15752676898672,38.74756335]}},{"type":"Feature","properties":{"assetId":"PT-substation-way-1037462085","countryCode":"PT","assetType":"substation","powerType":"substation","osmType":"way","osmId":"1037462085","actualVoltagesKv":[60],"actualVoltageKv":60,"gridClass":"154","displayClass":"154 kV sınıfı","name":null,"ref":null,"operator":null,"from":null,"to":null,"displayLabel":"60 kV · OSM 1037462085","labelSource":"generated-identifier","voltageRaw":"60000","circuits":null,"cables":null,"frequency":null,"location":null,"sourceProvider":"OpenStreetMap Overpass API","sourceFallback":"ArcGIS structures layer omits polygon/way substations","sourceLicense":"ODbL 1.0","osmTimestamp":"2026-03-13T23:31:38Z"},"geometry":{"type":"Point","coordinates":[-9.040671650000007,38.659555999999995]}},{"type":"Feature","properties":{"assetId":"PT-substation-way-1037462094","countryCode":"PT","assetType":"substation","powerType":"substation","osmType":"way","osmId":"1037462094","actualVoltagesKv":[15,60],"actualVoltageKv":60,"gridClass":"154","displayClass":"154 kV sınıfı","name":"Subestação de Vila Chã","ref":"1504S5020700","operator":"E-REDES","from":null,"to":null,"displayLabel":"Subestação de Vila Chã","labelSource":"osm-name","voltageRaw":"60000;15000","circuits":null,"cables":null,"frequency":null,"location":null,"sourceProvider":"OpenStreetMap Overpass API","sourceFallback":"ArcGIS structures layer omits polygon/way substations","sourceLicense":"ODbL 1.0","osmTimestamp":"2026-04-07T23:17:58Z"},"geometry":{"type":"Point","coordinates":[-9.037726387185426,38.6234697]}},{"type":"Feature","properties":{"assetId":"PT-substation-way-1037855766","countryCode":"PT","assetType":"substation","powerType":"substation","osmType":"way","osmId":"1037855766","actualVoltagesKv":[10,60],"actualVoltageKv":60,"gridClass":"154","displayClass":"154 kV sınıfı","name":"Subestação de Camarate","ref":"1107S5903700","operator":"E-REDES","from":null,"to":null,"displayLabel":"Subestação de Camarate","labelSource":"osm-name","voltageRaw":"60000;10000","circuits":null,"cables":null,"frequency":null,"location":null,"sourceProvider":"OpenStreetMap Overpass API","sourceFallback":"ArcGIS structures layer omits polygon/way substations","sourceLicense":"ODbL 1.0","osmTimestamp":"2026-02-24T12:30:02Z"},"geometry":{"type":"Point","coordinates":[-9.12559923440594,38.80783245000001]}},{"type":"Feature","properties":{"assetId":"PT-substation-way-1037884633","countryCode":"PT","assetType":"substation","powerType":"substation","osmType":"way","osmId":"1037884633","actualVoltagesKv":[150],"actualVoltageKv":150,"gridClass":"154","displayClass":"154 kV sınıfı","name":"Posto de Corte de Viana do Castelo","ref":"PCVNC","operator":"REN","from":null,"to":null,"displayLabel":"Posto de Corte de Viana do Castelo","labelSource":"osm-name","voltageRaw":"150000","circuits":null,"cables":null,"frequency":null,"location":null,"sourceProvider":"OpenStreetMap Overpass API","sourceFallback":"ArcGIS structures layer omits polygon/way substations","sourceLicense":"ODbL 1.0","osmTimestamp":"2024-02-29T22:55:52Z"},"geometry":{"type":"Point","coordinates":[-8.847416350778133,41.686636]}},{"type":"Feature","properties":{"assetId":"PT-substation-way-1041283619","countryCode":"PT","assetType":"substation","powerType":"substation","osmType":"way","osmId":"1041283619","actualVoltagesKv":[60,220],"actualVoltageKv":220,"gridClass":"154","displayClass":"154 kV sınıfı","name":"Subestação do Carregado","ref":"SCG","operator":"REN","from":null,"to":null,"displayLabel":"Subestação do Carregado","labelSource":"osm-name","voltageRaw":"220000;60000","circuits":null,"cables":null,"frequency":"50","location":"outdoor","sourceProvider":"OpenStreetMap Overpass API","sourceFallback":"ArcGIS structures layer omits polygon/way substations","sourceLicense":"ODbL 1.0","osmTimestamp":"2026-04-09T00:15:07Z"},"geometry":{"type":"Point","coordinates":[-8.957036904355416,39.012280399999995]}},{"type":"Feature","properties":{"assetId":"PT-substation-way-1047583152","countryCode":"PT","assetType":"substation","powerType":"substation","osmType":"way","osmId":"1047583152","actualVoltagesKv":[60],"actualVoltageKv":60,"gridClass":"154","displayClass":"154 kV sınıfı","name":"Subestação do Sub-parque Eólico da Bezerreira","ref":null,"operator":"Generg Ventos do Caramulo - Energias Renováveis, S. A.","from":null,"to":null,"displayLabel":"Subestação do Sub-parque Eólico da Bezerreira","labelSource":"osm-name","voltageRaw":"60000","circuits":null,"cables":null,"frequency":null,"location":null,"sourceProvider":"OpenStreetMap Overpass API","sourceFallback":"ArcGIS structures layer omits polygon/way substations","sourceLicense":"ODbL 1.0","osmTimestamp":"2026-01-22T12:36:57Z"},"geometry":{"type":"Point","coordinates":[-8.203819130903328,40.5791787]}},{"type":"Feature","properties":{"assetId":"PT-substation-way-1047583161","countryCode":"PT","assetType":"substation","powerType":"substation","osmType":"way","osmId":"1047583161","actualVoltagesKv":[60],"actualVoltageKv":60,"gridClass":"154","displayClass":"154 kV sınıfı","name":"Posto de Corte de Fornelo do Monte","ref":null,"operator":"E-REDES","from":null,"to":null,"displayLabel":"Posto de Corte de Fornelo do Monte","labelSource":"osm-name","voltageRaw":"60000","circuits":null,"cables":null,"frequency":null,"location":null,"sourceProvider":"OpenStreetMap Overpass API","sourceFallback":"ArcGIS structures layer omits polygon/way substations","sourceLicense":"ODbL 1.0","osmTimestamp":"2026-02-24T12:30:07Z"},"geometry":{"type":"Point","coordinates":[-8.113560488211753,40.652923349999995]}},{"type":"Feature","properties":{"assetId":"PT-substation-way-1047590237","countryCode":"PT","assetType":"substation","powerType":"substation","osmType":"way","osmId":"1047590237","actualVoltagesKv":[10,30,60],"actualVoltageKv":60,"gridClass":"154","displayClass":"154 kV sınıfı","name":"Subestação Cabeda","ref":"1112S5901400","operator":"E-REDES","from":null,"to":null,"displayLabel":"Subestação Cabeda","labelSource":"osm-name","voltageRaw":"60000;30000;10000","circuits":null,"cables":null,"frequency":"50","location":"outdoor","sourceProvider":"OpenStreetMap Overpass API","sourceFallback":"ArcGIS structures layer omits polygon/way substations","sourceLicense":"ODbL 1.0","osmTimestamp":"2026-04-13T20:31:38Z"},"geometry":{"type":"Point","coordinates":[-9.166954763163952,39.01118615]}},{"type":"Feature","properties":{"assetId":"PT-substation-way-1050132107","countryCode":"PT","assetType":"substation","powerType":"substation","osmType":"way","osmId":"1050132107","actualVoltagesKv":[10,60],"actualVoltageKv":60,"gridClass":"154","displayClass":"154 kV sınıfı","name":"Subestação de Janas","ref":"1111S5749400","operator":"E-REDES","from":null,"to":null,"displayLabel":"Subestação de Janas","labelSource":"osm-name","voltageRaw":"60000;10000","circuits":null,"cables":null,"frequency":"50","location":"outdoor","sourceProvider":"OpenStreetMap Overpass API","sourceFallback":"ArcGIS structures layer omits polygon/way substations","sourceLicense":"ODbL 1.0","osmTimestamp":"2025-06-28T12:53:56Z"},"geometry":{"type":"Point","coordinates":[-9.405954887285468,38.825821250000004]}},{"type":"Feature","properties":{"assetId":"PT-substation-way-1050141557","countryCode":"PT","assetType":"substation","powerType":"substation","osmType":"way","osmId":"1050141557","actualVoltagesKv":[10,60],"actualVoltageKv":60,"gridClass":"154","displayClass":"154 kV sınıfı","name":"Subestação de Godigana","ref":"1111S5905700","operator":"E-REDES","from":null,"to":null,"displayLabel":"Subestação de Godigana","labelSource":"osm-name","voltageRaw":"60000;10000","circuits":null,"cables":null,"frequency":"50","location":"outdoor","sourceProvider":"OpenStreetMap Overpass API","sourceFallback":"ArcGIS structures layer omits polygon/way substations","sourceLicense":"ODbL 1.0","osmTimestamp":"2025-12-25T04:40:47Z"},"geometry":{"type":"Point","coordinates":[-9.373167794302415,38.862514700000006]}},{"type":"Feature","properties":{"assetId":"PT-substation-way-1050141565","countryCode":"PT","assetType":"substation","powerType":"substation","osmType":"way","osmId":"1050141565","actualVoltagesKv":[10,60],"actualVoltageKv":60,"gridClass":"154","displayClass":"154 kV sınıfı","name":"Subestação de Pero Pinheiro","ref":"1111S5066400","operator":"E-REDES","from":null,"to":null,"displayLabel":"Subestação de Pero Pinheiro","labelSource":"osm-name","voltageRaw":"60000;10000","circuits":null,"cables":null,"frequency":"50","location":"outdoor","sourceProvider":"OpenStreetMap Overpass API","sourceFallback":"ArcGIS structures layer omits polygon/way substations","sourceLicense":"ODbL 1.0","osmTimestamp":"2025-06-28T12:53:56Z"},"geometry":{"type":"Point","coordinates":[-9.32635261877438,38.85093845]}},{"type":"Feature","properties":{"assetId":"PT-substation-way-1050152327","countryCode":"PT","assetType":"substation","powerType":"substation","osmType":"way","osmId":"1050152327","actualVoltagesKv":[10,60],"actualVoltageKv":60,"gridClass":"154","displayClass":"154 kV sınıfı","name":"Subestação Birre","ref":"1105S5250000","operator":"E-REDES","from":null,"to":null,"displayLabel":"Subestação Birre","labelSource":"osm-name","voltageRaw":"60000;10000","circuits":null,"cables":null,"frequency":null,"location":null,"sourceProvider":"OpenStreetMap Overpass API","sourceFallback":"ArcGIS structures layer omits polygon/way substations","sourceLicense":"ODbL 1.0","osmTimestamp":"2025-06-28T12:53:56Z"},"geometry":{"type":"Point","coordinates":[-9.442945855983067,38.72313775]}},{"type":"Feature","properties":{"assetId":"PT-substation-way-1050152335","countryCode":"PT","assetType":"substation","powerType":"substation","osmType":"way","osmId":"1050152335","actualVoltagesKv":[10,60],"actualVoltageKv":60,"gridClass":"154","displayClass":"154 kV sınıfı","name":"Subestação Alcoitão","ref":"1105S5396000","operator":"E-REDES","from":null,"to":null,"displayLabel":"Subestação Alcoitão","labelSource":"osm-name","voltageRaw":"60000;10000","circuits":null,"cables":null,"frequency":null,"location":"outdoor","sourceProvider":"OpenStreetMap Overpass API","sourceFallback":"ArcGIS structures layer omits polygon/way substations","sourceLicense":"ODbL 1.0","osmTimestamp":"2025-06-28T12:53:56Z"},"geometry":{"type":"Point","coordinates":[-9.395550147298152,38.73589305]}},{"type":"Feature","properties":{"assetId":"PT-substation-way-1050157622","countryCode":"PT","assetType":"substation","powerType":"substation","osmType":"way","osmId":"1050157622","actualVoltagesKv":[10,60],"actualVoltageKv":60,"gridClass":"154","displayClass":"154 kV sınıfı","name":"Subestação de Gradil","ref":"1109S5905600","operator":"E-REDES","from":null,"to":null,"displayLabel":"Subestação de Gradil","labelSource":"osm-name","voltageRaw":"60000;10000","circuits":null,"cables":null,"frequency":"50","location":"outdoor","sourceProvider":"OpenStreetMap Overpass API","sourceFallback":"ArcGIS structures layer omits polygon/way substations","sourceLicense":"ODbL 1.0","osmTimestamp":"2026-02-24T12:30:07Z"},"geometry":{"type":"Point","coordinates":[-9.263814709915465,38.97665550000001]}},{"type":"Feature","properties":{"assetId":"PT-substation-way-1050166275","countryCode":"PT","assetType":"substation","powerType":"substation","osmType":"way","osmId":"1050166275","actualVoltagesKv":[60],"actualVoltageKv":60,"gridClass":"154","displayClass":"154 kV sınıfı","name":"Subestação da Serra do Leiranco","ref":null,"operator":"E-REDES","from":null,"to":null,"displayLabel":"Subestação da Serra do Leiranco","labelSource":"osm-name","voltageRaw":"60000","circuits":null,"cables":null,"frequency":null,"location":null,"sourceProvider":"OpenStreetMap Overpass API","sourceFallback":"ArcGIS structures layer omits polygon/way substations","sourceLicense":"ODbL 1.0","osmTimestamp":"2026-02-24T12:30:07Z"},"geometry":{"type":"Point","coordinates":[-7.65117514122066,41.74511325]}},{"type":"Feature","properties":{"assetId":"PT-substation-way-1050378901","countryCode":"PT","assetType":"substation","powerType":"substation","osmType":"way","osmId":"1050378901","actualVoltagesKv":[60],"actualVoltageKv":60,"gridClass":"154","displayClass":"154 kV sınıfı","name":"Subestação do Parque Eólico do Alto do Talefe","ref":null,"operator":null,"from":null,"to":null,"displayLabel":"Subestação do Parque Eólico do Alto do Talefe","labelSource":"osm-name","voltageRaw":"60000","circuits":null,"cables":null,"frequency":null,"location":null,"sourceProvider":"OpenStreetMap Overpass API","sourceFallback":"ArcGIS structures layer omits polygon/way substations","sourceLicense":"ODbL 1.0","osmTimestamp":"2026-04-13T16:59:38Z"},"geometry":{"type":"Point","coordinates":[-7.98490955,40.98806035]}},{"type":"Feature","properties":{"assetId":"PT-substation-way-1050378902","countryCode":"PT","assetType":"substation","powerType":"substation","osmType":"way","osmId":"1050378902","actualVoltagesKv":[60],"actualVoltageKv":60,"gridClass":"154","displayClass":"154 kV sınıfı","name":"Subestação do Parque Eólico do Alto de Bustelo","ref":null,"operator":null,"from":null,"to":null,"displayLabel":"Subestação do Parque Eólico do Alto de Bustelo","labelSource":"osm-name","voltageRaw":"60000","circuits":null,"cables":null,"frequency":null,"location":null,"sourceProvider":"OpenStreetMap Overpass API","sourceFallback":"ArcGIS structures layer omits polygon/way substations","sourceLicense":"ODbL 1.0","osmTimestamp":"2026-04-13T16:59:38Z"},"geometry":{"type":"Point","coordinates":[-7.985034935526194,40.988483099999996]}},{"type":"Feature","properties":{"assetId":"PT-substation-way-1050378905","countryCode":"PT","assetType":"substation","powerType":"substation","osmType":"way","osmId":"1050378905","actualVoltagesKv":[60],"actualVoltageKv":60,"gridClass":"154","displayClass":"154 kV sınıfı","name":"Posto de Corte de Cabril","ref":null,"operator":"E-REDES","from":null,"to":null,"displayLabel":"Posto de Corte de Cabril","labelSource":"osm-name","voltageRaw":"60000","circuits":null,"cables":null,"frequency":null,"location":null,"sourceProvider":"OpenStreetMap Overpass API","sourceFallback":"ArcGIS structures layer omits polygon/way substations","sourceLicense":"ODbL 1.0","osmTimestamp":"2026-02-24T12:30:07Z"},"geometry":{"type":"Point","coordinates":[-8.05214875,40.98601165]}},{"type":"Feature","properties":{"assetId":"PT-substation-way-1050378912","countryCode":"PT","assetType":"substation","powerType":"substation","osmType":"way","osmId":"1050378912","actualVoltagesKv":[60],"actualVoltageKv":60,"gridClass":"154","displayClass":"154 kV sınıfı","name":"Subestação do Sub-parque Eólico de Picão","ref":null,"operator":null,"from":null,"to":null,"displayLabel":"Subestação do Sub-parque Eólico de Picão","labelSource":"osm-name","voltageRaw":"60000","circuits":null,"cables":null,"frequency":null,"location":null,"sourceProvider":"OpenStreetMap Overpass API","sourceFallback":"ArcGIS structures layer omits polygon/way substations","sourceLicense":"ODbL 1.0","osmTimestamp":"2026-04-10T22:34:23Z"},"geometry":{"type":"Point","coordinates":[-7.939445296573323,40.96686375]}},{"type":"Feature","properties":{"assetId":"PT-substation-way-1050378918","countryCode":"PT","assetType":"substation","powerType":"substation","osmType":"way","osmId":"1050378918","actualVoltagesKv":[60],"actualVoltageKv":60,"gridClass":"154","displayClass":"154 kV sınıfı","name":"Subestação do Parque Eólico de Vigia","ref":null,"operator":null,"from":null,"to":null,"displayLabel":"Subestação do Parque Eólico de Vigia","labelSource":"osm-name","voltageRaw":"60000","circuits":null,"cables":null,"frequency":null,"location":null,"sourceProvider":"OpenStreetMap Overpass API","sourceFallback":"ArcGIS structures layer omits polygon/way substations","sourceLicense":"ODbL 1.0","osmTimestamp":"2026-04-13T16:53:52Z"},"geometry":{"type":"Point","coordinates":[-7.79888336206962,40.99809165]}},{"type":"Feature","properties":{"assetId":"PT-substation-way-1050909570","countryCode":"PT","assetType":"substation","powerType":"substation","osmType":"way","osmId":"1050909570","actualVoltagesKv":[60],"actualVoltageKv":60,"gridClass":"154","displayClass":"154 kV sınıfı","name":"Subestação do Sub-parque Eólico de Alto do Corisco","ref":null,"operator":"Finerge","from":null,"to":null,"displayLabel":"Subestação do Sub-parque Eólico de Alto do Corisco","labelSource":"osm-name","voltageRaw":"60000","circuits":null,"cables":null,"frequency":null,"location":null,"sourceProvider":"OpenStreetMap Overpass API","sourceFallback":"ArcGIS structures layer omits polygon/way substations","sourceLicense":"ODbL 1.0","osmTimestamp":"2025-10-25T20:45:07Z"},"geometry":{"type":"Point","coordinates":[-8.248708712128378,42.017119949999994]}},{"type":"Feature","properties":{"assetId":"PT-substation-way-1050909572","countryCode":"PT","assetType":"substation","powerType":"substation","osmType":"way","osmId":"1050909572","actualVoltagesKv":[15,60],"actualVoltageKv":60,"gridClass":"154","displayClass":"154 kV sınıfı","name":"Subestação do Sub-parque Eólico de Santo António","ref":null,"operator":"Finerge","from":null,"to":null,"displayLabel":"Subestação do Sub-parque Eólico de Santo António","labelSource":"osm-name","voltageRaw":"60000;15000","circuits":null,"cables":null,"frequency":null,"location":null,"sourceProvider":"OpenStreetMap Overpass API","sourceFallback":"ArcGIS structures layer omits polygon/way substations","sourceLicense":"ODbL 1.0","osmTimestamp":"2025-10-25T20:45:07Z"},"geometry":{"type":"Point","coordinates":[-8.2945342602163,42.00947105]}},{"type":"Feature","properties":{"assetId":"PT-substation-way-1050914860","countryCode":"PT","assetType":"substation","powerType":"substation","osmType":"way","osmId":"1050914860","actualVoltagesKv":[15,60],"actualVoltageKv":60,"gridClass":"154","displayClass":"154 kV sınıfı","name":"Subestação de Valpaços","ref":"1712S5015100","operator":"E-REDES","from":null,"to":null,"displayLabel":"Subestação de Valpaços","labelSource":"osm-name","voltageRaw":"60000;15000","circuits":null,"cables":null,"frequency":"50","location":"outdoor","sourceProvider":"OpenStreetMap Overpass API","sourceFallback":"ArcGIS structures layer omits polygon/way substations","sourceLicense":"ODbL 1.0","osmTimestamp":"2026-02-24T12:30:07Z"},"geometry":{"type":"Point","coordinates":[-7.312990376793945,41.620762850000006]}},{"type":"Feature","properties":{"assetId":"PT-substation-way-1050926338","countryCode":"PT","assetType":"substation","powerType":"substation","osmType":"way","osmId":"1050926338","actualVoltagesKv":[60],"actualVoltageKv":60,"gridClass":"154","displayClass":"154 kV sınıfı","name":"Subestação do Parque Eólico do Alto do Monção","ref":null,"operator":"Iberdrola","from":null,"to":null,"displayLabel":"Subestação do Parque Eólico do Alto do Monção","labelSource":"osm-name","voltageRaw":"60000","circuits":null,"cables":null,"frequency":null,"location":"outdoor","sourceProvider":"OpenStreetMap Overpass API","sourceFallback":"ArcGIS structures layer omits polygon/way substations","sourceLicense":"ODbL 1.0","osmTimestamp":"2026-04-15T10:35:25Z"},"geometry":{"type":"Point","coordinates":[-8.2660923,40.5034516]}},{"type":"Feature","properties":{"assetId":"PT-substation-way-1051175691","countryCode":"PT","assetType":"substation","powerType":"substation","osmType":"way","osmId":"1051175691","actualVoltagesKv":[15,60],"actualVoltageKv":60,"gridClass":"154","displayClass":"154 kV sınıfı","name":"Subestação de Trancoso","ref":"0913S5007500","operator":"E-REDES","from":null,"to":null,"displayLabel":"Subestação de Trancoso","labelSource":"osm-name","voltageRaw":"60000;15000","circuits":null,"cables":null,"frequency":null,"location":null,"sourceProvider":"OpenStreetMap Overpass API","sourceFallback":"ArcGIS structures layer omits polygon/way substations","sourceLicense":"ODbL 1.0","osmTimestamp":"2026-02-24T12:30:07Z"},"geometry":{"type":"Point","coordinates":[-7.352088994646554,40.78088685]}},{"type":"Feature","properties":{"assetId":"PT-substation-way-1051175705","countryCode":"PT","assetType":"substation","powerType":"substation","osmType":"way","osmId":"1051175705","actualVoltagesKv":[60],"actualVoltageKv":60,"gridClass":"154","displayClass":"154 kV sınıfı","name":"Subestação do Parque Eólico de Trancoso","ref":null,"operator":"Generg Ventos de Trancoso - Energias Renováveis, S. A.","from":null,"to":null,"displayLabel":"Subestação do Parque Eólico de Trancoso","labelSource":"osm-name","voltageRaw":"60000","circuits":null,"cables":null,"frequency":null,"location":null,"sourceProvider":"OpenStreetMap Overpass API","sourceFallback":"ArcGIS structures layer omits polygon/way substations","sourceLicense":"ODbL 1.0","osmTimestamp":"2026-04-14T21:26:48Z"},"geometry":{"type":"Point","coordinates":[-7.382268782131479,40.855832649999996]}},{"type":"Feature","properties":{"assetId":"PT-substation-way-1051189545","countryCode":"PT","assetType":"substation","powerType":"substation","osmType":"way","osmId":"1051189545","actualVoltagesKv":[15,60],"actualVoltageKv":60,"gridClass":"154","displayClass":"154 kV sınıfı","name":"Subestação de Casal de Cinza","ref":"0907S5024600","operator":"E-REDES","from":null,"to":null,"displayLabel":"Subestação de Casal de Cinza","labelSource":"osm-name","voltageRaw":"60000;15000","circuits":null,"cables":null,"frequency":null,"location":null,"sourceProvider":"OpenStreetMap Overpass API","sourceFallback":"ArcGIS structures layer omits polygon/way substations","sourceLicense":"ODbL 1.0","osmTimestamp":"2026-04-11T00:08:44Z"},"geometry":{"type":"Point","coordinates":[-7.210411295108507,40.531304000000006]}},{"type":"Feature","properties":{"assetId":"PT-substation-way-1051197843","countryCode":"PT","assetType":"substation","powerType":"substation","osmType":"way","osmId":"1051197843","actualVoltagesKv":[60],"actualVoltageKv":60,"gridClass":"154","displayClass":"154 kV sınıfı","name":"Subestação do Parque Eólico de Vale de Estrela","ref":null,"operator":"EML Renewables, S. A.","from":null,"to":null,"displayLabel":"Subestação do Parque Eólico de Vale de Estrela","labelSource":"osm-name","voltageRaw":"60000","circuits":null,"cables":null,"frequency":null,"location":"outdoor","sourceProvider":"OpenStreetMap Overpass API","sourceFallback":"ArcGIS structures layer omits polygon/way substations","sourceLicense":"ODbL 1.0","osmTimestamp":"2026-04-14T21:36:36Z"},"geometry":{"type":"Point","coordinates":[-7.304087534379082,40.49349755]}},{"type":"Feature","properties":{"assetId":"PT-substation-way-1051201705","countryCode":"PT","assetType":"substation","powerType":"substation","osmType":"way","osmId":"1051201705","actualVoltagesKv":[60],"actualVoltageKv":60,"gridClass":"154","displayClass":"154 kV sınıfı","name":"Subestação do Aproveitamento Hidroelétrico do Caldeirão","ref":null,"operator":"Energias de Portugal","from":null,"to":null,"displayLabel":"Subestação do Aproveitamento Hidroelétrico do Caldeirão","labelSource":"osm-name","voltageRaw":"60000","circuits":null,"cables":null,"frequency":null,"location":null,"sourceProvider":"OpenStreetMap Overpass API","sourceFallback":"ArcGIS structures layer omits polygon/way substations","sourceLicense":"ODbL 1.0","osmTimestamp":"2025-10-24T10:38:52Z"},"geometry":{"type":"Point","coordinates":[-7.3357091640340295,40.5422837]}},{"type":"Feature","properties":{"assetId":"PT-substation-way-1051214100","countryCode":"PT","assetType":"substation","powerType":"substation","osmType":"way","osmId":"1051214100","actualVoltagesKv":[30,60],"actualVoltageKv":60,"gridClass":"154","displayClass":"154 kV sınıfı","name":"Subestação de Vila da Rua","ref":"1807S5009800","operator":"E-REDES","from":null,"to":null,"displayLabel":"Subestação de Vila da Rua","labelSource":"osm-name","voltageRaw":"60000;30000","circuits":null,"cables":null,"frequency":null,"location":null,"sourceProvider":"OpenStreetMap Overpass API","sourceFallback":"ArcGIS structures layer omits polygon/way substations","sourceLicense":"ODbL 1.0","osmTimestamp":"2026-02-24T12:30:07Z"},"geometry":{"type":"Point","coordinates":[-7.567449226681374,40.944434150000006]}},{"type":"Feature","properties":{"assetId":"PT-substation-way-1051222400","countryCode":"PT","assetType":"substation","powerType":"substation","osmType":"way","osmId":"1051222400","actualVoltagesKv":[30,60],"actualVoltageKv":60,"gridClass":"154","displayClass":"154 kV sınıfı","name":"Subestação de Varosa","ref":"1805S5001700","operator":"E-REDES","from":null,"to":null,"displayLabel":"Subestação de Varosa","labelSource":"osm-name","voltageRaw":"60000;30000","circuits":null,"cables":null,"frequency":null,"location":null,"sourceProvider":"OpenStreetMap Overpass API","sourceFallback":"ArcGIS structures layer omits polygon/way substations","sourceLicense":"ODbL 1.0","osmTimestamp":"2026-02-24T12:30:07Z"},"geometry":{"type":"Point","coordinates":[-7.775964226791158,41.14084605]}},{"type":"Feature","properties":{"assetId":"PT-substation-way-1051238939","countryCode":"PT","assetType":"substation","powerType":"substation","osmType":"way","osmId":"1051238939","actualVoltagesKv":[30,60],"actualVoltageKv":60,"gridClass":"154","displayClass":"154 kV sınıfı","name":"Subestação Açoreira","ref":"0409S5025200","operator":"E-REDES","from":null,"to":null,"displayLabel":"Subestação Açoreira","labelSource":"osm-name","voltageRaw":"60000;30000","circuits":null,"cables":null,"frequency":null,"location":null,"sourceProvider":"OpenStreetMap Overpass API","sourceFallback":"ArcGIS structures layer omits polygon/way substations","sourceLicense":"ODbL 1.0","osmTimestamp":"2026-02-24T12:30:07Z"},"geometry":{"type":"Point","coordinates":[-7.122802286072442,41.13752075]}},{"type":"Feature","properties":{"assetId":"PT-substation-way-1051238940","countryCode":"PT","assetType":"substation","powerType":"substation","osmType":"way","osmId":"1051238940","actualVoltagesKv":[30,60],"actualVoltageKv":60,"gridClass":"154","displayClass":"154 kV sınıfı","name":"Subestação de Marvão","ref":"0909S5007600","operator":"E-REDES","from":null,"to":null,"displayLabel":"Subestação de Marvão","labelSource":"osm-name","voltageRaw":"60000;30000","circuits":null,"cables":null,"frequency":null,"location":null,"sourceProvider":"OpenStreetMap Overpass API","sourceFallback":"ArcGIS structures layer omits polygon/way substations","sourceLicense":"ODbL 1.0","osmTimestamp":"2026-02-24T12:30:07Z"},"geometry":{"type":"Point","coordinates":[-7.182802924074833,41.01887725]}},{"type":"Feature","properties":{"assetId":"PT-substation-way-1051401359","countryCode":"PT","assetType":"substation","powerType":"substation","osmType":"way","osmId":"1051401359","actualVoltagesKv":[60],"actualVoltageKv":60,"gridClass":"154","displayClass":"154 kV sınıfı","name":"Subestação do Sub-parque Eólico dos Três Marcos","ref":null,"operator":"Finerge","from":null,"to":null,"displayLabel":"Subestação do Sub-parque Eólico dos Três Marcos","labelSource":"osm-name","voltageRaw":"60000","circuits":null,"cables":null,"frequency":null,"location":null,"sourceProvider":"OpenStreetMap Overpass API","sourceFallback":"ArcGIS structures layer omits polygon/way substations","sourceLicense":"ODbL 1.0","osmTimestamp":"2025-10-25T20:45:07Z"},"geometry":{"type":"Point","coordinates":[-7.851710346841932,40.84125565]}},{"type":"Feature","properties":{"assetId":"PT-substation-way-1051723620","countryCode":"PT","assetType":"substation","powerType":"substation","osmType":"way","osmId":"1051723620","actualVoltagesKv":[20,60],"actualVoltageKv":60,"gridClass":"154","displayClass":"154 kV sınıfı","name":"Subestação do Sub-parque Eólico da Serra de Sampaio","ref":null,"operator":"Finerge","from":null,"to":null,"displayLabel":"Subestação do Sub-parque Eólico da Serra de Sampaio","labelSource":"osm-name","voltageRaw":"60000;20000","circuits":null,"cables":null,"frequency":null,"location":null,"sourceProvider":"OpenStreetMap Overpass API","sourceFallback":"ArcGIS structures layer omits polygon/way substations","sourceLicense":"ODbL 1.0","osmTimestamp":"2025-10-25T20:45:07Z"},"geometry":{"type":"Point","coordinates":[-7.433519849999996,41.05576015]}},{"type":"Feature","properties":{"assetId":"PT-substation-way-1052006002","countryCode":"PT","assetType":"substation","powerType":"substation","osmType":"way","osmId":"1052006002","actualVoltagesKv":[60],"actualVoltageKv":60,"gridClass":"154","displayClass":"154 kV sınıfı","name":"Subestação do Parque Eólico da Tocha II","ref":"PE Tocha II","operator":"EDP Renováveis","from":null,"to":null,"displayLabel":"Subestação do Parque Eólico da Tocha II","labelSource":"osm-name","voltageRaw":"60000","circuits":null,"cables":null,"frequency":null,"location":null,"sourceProvider":"OpenStreetMap Overpass API","sourceFallback":"ArcGIS structures layer omits polygon/way substations","sourceLicense":"ODbL 1.0","osmTimestamp":"2026-04-14T22:45:56Z"},"geometry":{"type":"Point","coordinates":[-8.815969450800822,40.35611075]}},{"type":"Feature","properties":{"assetId":"PT-substation-way-1052274847","countryCode":"PT","assetType":"substation","powerType":"substation","osmType":"way","osmId":"1052274847","actualVoltagesKv":[60],"actualVoltageKv":60,"gridClass":"154","displayClass":"154 kV sınıfı","name":"Posto de Seccionamento da Prelada","ref":null,"operator":"E-REDES","from":null,"to":null,"displayLabel":"Posto de Seccionamento da Prelada","labelSource":"osm-name","voltageRaw":"60000","circuits":null,"cables":null,"frequency":"50","location":"outdoor","sourceProvider":"OpenStreetMap Overpass API","sourceFallback":"ArcGIS structures layer omits polygon/way substations","sourceLicense":"ODbL 1.0","osmTimestamp":"2026-04-09T10:57:26Z"},"geometry":{"type":"Point","coordinates":[-8.62577859481846,41.17194705]}},{"type":"Feature","properties":{"assetId":"PT-substation-way-1052322586","countryCode":"PT","assetType":"substation","powerType":"substation","osmType":"way","osmId":"1052322586","actualVoltagesKv":[15,60],"actualVoltageKv":60,"gridClass":"154","displayClass":"154 kV sınıfı","name":"Subestação do Barreiro","ref":"1504S5020300","operator":"E-REDES","from":null,"to":null,"displayLabel":"Subestação do Barreiro","labelSource":"osm-name","voltageRaw":"60000;15000","circuits":null,"cables":null,"frequency":null,"location":null,"sourceProvider":"OpenStreetMap Overpass API","sourceFallback":"ArcGIS structures layer omits polygon/way substations","sourceLicense":"ODbL 1.0","osmTimestamp":"2026-02-24T12:30:07Z"},"geometry":{"type":"Point","coordinates":[-9.061232515238146,38.66301935]}},{"type":"Feature","properties":{"assetId":"PT-substation-way-1052363967","countryCode":"PT","assetType":"substation","powerType":"substation","osmType":"way","osmId":"1052363967","actualVoltagesKv":[60],"actualVoltageKv":60,"gridClass":"154","displayClass":"154 kV sınıfı","name":"Posto de Corte de São Mamede","ref":null,"operator":"E-REDES","from":null,"to":null,"displayLabel":"Posto de Corte de São Mamede","labelSource":"osm-name","voltageRaw":"60000","circuits":null,"cables":null,"frequency":null,"location":null,"sourceProvider":"OpenStreetMap Overpass API","sourceFallback":"ArcGIS structures layer omits polygon/way substations","sourceLicense":"ODbL 1.0","osmTimestamp":"2026-04-01T18:01:19Z"},"geometry":{"type":"Point","coordinates":[-8.693735646687037,39.601633250000006]}},{"type":"Feature","properties":{"assetId":"PT-substation-way-1052453335","countryCode":"PT","assetType":"substation","powerType":"substation","osmType":"way","osmId":"1052453335","actualVoltagesKv":[60],"actualVoltageKv":60,"gridClass":"154","displayClass":"154 kV sınıfı","name":"Subestação do Parque Eólico de Penacova","ref":null,"operator":"EDP Renováveis","from":null,"to":null,"displayLabel":"Subestação do Parque Eólico de Penacova","labelSource":"osm-name","voltageRaw":"60000","circuits":null,"cables":null,"frequency":null,"location":null,"sourceProvider":"OpenStreetMap Overpass API","sourceFallback":"ArcGIS structures layer omits polygon/way substations","sourceLicense":"ODbL 1.0","osmTimestamp":"2026-04-17T16:09:05Z"},"geometry":{"type":"Point","coordinates":[-8.323324251549899,40.32461365]}},{"type":"Feature","properties":{"assetId":"PT-substation-way-1052459251","countryCode":"PT","assetType":"substation","powerType":"substation","osmType":"way","osmId":"1052459251","actualVoltagesKv":[60],"actualVoltageKv":60,"gridClass":"154","displayClass":"154 kV sınıfı","name":"Subestação do Sub-parque Eólico de São João II","ref":null,"operator":"EDP Renováveis","from":null,"to":null,"displayLabel":"Subestação do Sub-parque Eólico de São João II","labelSource":"osm-name","voltageRaw":"60000","circuits":null,"cables":null,"frequency":null,"location":null,"sourceProvider":"OpenStreetMap Overpass API","sourceFallback":"ArcGIS structures layer omits polygon/way substations","sourceLicense":"ODbL 1.0","osmTimestamp":"2026-04-22T18:39:17Z"},"geometry":{"type":"Point","coordinates":[-8.398924239523133,39.99856595]}},{"type":"Feature","properties":{"assetId":"PT-substation-way-1052505100","countryCode":"PT","assetType":"substation","powerType":"substation","osmType":"way","osmId":"1052505100","actualVoltagesKv":[60],"actualVoltageKv":60,"gridClass":"154","displayClass":"154 kV sınıfı","name":"Subestação do Parque Eólico da Lousã I","ref":null,"operator":null,"from":null,"to":null,"displayLabel":"Subestação do Parque Eólico da Lousã I","labelSource":"osm-name","voltageRaw":"60000","circuits":null,"cables":null,"frequency":null,"location":null,"sourceProvider":"OpenStreetMap Overpass API","sourceFallback":"ArcGIS structures layer omits polygon/way substations","sourceLicense":"ODbL 1.0","osmTimestamp":"2024-02-28T19:19:50Z"},"geometry":{"type":"Point","coordinates":[-8.180482366588507,40.09783175]}},{"type":"Feature","properties":{"assetId":"PT-substation-way-1052505103","countryCode":"PT","assetType":"substation","powerType":"substation","osmType":"way","osmId":"1052505103","actualVoltagesKv":[60],"actualVoltageKv":60,"gridClass":"154","displayClass":"154 kV sınıfı","name":"Subestação do Parque Eólico de Safra","ref":null,"operator":"EDP Renováveis","from":null,"to":null,"displayLabel":"Subestação do Parque Eólico de Safra","labelSource":"osm-name","voltageRaw":"60000","circuits":null,"cables":null,"frequency":null,"location":null,"sourceProvider":"OpenStreetMap Overpass API","sourceFallback":"ArcGIS structures layer omits polygon/way substations","sourceLicense":"ODbL 1.0","osmTimestamp":"2026-04-15T10:21:38Z"},"geometry":{"type":"Point","coordinates":[-8.180387778142563,40.09690995]}},{"type":"Feature","properties":{"assetId":"PT-substation-way-1052544057","countryCode":"PT","assetType":"substation","powerType":"substation","osmType":"way","osmId":"1052544057","actualVoltagesKv":[60],"actualVoltageKv":60,"gridClass":"154","displayClass":"154 kV sınıfı","name":"Subestação do Sub-parque Eólico de Cadafaz II","ref":null,"operator":"EDP Renováveis","from":null,"to":null,"displayLabel":"Subestação do Sub-parque Eólico de Cadafaz II","labelSource":"osm-name","voltageRaw":"60000","circuits":null,"cables":null,"frequency":null,"location":null,"sourceProvider":"OpenStreetMap Overpass API","sourceFallback":"ArcGIS structures layer omits polygon/way substations","sourceLicense":"ODbL 1.0","osmTimestamp":"2026-04-22T18:47:04Z"},"geometry":{"type":"Point","coordinates":[-8.04280855,40.11918075]}},{"type":"Feature","properties":{"assetId":"PT-substation-way-1052558965","countryCode":"PT","assetType":"substation","powerType":"substation","osmType":"way","osmId":"1052558965","actualVoltagesKv":[15,60],"actualVoltageKv":60,"gridClass":"154","displayClass":"154 kV sınıfı","name":"Subestação do Fundão","ref":"0504S5008900","operator":"E-REDES","from":null,"to":null,"displayLabel":"Subestação do Fundão","labelSource":"osm-name","voltageRaw":"60000;15000","circuits":null,"cables":null,"frequency":null,"location":null,"sourceProvider":"OpenStreetMap Overpass API","sourceFallback":"ArcGIS structures layer omits polygon/way substations","sourceLicense":"ODbL 1.0","osmTimestamp":"2026-02-24T12:30:07Z"},"geometry":{"type":"Point","coordinates":[-7.4940269,40.16921835]}},{"type":"Feature","properties":{"assetId":"PT-substation-way-1052558966","countryCode":"PT","assetType":"substation","powerType":"substation","osmType":"way","osmId":"1052558966","actualVoltagesKv":[15,60],"actualVoltageKv":60,"gridClass":"154","displayClass":"154 kV sınıfı","name":"Subestação da Várzea","ref":"0503S5006600","operator":"E-REDES","from":null,"to":null,"displayLabel":"Subestação da Várzea","labelSource":"osm-name","voltageRaw":"60000;15000","circuits":null,"cables":null,"frequency":null,"location":null,"sourceProvider":"OpenStreetMap Overpass API","sourceFallback":"ArcGIS structures layer omits polygon/way substations","sourceLicense":"ODbL 1.0","osmTimestamp":"2026-02-24T12:30:07Z"},"geometry":{"type":"Point","coordinates":[-7.479612407956089,40.28982945]}},{"type":"Feature","properties":{"assetId":"PT-substation-way-1052558972","countryCode":"PT","assetType":"substation","powerType":"substation","osmType":"way","osmId":"1052558972","actualVoltagesKv":[15,60],"actualVoltageKv":60,"gridClass":"154","displayClass":"154 kV sınıfı","name":"Subestação de Tortosendo","ref":"0503S5006700","operator":"E-REDES","from":null,"to":null,"displayLabel":"Subestação de Tortosendo","labelSource":"osm-name","voltageRaw":"60000;15000","circuits":null,"cables":null,"frequency":null,"location":null,"sourceProvider":"OpenStreetMap Overpass API","sourceFallback":"ArcGIS structures layer omits polygon/way substations","sourceLicense":"ODbL 1.0","osmTimestamp":"2026-02-24T12:30:07Z"},"geometry":{"type":"Point","coordinates":[-7.513160124334025,40.252437650000005]}},{"type":"Feature","properties":{"assetId":"PT-substation-way-1052558975","countryCode":"PT","assetType":"substation","powerType":"substation","osmType":"way","osmId":"1052558975","actualVoltagesKv":[60],"actualVoltageKv":60,"gridClass":"154","displayClass":"154 kV sınıfı","name":"Subestação do Parque Eólico da Serra de Alvoaça","ref":null,"operator":null,"from":null,"to":null,"displayLabel":"Subestação do Parque Eólico da Serra de Alvoaça","labelSource":"osm-name","voltageRaw":"60000","circuits":null,"cables":null,"frequency":null,"location":null,"sourceProvider":"OpenStreetMap Overpass API","sourceFallback":"ArcGIS structures layer omits polygon/way substations","sourceLicense":"ODbL 1.0","osmTimestamp":"2026-04-14T20:54:00Z"},"geometry":{"type":"Point","coordinates":[-7.7275034566788054,40.2459152]}},{"type":"Feature","properties":{"assetId":"PT-substation-way-1052559829","countryCode":"PT","assetType":"substation","powerType":"substation","osmType":"way","osmId":"1052559829","actualVoltagesKv":[15,60],"actualVoltageKv":60,"gridClass":"154","displayClass":"154 kV sınıfı","name":"Subestação de Santa Luzia","ref":"0612S5003700","operator":"E-REDES","from":null,"to":null,"displayLabel":"Subestação de Santa Luzia","labelSource":"osm-name","voltageRaw":"60000;15000","circuits":null,"cables":null,"frequency":null,"location":null,"sourceProvider":"OpenStreetMap Overpass API","sourceFallback":"ArcGIS structures layer omits polygon/way substations","sourceLicense":"ODbL 1.0","osmTimestamp":"2026-02-24T12:30:07Z"},"geometry":{"type":"Point","coordinates":[-7.81795251436489,40.0796636]}},{"type":"Feature","properties":{"assetId":"PT-substation-way-1054310285","countryCode":"PT","assetType":"substation","powerType":"substation","osmType":"way","osmId":"1054310285","actualVoltagesKv":[220,400],"actualVoltageKv":400,"gridClass":"400","displayClass":"400 kV sınıfı","name":"Subestação do Fundão","ref":"SFDA","operator":"REN","from":null,"to":null,"displayLabel":"Subestação do Fundão","labelSource":"osm-name","voltageRaw":"400000;220000","circuits":null,"cables":null,"frequency":null,"location":"outdoor","sourceProvider":"OpenStreetMap Overpass API","sourceFallback":"ArcGIS structures layer omits polygon/way substations","sourceLicense":"ODbL 1.0","osmTimestamp":"2024-02-29T21:58:43Z"},"geometry":{"type":"Point","coordinates":[-7.455298737818101,40.17657115]}},{"type":"Feature","properties":{"assetId":"PT-substation-way-1054347671","countryCode":"PT","assetType":"substation","powerType":"substation","osmType":"way","osmId":"1054347671","actualVoltagesKv":[60],"actualVoltageKv":60,"gridClass":"154","displayClass":"154 kV sınıfı","name":"Subestação do Sub-parque Eólico de Penamacor 1","ref":null,"operator":"Lestenergia","from":null,"to":null,"displayLabel":"Subestação do Sub-parque Eólico de Penamacor 1","labelSource":"osm-name","voltageRaw":"60000","circuits":null,"cables":null,"frequency":null,"location":null,"sourceProvider":"OpenStreetMap Overpass API","sourceFallback":"ArcGIS structures layer omits polygon/way substations","sourceLicense":"ODbL 1.0","osmTimestamp":"2026-04-14T21:44:25Z"},"geometry":{"type":"Point","coordinates":[-7.241060600000002,40.20570615]}},{"type":"Feature","properties":{"assetId":"PT-substation-way-1056159574","countryCode":"PT","assetType":"substation","powerType":"substation","osmType":"way","osmId":"1056159574","actualVoltagesKv":[10,60],"actualVoltageKv":60,"gridClass":"154","displayClass":"154 kV sınıfı","name":"Subestação Expo Sul","ref":"1106S5800000","operator":"E-REDES","from":null,"to":null,"displayLabel":"Subestação Expo Sul","labelSource":"osm-name","voltageRaw":"60000;10000","circuits":null,"cables":null,"frequency":null,"location":null,"sourceProvider":"OpenStreetMap Overpass API","sourceFallback":"ArcGIS structures layer omits polygon/way substations","sourceLicense":"ODbL 1.0","osmTimestamp":"2026-02-24T12:30:07Z"},"geometry":{"type":"Point","coordinates":[-9.099878660617737,38.75713305]}},{"type":"Feature","properties":{"assetId":"PT-substation-way-1056159594","countryCode":"PT","assetType":"substation","powerType":"substation","osmType":"way","osmId":"1056159594","actualVoltagesKv":[10,30,60],"actualVoltageKv":60,"gridClass":"154","displayClass":"154 kV sınıfı","name":"Subestação de Anaia","ref":"1107S5167800","operator":"E-REDES","from":null,"to":null,"displayLabel":"Subestação de Anaia","labelSource":"osm-name","voltageRaw":"60000;30000;10000","circuits":null,"cables":null,"frequency":"50","location":"outdoor","sourceProvider":"OpenStreetMap Overpass API","sourceFallback":"ArcGIS structures layer omits polygon/way substations","sourceLicense":"ODbL 1.0","osmTimestamp":"2026-02-24T12:30:07Z"},"geometry":{"type":"Point","coordinates":[-9.086387099003598,38.83823905]}},{"type":"Feature","properties":{"assetId":"PT-substation-way-1056159644","countryCode":"PT","assetType":"substation","powerType":"substation","osmType":"way","osmId":"1056159644","actualVoltagesKv":[15,30,60],"actualVoltageKv":60,"gridClass":"154","displayClass":"154 kV sınıfı","name":"Subestação da Póvoa","ref":"1114S5192200","operator":"E-REDES","from":null,"to":null,"displayLabel":"Subestação da Póvoa","labelSource":"osm-name","voltageRaw":"60000;30000;15000","circuits":null,"cables":null,"frequency":"50","location":"outdoor","sourceProvider":"OpenStreetMap Overpass API","sourceFallback":"ArcGIS structures layer omits polygon/way substations","sourceLicense":"ODbL 1.0","osmTimestamp":"2026-02-24T12:30:07Z"},"geometry":{"type":"Point","coordinates":[-9.074231346355237,38.8590712]}},{"type":"Feature","properties":{"assetId":"PT-substation-way-1056159663","countryCode":"PT","assetType":"substation","powerType":"substation","osmType":"way","osmId":"1056159663","actualVoltagesKv":[10,30,60],"actualVoltageKv":60,"gridClass":"154","displayClass":"154 kV sınıfı","name":"Subestação Alhandra","ref":"1114S5140100","operator":"E-REDES","from":null,"to":null,"displayLabel":"Subestação Alhandra","labelSource":"osm-name","voltageRaw":"60000;30000;10000","circuits":null,"cables":null,"frequency":null,"location":null,"sourceProvider":"OpenStreetMap Overpass API","sourceFallback":"ArcGIS structures layer omits polygon/way substations","sourceLicense":"ODbL 1.0","osmTimestamp":"2026-02-24T12:30:07Z"},"geometry":{"type":"Point","coordinates":[-9.014500412539665,38.92171755]}},{"type":"Feature","properties":{"assetId":"PT-substation-way-1056159666","countryCode":"PT","assetType":"substation","powerType":"substation","osmType":"way","osmId":"1056159666","actualVoltagesKv":[60],"actualVoltageKv":60,"gridClass":"154","displayClass":"154 kV sınıfı","name":"Subestação Cimpor","ref":null,"operator":"Cimpor","from":null,"to":null,"displayLabel":"Subestação Cimpor","labelSource":"osm-name","voltageRaw":"60000","circuits":null,"cables":null,"frequency":null,"location":null,"sourceProvider":"OpenStreetMap Overpass API","sourceFallback":"ArcGIS structures layer omits polygon/way substations","sourceLicense":"ODbL 1.0","osmTimestamp":"2024-11-06T16:36:41Z"},"geometry":{"type":"Point","coordinates":[-9.011194858136928,38.92279095]}},{"type":"Feature","properties":{"assetId":"PT-substation-way-1056159682","countryCode":"PT","assetType":"substation","powerType":"substation","osmType":"way","osmId":"1056159682","actualVoltagesKv":[60],"actualVoltageKv":60,"gridClass":"154","displayClass":"154 kV sınıfı","name":"Subestação EPAL","ref":null,"operator":"Empresa Portuguesa das Águas Livres","from":null,"to":null,"displayLabel":"Subestação EPAL","labelSource":"osm-name","voltageRaw":"60000","circuits":null,"cables":null,"frequency":null,"location":null,"sourceProvider":"OpenStreetMap Overpass API","sourceFallback":"ArcGIS structures layer omits polygon/way substations","sourceLicense":"ODbL 1.0","osmTimestamp":"2025-10-26T14:31:37Z"},"geometry":{"type":"Point","coordinates":[-8.977781504659045,38.9830752]}},{"type":"Feature","properties":{"assetId":"PT-substation-way-1056723445","countryCode":"PT","assetType":"substation","powerType":"substation","osmType":"way","osmId":"1056723445","actualVoltagesKv":[30,60],"actualVoltageKv":60,"gridClass":"154","displayClass":"154 kV sınıfı","name":"Subestação da Lourinhã","ref":"1108S5729600","operator":"E-REDES","from":null,"to":null,"displayLabel":"Subestação da Lourinhã","labelSource":"osm-name","voltageRaw":"60000;30000","circuits":null,"cables":null,"frequency":"50","location":"outdoor","sourceProvider":"OpenStreetMap Overpass API","sourceFallback":"ArcGIS structures layer omits polygon/way substations","sourceLicense":"ODbL 1.0","osmTimestamp":"2026-02-24T12:30:07Z"},"geometry":{"type":"Point","coordinates":[-9.306260581168331,39.2458477]}},{"type":"Feature","properties":{"assetId":"PT-substation-way-1056723448","countryCode":"PT","assetType":"substation","powerType":"substation","osmType":"way","osmId":"1056723448","actualVoltagesKv":[60],"actualVoltageKv":60,"gridClass":"154","displayClass":"154 kV sınıfı","name":"Posto de Corte de A-dos-Cunhados","ref":null,"operator":"E-REDES","from":null,"to":null,"displayLabel":"Posto de Corte de A-dos-Cunhados","labelSource":"osm-name","voltageRaw":"60000","circuits":null,"cables":null,"frequency":"50","location":"outdoor","sourceProvider":"OpenStreetMap Overpass API","sourceFallback":"ArcGIS structures layer omits polygon/way substations","sourceLicense":"ODbL 1.0","osmTimestamp":"2026-02-24T12:30:07Z"},"geometry":{"type":"Point","coordinates":[-9.277973209655642,39.14075725]}},{"type":"Feature","properties":{"assetId":"PT-substation-way-1056723463","countryCode":"PT","assetType":"substation","powerType":"substation","osmType":"way","osmId":"1056723463","actualVoltagesKv":[60],"actualVoltageKv":60,"gridClass":"154","displayClass":"154 kV sınıfı","name":"Subestação Linde-Sogás","ref":null,"operator":"Linde","from":null,"to":null,"displayLabel":"Subestação Linde-Sogás","labelSource":"osm-name","voltageRaw":"60000","circuits":null,"cables":null,"frequency":null,"location":null,"sourceProvider":"OpenStreetMap Overpass API","sourceFallback":"ArcGIS structures layer omits polygon/way substations","sourceLicense":"ODbL 1.0","osmTimestamp":"2026-04-13T20:40:54Z"},"geometry":{"type":"Point","coordinates":[-8.991518411562307,39.07152805]}},{"type":"Feature","properties":{"assetId":"PT-substation-way-1056726112","countryCode":"PT","assetType":"substation","powerType":"substation","osmType":"way","osmId":"1056726112","actualVoltagesKv":[30,60],"actualVoltageKv":60,"gridClass":"154","displayClass":"154 kV sınıfı","name":"Subestação da Merceana","ref":"1101S5423500","operator":"E-REDES","from":null,"to":null,"displayLabel":"Subestação da Merceana","labelSource":"osm-name","voltageRaw":"60000;30000","circuits":null,"cables":null,"frequency":"50","location":"outdoor","sourceProvider":"OpenStreetMap Overpass API","sourceFallback":"ArcGIS structures layer omits polygon/way substations","sourceLicense":"ODbL 1.0","osmTimestamp":"2026-02-24T12:30:07Z"},"geometry":{"type":"Point","coordinates":[-9.115646639713725,39.0855295]}},{"type":"Feature","properties":{"assetId":"PT-substation-way-1059904162","countryCode":"PT","assetType":"substation","powerType":"substation","osmType":"way","osmId":"1059904162","actualVoltagesKv":[60],"actualVoltageKv":60,"gridClass":"154","displayClass":"154 kV sınıfı","name":"Posto de Corte de Ínsua","ref":null,"operator":"E-REDES","from":null,"to":null,"displayLabel":"Posto de Corte de Ínsua","labelSource":"osm-name","voltageRaw":"60000","circuits":null,"cables":null,"frequency":null,"location":null,"sourceProvider":"OpenStreetMap Overpass API","sourceFallback":"ArcGIS structures layer omits polygon/way substations","sourceLicense":"ODbL 1.0","osmTimestamp":"2026-02-24T12:30:07Z"},"geometry":{"type":"Point","coordinates":[-7.569199224344127,38.146290199999996]}},{"type":"Feature","properties":{"assetId":"PT-substation-way-108363233","countryCode":"PT","assetType":"substation","powerType":"substation","osmType":"way","osmId":"108363233","actualVoltagesKv":[15,60],"actualVoltageKv":60,"gridClass":"154","displayClass":"154 kV sınıfı","name":"Subestação de Matosinhos","ref":"1308S5002600","operator":"E-REDES","from":null,"to":null,"displayLabel":"Subestação de Matosinhos","labelSource":"osm-name","voltageRaw":"60000;15000","circuits":null,"cables":null,"frequency":"50","location":"outdoor","sourceProvider":"OpenStreetMap Overpass API","sourceFallback":"ArcGIS structures layer omits polygon/way substations","sourceLicense":"ODbL 1.0","osmTimestamp":"2026-02-24T12:29:46Z"},"geometry":{"type":"Point","coordinates":[-8.677588820939835,41.187877150000006]}},{"type":"Feature","properties":{"assetId":"PT-substation-way-1086831902","countryCode":"PT","assetType":"substation","powerType":"substation","osmType":"way","osmId":"1086831902","actualVoltagesKv":[15,60],"actualVoltageKv":60,"gridClass":"154","displayClass":"154 kV sınıfı","name":"Subestação de Antanhol","ref":"0603S5022800","operator":"E-REDES","from":null,"to":null,"displayLabel":"Subestação de Antanhol","labelSource":"osm-name","voltageRaw":"60000;15000","circuits":null,"cables":null,"frequency":null,"location":null,"sourceProvider":"OpenStreetMap Overpass API","sourceFallback":"ArcGIS structures layer omits polygon/way substations","sourceLicense":"ODbL 1.0","osmTimestamp":"2026-02-24T12:30:07Z"},"geometry":{"type":"Point","coordinates":[-8.4637828,40.1797666]}},{"type":"Feature","properties":{"assetId":"PT-substation-way-1089441083","countryCode":"PT","assetType":"substation","powerType":"substation","osmType":"way","osmId":"1089441083","actualVoltagesKv":[60,220],"actualVoltageKv":220,"gridClass":"154","displayClass":"154 kV sınıfı","name":"Subestação de Ermesinde","ref":"SED","operator":"REN","from":null,"to":null,"displayLabel":"Subestação de Ermesinde","labelSource":"osm-name","voltageRaw":"220000;60000","circuits":null,"cables":null,"frequency":"50","location":"outdoor","sourceProvider":"OpenStreetMap Overpass API","sourceFallback":"ArcGIS structures layer omits polygon/way substations","sourceLicense":"ODbL 1.0","osmTimestamp":"2025-09-24T16:43:40Z"},"geometry":{"type":"Point","coordinates":[-8.554766521643124,41.2035197]}},{"type":"Feature","properties":{"assetId":"PT-substation-way-1097626624","countryCode":"PT","assetType":"substation","powerType":"substation","osmType":"way","osmId":"1097626624","actualVoltagesKv":[10,30,60],"actualVoltageKv":60,"gridClass":"154","displayClass":"154 kV sınıfı","name":"Subestação de Areias","ref":"1114S5340500","operator":"E-REDES","from":null,"to":null,"displayLabel":"Subestação de Areias","labelSource":"osm-name","voltageRaw":"60000;30000;10000","circuits":null,"cables":null,"frequency":null,"location":null,"sourceProvider":"OpenStreetMap Overpass API","sourceFallback":"ArcGIS structures layer omits polygon/way substations","sourceLicense":"ODbL 1.0","osmTimestamp":"2026-02-24T12:30:07Z"},"geometry":{"type":"Point","coordinates":[-8.975866625411324,38.97564495]}},{"type":"Feature","properties":{"assetId":"PT-substation-way-1102273600","countryCode":"PT","assetType":"substation","powerType":"substation","osmType":"way","osmId":"1102273600","actualVoltagesKv":[15,60],"actualVoltageKv":60,"gridClass":"154","displayClass":"154 kV sınıfı","name":"Subestação Seixal","ref":"1510S5022300","operator":"E-REDES","from":null,"to":null,"displayLabel":"Subestação Seixal","labelSource":"osm-name","voltageRaw":"60000;15000","circuits":null,"cables":null,"frequency":null,"location":"outdoor","sourceProvider":"OpenStreetMap Overpass API","sourceFallback":"ArcGIS structures layer omits polygon/way substations","sourceLicense":"ODbL 1.0","osmTimestamp":"2026-02-24T12:30:07Z"},"geometry":{"type":"Point","coordinates":[-9.0988563033455,38.62653455]}},{"type":"Feature","properties":{"assetId":"PT-substation-way-1102468990","countryCode":"PT","assetType":"substation","powerType":"substation","osmType":"way","osmId":"1102468990","actualVoltagesKv":[60],"actualVoltageKv":60,"gridClass":"154","displayClass":"154 kV sınıfı","name":"Subestação Lisnave","ref":null,"operator":"Lisnave","from":null,"to":null,"displayLabel":"Subestação Lisnave","labelSource":"osm-name","voltageRaw":"60000","circuits":null,"cables":null,"frequency":null,"location":null,"sourceProvider":"OpenStreetMap Overpass API","sourceFallback":"ArcGIS structures layer omits polygon/way substations","sourceLicense":"ODbL 1.0","osmTimestamp":"2025-02-03T19:22:54Z"},"geometry":{"type":"Point","coordinates":[-9.149043592701602,38.679144]}},{"type":"Feature","properties":{"assetId":"PT-substation-way-1102468996","countryCode":"PT","assetType":"substation","powerType":"substation","osmType":"way","osmId":"1102468996","actualVoltagesKv":[15,60],"actualVoltageKv":60,"gridClass":"154","displayClass":"154 kV sınıfı","name":"Subestação Laranjeiro","ref":"1503S5021700","operator":"E-REDES","from":null,"to":null,"displayLabel":"Subestação Laranjeiro","labelSource":"osm-name","voltageRaw":"60000;15000","circuits":null,"cables":null,"frequency":null,"location":null,"sourceProvider":"OpenStreetMap Overpass API","sourceFallback":"ArcGIS structures layer omits polygon/way substations","sourceLicense":"ODbL 1.0","osmTimestamp":"2025-06-10T21:45:28Z"},"geometry":{"type":"Point","coordinates":[-9.156003683630749,38.65558785]}},{"type":"Feature","properties":{"assetId":"PT-substation-way-1104488474","countryCode":"PT","assetType":"substation","powerType":"substation","osmType":"way","osmId":"1104488474","actualVoltagesKv":[60],"actualVoltageKv":60,"gridClass":"154","displayClass":"154 kV sınıfı","name":"Posto de Corte de Alcanhões","ref":null,"operator":"E-REDES","from":null,"to":null,"displayLabel":"Posto de Corte de Alcanhões","labelSource":"osm-name","voltageRaw":"60000","circuits":null,"cables":null,"frequency":null,"location":null,"sourceProvider":"OpenStreetMap Overpass API","sourceFallback":"ArcGIS structures layer omits polygon/way substations","sourceLicense":"ODbL 1.0","osmTimestamp":"2026-02-24T12:30:07Z"},"geometry":{"type":"Point","coordinates":[-8.651430394709521,39.27994695]}},{"type":"Feature","properties":{"assetId":"PT-substation-way-1104556530","countryCode":"PT","assetType":"substation","powerType":"substation","osmType":"way","osmId":"1104556530","actualVoltagesKv":[60],"actualVoltageKv":60,"gridClass":"154","displayClass":"154 kV sınıfı","name":"Subestação Quimigal","ref":null,"operator":null,"from":null,"to":null,"displayLabel":"Subestação Quimigal","labelSource":"osm-name","voltageRaw":"60000","circuits":null,"cables":null,"frequency":null,"location":null,"sourceProvider":"OpenStreetMap Overpass API","sourceFallback":"ArcGIS structures layer omits polygon/way substations","sourceLicense":"ODbL 1.0","osmTimestamp":"2023-12-16T00:08:29Z"},"geometry":{"type":"Point","coordinates":[-9.049684624705833,38.6747855]}},{"type":"Feature","properties":{"assetId":"PT-substation-way-1104556532","countryCode":"PT","assetType":"substation","powerType":"substation","osmType":"way","osmId":"1104556532","actualVoltagesKv":[60],"actualVoltageKv":60,"gridClass":"154","displayClass":"154 kV sınıfı","name":"Subestação da Central Termoelétrica Fisigen","ref":null,"operator":"FISIGEN;EDP","from":null,"to":null,"displayLabel":"Subestação da Central Termoelétrica Fisigen","labelSource":"osm-name","voltageRaw":"60000","circuits":null,"cables":null,"frequency":null,"location":null,"sourceProvider":"OpenStreetMap Overpass API","sourceFallback":"ArcGIS structures layer omits polygon/way substations","sourceLicense":"ODbL 1.0","osmTimestamp":"2026-04-30T17:36:54Z"},"geometry":{"type":"Point","coordinates":[-9.050167483842241,38.6780946]}},{"type":"Feature","properties":{"assetId":"PT-substation-way-1105035507","countryCode":"PT","assetType":"substation","powerType":"substation","osmType":"way","osmId":"1105035507","actualVoltagesKv":[60],"actualVoltageKv":60,"gridClass":"154","displayClass":"154 kV sınıfı","name":"Posto de Seccionamento Marinhais","ref":null,"operator":"E-REDES","from":null,"to":null,"displayLabel":"Posto de Seccionamento Marinhais","labelSource":"osm-name","voltageRaw":"60000","circuits":null,"cables":null,"frequency":null,"location":null,"sourceProvider":"OpenStreetMap Overpass API","sourceFallback":"ArcGIS structures layer omits polygon/way substations","sourceLicense":"ODbL 1.0","osmTimestamp":"2026-02-24T12:30:07Z"},"geometry":{"type":"Point","coordinates":[-8.682415411567288,39.03184385]}},{"type":"Feature","properties":{"assetId":"PT-substation-way-1113206977","countryCode":"PT","assetType":"substation","powerType":"substation","osmType":"way","osmId":"1113206977","actualVoltagesKv":[10,60],"actualVoltageKv":60,"gridClass":"154","displayClass":"154 kV sınıfı","name":"Subestação da Praça da Figueira","ref":"1106S5200200","operator":"E-REDES","from":null,"to":null,"displayLabel":"Subestação da Praça da Figueira","labelSource":"osm-name","voltageRaw":"60000;10000","circuits":null,"cables":null,"frequency":"50","location":"underground","sourceProvider":"OpenStreetMap Overpass API","sourceFallback":"ArcGIS structures layer omits polygon/way substations","sourceLicense":"ODbL 1.0","osmTimestamp":"2026-02-24T12:30:07Z"},"geometry":{"type":"Point","coordinates":[-9.137751399999999,38.71361735]}},{"type":"Feature","properties":{"assetId":"PT-substation-way-1114808843","countryCode":"PT","assetType":"substation","powerType":"substation","osmType":"way","osmId":"1114808843","actualVoltagesKv":[60],"actualVoltageKv":60,"gridClass":"154","displayClass":"154 kV sınıfı","name":"Subestação Cotesi Gaia","ref":null,"operator":null,"from":null,"to":null,"displayLabel":"Subestação Cotesi Gaia","labelSource":"osm-name","voltageRaw":"60000","circuits":null,"cables":null,"frequency":null,"location":null,"sourceProvider":"OpenStreetMap Overpass API","sourceFallback":"ArcGIS structures layer omits polygon/way substations","sourceLicense":"ODbL 1.0","osmTimestamp":"2026-04-14T22:07:37Z"},"geometry":{"type":"Point","coordinates":[-8.585737915545568,41.0273595]}},{"type":"Feature","properties":{"assetId":"PT-substation-way-1114808878","countryCode":"PT","assetType":"substation","powerType":"substation","osmType":"way","osmId":"1114808878","actualVoltagesKv":[60],"actualVoltageKv":60,"gridClass":"154","displayClass":"154 kV sınıfı","name":"Posto de Corte","ref":null,"operator":null,"from":null,"to":null,"displayLabel":"Posto de Corte","labelSource":"osm-name","voltageRaw":"60000","circuits":null,"cables":null,"frequency":null,"location":null,"sourceProvider":"OpenStreetMap Overpass API","sourceFallback":"ArcGIS structures layer omits polygon/way substations","sourceLicense":"ODbL 1.0","osmTimestamp":"2024-09-30T14:52:11Z"},"geometry":{"type":"Point","coordinates":[-8.530350645286134,41.086725]}},{"type":"Feature","properties":{"assetId":"PT-substation-way-1117262410","countryCode":"PT","assetType":"substation","powerType":"substation","osmType":"way","osmId":"1117262410","actualVoltagesKv":[10,60],"actualVoltageKv":60,"gridClass":"154","displayClass":"154 kV sınıfı","name":"Subestação do Senhor Roubado","ref":"1106S5072500","operator":"E-REDES","from":null,"to":null,"displayLabel":"Subestação do Senhor Roubado","labelSource":"osm-name","voltageRaw":"60000;10000","circuits":null,"cables":null,"frequency":null,"location":null,"sourceProvider":"OpenStreetMap Overpass API","sourceFallback":"ArcGIS structures layer omits polygon/way substations","sourceLicense":"ODbL 1.0","osmTimestamp":"2026-02-24T12:30:10Z"},"geometry":{"type":"Point","coordinates":[-9.16934776297353,38.785356]}},{"type":"Feature","properties":{"assetId":"PT-substation-way-1122201782","countryCode":"PT","assetType":"substation","powerType":"substation","osmType":"way","osmId":"1122201782","actualVoltagesKv":[10,60],"actualVoltageKv":60,"gridClass":"154","displayClass":"154 kV sınıfı","name":"Subestação Alto do Lumiar","ref":"1106S5815000","operator":"E-REDES","from":null,"to":null,"displayLabel":"Subestação Alto do Lumiar","labelSource":"osm-name","voltageRaw":"60000;10000","circuits":null,"cables":null,"frequency":"50","location":"indoor","sourceProvider":"OpenStreetMap Overpass API","sourceFallback":"ArcGIS structures layer omits polygon/way substations","sourceLicense":"ODbL 1.0","osmTimestamp":"2026-02-24T12:30:10Z"},"geometry":{"type":"Point","coordinates":[-9.15357685405305,38.77818515]}},{"type":"Feature","properties":{"assetId":"PT-substation-way-1122201783","countryCode":"PT","assetType":"substation","powerType":"substation","osmType":"way","osmId":"1122201783","actualVoltagesKv":[10,60],"actualVoltageKv":60,"gridClass":"154","displayClass":"154 kV sınıfı","name":"Subestação de Telheiras","ref":"1106S5242000","operator":"E-REDES","from":null,"to":null,"displayLabel":"Subestação de Telheiras","labelSource":"osm-name","voltageRaw":"60000;10000","circuits":null,"cables":null,"frequency":"50","location":"indoor","sourceProvider":"OpenStreetMap Overpass API","sourceFallback":"ArcGIS structures layer omits polygon/way substations","sourceLicense":"ODbL 1.0","osmTimestamp":"2026-02-24T12:30:10Z"},"geometry":{"type":"Point","coordinates":[-9.163954934451741,38.76778215]}},{"type":"Feature","properties":{"assetId":"PT-substation-way-1122241102","countryCode":"PT","assetType":"substation","powerType":"substation","osmType":"way","osmId":"1122241102","actualVoltagesKv":[10,60],"actualVoltageKv":60,"gridClass":"154","displayClass":"154 kV sınıfı","name":"Subestação Caneças","ref":"1116S5903800","operator":"E-REDES","from":null,"to":null,"displayLabel":"Subestação Caneças","labelSource":"osm-name","voltageRaw":"60000;10000","circuits":null,"cables":null,"frequency":"50","location":"indoor","sourceProvider":"OpenStreetMap Overpass API","sourceFallback":"ArcGIS structures layer omits polygon/way substations","sourceLicense":"ODbL 1.0","osmTimestamp":"2026-05-13T19:47:07Z"},"geometry":{"type":"Point","coordinates":[-9.214041318398316,38.80498885]}},{"type":"Feature","properties":{"assetId":"PT-substation-way-1122242939","countryCode":"PT","assetType":"substation","powerType":"substation","osmType":"way","osmId":"1122242939","actualVoltagesKv":[10,60],"actualVoltageKv":60,"gridClass":"154","displayClass":"154 kV sınıfı","name":"Subestação Aeroporto","ref":"1106S5275000","operator":"E-REDES","from":null,"to":null,"displayLabel":"Subestação Aeroporto","labelSource":"osm-name","voltageRaw":"60000;10000","circuits":null,"cables":null,"frequency":"50","location":null,"sourceProvider":"OpenStreetMap Overpass API","sourceFallback":"ArcGIS structures layer omits polygon/way substations","sourceLicense":"ODbL 1.0","osmTimestamp":"2026-02-24T12:30:10Z"},"geometry":{"type":"Point","coordinates":[-9.125817055146634,38.77503325000001]}},{"type":"Feature","properties":{"assetId":"PT-substation-way-1122244744","countryCode":"PT","assetType":"substation","powerType":"substation","osmType":"way","osmId":"1122244744","actualVoltagesKv":[10,60],"actualVoltageKv":60,"gridClass":"154","displayClass":"154 kV sınıfı","name":"Subestação Alameda","ref":"1106S5200300","operator":"E-REDES","from":null,"to":null,"displayLabel":"Subestação Alameda","labelSource":"osm-name","voltageRaw":"60000;10000","circuits":null,"cables":null,"frequency":"50","location":"underground","sourceProvider":"OpenStreetMap Overpass API","sourceFallback":"ArcGIS structures layer omits polygon/way substations","sourceLicense":"ODbL 1.0","osmTimestamp":"2026-02-24T12:30:10Z"},"geometry":{"type":"Point","coordinates":[-9.136257300799286,38.736963849999995]}},{"type":"Feature","properties":{"assetId":"PT-substation-way-1122275723","countryCode":"PT","assetType":"substation","powerType":"substation","osmType":"way","osmId":"1122275723","actualVoltagesKv":[60],"actualVoltageKv":60,"gridClass":"154","displayClass":"154 kV sınıfı","name":"Subestação Volcalis","ref":null,"operator":null,"from":null,"to":null,"displayLabel":"Subestação Volcalis","labelSource":"osm-name","voltageRaw":"60000","circuits":null,"cables":null,"frequency":null,"location":null,"sourceProvider":"OpenStreetMap Overpass API","sourceFallback":"ArcGIS structures layer omits polygon/way substations","sourceLicense":"ODbL 1.0","osmTimestamp":"2023-12-08T13:21:35Z"},"geometry":{"type":"Point","coordinates":[-8.612289988694265,40.5015233]}},{"type":"Feature","properties":{"assetId":"PT-substation-way-1122275743","countryCode":"PT","assetType":"substation","powerType":"substation","osmType":"way","osmId":"1122275743","actualVoltagesKv":[15,60],"actualVoltageKv":60,"gridClass":"154","displayClass":"154 kV sınıfı","name":"Subestação de Oliveira do Bairro","ref":"0114S5022700","operator":"E-REDES","from":null,"to":null,"displayLabel":"Subestação de Oliveira do Bairro","labelSource":"osm-name","voltageRaw":"60000;15000","circuits":null,"cables":null,"frequency":null,"location":null,"sourceProvider":"OpenStreetMap Overpass API","sourceFallback":"ArcGIS structures layer omits polygon/way substations","sourceLicense":"ODbL 1.0","osmTimestamp":"2026-02-24T12:30:10Z"},"geometry":{"type":"Point","coordinates":[-8.519975272144539,40.52274835]}},{"type":"Feature","properties":{"assetId":"PT-substation-way-1122292781","countryCode":"PT","assetType":"substation","powerType":"substation","osmType":"way","osmId":"1122292781","actualVoltagesKv":[60],"actualVoltageKv":60,"gridClass":"154","displayClass":"154 kV sınıfı","name":"Posto de Corte de Mortágua","ref":null,"operator":"E-REDES","from":null,"to":null,"displayLabel":"Posto de Corte de Mortágua","labelSource":"osm-name","voltageRaw":"60000","circuits":null,"cables":null,"frequency":null,"location":null,"sourceProvider":"OpenStreetMap Overpass API","sourceFallback":"ArcGIS structures layer omits polygon/way substations","sourceLicense":"ODbL 1.0","osmTimestamp":"2026-02-24T12:30:10Z"},"geometry":{"type":"Point","coordinates":[-8.18588364999999,40.377185499999996]}},{"type":"Feature","properties":{"assetId":"PT-substation-way-1122299730","countryCode":"PT","assetType":"substation","powerType":"substation","osmType":"way","osmId":"1122299730","actualVoltagesKv":[15,60],"actualVoltageKv":60,"gridClass":"154","displayClass":"154 kV sınıfı","name":"Subestação da Aguieira","ref":"0613S5003800","operator":"E-REDES","from":null,"to":null,"displayLabel":"Subestação da Aguieira","labelSource":"osm-name","voltageRaw":"60000;15000","circuits":null,"cables":null,"frequency":null,"location":null,"sourceProvider":"OpenStreetMap Overpass API","sourceFallback":"ArcGIS structures layer omits polygon/way substations","sourceLicense":"ODbL 1.0","osmTimestamp":"2026-04-23T10:03:57Z"},"geometry":{"type":"Point","coordinates":[-8.197215947323777,40.33641245]}},{"type":"Feature","properties":{"assetId":"PT-substation-way-1122523139","countryCode":"PT","assetType":"substation","powerType":"substation","osmType":"way","osmId":"1122523139","actualVoltagesKv":[60],"actualVoltageKv":60,"gridClass":"154","displayClass":"154 kV sınıfı","name":"Posto de Corte de Cacia","ref":null,"operator":"E-REDES","from":null,"to":null,"displayLabel":"Posto de Corte de Cacia","labelSource":"osm-name","voltageRaw":"60000","circuits":null,"cables":null,"frequency":null,"location":null,"sourceProvider":"OpenStreetMap Overpass API","sourceFallback":"ArcGIS structures layer omits polygon/way substations","sourceLicense":"ODbL 1.0","osmTimestamp":"2026-02-24T12:30:10Z"},"geometry":{"type":"Point","coordinates":[-8.58694348675547,40.681257200000005]}},{"type":"Feature","properties":{"assetId":"PT-substation-way-1122523150","countryCode":"PT","assetType":"substation","powerType":"substation","osmType":"way","osmId":"1122523150","actualVoltagesKv":[15,60],"actualVoltageKv":60,"gridClass":"154","displayClass":"154 kV sınıfı","name":"Subestação Albergaria","ref":"0102S5000700","operator":"E-REDES","from":null,"to":null,"displayLabel":"Subestação Albergaria","labelSource":"osm-name","voltageRaw":"60000;15000","circuits":null,"cables":null,"frequency":null,"location":null,"sourceProvider":"OpenStreetMap Overpass API","sourceFallback":"ArcGIS structures layer omits polygon/way substations","sourceLicense":"ODbL 1.0","osmTimestamp":"2026-02-24T12:30:10Z"},"geometry":{"type":"Point","coordinates":[-8.477673822464892,40.7453665]}},{"type":"Feature","properties":{"assetId":"PT-substation-way-1122559408","countryCode":"PT","assetType":"substation","powerType":"substation","osmType":"way","osmId":"1122559408","actualVoltagesKv":[30,60],"actualVoltageKv":60,"gridClass":"154","displayClass":"154 kV sınıfı","name":"Subestação de Alcáçova","ref":"1207S5767100","operator":"E-REDES","from":null,"to":null,"displayLabel":"Subestação de Alcáçova","labelSource":"osm-name","voltageRaw":"60000;30000","circuits":null,"cables":null,"frequency":"50","location":"outdoor","sourceProvider":"OpenStreetMap Overpass API","sourceFallback":"ArcGIS structures layer omits polygon/way substations","sourceLicense":"ODbL 1.0","osmTimestamp":"2026-02-24T12:30:10Z"},"geometry":{"type":"Point","coordinates":[-7.169106548333492,38.8871466]}},{"type":"Feature","properties":{"assetId":"PT-substation-way-1122564642","countryCode":"PT","assetType":"substation","powerType":"substation","osmType":"way","osmId":"1122564642","actualVoltagesKv":[15,30,60],"actualVoltageKv":60,"gridClass":"154","displayClass":"154 kV sınıfı","name":"Subestação das Fontainhas","ref":"1416S5106800","operator":"E-REDES","from":null,"to":null,"displayLabel":"Subestação das Fontainhas","labelSource":"osm-name","voltageRaw":"60000;30000;15000","circuits":null,"cables":null,"frequency":"50","location":"outdoor","sourceProvider":"OpenStreetMap Overpass API","sourceFallback":"ArcGIS structures layer omits polygon/way substations","sourceLicense":"ODbL 1.0","osmTimestamp":"2026-04-14T10:25:26Z"},"geometry":{"type":"Point","coordinates":[-8.725758149184617,39.2474816]}},{"type":"Feature","properties":{"assetId":"PT-substation-way-1122572254","countryCode":"PT","assetType":"substation","powerType":"substation","osmType":"way","osmId":"1122572254","actualVoltagesKv":[30,60],"actualVoltageKv":60,"gridClass":"154","displayClass":"154 kV sınıfı","name":"Subestação São Jorge","ref":"1016S5000100","operator":"E-REDES","from":null,"to":null,"displayLabel":"Subestação São Jorge","labelSource":"osm-name","voltageRaw":"60000;30000","circuits":null,"cables":null,"frequency":"50","location":"outdoor","sourceProvider":"OpenStreetMap Overpass API","sourceFallback":"ArcGIS structures layer omits polygon/way substations","sourceLicense":"ODbL 1.0","osmTimestamp":"2026-02-24T12:30:10Z"},"geometry":{"type":"Point","coordinates":[-8.85183683753279,39.630422949999996]}},{"type":"Feature","properties":{"assetId":"PT-substation-way-1122572255","countryCode":"PT","assetType":"substation","powerType":"substation","osmType":"way","osmId":"1122572255","actualVoltagesKv":[30,60],"actualVoltageKv":60,"gridClass":"154","displayClass":"154 kV sınıfı","name":"Subestação Sirplaste","ref":null,"operator":"Sirplaste","from":null,"to":null,"displayLabel":"Subestação Sirplaste","labelSource":"osm-name","voltageRaw":"60000;30000","circuits":null,"cables":null,"frequency":null,"location":null,"sourceProvider":"OpenStreetMap Overpass API","sourceFallback":"ArcGIS structures layer omits polygon/way substations","sourceLicense":"ODbL 1.0","osmTimestamp":"2026-02-21T20:19:00Z"},"geometry":{"type":"Point","coordinates":[-8.848439359674096,39.60451875]}},{"type":"Feature","properties":{"assetId":"PT-substation-way-1122572262","countryCode":"PT","assetType":"substation","powerType":"substation","osmType":"way","osmId":"1122572262","actualVoltagesKv":[30,60],"actualVoltageKv":60,"gridClass":"154","displayClass":"154 kV sınıfı","name":"Subestação de Alcobaça","ref":"1001S5905000","operator":"E-REDES","from":null,"to":null,"displayLabel":"Subestação de Alcobaça","labelSource":"osm-name","voltageRaw":"60000;30000","circuits":null,"cables":null,"frequency":null,"location":null,"sourceProvider":"OpenStreetMap Overpass API","sourceFallback":"ArcGIS structures layer omits polygon/way substations","sourceLicense":"ODbL 1.0","osmTimestamp":"2026-02-24T12:30:10Z"},"geometry":{"type":"Point","coordinates":[-8.967351257823367,39.5538406]}},{"type":"Feature","properties":{"assetId":"PT-substation-way-1122587999","countryCode":"PT","assetType":"substation","powerType":"substation","osmType":"way","osmId":"1122587999","actualVoltagesKv":[15,60],"actualVoltageKv":60,"gridClass":"154","displayClass":"154 kV sınıfı","name":"Subestação da Gafanha","ref":"0110S5004000","operator":"E-REDES","from":null,"to":null,"displayLabel":"Subestação da Gafanha","labelSource":"osm-name","voltageRaw":"60000;15000","circuits":null,"cables":null,"frequency":null,"location":null,"sourceProvider":"OpenStreetMap Overpass API","sourceFallback":"ArcGIS structures layer omits polygon/way substations","sourceLicense":"ODbL 1.0","osmTimestamp":"2026-02-24T12:30:10Z"},"geometry":{"type":"Point","coordinates":[-8.697213248367948,40.630508750000004]}},{"type":"Feature","properties":{"assetId":"PT-substation-way-1122833798","countryCode":"PT","assetType":"substation","powerType":"substation","osmType":"way","osmId":"1122833798","actualVoltagesKv":[30,60],"actualVoltageKv":60,"gridClass":"154","displayClass":"154 kV sınıfı","name":"Subestação de Arronches","ref":"1202S5901700","operator":"E-REDES","from":null,"to":null,"displayLabel":"Subestação de Arronches","labelSource":"osm-name","voltageRaw":"60000;30000","circuits":null,"cables":null,"frequency":null,"location":null,"sourceProvider":"OpenStreetMap Overpass API","sourceFallback":"ArcGIS structures layer omits polygon/way substations","sourceLicense":"ODbL 1.0","osmTimestamp":"2026-02-24T12:30:10Z"},"geometry":{"type":"Point","coordinates":[-7.28855969492759,39.11504585]}},{"type":"Feature","properties":{"assetId":"PT-substation-way-1123083615","countryCode":"PT","assetType":"substation","powerType":"substation","osmType":"way","osmId":"1123083615","actualVoltagesKv":[30,60],"actualVoltageKv":60,"gridClass":"154","displayClass":"154 kV sınıfı","name":"Subestação de Alter do Chão","ref":"1201S5904100","operator":"E-REDES","from":null,"to":null,"displayLabel":"Subestação de Alter do Chão","labelSource":"osm-name","voltageRaw":"60000;30000","circuits":null,"cables":null,"frequency":null,"location":null,"sourceProvider":"OpenStreetMap Overpass API","sourceFallback":"ArcGIS structures layer omits polygon/way substations","sourceLicense":"ODbL 1.0","osmTimestamp":"2026-02-24T12:30:10Z"},"geometry":{"type":"Point","coordinates":[-7.663682168731484,39.189568949999995]}},{"type":"Feature","properties":{"assetId":"PT-substation-way-1123376986","countryCode":"PT","assetType":"substation","powerType":"substation","osmType":"way","osmId":"1123376986","actualVoltagesKv":[60],"actualVoltageKv":60,"gridClass":"154","displayClass":"154 kV sınıfı","name":"Subestação de Covas do Barroso","ref":null,"operator":"HIDROERG","from":null,"to":null,"displayLabel":"Subestação de Covas do Barroso","labelSource":"osm-name","voltageRaw":"60000","circuits":null,"cables":null,"frequency":null,"location":null,"sourceProvider":"OpenStreetMap Overpass API","sourceFallback":"ArcGIS structures layer omits polygon/way substations","sourceLicense":"ODbL 1.0","osmTimestamp":"2026-04-13T12:56:34Z"},"geometry":{"type":"Point","coordinates":[-7.794717199105136,41.630528600000005]}},{"type":"Feature","properties":{"assetId":"PT-substation-way-1123377073","countryCode":"PT","assetType":"substation","powerType":"substation","osmType":"way","osmId":"1123377073","actualVoltagesKv":[400],"actualVoltageKv":400,"gridClass":"400","displayClass":"400 kV sınıfı","name":"Posto de Corte de Daivões","ref":null,"operator":"Iberdrola","from":null,"to":null,"displayLabel":"Posto de Corte de Daivões","labelSource":"osm-name","voltageRaw":"400000","circuits":null,"cables":null,"frequency":null,"location":null,"sourceProvider":"OpenStreetMap Overpass API","sourceFallback":"ArcGIS structures layer omits polygon/way substations","sourceLicense":"ODbL 1.0","osmTimestamp":"2024-03-08T21:42:43Z"},"geometry":{"type":"Point","coordinates":[-7.8615147825495715,41.5234407]}},{"type":"Feature","properties":{"assetId":"PT-substation-way-1123380718","countryCode":"PT","assetType":"substation","powerType":"substation","osmType":"way","osmId":"1123380718","actualVoltagesKv":[30,60],"actualVoltageKv":60,"gridClass":"154","displayClass":"154 kV sınıfı","name":"Subestação da Central Fotovoltaica da Quinta da Cruz","ref":null,"operator":null,"from":null,"to":null,"displayLabel":"Subestação da Central Fotovoltaica da Quinta da Cruz","labelSource":"osm-name","voltageRaw":"60000;30000","circuits":null,"cables":null,"frequency":null,"location":null,"sourceProvider":"OpenStreetMap Overpass API","sourceFallback":"ArcGIS structures layer omits polygon/way substations","sourceLicense":"ODbL 1.0","osmTimestamp":"2026-04-15T11:24:30Z"},"geometry":{"type":"Point","coordinates":[-8.62684451714022,40.034774150000004]}},{"type":"Feature","properties":{"assetId":"PT-substation-way-1123706911","countryCode":"PT","assetType":"substation","powerType":"substation","osmType":"way","osmId":"1123706911","actualVoltagesKv":[15,60],"actualVoltageKv":60,"gridClass":"154","displayClass":"154 kV sınıfı","name":"Subestação Parceiros","ref":"1009S5023300","operator":"E-REDES","from":null,"to":null,"displayLabel":"Subestação Parceiros","labelSource":"osm-name","voltageRaw":"60000;15000","circuits":null,"cables":null,"frequency":null,"location":null,"sourceProvider":"OpenStreetMap Overpass API","sourceFallback":"ArcGIS structures layer omits polygon/way substations","sourceLicense":"ODbL 1.0","osmTimestamp":"2026-02-24T12:30:10Z"},"geometry":{"type":"Point","coordinates":[-8.827994079515575,39.7381726]}},{"type":"Feature","properties":{"assetId":"PT-substation-way-1123743622","countryCode":"PT","assetType":"substation","powerType":"substation","osmType":"way","osmId":"1123743622","actualVoltagesKv":[15,60],"actualVoltageKv":60,"gridClass":"154","displayClass":"154 kV sınıfı","name":"Subestação Pinheiros","ref":"1009S5002700","operator":"E-REDES","from":null,"to":null,"displayLabel":"Subestação Pinheiros","labelSource":"osm-name","voltageRaw":"60000;15000","circuits":null,"cables":null,"frequency":null,"location":null,"sourceProvider":"OpenStreetMap Overpass API","sourceFallback":"ArcGIS structures layer omits polygon/way substations","sourceLicense":"ODbL 1.0","osmTimestamp":"2026-02-24T12:30:10Z"},"geometry":{"type":"Point","coordinates":[-8.78955953809768,39.771477649999994]}},{"type":"Feature","properties":{"assetId":"PT-substation-way-1124336692","countryCode":"PT","assetType":"substation","powerType":"substation","osmType":"way","osmId":"1124336692","actualVoltagesKv":[15,60],"actualVoltageKv":60,"gridClass":"154","displayClass":"154 kV sınıfı","name":"Subestação Lijó","ref":"0302S5022200","operator":"E-REDES","from":null,"to":null,"displayLabel":"Subestação Lijó","labelSource":"osm-name","voltageRaw":"60000;15000","circuits":null,"cables":null,"frequency":null,"location":null,"sourceProvider":"OpenStreetMap Overpass API","sourceFallback":"ArcGIS structures layer omits polygon/way substations","sourceLicense":"ODbL 1.0","osmTimestamp":"2026-02-24T12:30:10Z"},"geometry":{"type":"Point","coordinates":[-8.612601098389531,41.56224255]}},{"type":"Feature","properties":{"assetId":"PT-substation-way-1124336720","countryCode":"PT","assetType":"substation","powerType":"substation","osmType":"way","osmId":"1124336720","actualVoltagesKv":[15,60],"actualVoltageKv":60,"gridClass":"154","displayClass":"154 kV sınıfı","name":"Subestação Alvelos","ref":"0302S5003100","operator":"E-REDES","from":null,"to":null,"displayLabel":"Subestação Alvelos","labelSource":"osm-name","voltageRaw":"60000;15000","circuits":null,"cables":null,"frequency":null,"location":null,"sourceProvider":"OpenStreetMap Overpass API","sourceFallback":"ArcGIS structures layer omits polygon/way substations","sourceLicense":"ODbL 1.0","osmTimestamp":"2026-02-24T12:30:10Z"},"geometry":{"type":"Point","coordinates":[-8.621988898817607,41.5091301]}},{"type":"Feature","properties":{"assetId":"PT-substation-way-1124379031","countryCode":"PT","assetType":"substation","powerType":"substation","osmType":"way","osmId":"1124379031","actualVoltagesKv":[60],"actualVoltageKv":60,"gridClass":"154","displayClass":"154 kV sınıfı","name":"Subestação do Parque Eólico de Degracias","ref":null,"operator":null,"from":null,"to":null,"displayLabel":"Subestação do Parque Eólico de Degracias","labelSource":"osm-name","voltageRaw":"60000","circuits":null,"cables":null,"frequency":null,"location":null,"sourceProvider":"OpenStreetMap Overpass API","sourceFallback":"ArcGIS structures layer omits polygon/way substations","sourceLicense":"ODbL 1.0","osmTimestamp":"2024-02-28T20:42:41Z"},"geometry":{"type":"Point","coordinates":[-8.50534800837912,40.028538749999996]}},{"type":"Feature","properties":{"assetId":"PT-substation-way-1126945355","countryCode":"PT","assetType":"substation","powerType":"substation","osmType":"way","osmId":"1126945355","actualVoltagesKv":[60],"actualVoltageKv":60,"gridClass":"154","displayClass":"154 kV sınıfı","name":"Subestação da Central Solar Fotovoltaica de Algeruz II","ref":null,"operator":null,"from":null,"to":null,"displayLabel":"Subestação da Central Solar Fotovoltaica de Algeruz II","labelSource":"osm-name","voltageRaw":"60000","circuits":null,"cables":null,"frequency":null,"location":null,"sourceProvider":"OpenStreetMap Overpass API","sourceFallback":"ArcGIS structures layer omits polygon/way substations","sourceLicense":"ODbL 1.0","osmTimestamp":"2025-06-16T21:09:37Z"},"geometry":{"type":"Point","coordinates":[-8.815028149593935,38.553653100000005]}},{"type":"Feature","properties":{"assetId":"PT-substation-way-1127497871","countryCode":"PT","assetType":"substation","powerType":"substation","osmType":"way","osmId":"1127497871","actualVoltagesKv":[60],"actualVoltageKv":60,"gridClass":"154","displayClass":"154 kV sınıfı","name":"Subestação da Central Fotovoltaica de Alcochete II","ref":null,"operator":null,"from":null,"to":null,"displayLabel":"Subestação da Central Fotovoltaica de Alcochete II","labelSource":"osm-name","voltageRaw":"60000","circuits":null,"cables":null,"frequency":null,"location":null,"sourceProvider":"OpenStreetMap Overpass API","sourceFallback":"ArcGIS structures layer omits polygon/way substations","sourceLicense":"ODbL 1.0","osmTimestamp":"2026-04-15T11:45:27Z"},"geometry":{"type":"Point","coordinates":[-8.90040989976693,38.6961145]}},{"type":"Feature","properties":{"assetId":"PT-substation-way-1128092661","countryCode":"PT","assetType":"substation","powerType":"substation","osmType":"way","osmId":"1128092661","actualVoltagesKv":[15,60],"actualVoltageKv":60,"gridClass":"154","displayClass":"154 kV sınıfı","name":"Subestação de Fornos","ref":"0106S5021300","operator":"E-REDES","from":null,"to":null,"displayLabel":"Subestação de Fornos","labelSource":"osm-name","voltageRaw":"60000;15000","circuits":null,"cables":null,"frequency":null,"location":null,"sourceProvider":"OpenStreetMap Overpass API","sourceFallback":"ArcGIS structures layer omits polygon/way substations","sourceLicense":"ODbL 1.0","osmTimestamp":"2026-02-24T12:30:10Z"},"geometry":{"type":"Point","coordinates":[-8.242150862753675,41.05444995]}},{"type":"Feature","properties":{"assetId":"PT-substation-way-1132087473","countryCode":"PT","assetType":"substation","powerType":"substation","osmType":"way","osmId":"1132087473","actualVoltagesKv":[60],"actualVoltageKv":60,"gridClass":"154","displayClass":"154 kV sınıfı","name":"Posto de Corte de Albarraque","ref":null,"operator":"E-REDES","from":null,"to":null,"displayLabel":"Posto de Corte de Albarraque","labelSource":"osm-name","voltageRaw":"60000","circuits":null,"cables":null,"frequency":null,"location":null,"sourceProvider":"OpenStreetMap Overpass API","sourceFallback":"ArcGIS structures layer omits polygon/way substations","sourceLicense":"ODbL 1.0","osmTimestamp":"2026-04-15T12:09:26Z"},"geometry":{"type":"Point","coordinates":[-9.35323885384063,38.746620899999996]}},{"type":"Feature","properties":{"assetId":"PT-substation-way-1132087499","countryCode":"PT","assetType":"substation","powerType":"substation","osmType":"way","osmId":"1132087499","actualVoltagesKv":[60],"actualVoltageKv":60,"gridClass":"154","displayClass":"154 kV sınıfı","name":null,"ref":null,"operator":null,"from":null,"to":null,"displayLabel":"60 kV · OSM 1132087499","labelSource":"generated-identifier","voltageRaw":"60000","circuits":null,"cables":null,"frequency":null,"location":null,"sourceProvider":"OpenStreetMap Overpass API","sourceFallback":"ArcGIS structures layer omits polygon/way substations","sourceLicense":"ODbL 1.0","osmTimestamp":"2026-04-01T18:01:19Z"},"geometry":{"type":"Point","coordinates":[-9.353065737177573,38.74692125]}},{"type":"Feature","properties":{"assetId":"PT-substation-way-1132202906","countryCode":"PT","assetType":"substation","powerType":"substation","osmType":"way","osmId":"1132202906","actualVoltagesKv":[60],"actualVoltageKv":60,"gridClass":"154","displayClass":"154 kV sınıfı","name":"Subestação de Arga","ref":null,"operator":"E-REDES","from":null,"to":null,"displayLabel":"Subestação de Arga","labelSource":"osm-name","voltageRaw":"60000","circuits":null,"cables":null,"frequency":null,"location":null,"sourceProvider":"OpenStreetMap Overpass API","sourceFallback":"ArcGIS structures layer omits polygon/way substations","sourceLicense":"ODbL 1.0","osmTimestamp":"2026-02-24T12:30:10Z"},"geometry":{"type":"Point","coordinates":[-8.71314569978001,41.82563935]}},{"type":"Feature","properties":{"assetId":"PT-substation-way-1153341174","countryCode":"PT","assetType":"substation","powerType":"substation","osmType":"way","osmId":"1153341174","actualVoltagesKv":[15,60],"actualVoltageKv":60,"gridClass":"154","displayClass":"154 kV sınıfı","name":"Subestação de Carregal do Sal","ref":"1802S5010800","operator":"E-REDES","from":null,"to":null,"displayLabel":"Subestação de Carregal do Sal","labelSource":"osm-name","voltageRaw":"60000;15000","circuits":null,"cables":null,"frequency":null,"location":null,"sourceProvider":"OpenStreetMap Overpass API","sourceFallback":"ArcGIS structures layer omits polygon/way substations","sourceLicense":"ODbL 1.0","osmTimestamp":"2026-02-24T12:30:10Z"},"geometry":{"type":"Point","coordinates":[-7.9805222083696625,40.442576349999996]}},{"type":"Feature","properties":{"assetId":"PT-substation-way-1154057619","countryCode":"PT","assetType":"substation","powerType":"substation","osmType":"way","osmId":"1154057619","actualVoltagesKv":[150],"actualVoltageKv":150,"gridClass":"154","displayClass":"154 kV sınıfı","name":"Subestação da Central Fotovoltaica do Viçoso","ref":null,"operator":"Galp","from":null,"to":null,"displayLabel":"Subestação da Central Fotovoltaica do Viçoso","labelSource":"osm-name","voltageRaw":"150000","circuits":null,"cables":null,"frequency":null,"location":null,"sourceProvider":"OpenStreetMap Overpass API","sourceFallback":"ArcGIS structures layer omits polygon/way substations","sourceLicense":"ODbL 1.0","osmTimestamp":"2026-04-13T18:45:41Z"},"geometry":{"type":"Point","coordinates":[-7.665744156840628,37.44739905]}},{"type":"Feature","properties":{"assetId":"PT-substation-way-115732510","countryCode":"PT","assetType":"substation","powerType":"substation","osmType":"way","osmId":"115732510","actualVoltagesKv":[60,150],"actualVoltageKv":150,"gridClass":"154","displayClass":"154 kV sınıfı","name":"Subestação de Ourique","ref":"SOQ","operator":"REN","from":null,"to":null,"displayLabel":"Subestação de Ourique","labelSource":"osm-name","voltageRaw":"150000;60000","circuits":null,"cables":null,"frequency":"50","location":"outdoor","sourceProvider":"OpenStreetMap Overpass API","sourceFallback":"ArcGIS structures layer omits polygon/way substations","sourceLicense":"ODbL 1.0","osmTimestamp":"2024-10-04T18:32:22Z"},"geometry":{"type":"Point","coordinates":[-8.189886348173804,37.66730655]}},{"type":"Feature","properties":{"assetId":"PT-substation-way-1157531264","countryCode":"PT","assetType":"substation","powerType":"substation","osmType":"way","osmId":"1157531264","actualVoltagesKv":[60],"actualVoltageKv":60,"gridClass":"154","displayClass":"154 kV sınıfı","name":null,"ref":null,"operator":"E-REDES","from":null,"to":null,"displayLabel":"E-REDES · 60 kV · OSM 1157531264","labelSource":"generated-identifier","voltageRaw":"60000","circuits":null,"cables":null,"frequency":null,"location":null,"sourceProvider":"OpenStreetMap Overpass API","sourceFallback":"ArcGIS structures layer omits polygon/way substations","sourceLicense":"ODbL 1.0","osmTimestamp":"2026-02-24T12:30:10Z"},"geometry":{"type":"Point","coordinates":[-8.856467003985404,38.5227799]}},{"type":"Feature","properties":{"assetId":"PT-substation-way-1165230900","countryCode":"PT","assetType":"substation","powerType":"substation","osmType":"way","osmId":"1165230900","actualVoltagesKv":[60],"actualVoltageKv":60,"gridClass":"154","displayClass":"154 kV sınıfı","name":"Posto de Seccionmento do Alto de São João","ref":null,"operator":"E-REDES","from":null,"to":null,"displayLabel":"Posto de Seccionmento do Alto de São João","labelSource":"osm-name","voltageRaw":"60000","circuits":null,"cables":null,"frequency":null,"location":null,"sourceProvider":"OpenStreetMap Overpass API","sourceFallback":"ArcGIS structures layer omits polygon/way substations","sourceLicense":"ODbL 1.0","osmTimestamp":"2026-02-24T12:30:10Z"},"geometry":{"type":"Point","coordinates":[-9.124531759728514,38.7320456]}},{"type":"Feature","properties":{"assetId":"PT-substation-way-1165313067","countryCode":"PT","assetType":"substation","powerType":"substation","osmType":"way","osmId":"1165313067","actualVoltagesKv":[30,150],"actualVoltageKv":150,"gridClass":"154","displayClass":"154 kV sınıfı","name":"Subestação Repsol","ref":null,"operator":"Repsol","from":null,"to":null,"displayLabel":"Subestação Repsol","labelSource":"osm-name","voltageRaw":"150000;30000","circuits":null,"cables":null,"frequency":null,"location":null,"sourceProvider":"OpenStreetMap Overpass API","sourceFallback":"ArcGIS structures layer omits polygon/way substations","sourceLicense":"ODbL 1.0","osmTimestamp":"2025-08-11T22:57:31Z"},"geometry":{"type":"Point","coordinates":[-8.815054119895615,37.982252599999995]}},{"type":"Feature","properties":{"assetId":"PT-substation-way-116944631","countryCode":"PT","assetType":"substation","powerType":"substation","osmType":"way","osmId":"116944631","actualVoltagesKv":[60,220],"actualVoltageKv":220,"gridClass":"154","displayClass":"154 kV sınıfı","name":"Subestação de Canelas","ref":"SCN","operator":"REN","from":null,"to":null,"displayLabel":"Subestação de Canelas","labelSource":"osm-name","voltageRaw":"220000;60000","circuits":null,"cables":null,"frequency":"50","location":"outdoor","sourceProvider":"OpenStreetMap Overpass API","sourceFallback":"ArcGIS structures layer omits polygon/way substations","sourceLicense":"ODbL 1.0","osmTimestamp":"2026-02-24T12:53:35Z"},"geometry":{"type":"Point","coordinates":[-8.609980601706052,41.068885800000004]}},{"type":"Feature","properties":{"assetId":"PT-substation-way-118194462","countryCode":"PT","assetType":"substation","powerType":"substation","osmType":"way","osmId":"118194462","actualVoltagesKv":[15,60],"actualVoltageKv":60,"gridClass":"154","displayClass":"154 kV sınıfı","name":"Subestação de Pedroso","ref":"1317S5005200","operator":"E-REDES","from":null,"to":null,"displayLabel":"Subestação de Pedroso","labelSource":"osm-name","voltageRaw":"60000;15000","circuits":null,"cables":null,"frequency":"50","location":"outdoor","sourceProvider":"OpenStreetMap Overpass API","sourceFallback":"ArcGIS structures layer omits polygon/way substations","sourceLicense":"ODbL 1.0","osmTimestamp":"2025-01-10T17:54:40Z"},"geometry":{"type":"Point","coordinates":[-8.555559549097472,41.057591]}},{"type":"Feature","properties":{"assetId":"PT-substation-way-1182188422","countryCode":"PT","assetType":"substation","powerType":"substation","osmType":"way","osmId":"1182188422","actualVoltagesKv":[60],"actualVoltageKv":60,"gridClass":"154","displayClass":"154 kV sınıfı","name":"Posto de Corte Granho","ref":null,"operator":"E-REDES","from":null,"to":null,"displayLabel":"Posto de Corte Granho","labelSource":"osm-name","voltageRaw":"60000","circuits":null,"cables":null,"frequency":null,"location":null,"sourceProvider":"OpenStreetMap Overpass API","sourceFallback":"ArcGIS structures layer omits polygon/way substations","sourceLicense":"ODbL 1.0","osmTimestamp":"2026-02-24T12:30:10Z"},"geometry":{"type":"Point","coordinates":[-8.663227192109929,39.0705897]}},{"type":"Feature","properties":{"assetId":"PT-substation-way-1197035996","countryCode":"PT","assetType":"substation","powerType":"substation","osmType":"way","osmId":"1197035996","actualVoltagesKv":[60],"actualVoltageKv":60,"gridClass":"154","displayClass":"154 kV sınıfı","name":"Subestação da Central Fotovoltaica de Mogadouro","ref":null,"operator":null,"from":null,"to":null,"displayLabel":"Subestação da Central Fotovoltaica de Mogadouro","labelSource":"osm-name","voltageRaw":"60000","circuits":null,"cables":null,"frequency":null,"location":null,"sourceProvider":"OpenStreetMap Overpass API","sourceFallback":"ArcGIS structures layer omits polygon/way substations","sourceLicense":"ODbL 1.0","osmTimestamp":"2025-06-15T15:29:37Z"},"geometry":{"type":"Point","coordinates":[-6.568855444501412,41.33874015]}},{"type":"Feature","properties":{"assetId":"PT-substation-way-1198775310","countryCode":"PT","assetType":"substation","powerType":"substation","osmType":"way","osmId":"1198775310","actualVoltagesKv":[60],"actualVoltageKv":60,"gridClass":"154","displayClass":"154 kV sınıfı","name":"Subestação da Central Fotovoltaica de Glória","ref":null,"operator":"Exus Management Partners","from":null,"to":null,"displayLabel":"Subestação da Central Fotovoltaica de Glória","labelSource":"osm-name","voltageRaw":"60000","circuits":null,"cables":null,"frequency":null,"location":null,"sourceProvider":"OpenStreetMap Overpass API","sourceFallback":"ArcGIS structures layer omits polygon/way substations","sourceLicense":"ODbL 1.0","osmTimestamp":"2026-04-01T19:11:47Z"},"geometry":{"type":"Point","coordinates":[-8.66293395,39.0704249]}},{"type":"Feature","properties":{"assetId":"PT-substation-way-1198775318","countryCode":"PT","assetType":"substation","powerType":"substation","osmType":"way","osmId":"1198775318","actualVoltagesKv":[30,60],"actualVoltageKv":60,"gridClass":"154","displayClass":"154 kV sınıfı","name":"Subestação de Almeirim","ref":"1403S5799800","operator":"E-REDES","from":null,"to":null,"displayLabel":"Subestação de Almeirim","labelSource":"osm-name","voltageRaw":"60000;30000","circuits":null,"cables":null,"frequency":"50","location":"outdoor","sourceProvider":"OpenStreetMap Overpass API","sourceFallback":"ArcGIS structures layer omits polygon/way substations","sourceLicense":"ODbL 1.0","osmTimestamp":"2026-03-15T23:16:44Z"},"geometry":{"type":"Point","coordinates":[-8.622901210207875,39.1965705]}},{"type":"Feature","properties":{"assetId":"PT-substation-way-1198781239","countryCode":"PT","assetType":"substation","powerType":"substation","osmType":"way","osmId":"1198781239","actualVoltagesKv":[15,60],"actualVoltageKv":60,"gridClass":"154","displayClass":"154 kV sınıfı","name":"Subestação Vale Figueira","ref":"1416S5901800","operator":"E-REDES","from":null,"to":null,"displayLabel":"Subestação Vale Figueira","labelSource":"osm-name","voltageRaw":"60000;15000","circuits":null,"cables":null,"frequency":null,"location":null,"sourceProvider":"OpenStreetMap Overpass API","sourceFallback":"ArcGIS structures layer omits polygon/way substations","sourceLicense":"ODbL 1.0","osmTimestamp":"2026-02-24T12:30:10Z"},"geometry":{"type":"Point","coordinates":[-8.6306549,39.3324173]}},{"type":"Feature","properties":{"assetId":"PT-substation-way-1198781244","countryCode":"PT","assetType":"substation","powerType":"substation","osmType":"way","osmId":"1198781244","actualVoltagesKv":[60],"actualVoltageKv":60,"gridClass":"154","displayClass":"154 kV sınıfı","name":"Subestação da Central Fotovoltaica de Alcanhões","ref":null,"operator":"Hyperion","from":null,"to":null,"displayLabel":"Subestação da Central Fotovoltaica de Alcanhões","labelSource":"osm-name","voltageRaw":"60000","circuits":null,"cables":null,"frequency":null,"location":null,"sourceProvider":"OpenStreetMap Overpass API","sourceFallback":"ArcGIS structures layer omits polygon/way substations","sourceLicense":"ODbL 1.0","osmTimestamp":"2025-10-31T23:05:19Z"},"geometry":{"type":"Point","coordinates":[-8.651699949999998,39.2798265]}},{"type":"Feature","properties":{"assetId":"PT-substation-way-1199405311","countryCode":"PT","assetType":"substation","powerType":"substation","osmType":"way","osmId":"1199405311","actualVoltagesKv":[60],"actualVoltageKv":60,"gridClass":"154","displayClass":"154 kV sınıfı","name":"Posto de Seccionamento Chancelaria","ref":null,"operator":"E-REDES","from":null,"to":null,"displayLabel":"Posto de Seccionamento Chancelaria","labelSource":"osm-name","voltageRaw":"60000","circuits":null,"cables":null,"frequency":null,"location":"outdoor","sourceProvider":"OpenStreetMap Overpass API","sourceFallback":"ArcGIS structures layer omits polygon/way substations","sourceLicense":"ODbL 1.0","osmTimestamp":"2026-02-24T12:30:10Z"},"geometry":{"type":"Point","coordinates":[-8.564339396225614,39.54557065]}},{"type":"Feature","properties":{"assetId":"PT-substation-way-1199405348","countryCode":"PT","assetType":"substation","powerType":"substation","osmType":"way","osmId":"1199405348","actualVoltagesKv":[15,60],"actualVoltageKv":60,"gridClass":"154","displayClass":"154 kV sınıfı","name":"Subestação Serrada Grande","ref":"1419S5627800","operator":"E-REDES","from":null,"to":null,"displayLabel":"Subestação Serrada Grande","labelSource":"osm-name","voltageRaw":"60000;15000","circuits":null,"cables":null,"frequency":"50","location":"outdoor","sourceProvider":"OpenStreetMap Overpass API","sourceFallback":"ArcGIS structures layer omits polygon/way substations","sourceLicense":"ODbL 1.0","osmTimestamp":"2026-02-24T12:30:10Z"},"geometry":{"type":"Point","coordinates":[-8.548431581208796,39.46894425]}},{"type":"Feature","properties":{"assetId":"PT-substation-way-1199405353","countryCode":"PT","assetType":"substation","powerType":"substation","osmType":"way","osmId":"1199405353","actualVoltagesKv":[30,60],"actualVoltageKv":60,"gridClass":"154","displayClass":"154 kV sınıfı","name":null,"ref":null,"operator":"E-REDES","from":null,"to":null,"displayLabel":"E-REDES · 60 kV · OSM 1199405353","labelSource":"generated-identifier","voltageRaw":"60000;30000","circuits":null,"cables":null,"frequency":null,"location":"outdoor","sourceProvider":"OpenStreetMap Overpass API","sourceFallback":"ArcGIS structures layer omits polygon/way substations","sourceLicense":"ODbL 1.0","osmTimestamp":"2026-02-24T12:30:10Z"},"geometry":{"type":"Point","coordinates":[-8.614799760884114,39.494192]}},{"type":"Feature","properties":{"assetId":"PT-substation-way-1199405372","countryCode":"PT","assetType":"substation","powerType":"substation","osmType":"way","osmId":"1199405372","actualVoltagesKv":[30,60],"actualVoltageKv":60,"gridClass":"154","displayClass":"154 kV sınıfı","name":"Subestação Vila Moreira","ref":"1402S5568200","operator":"E-REDES","from":null,"to":null,"displayLabel":"Subestação Vila Moreira","labelSource":"osm-name","voltageRaw":"60000;30000","circuits":null,"cables":null,"frequency":"50","location":"outdoor","sourceProvider":"OpenStreetMap Overpass API","sourceFallback":"ArcGIS structures layer omits polygon/way substations","sourceLicense":"ODbL 1.0","osmTimestamp":"2026-02-24T12:30:10Z"},"geometry":{"type":"Point","coordinates":[-8.66073978909858,39.46930295]}},{"type":"Feature","properties":{"assetId":"PT-substation-way-1200722527","countryCode":"PT","assetType":"substation","powerType":"substation","osmType":"way","osmId":"1200722527","actualVoltagesKv":[60],"actualVoltageKv":60,"gridClass":"154","displayClass":"154 kV sınıfı","name":"Subestação SOTIMA","ref":null,"operator":null,"from":null,"to":null,"displayLabel":"Subestação SOTIMA","labelSource":"osm-name","voltageRaw":"60000","circuits":null,"cables":null,"frequency":null,"location":"outdoor","sourceProvider":"OpenStreetMap Overpass API","sourceFallback":"ArcGIS structures layer omits polygon/way substations","sourceLicense":"ODbL 1.0","osmTimestamp":"2026-03-31T19:03:25Z"},"geometry":{"type":"Point","coordinates":[-7.8957444,39.721353]}},{"type":"Feature","properties":{"assetId":"PT-substation-way-1200722528","countryCode":"PT","assetType":"substation","powerType":"substation","osmType":"way","osmId":"1200722528","actualVoltagesKv":[30,60],"actualVoltageKv":60,"gridClass":"154","displayClass":"154 kV sınıfı","name":"Subestação de Vale Serrão","ref":"0508S5008800","operator":"E-REDES","from":null,"to":null,"displayLabel":"Subestação de Vale Serrão","labelSource":"osm-name","voltageRaw":"60000;30000","circuits":null,"cables":null,"frequency":null,"location":"outdoor","sourceProvider":"OpenStreetMap Overpass API","sourceFallback":"ArcGIS structures layer omits polygon/way substations","sourceLicense":"ODbL 1.0","osmTimestamp":"2026-02-24T12:30:10Z"},"geometry":{"type":"Point","coordinates":[-7.896435586460699,39.7215459]}},{"type":"Feature","properties":{"assetId":"PT-substation-way-1200770098","countryCode":"PT","assetType":"substation","powerType":"substation","osmType":"way","osmId":"1200770098","actualVoltagesKv":[30,60],"actualVoltageKv":60,"gridClass":"154","displayClass":"154 kV sınıfı","name":"Subestação de Vila Velha de Ródão","ref":"0511S5011400","operator":"E-REDES","from":null,"to":null,"displayLabel":"Subestação de Vila Velha de Ródão","labelSource":"osm-name","voltageRaw":"60000;30000","circuits":null,"cables":null,"frequency":"50","location":"outdoor","sourceProvider":"OpenStreetMap Overpass API","sourceFallback":"ArcGIS structures layer omits polygon/way substations","sourceLicense":"ODbL 1.0","osmTimestamp":"2026-02-24T12:30:10Z"},"geometry":{"type":"Point","coordinates":[-7.672630906723125,39.67383515]}},{"type":"Feature","properties":{"assetId":"PT-substation-way-1200770138","countryCode":"PT","assetType":"substation","powerType":"substation","osmType":"way","osmId":"1200770138","actualVoltagesKv":[60],"actualVoltageKv":60,"gridClass":"154","displayClass":"154 kV sınıfı","name":"Posto de Seccionamento da Velada","ref":null,"operator":"E-REDES","from":null,"to":null,"displayLabel":"Posto de Seccionamento da Velada","labelSource":"osm-name","voltageRaw":"60000","circuits":null,"cables":null,"frequency":null,"location":"outdoor","sourceProvider":"OpenStreetMap Overpass API","sourceFallback":"ArcGIS structures layer omits polygon/way substations","sourceLicense":"ODbL 1.0","osmTimestamp":"2026-03-16T11:50:15Z"},"geometry":{"type":"Point","coordinates":[-7.708924253401361,39.5914889]}},{"type":"Feature","properties":{"assetId":"PT-substation-way-1200790089","countryCode":"PT","assetType":"substation","powerType":"substation","osmType":"way","osmId":"1200790089","actualVoltagesKv":[60],"actualVoltageKv":60,"gridClass":"154","displayClass":"154 kV sınıfı","name":"Subestação do Parque Eólico de Chão Falcão","ref":null,"operator":"Nadara","from":null,"to":null,"displayLabel":"Subestação do Parque Eólico de Chão Falcão","labelSource":"osm-name","voltageRaw":"60000","circuits":null,"cables":null,"frequency":"50","location":"outdoor","sourceProvider":"OpenStreetMap Overpass API","sourceFallback":"ArcGIS structures layer omits polygon/way substations","sourceLicense":"ODbL 1.0","osmTimestamp":"2026-05-18T13:48:18Z"},"geometry":{"type":"Point","coordinates":[-8.7571731,39.61155385]}},{"type":"Feature","properties":{"assetId":"PT-substation-way-1200790110","countryCode":"PT","assetType":"substation","powerType":"substation","osmType":"way","osmId":"1200790110","actualVoltagesKv":[30,60],"actualVoltageKv":60,"gridClass":"154","displayClass":"154 kV sınıfı","name":"Subestação de Fátima","ref":"1421S5004500","operator":"E-REDES","from":null,"to":null,"displayLabel":"Subestação de Fátima","labelSource":"osm-name","voltageRaw":"60000;30000","circuits":null,"cables":null,"frequency":null,"location":"outdoor","sourceProvider":"OpenStreetMap Overpass API","sourceFallback":"ArcGIS structures layer omits polygon/way substations","sourceLicense":"ODbL 1.0","osmTimestamp":"2026-02-24T12:30:10Z"},"geometry":{"type":"Point","coordinates":[-8.690819292220747,39.630405350000004]}},{"type":"Feature","properties":{"assetId":"PT-substation-way-1202385962","countryCode":"PT","assetType":"substation","powerType":"substation","osmType":"way","osmId":"1202385962","actualVoltagesKv":[60],"actualVoltageKv":60,"gridClass":"154","displayClass":"154 kV sınıfı","name":"Subestação Águas de Lever","ref":null,"operator":null,"from":null,"to":null,"displayLabel":"Subestação Águas de Lever","labelSource":"osm-name","voltageRaw":"60000","circuits":null,"cables":null,"frequency":null,"location":null,"sourceProvider":"OpenStreetMap Overpass API","sourceFallback":"ArcGIS structures layer omits polygon/way substations","sourceLicense":"ODbL 1.0","osmTimestamp":"2024-11-06T16:10:09Z"},"geometry":{"type":"Point","coordinates":[-8.471426392842792,41.0714987]}},{"type":"Feature","properties":{"assetId":"PT-substation-way-1202409506","countryCode":"PT","assetType":"substation","powerType":"substation","osmType":"way","osmId":"1202409506","actualVoltagesKv":[15,60],"actualVoltageKv":60,"gridClass":"154","displayClass":"154 kV sınıfı","name":"Subestação Alegria","ref":"0603S5005100","operator":"E-REDES","from":null,"to":null,"displayLabel":"Subestação Alegria","labelSource":"osm-name","voltageRaw":"60000;15000","circuits":null,"cables":null,"frequency":null,"location":null,"sourceProvider":"OpenStreetMap Overpass API","sourceFallback":"ArcGIS structures layer omits polygon/way substations","sourceLicense":"ODbL 1.0","osmTimestamp":"2026-05-21T02:16:55Z"},"geometry":{"type":"Point","coordinates":[-8.424428686295713,40.20433295]}},{"type":"Feature","properties":{"assetId":"PT-substation-way-1202435664","countryCode":"PT","assetType":"substation","powerType":"substation","osmType":"way","osmId":"1202435664","actualVoltagesKv":[10,60],"actualVoltageKv":60,"gridClass":"154","displayClass":"154 kV sınıfı","name":"Subestação da Marvila","ref":"1106S5902900","operator":"E-REDES","from":null,"to":null,"displayLabel":"Subestação da Marvila","labelSource":"osm-name","voltageRaw":"60000;10000","circuits":null,"cables":null,"frequency":"50","location":"indoor","sourceProvider":"OpenStreetMap Overpass API","sourceFallback":"ArcGIS structures layer omits polygon/way substations","sourceLicense":"ODbL 1.0","osmTimestamp":"2026-02-24T12:30:10Z"},"geometry":{"type":"Point","coordinates":[-9.10337312153278,38.7437404]}},{"type":"Feature","properties":{"assetId":"PT-substation-way-1202440398","countryCode":"PT","assetType":"substation","powerType":"substation","osmType":"way","osmId":"1202440398","actualVoltagesKv":[60,220],"actualVoltageKv":220,"gridClass":"154","displayClass":"154 kV sınıfı","name":"Subestação de Sete Rios","ref":"SSS","operator":"REN","from":null,"to":null,"displayLabel":"Subestação de Sete Rios","labelSource":"osm-name","voltageRaw":"220000;60000","circuits":null,"cables":null,"frequency":"50","location":"indoor","sourceProvider":"OpenStreetMap Overpass API","sourceFallback":"ArcGIS structures layer omits polygon/way substations","sourceLicense":"ODbL 1.0","osmTimestamp":"2025-06-17T14:21:49Z"},"geometry":{"type":"Point","coordinates":[-9.170209921363393,38.73904695]}},{"type":"Feature","properties":{"assetId":"PT-substation-way-1202440403","countryCode":"PT","assetType":"substation","powerType":"substation","osmType":"way","osmId":"1202440403","actualVoltagesKv":[10,60],"actualVoltageKv":60,"gridClass":"154","displayClass":"154 kV sınıfı","name":"Subestação de Santa Marta","ref":"1106S5064000","operator":"E-REDES","from":null,"to":null,"displayLabel":"Subestação de Santa Marta","labelSource":"osm-name","voltageRaw":"60000;10000","circuits":null,"cables":null,"frequency":"50","location":"indoor","sourceProvider":"OpenStreetMap Overpass API","sourceFallback":"ArcGIS structures layer omits polygon/way substations","sourceLicense":"ODbL 1.0","osmTimestamp":"2026-02-24T12:30:10Z"},"geometry":{"type":"Point","coordinates":[-9.146486322415988,38.72376595]}},{"type":"Feature","properties":{"assetId":"PT-substation-way-1202443036","countryCode":"PT","assetType":"substation","powerType":"substation","osmType":"way","osmId":"1202443036","actualVoltagesKv":[60,220],"actualVoltageKv":220,"gridClass":"154","displayClass":"154 kV sınıfı","name":"Subestação do Zambujal","ref":"SZBJ","operator":"REN","from":null,"to":null,"displayLabel":"Subestação do Zambujal","labelSource":"osm-name","voltageRaw":"220000;60000","circuits":null,"cables":null,"frequency":null,"location":null,"sourceProvider":"OpenStreetMap Overpass API","sourceFallback":"ArcGIS structures layer omits polygon/way substations","sourceLicense":"ODbL 1.0","osmTimestamp":"2024-02-29T21:58:43Z"},"geometry":{"type":"Point","coordinates":[-9.212488019601164,38.7204684]}},{"type":"Feature","properties":{"assetId":"PT-substation-way-1202443038","countryCode":"PT","assetType":"substation","powerType":"substation","osmType":"way","osmId":"1202443038","actualVoltagesKv":[10,60],"actualVoltageKv":60,"gridClass":"154","displayClass":"154 kV sınıfı","name":"Subestação Barcarena","ref":"1110S5900200","operator":"E-REDES","from":null,"to":null,"displayLabel":"Subestação Barcarena","labelSource":"osm-name","voltageRaw":"60000;10000","circuits":null,"cables":null,"frequency":"50","location":"indoor","sourceProvider":"OpenStreetMap Overpass API","sourceFallback":"ArcGIS structures layer omits polygon/way substations","sourceLicense":"ODbL 1.0","osmTimestamp":"2026-02-24T12:30:10Z"},"geometry":{"type":"Point","coordinates":[-9.266870875381127,38.7370701]}},{"type":"Feature","properties":{"assetId":"PT-substation-way-1202483782","countryCode":"PT","assetType":"substation","powerType":"substation","osmType":"way","osmId":"1202483782","actualVoltagesKv":[30,60],"actualVoltageKv":60,"gridClass":"154","displayClass":"154 kV sınıfı","name":"Subestação Carrascal","ref":"1405S5680800","operator":"E-REDES","from":null,"to":null,"displayLabel":"Subestação Carrascal","labelSource":"osm-name","voltageRaw":"60000;30000","circuits":null,"cables":null,"frequency":null,"location":"outdoor","sourceProvider":"OpenStreetMap Overpass API","sourceFallback":"ArcGIS structures layer omits polygon/way substations","sourceLicense":"ODbL 1.0","osmTimestamp":"2026-02-24T12:30:10Z"},"geometry":{"type":"Point","coordinates":[-8.853717369015467,38.91483985]}},{"type":"Feature","properties":{"assetId":"PT-substation-way-1202483785","countryCode":"PT","assetType":"substation","powerType":"substation","osmType":"way","osmId":"1202483785","actualVoltagesKv":[60],"actualVoltageKv":60,"gridClass":"154","displayClass":"154 kV sınıfı","name":"Subestação Equipar","ref":null,"operator":null,"from":null,"to":null,"displayLabel":"Subestação Equipar","labelSource":"osm-name","voltageRaw":"60000","circuits":null,"cables":null,"frequency":null,"location":null,"sourceProvider":"OpenStreetMap Overpass API","sourceFallback":"ArcGIS structures layer omits polygon/way substations","sourceLicense":"ODbL 1.0","osmTimestamp":"2023-12-24T21:28:31Z"},"geometry":{"type":"Point","coordinates":[-8.484731849999996,38.9358781]}},{"type":"Feature","properties":{"assetId":"PT-substation-way-1202486463","countryCode":"PT","assetType":"substation","powerType":"substation","osmType":"way","osmId":"1202486463","actualVoltagesKv":[30,60],"actualVoltageKv":60,"gridClass":"154","displayClass":"154 kV sınıfı","name":"Subestação de Benavente","ref":"1405S5906000","operator":"E-REDES","from":null,"to":null,"displayLabel":"Subestação de Benavente","labelSource":"osm-name","voltageRaw":"60000;30000","circuits":null,"cables":null,"frequency":"50","location":"outdoor","sourceProvider":"OpenStreetMap Overpass API","sourceFallback":"ArcGIS structures layer omits polygon/way substations","sourceLicense":"ODbL 1.0","osmTimestamp":"2026-02-24T12:30:10Z"},"geometry":{"type":"Point","coordinates":[-8.79907402866736,38.97791115]}},{"type":"Feature","properties":{"assetId":"PT-substation-way-1202502319","countryCode":"PT","assetType":"substation","powerType":"substation","osmType":"way","osmId":"1202502319","actualVoltagesKv":[60],"actualVoltageKv":60,"gridClass":"154","displayClass":"154 kV sınıfı","name":"Subestação de Manteigas","ref":null,"operator":null,"from":null,"to":null,"displayLabel":"Subestação de Manteigas","labelSource":"osm-name","voltageRaw":"60000","circuits":null,"cables":null,"frequency":null,"location":null,"sourceProvider":"OpenStreetMap Overpass API","sourceFallback":"ArcGIS structures layer omits polygon/way substations","sourceLicense":"ODbL 1.0","osmTimestamp":"2023-12-10T20:30:45Z"},"geometry":{"type":"Point","coordinates":[-7.5445312749356,40.3880812]}},{"type":"Feature","properties":{"assetId":"PT-substation-way-1202513765","countryCode":"PT","assetType":"substation","powerType":"substation","osmType":"way","osmId":"1202513765","actualVoltagesKv":[15,60],"actualVoltageKv":60,"gridClass":"154","displayClass":"154 kV sınıfı","name":"Subestação de Belmonte","ref":"0501S5007400","operator":"E-REDES","from":null,"to":null,"displayLabel":"Subestação de Belmonte","labelSource":"osm-name","voltageRaw":"60000;15000","circuits":null,"cables":null,"frequency":"50","location":"outdoor","sourceProvider":"OpenStreetMap Overpass API","sourceFallback":"ArcGIS structures layer omits polygon/way substations","sourceLicense":"ODbL 1.0","osmTimestamp":"2026-02-24T12:30:10Z"},"geometry":{"type":"Point","coordinates":[-7.343884361918398,40.36968025]}},{"type":"Feature","properties":{"assetId":"PT-substation-way-1202687844","countryCode":"PT","assetType":"substation","powerType":"substation","osmType":"way","osmId":"1202687844","actualVoltagesKv":[60],"actualVoltageKv":60,"gridClass":"154","displayClass":"154 kV sınıfı","name":"Subestação do Parque Solar Fotovoltaico Hércules","ref":null,"operator":"Catavento - Produção de Energia Eólica S.A.","from":null,"to":null,"displayLabel":"Subestação do Parque Solar Fotovoltaico Hércules","labelSource":"osm-name","voltageRaw":"60000","circuits":null,"cables":null,"frequency":null,"location":"outdoor","sourceProvider":"OpenStreetMap Overpass API","sourceFallback":"ArcGIS structures layer omits polygon/way substations","sourceLicense":"ODbL 1.0","osmTimestamp":"2026-04-01T19:11:47Z"},"geometry":{"type":"Point","coordinates":[-7.616785950000001,38.03073535]}},{"type":"Feature","properties":{"assetId":"PT-substation-way-1202722877","countryCode":"PT","assetType":"substation","powerType":"substation","osmType":"way","osmId":"1202722877","actualVoltagesKv":[15,60],"actualVoltageKv":60,"gridClass":"154","displayClass":"154 kV sınıfı","name":"Subestação do Parque Industrial do Casarão","ref":null,"operator":null,"from":null,"to":null,"displayLabel":"Subestação do Parque Industrial do Casarão","labelSource":"osm-name","voltageRaw":"60000;15000","circuits":null,"cables":null,"frequency":null,"location":"outdoor","sourceProvider":"OpenStreetMap Overpass API","sourceFallback":"ArcGIS structures layer omits polygon/way substations","sourceLicense":"ODbL 1.0","osmTimestamp":"2026-04-15T10:35:25Z"},"geometry":{"type":"Point","coordinates":[-8.390977567564406,40.551253349999996]}},{"type":"Feature","properties":{"assetId":"PT-substation-way-1202861574","countryCode":"PT","assetType":"substation","powerType":"substation","osmType":"way","osmId":"1202861574","actualVoltagesKv":[10,60],"actualVoltageKv":60,"gridClass":"154","displayClass":"154 kV sınıfı","name":"Subestação de Cascais","ref":"1105S5903300","operator":"E-REDES","from":null,"to":null,"displayLabel":"Subestação de Cascais","labelSource":"osm-name","voltageRaw":"60000;10000","circuits":null,"cables":null,"frequency":null,"location":"indoor","sourceProvider":"OpenStreetMap Overpass API","sourceFallback":"ArcGIS structures layer omits polygon/way substations","sourceLicense":"ODbL 1.0","osmTimestamp":"2026-02-24T12:30:10Z"},"geometry":{"type":"Point","coordinates":[-9.411549865021769,38.713289599999996]}},{"type":"Feature","properties":{"assetId":"PT-substation-way-1203018602","countryCode":"PT","assetType":"substation","powerType":"substation","osmType":"way","osmId":"1203018602","actualVoltagesKv":[15,60],"actualVoltageKv":60,"gridClass":"154","displayClass":"154 kV sınıfı","name":"Subestação de Lousada","ref":"1305S5014600","operator":"E-REDES","from":null,"to":null,"displayLabel":"Subestação de Lousada","labelSource":"osm-name","voltageRaw":"60000;15000","circuits":null,"cables":null,"frequency":null,"location":null,"sourceProvider":"OpenStreetMap Overpass API","sourceFallback":"ArcGIS structures layer omits polygon/way substations","sourceLicense":"ODbL 1.0","osmTimestamp":"2026-02-24T12:30:10Z"},"geometry":{"type":"Point","coordinates":[-8.296356319285426,41.2644564]}},{"type":"Feature","properties":{"assetId":"PT-substation-way-1203031781","countryCode":"PT","assetType":"substation","powerType":"substation","osmType":"way","osmId":"1203031781","actualVoltagesKv":[15,60],"actualVoltageKv":60,"gridClass":"154","displayClass":"154 kV sınıfı","name":"Subestação de Braga","ref":"0303S5000400","operator":"E-REDES","from":null,"to":null,"displayLabel":"Subestação de Braga","labelSource":"osm-name","voltageRaw":"60000;15000","circuits":null,"cables":null,"frequency":null,"location":"outdoor","sourceProvider":"OpenStreetMap Overpass API","sourceFallback":"ArcGIS structures layer omits polygon/way substations","sourceLicense":"ODbL 1.0","osmTimestamp":"2026-02-24T12:30:10Z"},"geometry":{"type":"Point","coordinates":[-8.421071371179517,41.54140935]}},{"type":"Feature","properties":{"assetId":"PT-substation-way-1203031782","countryCode":"PT","assetType":"substation","powerType":"substation","osmType":"way","osmId":"1203031782","actualVoltagesKv":[60],"actualVoltageKv":60,"gridClass":"154","displayClass":"154 kV sınıfı","name":"Subestação Blaupunkt","ref":null,"operator":null,"from":null,"to":null,"displayLabel":"Subestação Blaupunkt","labelSource":"osm-name","voltageRaw":"60000","circuits":null,"cables":null,"frequency":null,"location":null,"sourceProvider":"OpenStreetMap Overpass API","sourceFallback":"ArcGIS structures layer omits polygon/way substations","sourceLicense":"ODbL 1.0","osmTimestamp":"2023-12-04T23:09:57Z"},"geometry":{"type":"Point","coordinates":[-8.432174548646548,41.53201705]}},{"type":"Feature","properties":{"assetId":"PT-substation-way-1203031790","countryCode":"PT","assetType":"substation","powerType":"substation","osmType":"way","osmId":"1203031790","actualVoltagesKv":[15,60],"actualVoltageKv":60,"gridClass":"154","displayClass":"154 kV sınıfı","name":"Subestação de Lamaçães","ref":"0303S5012700","operator":"E-REDES","from":null,"to":null,"displayLabel":"Subestação de Lamaçães","labelSource":"osm-name","voltageRaw":"60000;15000","circuits":null,"cables":null,"frequency":null,"location":"indoor","sourceProvider":"OpenStreetMap Overpass API","sourceFallback":"ArcGIS structures layer omits polygon/way substations","sourceLicense":"ODbL 1.0","osmTimestamp":"2026-02-24T12:30:10Z"},"geometry":{"type":"Point","coordinates":[-8.40232591009903,41.55271105]}},{"type":"Feature","properties":{"assetId":"PT-substation-way-1203053252","countryCode":"PT","assetType":"substation","powerType":"substation","osmType":"way","osmId":"1203053252","actualVoltagesKv":[15,60],"actualVoltageKv":60,"gridClass":"154","displayClass":"154 kV sınıfı","name":"Subestação Brasil","ref":"1512S5032400","operator":"E-REDES","from":null,"to":null,"displayLabel":"Subestação Brasil","labelSource":"osm-name","voltageRaw":"60000;15000","circuits":null,"cables":null,"frequency":null,"location":"indoor","sourceProvider":"OpenStreetMap Overpass API","sourceFallback":"ArcGIS structures layer omits polygon/way substations","sourceLicense":"ODbL 1.0","osmTimestamp":"2026-02-24T12:30:10Z"},"geometry":{"type":"Point","coordinates":[-8.887428763038942,38.5293161]}},{"type":"Feature","properties":{"assetId":"PT-substation-way-1203053255","countryCode":"PT","assetType":"substation","powerType":"substation","osmType":"way","osmId":"1203053255","actualVoltagesKv":[60],"actualVoltageKv":60,"gridClass":"154","displayClass":"154 kV sınıfı","name":null,"ref":null,"operator":"Portucel","from":null,"to":null,"displayLabel":"Portucel · 60 kV · OSM 1203053255","labelSource":"generated-identifier","voltageRaw":"60000","circuits":null,"cables":null,"frequency":null,"location":null,"sourceProvider":"OpenStreetMap Overpass API","sourceFallback":"ArcGIS structures layer omits polygon/way substations","sourceLicense":"ODbL 1.0","osmTimestamp":"2025-06-16T21:32:15Z"},"geometry":{"type":"Point","coordinates":[-8.805683650000002,38.49328665]}},{"type":"Feature","properties":{"assetId":"PT-substation-way-1203411362","countryCode":"PT","assetType":"substation","powerType":"substation","osmType":"way","osmId":"1203411362","actualVoltagesKv":[6,15,60],"actualVoltageKv":60,"gridClass":"154","displayClass":"154 kV sınıfı","name":"Subestação Quimiparque","ref":"1504S5022700","operator":"E-REDES","from":null,"to":null,"displayLabel":"Subestação Quimiparque","labelSource":"osm-name","voltageRaw":"60000;15000;6000","circuits":null,"cables":null,"frequency":null,"location":null,"sourceProvider":"OpenStreetMap Overpass API","sourceFallback":"ArcGIS structures layer omits polygon/way substations","sourceLicense":"ODbL 1.0","osmTimestamp":"2026-02-24T12:30:10Z"},"geometry":{"type":"Point","coordinates":[-9.062272863184287,38.6699821]}},{"type":"Feature","properties":{"assetId":"PT-substation-way-1207674135","countryCode":"PT","assetType":"substation","powerType":"substation","osmType":"way","osmId":"1207674135","actualVoltagesKv":[60],"actualVoltageKv":60,"gridClass":"154","displayClass":"154 kV sınıfı","name":"Posto de Seccionamento de Fanhões","ref":null,"operator":"E-REDES","from":null,"to":null,"displayLabel":"Posto de Seccionamento de Fanhões","labelSource":"osm-name","voltageRaw":"60000","circuits":null,"cables":null,"frequency":"50","location":"outdoor","sourceProvider":"OpenStreetMap Overpass API","sourceFallback":"ArcGIS structures layer omits polygon/way substations","sourceLicense":"ODbL 1.0","osmTimestamp":"2026-02-24T12:30:15Z"},"geometry":{"type":"Point","coordinates":[-9.138404558426236,38.88756565]}},{"type":"Feature","properties":{"assetId":"PT-substation-way-1208421378","countryCode":"PT","assetType":"substation","powerType":"substation","osmType":"way","osmId":"1208421378","actualVoltagesKv":[10,60],"actualVoltageKv":60,"gridClass":"154","displayClass":"154 kV sınıfı","name":"Subestação Central Tejo","ref":"1106S5025800","operator":"E-REDES","from":null,"to":null,"displayLabel":"Subestação Central Tejo","labelSource":"osm-name","voltageRaw":"60000;10000","circuits":null,"cables":null,"frequency":null,"location":"outdoor","sourceProvider":"OpenStreetMap Overpass API","sourceFallback":"ArcGIS structures layer omits polygon/way substations","sourceLicense":"ODbL 1.0","osmTimestamp":"2026-02-24T12:30:15Z"},"geometry":{"type":"Point","coordinates":[-9.194477605656392,38.695863700000004]}},{"type":"Feature","properties":{"assetId":"PT-substation-way-121159140","countryCode":"PT","assetType":"substation","powerType":"substation","osmType":"way","osmId":"121159140","actualVoltagesKv":[60,220],"actualVoltageKv":220,"gridClass":"154","displayClass":"154 kV sınıfı","name":"Subestação de Penamacor","ref":null,"operator":"Lestenergia","from":null,"to":null,"displayLabel":"Subestação de Penamacor","labelSource":"osm-name","voltageRaw":"220000;60000","circuits":null,"cables":null,"frequency":"50","location":"outdoor","sourceProvider":"OpenStreetMap Overpass API","sourceFallback":"ArcGIS structures layer omits polygon/way substations","sourceLicense":"ODbL 1.0","osmTimestamp":"2025-10-26T14:36:47Z"},"geometry":{"type":"Point","coordinates":[-7.219596768970623,40.239682]}},{"type":"Feature","properties":{"assetId":"PT-substation-way-1216948040","countryCode":"PT","assetType":"substation","powerType":"substation","osmType":"way","osmId":"1216948040","actualVoltagesKv":[60],"actualVoltageKv":60,"gridClass":"154","displayClass":"154 kV sınıfı","name":"Posto de Corte de Leça do Balio","ref":null,"operator":"E-REDES","from":null,"to":null,"displayLabel":"Posto de Corte de Leça do Balio","labelSource":"osm-name","voltageRaw":"60000","circuits":null,"cables":null,"frequency":"50","location":"outdoor","sourceProvider":"OpenStreetMap Overpass API","sourceFallback":"ArcGIS structures layer omits polygon/way substations","sourceLicense":"ODbL 1.0","osmTimestamp":"2026-02-24T12:30:17Z"},"geometry":{"type":"Point","coordinates":[-8.624040336589847,41.21693825]}},{"type":"Feature","properties":{"assetId":"PT-substation-way-121761830","countryCode":"PT","assetType":"substation","powerType":"substation","osmType":"way","osmId":"121761830","actualVoltagesKv":[15,60],"actualVoltageKv":60,"gridClass":"154","displayClass":"154 kV sınıfı","name":"Subestação Barrô","ref":"0101S5001600","operator":"E-REDES","from":null,"to":null,"displayLabel":"Subestação Barrô","labelSource":"osm-name","voltageRaw":"60000;15000","circuits":null,"cables":null,"frequency":"50","location":"outdoor","sourceProvider":"OpenStreetMap Overpass API","sourceFallback":"ArcGIS structures layer omits polygon/way substations","sourceLicense":"ODbL 1.0","osmTimestamp":"2026-04-02T14:42:07Z"},"geometry":{"type":"Point","coordinates":[-8.454935511072664,40.5336964]}},{"type":"Feature","properties":{"assetId":"PT-substation-way-122314376","countryCode":"PT","assetType":"substation","powerType":"substation","osmType":"way","osmId":"122314376","actualVoltagesKv":[30,60],"actualVoltageKv":60,"gridClass":"154","displayClass":"154 kV sınıfı","name":"Subestação de Lamego","ref":"1805S5011300","operator":"E-REDES","from":null,"to":null,"displayLabel":"Subestação de Lamego","labelSource":"osm-name","voltageRaw":"60000;30000","circuits":null,"cables":null,"frequency":"50","location":"outdoor","sourceProvider":"OpenStreetMap Overpass API","sourceFallback":"ArcGIS structures layer omits polygon/way substations","sourceLicense":"ODbL 1.0","osmTimestamp":"2026-04-13T17:19:48Z"},"geometry":{"type":"Point","coordinates":[-7.8055551538481485,41.09046685]}},{"type":"Feature","properties":{"assetId":"PT-substation-way-1226558988","countryCode":"PT","assetType":"substation","powerType":"substation","osmType":"way","osmId":"1226558988","actualVoltagesKv":[60],"actualVoltageKv":60,"gridClass":"154","displayClass":"154 kV sınıfı","name":"Subestação Casfil","ref":null,"operator":null,"from":null,"to":null,"displayLabel":"Subestação Casfil","labelSource":"osm-name","voltageRaw":"60000","circuits":null,"cables":null,"frequency":"50","location":null,"sourceProvider":"OpenStreetMap Overpass API","sourceFallback":"ArcGIS structures layer omits polygon/way substations","sourceLicense":"ODbL 1.0","osmTimestamp":"2023-11-24T18:51:03Z"},"geometry":{"type":"Point","coordinates":[-8.494461900000001,41.32703325]}},{"type":"Feature","properties":{"assetId":"PT-substation-way-1226609208","countryCode":"PT","assetType":"substation","powerType":"substation","osmType":"way","osmId":"1226609208","actualVoltagesKv":[15,60],"actualVoltageKv":60,"gridClass":"154","displayClass":"154 kV sınıfı","name":"Subestação de Monserrate","ref":"1609S5021900","operator":"E-REDES","from":null,"to":null,"displayLabel":"Subestação de Monserrate","labelSource":"osm-name","voltageRaw":"60000;15000","circuits":null,"cables":null,"frequency":null,"location":null,"sourceProvider":"OpenStreetMap Overpass API","sourceFallback":"ArcGIS structures layer omits polygon/way substations","sourceLicense":"ODbL 1.0","osmTimestamp":"2026-02-24T12:30:21Z"},"geometry":{"type":"Point","coordinates":[-8.842904352303993,41.692703800000004]}},{"type":"Feature","properties":{"assetId":"PT-substation-way-1226718704","countryCode":"PT","assetType":"substation","powerType":"substation","osmType":"way","osmId":"1226718704","actualVoltagesKv":[60],"actualVoltageKv":60,"gridClass":"154","displayClass":"154 kV sınıfı","name":"Posto de Seccionamento de Deocriste","ref":null,"operator":"E-REDES","from":null,"to":null,"displayLabel":"Posto de Seccionamento de Deocriste","labelSource":"osm-name","voltageRaw":"60000","circuits":null,"cables":null,"frequency":null,"location":"outdoor","sourceProvider":"OpenStreetMap Overpass API","sourceFallback":"ArcGIS structures layer omits polygon/way substations","sourceLicense":"ODbL 1.0","osmTimestamp":"2026-04-01T21:12:29Z"},"geometry":{"type":"Point","coordinates":[-8.71745348050136,41.703683749999996]}},{"type":"Feature","properties":{"assetId":"PT-substation-way-1227396206","countryCode":"PT","assetType":"substation","powerType":"substation","osmType":"way","osmId":"1227396206","actualVoltagesKv":[60],"actualVoltageKv":60,"gridClass":"154","displayClass":"154 kV sınıfı","name":"Subestação do Parque Eólico do Marão II","ref":null,"operator":null,"from":null,"to":null,"displayLabel":"Subestação do Parque Eólico do Marão II","labelSource":"osm-name","voltageRaw":"60000","circuits":null,"cables":null,"frequency":null,"location":null,"sourceProvider":"OpenStreetMap Overpass API","sourceFallback":"ArcGIS structures layer omits polygon/way substations","sourceLicense":"ODbL 1.0","osmTimestamp":"2023-12-22T22:16:08Z"},"geometry":{"type":"Point","coordinates":[-7.894297,41.2087066]}},{"type":"Feature","properties":{"assetId":"PT-substation-way-1227396207","countryCode":"PT","assetType":"substation","powerType":"substation","osmType":"way","osmId":"1227396207","actualVoltagesKv":[60],"actualVoltageKv":60,"gridClass":"154","displayClass":"154 kV sınıfı","name":"Posto de Corte de Seixinhos","ref":null,"operator":"E-REDES","from":null,"to":null,"displayLabel":"Posto de Corte de Seixinhos","labelSource":"osm-name","voltageRaw":"60000","circuits":null,"cables":null,"frequency":null,"location":"indoor","sourceProvider":"OpenStreetMap Overpass API","sourceFallback":"ArcGIS structures layer omits polygon/way substations","sourceLicense":"ODbL 1.0","osmTimestamp":"2026-04-01T21:37:41Z"},"geometry":{"type":"Point","coordinates":[-7.894477739168039,41.2087425]}},{"type":"Feature","properties":{"assetId":"PT-substation-way-1227439281","countryCode":"PT","assetType":"substation","powerType":"substation","osmType":"way","osmId":"1227439281","actualVoltagesKv":[15,60],"actualVoltageKv":60,"gridClass":"154","displayClass":"154 kV sınıfı","name":"Subestação da Riopele","ref":null,"operator":"Riopele","from":null,"to":null,"displayLabel":"Subestação da Riopele","labelSource":"osm-name","voltageRaw":"60000;15000","circuits":null,"cables":null,"frequency":"50","location":"outdoor","sourceProvider":"OpenStreetMap Overpass API","sourceFallback":"ArcGIS structures layer omits polygon/way substations","sourceLicense":"ODbL 1.0","osmTimestamp":"2026-03-31T10:36:19Z"},"geometry":{"type":"Point","coordinates":[-8.434686575808751,41.423839799999996]}},{"type":"Feature","properties":{"assetId":"PT-substation-way-1227616898","countryCode":"PT","assetType":"substation","powerType":"substation","osmType":"way","osmId":"1227616898","actualVoltagesKv":[60],"actualVoltageKv":60,"gridClass":"154","displayClass":"154 kV sınıfı","name":"Posto de Corte da Senhora do Porto","ref":null,"operator":"E-REDES","from":null,"to":null,"displayLabel":"Posto de Corte da Senhora do Porto","labelSource":"osm-name","voltageRaw":"60000","circuits":null,"cables":null,"frequency":null,"location":null,"sourceProvider":"OpenStreetMap Overpass API","sourceFallback":"ArcGIS structures layer omits polygon/way substations","sourceLicense":"ODbL 1.0","osmTimestamp":"2026-02-24T12:30:21Z"},"geometry":{"type":"Point","coordinates":[-8.21928761141962,41.55584225]}},{"type":"Feature","properties":{"assetId":"PT-substation-way-1227647072","countryCode":"PT","assetType":"substation","powerType":"substation","osmType":"way","osmId":"1227647072","actualVoltagesKv":[60],"actualVoltageKv":60,"gridClass":"154","displayClass":"154 kV sınıfı","name":"Subestação de Bouçoais-Sonim","ref":null,"operator":"Aquila Capital","from":null,"to":null,"displayLabel":"Subestação de Bouçoais-Sonim","labelSource":"osm-name","voltageRaw":"60000","circuits":null,"cables":null,"frequency":null,"location":null,"sourceProvider":"OpenStreetMap Overpass API","sourceFallback":"ArcGIS structures layer omits polygon/way substations","sourceLicense":"ODbL 1.0","osmTimestamp":"2025-10-24T17:26:36Z"},"geometry":{"type":"Point","coordinates":[-7.205085705961917,41.7172629]}},{"type":"Feature","properties":{"assetId":"PT-substation-way-1227649673","countryCode":"PT","assetType":"substation","powerType":"substation","osmType":"way","osmId":"1227649673","actualVoltagesKv":[15,60],"actualVoltageKv":60,"gridClass":"154","displayClass":"154 kV sınıfı","name":"Subestação do Sabugueiro","ref":"0912S5009000","operator":"E-REDES","from":null,"to":null,"displayLabel":"Subestação do Sabugueiro","labelSource":"osm-name","voltageRaw":"60000;15000","circuits":null,"cables":null,"frequency":null,"location":null,"sourceProvider":"OpenStreetMap Overpass API","sourceFallback":"ArcGIS structures layer omits polygon/way substations","sourceLicense":"ODbL 1.0","osmTimestamp":"2026-02-24T12:30:21Z"},"geometry":{"type":"Point","coordinates":[-7.662840461763215,40.39704305]}},{"type":"Feature","properties":{"assetId":"PT-substation-way-1227667765","countryCode":"PT","assetType":"substation","powerType":"substation","osmType":"way","osmId":"1227667765","actualVoltagesKv":[60,150],"actualVoltageKv":150,"gridClass":"154","displayClass":"154 kV sınıfı","name":"Subestação de Évora","ref":"SER","operator":"REN","from":null,"to":null,"displayLabel":"Subestação de Évora","labelSource":"osm-name","voltageRaw":"150000;60000","circuits":null,"cables":null,"frequency":"50","location":"outdoor","sourceProvider":"OpenStreetMap Overpass API","sourceFallback":"ArcGIS structures layer omits polygon/way substations","sourceLicense":"ODbL 1.0","osmTimestamp":"2024-10-02T16:58:32Z"},"geometry":{"type":"Point","coordinates":[-7.881936463281766,38.55506235]}},{"type":"Feature","properties":{"assetId":"PT-substation-way-1227679473","countryCode":"PT","assetType":"substation","powerType":"substation","osmType":"way","osmId":"1227679473","actualVoltagesKv":[15,60],"actualVoltageKv":60,"gridClass":"154","displayClass":"154 kV sınıfı","name":"Subestação de Condeixa","ref":"0604S5005400","operator":"E-REDES","from":null,"to":null,"displayLabel":"Subestação de Condeixa","labelSource":"osm-name","voltageRaw":"60000;15000","circuits":null,"cables":null,"frequency":null,"location":null,"sourceProvider":"OpenStreetMap Overpass API","sourceFallback":"ArcGIS structures layer omits polygon/way substations","sourceLicense":"ODbL 1.0","osmTimestamp":"2026-02-24T12:30:21Z"},"geometry":{"type":"Point","coordinates":[-8.489015948251705,40.10488455]}},{"type":"Feature","properties":{"assetId":"PT-substation-way-1227680945","countryCode":"PT","assetType":"substation","powerType":"substation","osmType":"way","osmId":"1227680945","actualVoltagesKv":[15,60],"actualVoltageKv":60,"gridClass":"154","displayClass":"154 kV sınıfı","name":"Subestação do Ermal","ref":"0311S5001300","operator":"E-REDES","from":null,"to":null,"displayLabel":"Subestação do Ermal","labelSource":"osm-name","voltageRaw":"60000;15000","circuits":null,"cables":null,"frequency":null,"location":null,"sourceProvider":"OpenStreetMap Overpass API","sourceFallback":"ArcGIS structures layer omits polygon/way substations","sourceLicense":"ODbL 1.0","osmTimestamp":"2026-02-24T12:30:21Z"},"geometry":{"type":"Point","coordinates":[-8.1528898328473,41.5782917]}},{"type":"Feature","properties":{"assetId":"PT-substation-way-1227682165","countryCode":"PT","assetType":"substation","powerType":"substation","osmType":"way","osmId":"1227682165","actualVoltagesKv":[30,60],"actualVoltageKv":60,"gridClass":"154","displayClass":"154 kV sınıfı","name":"Subestação do Espadanal","ref":"1103S5191400","operator":"E-REDES","from":null,"to":null,"displayLabel":"Subestação do Espadanal","labelSource":"osm-name","voltageRaw":"60000;30000","circuits":null,"cables":null,"frequency":null,"location":null,"sourceProvider":"OpenStreetMap Overpass API","sourceFallback":"ArcGIS structures layer omits polygon/way substations","sourceLicense":"ODbL 1.0","osmTimestamp":"2026-02-24T12:30:21Z"},"geometry":{"type":"Point","coordinates":[-8.90708635863383,39.0525313]}},{"type":"Feature","properties":{"assetId":"PT-substation-way-1227818430","countryCode":"PT","assetType":"substation","powerType":"substation","osmType":"way","osmId":"1227818430","actualVoltagesKv":[10,60],"actualVoltageKv":60,"gridClass":"154","displayClass":"154 kV sınıfı","name":"Subestação da Figueirinha","ref":"1110S5117100","operator":"E-REDES","from":null,"to":null,"displayLabel":"Subestação da Figueirinha","labelSource":"osm-name","voltageRaw":"60000;10000","circuits":null,"cables":null,"frequency":null,"location":null,"sourceProvider":"OpenStreetMap Overpass API","sourceFallback":"ArcGIS structures layer omits polygon/way substations","sourceLicense":"ODbL 1.0","osmTimestamp":"2026-02-24T12:30:21Z"},"geometry":{"type":"Point","coordinates":[-9.306255399504515,38.69597845]}},{"type":"Feature","properties":{"assetId":"PT-substation-way-1227826042","countryCode":"PT","assetType":"substation","powerType":"substation","osmType":"way","osmId":"1227826042","actualVoltagesKv":[15,60],"actualVoltageKv":60,"gridClass":"154","displayClass":"154 kV sınıfı","name":"Subestação de Fronhas","ref":"0601S5003100","operator":"E-REDES","from":null,"to":null,"displayLabel":"Subestação de Fronhas","labelSource":"osm-name","voltageRaw":"60000;15000","circuits":null,"cables":null,"frequency":null,"location":null,"sourceProvider":"OpenStreetMap Overpass API","sourceFallback":"ArcGIS structures layer omits polygon/way substations","sourceLicense":"ODbL 1.0","osmTimestamp":"2026-02-24T12:30:21Z"},"geometry":{"type":"Point","coordinates":[-8.160750037882282,40.248215849999994]}},{"type":"Feature","properties":{"assetId":"PT-substation-way-1227846402","countryCode":"PT","assetType":"substation","powerType":"substation","osmType":"way","osmId":"1227846402","actualVoltagesKv":[15,60],"actualVoltageKv":60,"gridClass":"154","displayClass":"154 kV sınıfı","name":"Subestação da Loriga","ref":"0912S5008200","operator":"E-REDES","from":null,"to":null,"displayLabel":"Subestação da Loriga","labelSource":"osm-name","voltageRaw":"60000;15000","circuits":null,"cables":null,"frequency":null,"location":null,"sourceProvider":"OpenStreetMap Overpass API","sourceFallback":"ArcGIS structures layer omits polygon/way substations","sourceLicense":"ODbL 1.0","osmTimestamp":"2026-02-24T12:30:21Z"},"geometry":{"type":"Point","coordinates":[-7.688460260666759,40.3271709]}},{"type":"Feature","properties":{"assetId":"PT-substation-way-1227850585","countryCode":"PT","assetType":"substation","powerType":"substation","osmType":"way","osmId":"1227850585","actualVoltagesKv":[30,60],"actualVoltageKv":60,"gridClass":"154","displayClass":"154 kV sınıfı","name":"Subestação do Louriçal","ref":"1015S5904900","operator":"E-REDES","from":null,"to":null,"displayLabel":"Subestação do Louriçal","labelSource":"osm-name","voltageRaw":"60000;30000","circuits":null,"cables":null,"frequency":null,"location":null,"sourceProvider":"OpenStreetMap Overpass API","sourceFallback":"ArcGIS structures layer omits polygon/way substations","sourceLicense":"ODbL 1.0","osmTimestamp":"2026-04-15T10:54:55Z"},"geometry":{"type":"Point","coordinates":[-8.789345346203463,40.02751035]}},{"type":"Feature","properties":{"assetId":"PT-substation-way-1227854630","countryCode":"PT","assetType":"substation","powerType":"substation","osmType":"way","osmId":"1227854630","actualVoltagesKv":[15,60],"actualVoltageKv":60,"gridClass":"154","displayClass":"154 kV sınıfı","name":"Subestação de Meimoa","ref":"0507S5024400","operator":"E-REDES","from":null,"to":null,"displayLabel":"Subestação de Meimoa","labelSource":"osm-name","voltageRaw":"60000;15000","circuits":null,"cables":null,"frequency":null,"location":null,"sourceProvider":"OpenStreetMap Overpass API","sourceFallback":"ArcGIS structures layer omits polygon/way substations","sourceLicense":"ODbL 1.0","osmTimestamp":"2026-02-24T12:30:21Z"},"geometry":{"type":"Point","coordinates":[-7.20104932004331,40.2431319]}},{"type":"Feature","properties":{"assetId":"PT-substation-way-1227886852","countryCode":"PT","assetType":"substation","powerType":"substation","osmType":"way","osmId":"1227886852","actualVoltagesKv":[10,60],"actualVoltageKv":60,"gridClass":"154","displayClass":"154 kV sınıfı","name":"Subestação de Miraflores","ref":"1110S5270000","operator":"E-REDES","from":null,"to":null,"displayLabel":"Subestação de Miraflores","labelSource":"osm-name","voltageRaw":"60000;10000","circuits":null,"cables":null,"frequency":null,"location":null,"sourceProvider":"OpenStreetMap Overpass API","sourceFallback":"ArcGIS structures layer omits polygon/way substations","sourceLicense":"ODbL 1.0","osmTimestamp":"2026-02-24T12:30:21Z"},"geometry":{"type":"Point","coordinates":[-9.231144455564046,38.7109029]}},{"type":"Feature","properties":{"assetId":"PT-substation-way-1227892441","countryCode":"PT","assetType":"substation","powerType":"substation","osmType":"way","osmId":"1227892441","actualVoltagesKv":[15,60],"actualVoltageKv":60,"gridClass":"154","displayClass":"154 kV sınıfı","name":"Subestação de Sever do Vouga","ref":"0117S5023700","operator":"E-REDES","from":null,"to":null,"displayLabel":"Subestação de Sever do Vouga","labelSource":"osm-name","voltageRaw":"60000;15000","circuits":null,"cables":null,"frequency":null,"location":null,"sourceProvider":"OpenStreetMap Overpass API","sourceFallback":"ArcGIS structures layer omits polygon/way substations","sourceLicense":"ODbL 1.0","osmTimestamp":"2026-02-24T12:30:21Z"},"geometry":{"type":"Point","coordinates":[-8.375493502350636,40.7417765]}},{"type":"Feature","properties":{"assetId":"PT-substation-way-1227896406","countryCode":"PT","assetType":"substation","powerType":"substation","osmType":"way","osmId":"1227896406","actualVoltagesKv":[10,60],"actualVoltageKv":60,"gridClass":"154","displayClass":"154 kV sınıfı","name":"Subestação de Parede","ref":"1105S5413000","operator":"E-REDES","from":null,"to":null,"displayLabel":"Subestação de Parede","labelSource":"osm-name","voltageRaw":"60000;10000","circuits":null,"cables":null,"frequency":null,"location":null,"sourceProvider":"OpenStreetMap Overpass API","sourceFallback":"ArcGIS structures layer omits polygon/way substations","sourceLicense":"ODbL 1.0","osmTimestamp":"2026-02-24T12:30:21Z"},"geometry":{"type":"Point","coordinates":[-9.346499673068006,38.6872154]}},{"type":"Feature","properties":{"assetId":"PT-substation-way-1227913417","countryCode":"PT","assetType":"substation","powerType":"substation","osmType":"way","osmId":"1227913417","actualVoltagesKv":[10,60],"actualVoltageKv":60,"gridClass":"154","displayClass":"154 kV sınıfı","name":"Subestação de São Ciro","ref":"1106S5045000","operator":"E-REDES","from":null,"to":null,"displayLabel":"Subestação de São Ciro","labelSource":"osm-name","voltageRaw":"60000;10000","circuits":null,"cables":null,"frequency":null,"location":null,"sourceProvider":"OpenStreetMap Overpass API","sourceFallback":"ArcGIS structures layer omits polygon/way substations","sourceLicense":"ODbL 1.0","osmTimestamp":"2026-02-24T12:30:21Z"},"geometry":{"type":"Point","coordinates":[-9.161776178163217,38.71228985]}},{"type":"Feature","properties":{"assetId":"PT-substation-way-1227915248","countryCode":"PT","assetType":"substation","powerType":"substation","osmType":"way","osmId":"1227915248","actualVoltagesKv":[15,60],"actualVoltageKv":60,"gridClass":"154","displayClass":"154 kV sınıfı","name":"Subestação de Sátão","ref":"1817S5010700","operator":"E-REDES","from":null,"to":null,"displayLabel":"Subestação de Sátão","labelSource":"osm-name","voltageRaw":"60000;15000","circuits":null,"cables":null,"frequency":null,"location":null,"sourceProvider":"OpenStreetMap Overpass API","sourceFallback":"ArcGIS structures layer omits polygon/way substations","sourceLicense":"ODbL 1.0","osmTimestamp":"2026-02-24T12:30:21Z"},"geometry":{"type":"Point","coordinates":[-7.731413519882134,40.73078735]}},{"type":"Feature","properties":{"assetId":"PT-substation-way-1228035614","countryCode":"PT","assetType":"substation","powerType":"substation","osmType":"way","osmId":"1228035614","actualVoltagesKv":[15,60],"actualVoltageKv":60,"gridClass":"154","displayClass":"154 kV sınıfı","name":"Subestação de Tondela","ref":"1821S5009100","operator":"E-REDES","from":null,"to":null,"displayLabel":"Subestação de Tondela","labelSource":"osm-name","voltageRaw":"60000;15000","circuits":null,"cables":null,"frequency":null,"location":null,"sourceProvider":"OpenStreetMap Overpass API","sourceFallback":"ArcGIS structures layer omits polygon/way substations","sourceLicense":"ODbL 1.0","osmTimestamp":"2026-02-24T12:30:21Z"},"geometry":{"type":"Point","coordinates":[-8.083929672323176,40.52555165]}},{"type":"Feature","properties":{"assetId":"PT-substation-way-1228179531","countryCode":"PT","assetType":"substation","powerType":"substation","osmType":"way","osmId":"1228179531","actualVoltagesKv":[30,60],"actualVoltageKv":60,"gridClass":"154","displayClass":"154 kV sınıfı","name":"Subestação de Mogadouro","ref":"0408S5010300","operator":"E-REDES","from":null,"to":null,"displayLabel":"Subestação de Mogadouro","labelSource":"osm-name","voltageRaw":"60000;30000","circuits":null,"cables":null,"frequency":"50","location":"outdoor","sourceProvider":"OpenStreetMap Overpass API","sourceFallback":"ArcGIS structures layer omits polygon/way substations","sourceLicense":"ODbL 1.0","osmTimestamp":"2026-02-24T12:30:21Z"},"geometry":{"type":"Point","coordinates":[-6.570514678031969,41.33892455]}},{"type":"Feature","properties":{"assetId":"PT-substation-way-1228190772","countryCode":"PT","assetType":"substation","powerType":"substation","osmType":"way","osmId":"1228190772","actualVoltagesKv":[60,220],"actualVoltageKv":220,"gridClass":"154","displayClass":"154 kV sınıfı","name":"Subestação de Pombal","ref":"SPB","operator":"REN","from":null,"to":null,"displayLabel":"Subestação de Pombal","labelSource":"osm-name","voltageRaw":"220000;60000","circuits":null,"cables":null,"frequency":null,"location":"outdoor","sourceProvider":"OpenStreetMap Overpass API","sourceFallback":"ArcGIS structures layer omits polygon/way substations","sourceLicense":"ODbL 1.0","osmTimestamp":"2024-02-29T21:58:43Z"},"geometry":{"type":"Point","coordinates":[-8.634888038612523,39.9194598]}},{"type":"Feature","properties":{"assetId":"PT-substation-way-1228197156","countryCode":"PT","assetType":"substation","powerType":"substation","osmType":"way","osmId":"1228197156","actualVoltagesKv":[15,60],"actualVoltageKv":60,"gridClass":"154","displayClass":"154 kV sınıfı","name":"Subestação de Tunes","ref":"0813S5062400","operator":"E-REDES","from":null,"to":null,"displayLabel":"Subestação de Tunes","labelSource":"osm-name","voltageRaw":"60000;15000","circuits":null,"cables":null,"frequency":"50","location":"outdoor","sourceProvider":"OpenStreetMap Overpass API","sourceFallback":"ArcGIS structures layer omits polygon/way substations","sourceLicense":"ODbL 1.0","osmTimestamp":"2026-02-24T12:30:21Z"},"geometry":{"type":"Point","coordinates":[-8.262810026345825,37.16451135]}},{"type":"Feature","properties":{"assetId":"PT-substation-way-1228547593","countryCode":"PT","assetType":"substation","powerType":"substation","osmType":"way","osmId":"1228547593","actualVoltagesKv":[25,220],"actualVoltageKv":220,"gridClass":"154","displayClass":"154 kV sınıfı","name":"Subestação de Tração de Irivo","ref":null,"operator":"Infraestruturas de Portugal","from":null,"to":null,"displayLabel":"Subestação de Tração de Irivo","labelSource":"osm-name","voltageRaw":"220000;25000","circuits":null,"cables":null,"frequency":"50","location":"outdoor","sourceProvider":"OpenStreetMap Overpass API","sourceFallback":"ArcGIS structures layer omits polygon/way substations","sourceLicense":"ODbL 1.0","osmTimestamp":"2026-04-30T15:14:16Z"},"geometry":{"type":"Point","coordinates":[-8.3381808,41.1896901]}},{"type":"Feature","properties":{"assetId":"PT-substation-way-1228550798","countryCode":"PT","assetType":"substation","powerType":"substation","osmType":"way","osmId":"1228550798","actualVoltagesKv":[150],"actualVoltageKv":150,"gridClass":"154","displayClass":"154 kV sınıfı","name":"Posto de Corte do Monte da Pedra","ref":"PCMP","operator":"REN","from":null,"to":null,"displayLabel":"Posto de Corte do Monte da Pedra","labelSource":"osm-name","voltageRaw":"150000","circuits":null,"cables":null,"frequency":"50","location":"outdoor","sourceProvider":"OpenStreetMap Overpass API","sourceFallback":"ArcGIS structures layer omits polygon/way substations","sourceLicense":"ODbL 1.0","osmTimestamp":"2024-02-29T21:19:07Z"},"geometry":{"type":"Point","coordinates":[-8.598701016912285,38.41939485]}},{"type":"Feature","properties":{"assetId":"PT-substation-way-1228551272","countryCode":"PT","assetType":"substation","powerType":"substation","osmType":"way","osmId":"1228551272","actualVoltagesKv":[150],"actualVoltageKv":150,"gridClass":"154","displayClass":"154 kV sınıfı","name":"Posto de Corte de Ermidas-Sado","ref":"PCES","operator":"REN","from":null,"to":null,"displayLabel":"Posto de Corte de Ermidas-Sado","labelSource":"osm-name","voltageRaw":"150000","circuits":null,"cables":null,"frequency":"50","location":"outdoor","sourceProvider":"OpenStreetMap Overpass API","sourceFallback":"ArcGIS structures layer omits polygon/way substations","sourceLicense":"ODbL 1.0","osmTimestamp":"2025-09-24T15:40:31Z"},"geometry":{"type":"Point","coordinates":[-8.412887348149447,38.017021799999995]}},{"type":"Feature","properties":{"assetId":"PT-substation-way-1228737538","countryCode":"PT","assetType":"substation","powerType":"substation","osmType":"way","osmId":"1228737538","actualVoltagesKv":[60],"actualVoltageKv":60,"gridClass":"154","displayClass":"154 kV sınıfı","name":"Posto de Corte de Campanhó","ref":null,"operator":"E-REDES","from":null,"to":null,"displayLabel":"Posto de Corte de Campanhó","labelSource":"osm-name","voltageRaw":"60000","circuits":null,"cables":null,"frequency":null,"location":null,"sourceProvider":"OpenStreetMap Overpass API","sourceFallback":"ArcGIS structures layer omits polygon/way substations","sourceLicense":"ODbL 1.0","osmTimestamp":"2026-02-24T12:30:21Z"},"geometry":{"type":"Point","coordinates":[-7.914641241361002,41.315652099999994]}},{"type":"Feature","properties":{"assetId":"PT-substation-way-1228903931","countryCode":"PT","assetType":"substation","powerType":"substation","osmType":"way","osmId":"1228903931","actualVoltagesKv":[60],"actualVoltageKv":60,"gridClass":"154","displayClass":"154 kV sınıfı","name":"Subestação Lameirinho Têxtil","ref":null,"operator":null,"from":null,"to":null,"displayLabel":"Subestação Lameirinho Têxtil","labelSource":"osm-name","voltageRaw":"60000","circuits":null,"cables":null,"frequency":null,"location":null,"sourceProvider":"OpenStreetMap Overpass API","sourceFallback":"ArcGIS structures layer omits polygon/way substations","sourceLicense":"ODbL 1.0","osmTimestamp":"2026-04-13T16:26:20Z"},"geometry":{"type":"Point","coordinates":[-8.360999199999998,41.420984399999995]}},{"type":"Feature","properties":{"assetId":"PT-substation-way-1229077852","countryCode":"PT","assetType":"substation","powerType":"substation","osmType":"way","osmId":"1229077852","actualVoltagesKv":[60],"actualVoltageKv":60,"gridClass":"154","displayClass":"154 kV sınıfı","name":"Subestação do Parque Eólico de Alto Cabeço","ref":null,"operator":null,"from":null,"to":null,"displayLabel":"Subestação do Parque Eólico de Alto Cabeço","labelSource":"osm-name","voltageRaw":"60000","circuits":null,"cables":null,"frequency":null,"location":null,"sourceProvider":"OpenStreetMap Overpass API","sourceFallback":"ArcGIS structures layer omits polygon/way substations","sourceLicense":"ODbL 1.0","osmTimestamp":"2023-12-06T15:28:53Z"},"geometry":{"type":"Point","coordinates":[-7.84235825,41.8717996]}},{"type":"Feature","properties":{"assetId":"PT-substation-way-1229077854","countryCode":"PT","assetType":"substation","powerType":"substation","osmType":"way","osmId":"1229077854","actualVoltagesKv":[60],"actualVoltageKv":60,"gridClass":"154","displayClass":"154 kV sınıfı","name":"Subestação Carreço II","ref":null,"operator":null,"from":null,"to":null,"displayLabel":"Subestação Carreço II","labelSource":"osm-name","voltageRaw":"60000","circuits":null,"cables":null,"frequency":"50","location":"outdoor","sourceProvider":"OpenStreetMap Overpass API","sourceFallback":"ArcGIS structures layer omits polygon/way substations","sourceLicense":"ODbL 1.0","osmTimestamp":"2023-12-06T15:28:53Z"},"geometry":{"type":"Point","coordinates":[-8.816295195004011,41.755665300000004]}},{"type":"Feature","properties":{"assetId":"PT-substation-way-1229456991","countryCode":"PT","assetType":"substation","powerType":"substation","osmType":"way","osmId":"1229456991","actualVoltagesKv":[60],"actualVoltageKv":60,"gridClass":"154","displayClass":"154 kV sınıfı","name":"Posto de Corte de Cortegaça","ref":null,"operator":null,"from":null,"to":null,"displayLabel":"Posto de Corte de Cortegaça","labelSource":"osm-name","voltageRaw":"60000","circuits":null,"cables":null,"frequency":null,"location":null,"sourceProvider":"OpenStreetMap Overpass API","sourceFallback":"ArcGIS structures layer omits polygon/way substations","sourceLicense":"ODbL 1.0","osmTimestamp":"2025-09-26T17:47:40Z"},"geometry":{"type":"Point","coordinates":[-8.622145231279223,40.9360918]}},{"type":"Feature","properties":{"assetId":"PT-substation-way-1229508513","countryCode":"PT","assetType":"substation","powerType":"substation","osmType":"way","osmId":"1229508513","actualVoltagesKv":[60],"actualVoltageKv":60,"gridClass":"154","displayClass":"154 kV sınıfı","name":"Subestação Polivouga","ref":null,"operator":null,"from":null,"to":null,"displayLabel":"Subestação Polivouga","labelSource":"osm-name","voltageRaw":"60000","circuits":null,"cables":null,"frequency":null,"location":"outdoor","sourceProvider":"OpenStreetMap Overpass API","sourceFallback":"ArcGIS structures layer omits polygon/way substations","sourceLicense":"ODbL 1.0","osmTimestamp":"2025-04-10T22:36:39Z"},"geometry":{"type":"Point","coordinates":[-8.49033815,40.7115394]}},{"type":"Feature","properties":{"assetId":"PT-substation-way-1229510164","countryCode":"PT","assetType":"substation","powerType":"substation","osmType":"way","osmId":"1229510164","actualVoltagesKv":[60],"actualVoltageKv":60,"gridClass":"154","displayClass":"154 kV sınıfı","name":"Subestação Dow Portugal","ref":null,"operator":null,"from":null,"to":null,"displayLabel":"Subestação Dow Portugal","labelSource":"osm-name","voltageRaw":"60000","circuits":null,"cables":null,"frequency":null,"location":null,"sourceProvider":"OpenStreetMap Overpass API","sourceFallback":"ArcGIS structures layer omits polygon/way substations","sourceLicense":"ODbL 1.0","osmTimestamp":"2023-12-07T18:44:25Z"},"geometry":{"type":"Point","coordinates":[-8.580661249999999,40.779590799999994]}},{"type":"Feature","properties":{"assetId":"PT-substation-way-1229510770","countryCode":"PT","assetType":"substation","powerType":"substation","osmType":"way","osmId":"1229510770","actualVoltagesKv":[60],"actualVoltageKv":60,"gridClass":"154","displayClass":"154 kV sınıfı","name":"Subestação Enerpulp","ref":null,"operator":null,"from":null,"to":null,"displayLabel":"Subestação Enerpulp","labelSource":"osm-name","voltageRaw":"60000","circuits":null,"cables":null,"frequency":null,"location":"outdoor","sourceProvider":"OpenStreetMap Overpass API","sourceFallback":"ArcGIS structures layer omits polygon/way substations","sourceLicense":"ODbL 1.0","osmTimestamp":"2025-06-15T20:39:00Z"},"geometry":{"type":"Point","coordinates":[-8.589349638761469,40.6858498]}},{"type":"Feature","properties":{"assetId":"PT-substation-way-1229674456","countryCode":"PT","assetType":"substation","powerType":"substation","osmType":"way","osmId":"1229674456","actualVoltagesKv":[60],"actualVoltageKv":60,"gridClass":"154","displayClass":"154 kV sınıfı","name":"Subestação Lactogal","ref":null,"operator":"Lactogal","from":null,"to":null,"displayLabel":"Subestação Lactogal","labelSource":"osm-name","voltageRaw":"60000","circuits":null,"cables":null,"frequency":null,"location":null,"sourceProvider":"OpenStreetMap Overpass API","sourceFallback":"ArcGIS structures layer omits polygon/way substations","sourceLicense":"ODbL 1.0","osmTimestamp":"2023-12-08T13:21:35Z"},"geometry":{"type":"Point","coordinates":[-8.48605062565039,40.83891145]}},{"type":"Feature","properties":{"assetId":"PT-substation-way-1229716603","countryCode":"PT","assetType":"substation","powerType":"substation","osmType":"way","osmId":"1229716603","actualVoltagesKv":[60],"actualVoltageKv":60,"gridClass":"154","displayClass":"154 kV sınıfı","name":"Posto de Corte de Cantanhede","ref":null,"operator":"E-REDES","from":null,"to":null,"displayLabel":"Posto de Corte de Cantanhede","labelSource":"osm-name","voltageRaw":"60000","circuits":null,"cables":null,"frequency":null,"location":null,"sourceProvider":"OpenStreetMap Overpass API","sourceFallback":"ArcGIS structures layer omits polygon/way substations","sourceLicense":"ODbL 1.0","osmTimestamp":"2026-04-23T09:38:33Z"},"geometry":{"type":"Point","coordinates":[-8.616654300799139,40.3606822]}},{"type":"Feature","properties":{"assetId":"PT-substation-way-1229730415","countryCode":"PT","assetType":"substation","powerType":"substation","osmType":"way","osmId":"1229730415","actualVoltagesKv":[60],"actualVoltageKv":60,"gridClass":"154","displayClass":"154 kV sınıfı","name":"Subestação da Central Hidroelétrica de Pinhel","ref":null,"operator":null,"from":null,"to":null,"displayLabel":"Subestação da Central Hidroelétrica de Pinhel","labelSource":"osm-name","voltageRaw":"60000","circuits":null,"cables":null,"frequency":null,"location":"outdoor","sourceProvider":"OpenStreetMap Overpass API","sourceFallback":"ArcGIS structures layer omits polygon/way substations","sourceLicense":"ODbL 1.0","osmTimestamp":"2026-04-14T21:30:15Z"},"geometry":{"type":"Point","coordinates":[-7.082836466608084,40.8242403]}},{"type":"Feature","properties":{"assetId":"PT-substation-way-1229788829","countryCode":"PT","assetType":"substation","powerType":"substation","osmType":"way","osmId":"1229788829","actualVoltagesKv":[15,60,130],"actualVoltageKv":130,"gridClass":"154","displayClass":"154 kV sınıfı","name":"Subestação do Lindoso","ref":"1606S6011800","operator":"E-REDES","from":null,"to":null,"displayLabel":"Subestação do Lindoso","labelSource":"osm-name","voltageRaw":"130000;60000;15000","circuits":null,"cables":null,"frequency":null,"location":"outdoor","sourceProvider":"OpenStreetMap Overpass API","sourceFallback":"ArcGIS structures layer omits polygon/way substations","sourceLicense":"ODbL 1.0","osmTimestamp":"2026-02-24T12:30:21Z"},"geometry":{"type":"Point","coordinates":[-8.270193483248919,41.85918145]}},{"type":"Feature","properties":{"assetId":"PT-substation-way-1229804555","countryCode":"PT","assetType":"substation","powerType":"substation","osmType":"way","osmId":"1229804555","actualVoltagesKv":[60],"actualVoltageKv":60,"gridClass":"154","displayClass":"154 kV sınıfı","name":"Subestação do Parque Eólico de Testos","ref":null,"operator":null,"from":null,"to":null,"displayLabel":"Subestação do Parque Eólico de Testos","labelSource":"osm-name","voltageRaw":"60000","circuits":null,"cables":null,"frequency":null,"location":"outdoor","sourceProvider":"OpenStreetMap Overpass API","sourceFallback":"ArcGIS structures layer omits polygon/way substations","sourceLicense":"ODbL 1.0","osmTimestamp":"2026-04-13T16:56:11Z"},"geometry":{"type":"Point","coordinates":[-7.850497509303809,40.993422800000005]}},{"type":"Feature","properties":{"assetId":"PT-substation-way-1229890806","countryCode":"PT","assetType":"substation","powerType":"substation","osmType":"way","osmId":"1229890806","actualVoltagesKv":[60],"actualVoltageKv":60,"gridClass":"154","displayClass":"154 kV sınıfı","name":"Subestação da Sociedade de Produção de Electricidade e Calor","ref":null,"operator":"Sociedade de Produção de Electricidade e Calor","from":null,"to":null,"displayLabel":"Subestação da Sociedade de Produção de Electricidade e Calor","labelSource":"osm-name","voltageRaw":"60000","circuits":null,"cables":null,"frequency":null,"location":"outdoor","sourceProvider":"OpenStreetMap Overpass API","sourceFallback":"ArcGIS structures layer omits polygon/way substations","sourceLicense":"ODbL 1.0","osmTimestamp":"2026-04-13T15:29:12Z"},"geometry":{"type":"Point","coordinates":[-8.46303172345786,41.443248350000005]}},{"type":"Feature","properties":{"assetId":"PT-substation-way-1230101445","countryCode":"PT","assetType":"substation","powerType":"substation","osmType":"way","osmId":"1230101445","actualVoltagesKv":[15,60],"actualVoltageKv":60,"gridClass":"154","displayClass":"154 kV sınıfı","name":"Subestação de Arganil","ref":"0601S5025900","operator":"E-REDES","from":null,"to":null,"displayLabel":"Subestação de Arganil","labelSource":"osm-name","voltageRaw":"60000;15000","circuits":null,"cables":null,"frequency":null,"location":"outdoor","sourceProvider":"OpenStreetMap Overpass API","sourceFallback":"ArcGIS structures layer omits polygon/way substations","sourceLicense":"ODbL 1.0","osmTimestamp":"2026-04-06T13:19:30Z"},"geometry":{"type":"Point","coordinates":[-8.068940341708881,40.2608945]}},{"type":"Feature","properties":{"assetId":"PT-substation-way-1230133582","countryCode":"PT","assetType":"substation","powerType":"substation","osmType":"way","osmId":"1230133582","actualVoltagesKv":[60],"actualVoltageKv":60,"gridClass":"154","displayClass":"154 kV sınıfı","name":"Subestação do Parque Eólico do Mosteiro","ref":null,"operator":"EDP Renováveis","from":null,"to":null,"displayLabel":"Subestação do Parque Eólico do Mosteiro","labelSource":"osm-name","voltageRaw":"60000","circuits":null,"cables":null,"frequency":null,"location":"outdoor","sourceProvider":"OpenStreetMap Overpass API","sourceFallback":"ArcGIS structures layer omits polygon/way substations","sourceLicense":"ODbL 1.0","osmTimestamp":"2026-04-14T21:44:25Z"},"geometry":{"type":"Point","coordinates":[-7.147256260505662,40.3091244]}},{"type":"Feature","properties":{"assetId":"PT-substation-way-1230137513","countryCode":"PT","assetType":"substation","powerType":"substation","osmType":"way","osmId":"1230137513","actualVoltagesKv":[60],"actualVoltageKv":60,"gridClass":"154","displayClass":"154 kV sınıfı","name":"Subestação Seva","ref":null,"operator":null,"from":null,"to":null,"displayLabel":"Subestação Seva","labelSource":"osm-name","voltageRaw":"60000","circuits":null,"cables":null,"frequency":null,"location":"outdoor","sourceProvider":"OpenStreetMap Overpass API","sourceFallback":"ArcGIS structures layer omits polygon/way substations","sourceLicense":"ODbL 1.0","osmTimestamp":"2026-04-13T15:42:34Z"},"geometry":{"type":"Point","coordinates":[-8.372108749007877,41.44673575]}},{"type":"Feature","properties":{"assetId":"PT-substation-way-1230178784","countryCode":"PT","assetType":"substation","powerType":"substation","osmType":"way","osmId":"1230178784","actualVoltagesKv":[60],"actualVoltageKv":60,"gridClass":"154","displayClass":"154 kV sınıfı","name":"Subestação Casca","ref":null,"operator":"Sonae Arauco","from":null,"to":null,"displayLabel":"Subestação Casca","labelSource":"osm-name","voltageRaw":"60000","circuits":null,"cables":null,"frequency":null,"location":null,"sourceProvider":"OpenStreetMap Overpass API","sourceFallback":"ArcGIS structures layer omits polygon/way substations","sourceLicense":"ODbL 1.0","osmTimestamp":"2026-04-22T18:39:17Z"},"geometry":{"type":"Point","coordinates":[-7.833121164843604,40.3504096]}},{"type":"Feature","properties":{"assetId":"PT-substation-way-1230220443","countryCode":"PT","assetType":"substation","powerType":"substation","osmType":"way","osmId":"1230220443","actualVoltagesKv":[60],"actualVoltageKv":60,"gridClass":"154","displayClass":"154 kV sınıfı","name":"Subestação Pavigrés","ref":null,"operator":null,"from":null,"to":null,"displayLabel":"Subestação Pavigrés","labelSource":"osm-name","voltageRaw":"60000","circuits":null,"cables":null,"frequency":null,"location":"outdoor","sourceProvider":"OpenStreetMap Overpass API","sourceFallback":"ArcGIS structures layer omits polygon/way substations","sourceLicense":"ODbL 1.0","osmTimestamp":"2026-04-15T10:35:25Z"},"geometry":{"type":"Point","coordinates":[-8.43640095,40.41934085]}},{"type":"Feature","properties":{"assetId":"PT-substation-way-1230220446","countryCode":"PT","assetType":"substation","powerType":"substation","osmType":"way","osmId":"1230220446","actualVoltagesKv":[60],"actualVoltageKv":60,"gridClass":"154","displayClass":"154 kV sınıfı","name":"Subestação Fabricela","ref":null,"operator":null,"from":null,"to":null,"displayLabel":"Subestação Fabricela","labelSource":"osm-name","voltageRaw":"60000","circuits":null,"cables":null,"frequency":null,"location":"outdoor","sourceProvider":"OpenStreetMap Overpass API","sourceFallback":"ArcGIS structures layer omits polygon/way substations","sourceLicense":"ODbL 1.0","osmTimestamp":"2026-04-15T10:43:09Z"},"geometry":{"type":"Point","coordinates":[-8.505026769260581,40.2649249]}},{"type":"Feature","properties":{"assetId":"PT-substation-way-1230435907","countryCode":"PT","assetType":"substation","powerType":"substation","osmType":"way","osmId":"1230435907","actualVoltagesKv":[60],"actualVoltageKv":60,"gridClass":"154","displayClass":"154 kV sınıfı","name":"Subestação Valbopan","ref":null,"operator":null,"from":null,"to":null,"displayLabel":"Subestação Valbopan","labelSource":"osm-name","voltageRaw":"60000","circuits":null,"cables":null,"frequency":null,"location":"outdoor","sourceProvider":"OpenStreetMap Overpass API","sourceFallback":"ArcGIS structures layer omits polygon/way substations","sourceLicense":"ODbL 1.0","osmTimestamp":"2026-02-19T15:37:17Z"},"geometry":{"type":"Point","coordinates":[-9.0702949,39.5419409]}},{"type":"Feature","properties":{"assetId":"PT-substation-way-1231362094","countryCode":"PT","assetType":"substation","powerType":"substation","osmType":"way","osmId":"1231362094","actualVoltagesKv":[60],"actualVoltageKv":60,"gridClass":"154","displayClass":"154 kV sınıfı","name":"Posto de Seccionamento de Trajouce","ref":null,"operator":"E-REDES","from":null,"to":null,"displayLabel":"Posto de Seccionamento de Trajouce","labelSource":"osm-name","voltageRaw":"60000","circuits":null,"cables":null,"frequency":null,"location":null,"sourceProvider":"OpenStreetMap Overpass API","sourceFallback":"ArcGIS structures layer omits polygon/way substations","sourceLicense":"ODbL 1.0","osmTimestamp":"2026-02-24T12:30:21Z"},"geometry":{"type":"Point","coordinates":[-9.330936649999998,38.74639885]}},{"type":"Feature","properties":{"assetId":"PT-substation-way-1231400158","countryCode":"PT","assetType":"substation","powerType":"substation","osmType":"way","osmId":"1231400158","actualVoltagesKv":[10,30,60],"actualVoltageKv":60,"gridClass":"154","displayClass":"154 kV sınıfı","name":"Subestação de Moscavide","ref":"1107S5097500","operator":"E-REDES","from":null,"to":null,"displayLabel":"Subestação de Moscavide","labelSource":"osm-name","voltageRaw":"60000;30000;10000","circuits":null,"cables":null,"frequency":null,"location":null,"sourceProvider":"OpenStreetMap Overpass API","sourceFallback":"ArcGIS structures layer omits polygon/way substations","sourceLicense":"ODbL 1.0","osmTimestamp":"2026-02-24T12:30:21Z"},"geometry":{"type":"Point","coordinates":[-9.104801238118874,38.7841879]}},{"type":"Feature","properties":{"assetId":"PT-substation-way-1231400160","countryCode":"PT","assetType":"substation","powerType":"substation","osmType":"way","osmId":"1231400160","actualVoltagesKv":[60],"actualVoltageKv":60,"gridClass":"154","displayClass":"154 kV sınıfı","name":"Posto de Seccionamento de Moscavide","ref":null,"operator":"E-REDES","from":null,"to":null,"displayLabel":"Posto de Seccionamento de Moscavide","labelSource":"osm-name","voltageRaw":"60000","circuits":null,"cables":null,"frequency":null,"location":null,"sourceProvider":"OpenStreetMap Overpass API","sourceFallback":"ArcGIS structures layer omits polygon/way substations","sourceLicense":"ODbL 1.0","osmTimestamp":"2026-02-24T12:30:21Z"},"geometry":{"type":"Point","coordinates":[-9.105158331206354,38.78424545]}},{"type":"Feature","properties":{"assetId":"PT-substation-way-1231659708","countryCode":"PT","assetType":"substation","powerType":"substation","osmType":"way","osmId":"1231659708","actualVoltagesKv":[60],"actualVoltageKv":60,"gridClass":"154","displayClass":"154 kV sınıfı","name":"Posto de Corte da Estação Elevatória dos Álamos","ref":null,"operator":"E-REDES","from":null,"to":null,"displayLabel":"Posto de Corte da Estação Elevatória dos Álamos","labelSource":"osm-name","voltageRaw":"60000","circuits":null,"cables":null,"frequency":null,"location":null,"sourceProvider":"OpenStreetMap Overpass API","sourceFallback":"ArcGIS structures layer omits polygon/way substations","sourceLicense":"ODbL 1.0","osmTimestamp":"2026-04-13T19:10:09Z"},"geometry":{"type":"Point","coordinates":[-7.573973558624457,38.3352803]}},{"type":"Feature","properties":{"assetId":"PT-substation-way-1232033628","countryCode":"PT","assetType":"substation","powerType":"substation","osmType":"way","osmId":"1232033628","actualVoltagesKv":[60],"actualVoltageKv":60,"gridClass":"154","displayClass":"154 kV sınıfı","name":null,"ref":null,"operator":"E-REDES","from":null,"to":null,"displayLabel":"E-REDES · 60 kV · OSM 1232033628","labelSource":"generated-identifier","voltageRaw":"60000","circuits":null,"cables":null,"frequency":null,"location":null,"sourceProvider":"OpenStreetMap Overpass API","sourceFallback":"ArcGIS structures layer omits polygon/way substations","sourceLicense":"ODbL 1.0","osmTimestamp":"2026-06-09T19:42:17Z"},"geometry":{"type":"Point","coordinates":[-8.70837862829587,37.1607153]}},{"type":"Feature","properties":{"assetId":"PT-substation-way-1232208142","countryCode":"PT","assetType":"substation","powerType":"substation","osmType":"way","osmId":"1232208142","actualVoltagesKv":[30,60],"actualVoltageKv":60,"gridClass":"154","displayClass":"154 kV sınıfı","name":"Subestação Repsol","ref":null,"operator":"Repsol","from":null,"to":null,"displayLabel":"Subestação Repsol","labelSource":"osm-name","voltageRaw":"60000;30000","circuits":null,"cables":null,"frequency":null,"location":null,"sourceProvider":"OpenStreetMap Overpass API","sourceFallback":"ArcGIS structures layer omits polygon/way substations","sourceLicense":"ODbL 1.0","osmTimestamp":"2025-10-03T11:33:30Z"},"geometry":{"type":"Point","coordinates":[-8.826529249852976,37.98380635]}},{"type":"Feature","properties":{"assetId":"PT-substation-way-1232540486","countryCode":"PT","assetType":"substation","powerType":"substation","osmType":"way","osmId":"1232540486","actualVoltagesKv":[60],"actualVoltageKv":60,"gridClass":"154","displayClass":"154 kV sınıfı","name":"Posto de Corte de Carriche","ref":null,"operator":"E-REDES","from":null,"to":null,"displayLabel":"Posto de Corte de Carriche","labelSource":"osm-name","voltageRaw":"60000","circuits":null,"cables":null,"frequency":"50","location":"outdoor","sourceProvider":"OpenStreetMap Overpass API","sourceFallback":"ArcGIS structures layer omits polygon/way substations","sourceLicense":"ODbL 1.0","osmTimestamp":"2026-02-24T12:30:21Z"},"geometry":{"type":"Point","coordinates":[-9.165924072780884,38.7801175]}},{"type":"Feature","properties":{"assetId":"PT-substation-way-1233085749","countryCode":"PT","assetType":"substation","powerType":"substation","osmType":"way","osmId":"1233085749","actualVoltagesKv":[60],"actualVoltageKv":60,"gridClass":"154","displayClass":"154 kV sınıfı","name":"Subestação da Central Hidroelétrica de Pracana","ref":null,"operator":"Energias de Portugal","from":null,"to":null,"displayLabel":"Subestação da Central Hidroelétrica de Pracana","labelSource":"osm-name","voltageRaw":"60000","circuits":null,"cables":null,"frequency":null,"location":null,"sourceProvider":"OpenStreetMap Overpass API","sourceFallback":"ArcGIS structures layer omits polygon/way substations","sourceLicense":"ODbL 1.0","osmTimestamp":"2025-09-30T15:10:46Z"},"geometry":{"type":"Point","coordinates":[-7.81282061624384,39.56509525]}},{"type":"Feature","properties":{"assetId":"PT-substation-way-1233085750","countryCode":"PT","assetType":"substation","powerType":"substation","osmType":"way","osmId":"1233085750","actualVoltagesKv":[30,60],"actualVoltageKv":60,"gridClass":"154","displayClass":"154 kV sınıfı","name":"Subestação do Aproveitamento Hidroelétrico da Ermida","ref":null,"operator":null,"from":null,"to":null,"displayLabel":"Subestação do Aproveitamento Hidroelétrico da Ermida","labelSource":"osm-name","voltageRaw":"60000;30000","circuits":null,"cables":null,"frequency":null,"location":null,"sourceProvider":"OpenStreetMap Overpass API","sourceFallback":"ArcGIS structures layer omits polygon/way substations","sourceLicense":"ODbL 1.0","osmTimestamp":"2023-12-21T21:28:24Z"},"geometry":{"type":"Point","coordinates":[-7.962900750000005,40.92044195]}},{"type":"Feature","properties":{"assetId":"PT-substation-way-1233085751","countryCode":"PT","assetType":"substation","powerType":"substation","osmType":"way","osmId":"1233085751","actualVoltagesKv":[60],"actualVoltageKv":60,"gridClass":"154","displayClass":"154 kV sınıfı","name":"Subestação da Central Hidroelétrica do Baixo Sabor - Escalão de Jusante","ref":null,"operator":null,"from":null,"to":null,"displayLabel":"Subestação da Central Hidroelétrica do Baixo Sabor - Escalão de Jusante","labelSource":"osm-name","voltageRaw":"60000","circuits":null,"cables":null,"frequency":"50","location":null,"sourceProvider":"OpenStreetMap Overpass API","sourceFallback":"ArcGIS structures layer omits polygon/way substations","sourceLicense":"ODbL 1.0","osmTimestamp":"2025-09-25T14:24:05Z"},"geometry":{"type":"Point","coordinates":[-7.094472472608981,41.203266850000006]}},{"type":"Feature","properties":{"assetId":"PT-substation-way-1233270315","countryCode":"PT","assetType":"substation","powerType":"substation","osmType":"way","osmId":"1233270315","actualVoltagesKv":[60],"actualVoltageKv":60,"gridClass":"154","displayClass":"154 kV sınıfı","name":"Subestação de Bagaúste","ref":null,"operator":"E-REDES","from":null,"to":null,"displayLabel":"Subestação de Bagaúste","labelSource":"osm-name","voltageRaw":"60000","circuits":null,"cables":null,"frequency":null,"location":null,"sourceProvider":"OpenStreetMap Overpass API","sourceFallback":"ArcGIS structures layer omits polygon/way substations","sourceLicense":"ODbL 1.0","osmTimestamp":"2026-02-24T12:30:21Z"},"geometry":{"type":"Point","coordinates":[-7.73505125470396,41.1485474]}},{"type":"Feature","properties":{"assetId":"PT-substation-way-1233276010","countryCode":"PT","assetType":"substation","powerType":"substation","osmType":"way","osmId":"1233276010","actualVoltagesKv":[15,60],"actualVoltageKv":60,"gridClass":"154","displayClass":"154 kV sınıfı","name":"Subestação de Lanheses","ref":null,"operator":"E-REDES","from":null,"to":null,"displayLabel":"Subestação de Lanheses","labelSource":"osm-name","voltageRaw":"60000;15000","circuits":null,"cables":null,"frequency":null,"location":"outdoor","sourceProvider":"OpenStreetMap Overpass API","sourceFallback":"ArcGIS structures layer omits polygon/way substations","sourceLicense":"ODbL 1.0","osmTimestamp":"2026-02-24T12:30:21Z"},"geometry":{"type":"Point","coordinates":[-8.685715124251601,41.7508609]}},{"type":"Feature","properties":{"assetId":"PT-substation-way-1233326209","countryCode":"PT","assetType":"substation","powerType":"substation","osmType":"way","osmId":"1233326209","actualVoltagesKv":[60],"actualVoltageKv":60,"gridClass":"154","displayClass":"154 kV sınıfı","name":"Subestação BTW","ref":null,"operator":null,"from":null,"to":null,"displayLabel":"Subestação BTW","labelSource":"osm-name","voltageRaw":"60000","circuits":null,"cables":null,"frequency":null,"location":null,"sourceProvider":"OpenStreetMap Overpass API","sourceFallback":"ArcGIS structures layer omits polygon/way substations","sourceLicense":"ODbL 1.0","osmTimestamp":"2026-04-15T10:28:33Z"},"geometry":{"type":"Point","coordinates":[-7.708502743805396,40.13321865]}},{"type":"Feature","properties":{"assetId":"PT-substation-way-1233424886","countryCode":"PT","assetType":"substation","powerType":"substation","osmType":"way","osmId":"1233424886","actualVoltagesKv":[60],"actualVoltageKv":60,"gridClass":"154","displayClass":"154 kV sınıfı","name":"Subestação de Caima","ref":null,"operator":"Caima Energia","from":null,"to":null,"displayLabel":"Subestação de Caima","labelSource":"osm-name","voltageRaw":"60000","circuits":null,"cables":null,"frequency":null,"location":null,"sourceProvider":"OpenStreetMap Overpass API","sourceFallback":"ArcGIS structures layer omits polygon/way substations","sourceLicense":"ODbL 1.0","osmTimestamp":"2025-12-09T22:06:23Z"},"geometry":{"type":"Point","coordinates":[-8.332997387271348,39.4707613]}},{"type":"Feature","properties":{"assetId":"PT-substation-way-1233424888","countryCode":"PT","assetType":"substation","powerType":"substation","osmType":"way","osmId":"1233424888","actualVoltagesKv":[60],"actualVoltageKv":60,"gridClass":"154","displayClass":"154 kV sınıfı","name":"Subestação Vidreira do Mondego","ref":null,"operator":null,"from":null,"to":null,"displayLabel":"Subestação Vidreira do Mondego","labelSource":"osm-name","voltageRaw":"60000","circuits":null,"cables":null,"frequency":null,"location":null,"sourceProvider":"OpenStreetMap Overpass API","sourceFallback":"ArcGIS structures layer omits polygon/way substations","sourceLicense":"ODbL 1.0","osmTimestamp":"2026-04-22T18:47:04Z"},"geometry":{"type":"Point","coordinates":[-8.814572694351675,40.145437650000005]}},{"type":"Feature","properties":{"assetId":"PT-substation-way-1233424893","countryCode":"PT","assetType":"substation","powerType":"substation","osmType":"way","osmId":"1233424893","actualVoltagesKv":[60],"actualVoltageKv":60,"gridClass":"154","displayClass":"154 kV sınıfı","name":"Subestação Eurocast","ref":null,"operator":null,"from":null,"to":null,"displayLabel":"Subestação Eurocast","labelSource":"osm-name","voltageRaw":"60000","circuits":null,"cables":null,"frequency":null,"location":null,"sourceProvider":"OpenStreetMap Overpass API","sourceFallback":"ArcGIS structures layer omits polygon/way substations","sourceLicense":"ODbL 1.0","osmTimestamp":"2023-12-23T15:34:03Z"},"geometry":{"type":"Point","coordinates":[-8.591835647508379,40.782969449999996]}},{"type":"Feature","properties":{"assetId":"PT-substation-way-1233438765","countryCode":"PT","assetType":"substation","powerType":"substation","osmType":"way","osmId":"1233438765","actualVoltagesKv":[60],"actualVoltageKv":60,"gridClass":"154","displayClass":"154 kV sınıfı","name":"Subestação Solvay","ref":null,"operator":null,"from":null,"to":null,"displayLabel":"Subestação Solvay","labelSource":"osm-name","voltageRaw":"60000","circuits":null,"cables":null,"frequency":null,"location":null,"sourceProvider":"OpenStreetMap Overpass API","sourceFallback":"ArcGIS structures layer omits polygon/way substations","sourceLicense":"ODbL 1.0","osmTimestamp":"2023-12-22T23:48:24Z"},"geometry":{"type":"Point","coordinates":[-9.064729014649966,38.85536705]}},{"type":"Feature","properties":{"assetId":"PT-substation-way-1233553908","countryCode":"PT","assetType":"substation","powerType":"substation","osmType":"way","osmId":"1233553908","actualVoltagesKv":[60],"actualVoltageKv":60,"gridClass":"154","displayClass":"154 kV sınıfı","name":"Subestação Cabopol","ref":null,"operator":"Cabopol","from":null,"to":null,"displayLabel":"Subestação Cabopol","labelSource":"osm-name","voltageRaw":"60000","circuits":null,"cables":null,"frequency":null,"location":null,"sourceProvider":"OpenStreetMap Overpass API","sourceFallback":"ArcGIS structures layer omits polygon/way substations","sourceLicense":"ODbL 1.0","osmTimestamp":"2023-12-23T16:56:07Z"},"geometry":{"type":"Point","coordinates":[-8.853881549999997,39.6277826]}},{"type":"Feature","properties":{"assetId":"PT-substation-way-1233649660","countryCode":"PT","assetType":"substation","powerType":"substation","osmType":"way","osmId":"1233649660","actualVoltagesKv":[60],"actualVoltageKv":60,"gridClass":"154","displayClass":"154 kV sınıfı","name":"Subestação da Central Fotovoltaica da Esteveira","ref":null,"operator":null,"from":null,"to":null,"displayLabel":"Subestação da Central Fotovoltaica da Esteveira","labelSource":"osm-name","voltageRaw":"60000","circuits":null,"cables":null,"frequency":null,"location":null,"sourceProvider":"OpenStreetMap Overpass API","sourceFallback":"ArcGIS structures layer omits polygon/way substations","sourceLicense":"ODbL 1.0","osmTimestamp":"2025-06-16T18:10:36Z"},"geometry":{"type":"Point","coordinates":[-7.428611222875649,38.84927075]}},{"type":"Feature","properties":{"assetId":"PT-substation-way-1233656529","countryCode":"PT","assetType":"substation","powerType":"substation","osmType":"way","osmId":"1233656529","actualVoltagesKv":[60],"actualVoltageKv":60,"gridClass":"154","displayClass":"154 kV sınıfı","name":"Subestação da Mini-Hídrica de Bragadas","ref":null,"operator":null,"from":null,"to":null,"displayLabel":"Subestação da Mini-Hídrica de Bragadas","labelSource":"osm-name","voltageRaw":"60000","circuits":null,"cables":null,"frequency":null,"location":null,"sourceProvider":"OpenStreetMap Overpass API","sourceFallback":"ArcGIS structures layer omits polygon/way substations","sourceLicense":"ODbL 1.0","osmTimestamp":"2026-04-13T13:06:20Z"},"geometry":{"type":"Point","coordinates":[-7.786569162022017,41.54500675]}},{"type":"Feature","properties":{"assetId":"PT-substation-way-1233661720","countryCode":"PT","assetType":"substation","powerType":"substation","osmType":"way","osmId":"1233661720","actualVoltagesKv":[60],"actualVoltageKv":60,"gridClass":"154","displayClass":"154 kV sınıfı","name":"Subestação Amorim & Irmãos","ref":null,"operator":null,"from":null,"to":null,"displayLabel":"Subestação Amorim & Irmãos","labelSource":"osm-name","voltageRaw":"60000","circuits":null,"cables":null,"frequency":null,"location":null,"sourceProvider":"OpenStreetMap Overpass API","sourceFallback":"ArcGIS structures layer omits polygon/way substations","sourceLicense":"ODbL 1.0","osmTimestamp":"2023-12-23T23:42:52Z"},"geometry":{"type":"Point","coordinates":[-8.563403973849164,40.9852481]}},{"type":"Feature","properties":{"assetId":"PT-substation-way-124722161","countryCode":"PT","assetType":"substation","powerType":"substation","osmType":"way","osmId":"124722161","actualVoltagesKv":[60,220,400],"actualVoltageKv":400,"gridClass":"400","displayClass":"400 kV sınıfı","name":"Subestação de Recarei","ref":"SRR","operator":"REN","from":null,"to":null,"displayLabel":"Subestação de Recarei","labelSource":"osm-name","voltageRaw":"400000;220000;60000","circuits":null,"cables":null,"frequency":"50","location":"outdoor","sourceProvider":"OpenStreetMap Overpass API","sourceFallback":"ArcGIS structures layer omits polygon/way substations","sourceLicense":"ODbL 1.0","osmTimestamp":"2024-11-11T14:29:39Z"},"geometry":{"type":"Point","coordinates":[-8.454208120792263,41.1572877]}},{"type":"Feature","properties":{"assetId":"PT-substation-way-1251989051","countryCode":"PT","assetType":"substation","powerType":"substation","osmType":"way","osmId":"1251989051","actualVoltagesKv":[150],"actualVoltageKv":150,"gridClass":"154","displayClass":"154 kV sınıfı","name":"Subestação da Central de Cogeração de Sines","ref":null,"operator":"Galp","from":null,"to":null,"displayLabel":"Subestação da Central de Cogeração de Sines","labelSource":"osm-name","voltageRaw":"150000","circuits":null,"cables":null,"frequency":null,"location":null,"sourceProvider":"OpenStreetMap Overpass API","sourceFallback":"ArcGIS structures layer omits polygon/way substations","sourceLicense":"ODbL 1.0","osmTimestamp":"2025-08-11T22:43:04Z"},"geometry":{"type":"Point","coordinates":[-8.8058686,37.958458050000004]}},{"type":"Feature","properties":{"assetId":"PT-substation-way-1254931288","countryCode":"PT","assetType":"substation","powerType":"substation","osmType":"way","osmId":"1254931288","actualVoltagesKv":[60],"actualVoltageKv":60,"gridClass":"154","displayClass":"154 kV sınıfı","name":"Subestação do Sub-parque Eólico de Argomil","ref":null,"operator":null,"from":null,"to":null,"displayLabel":"Subestação do Sub-parque Eólico de Argomil","labelSource":"osm-name","voltageRaw":"60000","circuits":null,"cables":null,"frequency":null,"location":null,"sourceProvider":"OpenStreetMap Overpass API","sourceFallback":"ArcGIS structures layer omits polygon/way substations","sourceLicense":"ODbL 1.0","osmTimestamp":"2024-03-01T15:45:11Z"},"geometry":{"type":"Point","coordinates":[-7.185037846027042,40.6086921]}},{"type":"Feature","properties":{"assetId":"PT-substation-way-1254931305","countryCode":"PT","assetType":"substation","powerType":"substation","osmType":"way","osmId":"1254931305","actualVoltagesKv":[60],"actualVoltageKv":60,"gridClass":"154","displayClass":"154 kV sınıfı","name":null,"ref":null,"operator":null,"from":null,"to":null,"displayLabel":"60 kV · OSM 1254931305","labelSource":"generated-identifier","voltageRaw":"60000","circuits":null,"cables":null,"frequency":null,"location":null,"sourceProvider":"OpenStreetMap Overpass API","sourceFallback":"ArcGIS structures layer omits polygon/way substations","sourceLicense":"ODbL 1.0","osmTimestamp":"2024-02-26T16:41:43Z"},"geometry":{"type":"Point","coordinates":[-6.77071505,41.78557935]}},{"type":"Feature","properties":{"assetId":"PT-substation-way-1255635452","countryCode":"PT","assetType":"substation","powerType":"substation","osmType":"way","osmId":"1255635452","actualVoltagesKv":[60],"actualVoltageKv":60,"gridClass":"154","displayClass":"154 kV sınıfı","name":null,"ref":null,"operator":"Nadara","from":null,"to":null,"displayLabel":"Nadara · 60 kV · OSM 1255635452","labelSource":"generated-identifier","voltageRaw":"60000","circuits":null,"cables":null,"frequency":null,"location":null,"sourceProvider":"OpenStreetMap Overpass API","sourceFallback":"ArcGIS structures layer omits polygon/way substations","sourceLicense":"ODbL 1.0","osmTimestamp":"2026-05-18T13:48:18Z"},"geometry":{"type":"Point","coordinates":[-8.961177395481489,39.362779849999995]}},{"type":"Feature","properties":{"assetId":"PT-substation-way-125671394","countryCode":"PT","assetType":"substation","powerType":"substation","osmType":"way","osmId":"125671394","actualVoltagesKv":[25,60],"actualVoltageKv":60,"gridClass":"154","displayClass":"154 kV sınıfı","name":"Subestação de Tração do Entroncamento","ref":null,"operator":"Infraestruturas de Portugal","from":null,"to":null,"displayLabel":"Subestação de Tração do Entroncamento","labelSource":"osm-name","voltageRaw":"60000;25000","circuits":null,"cables":null,"frequency":null,"location":"outdoor","sourceProvider":"OpenStreetMap Overpass API","sourceFallback":"ArcGIS structures layer omits polygon/way substations","sourceLicense":"ODbL 1.0","osmTimestamp":"2026-05-04T13:49:33Z"},"geometry":{"type":"Point","coordinates":[-8.491390536061527,39.4442792]}},{"type":"Feature","properties":{"assetId":"PT-substation-way-1256744849","countryCode":"PT","assetType":"substation","powerType":"substation","osmType":"way","osmId":"1256744849","actualVoltagesKv":[400],"actualVoltageKv":400,"gridClass":"400","displayClass":"400 kV sınıfı","name":"Subestação da Central Hidroelétrica de Alqueva 1","ref":null,"operator":"Energias de Portugal","from":null,"to":null,"displayLabel":"Subestação da Central Hidroelétrica de Alqueva 1","labelSource":"osm-name","voltageRaw":"400000","circuits":null,"cables":null,"frequency":null,"location":null,"sourceProvider":"OpenStreetMap Overpass API","sourceFallback":"ArcGIS structures layer omits polygon/way substations","sourceLicense":"ODbL 1.0","osmTimestamp":"2025-09-06T00:22:28Z"},"geometry":{"type":"Point","coordinates":[-7.496414194712878,38.19705345]}},{"type":"Feature","properties":{"assetId":"PT-substation-way-1257228063","countryCode":"PT","assetType":"substation","powerType":"substation","osmType":"way","osmId":"1257228063","actualVoltagesKv":[60],"actualVoltageKv":60,"gridClass":"154","displayClass":"154 kV sınıfı","name":"Subestação do Parque Eólico do Guardão","ref":null,"operator":"Energetix","from":null,"to":null,"displayLabel":"Subestação do Parque Eólico do Guardão","labelSource":"osm-name","voltageRaw":"60000","circuits":null,"cables":null,"frequency":null,"location":null,"sourceProvider":"OpenStreetMap Overpass API","sourceFallback":"ArcGIS structures layer omits polygon/way substations","sourceLicense":"ODbL 1.0","osmTimestamp":"2024-03-03T20:40:46Z"},"geometry":{"type":"Point","coordinates":[-8.1908606,40.55334715]}},{"type":"Feature","properties":{"assetId":"PT-substation-way-1257622756","countryCode":"PT","assetType":"substation","powerType":"substation","osmType":"way","osmId":"1257622756","actualVoltagesKv":[60,220],"actualVoltageKv":220,"gridClass":"154","displayClass":"154 kV sınıfı","name":"Subestação da Senhora da Póvoa","ref":null,"operator":"Finerge","from":null,"to":null,"displayLabel":"Subestação da Senhora da Póvoa","labelSource":"osm-name","voltageRaw":"220000;60000","circuits":null,"cables":null,"frequency":null,"location":null,"sourceProvider":"OpenStreetMap Overpass API","sourceFallback":"ArcGIS structures layer omits polygon/way substations","sourceLicense":"ODbL 1.0","osmTimestamp":"2025-10-25T20:45:07Z"},"geometry":{"type":"Point","coordinates":[-7.22025358179153,40.23993165]}},{"type":"Feature","properties":{"assetId":"PT-substation-way-1257701003","countryCode":"PT","assetType":"substation","powerType":"substation","osmType":"way","osmId":"1257701003","actualVoltagesKv":[60],"actualVoltageKv":60,"gridClass":"154","displayClass":"154 kV sınıfı","name":"Subestação de Vila Nova de Cerveira","ref":null,"operator":"E-REDES","from":null,"to":null,"displayLabel":"Subestação de Vila Nova de Cerveira","labelSource":"osm-name","voltageRaw":"60000","circuits":null,"cables":null,"frequency":null,"location":null,"sourceProvider":"OpenStreetMap Overpass API","sourceFallback":"ArcGIS structures layer omits polygon/way substations","sourceLicense":"ODbL 1.0","osmTimestamp":"2026-04-23T10:41:49Z"},"geometry":{"type":"Point","coordinates":[-8.682571880252258,41.972027999999995]}},{"type":"Feature","properties":{"assetId":"PT-substation-way-1257712197","countryCode":"PT","assetType":"substation","powerType":"substation","osmType":"way","osmId":"1257712197","actualVoltagesKv":[60],"actualVoltageKv":60,"gridClass":"154","displayClass":"154 kV sınıfı","name":"Posto de Corte de Daivões","ref":null,"operator":"E-REDES","from":null,"to":null,"displayLabel":"Posto de Corte de Daivões","labelSource":"osm-name","voltageRaw":"60000","circuits":null,"cables":null,"frequency":null,"location":null,"sourceProvider":"OpenStreetMap Overpass API","sourceFallback":"ArcGIS structures layer omits polygon/way substations","sourceLicense":"ODbL 1.0","osmTimestamp":"2026-02-24T12:30:25Z"},"geometry":{"type":"Point","coordinates":[-7.862171442114883,41.52291735]}},{"type":"Feature","properties":{"assetId":"PT-substation-way-1257715571","countryCode":"PT","assetType":"substation","powerType":"substation","osmType":"way","osmId":"1257715571","actualVoltagesKv":[60],"actualVoltageKv":60,"gridClass":"154","displayClass":"154 kV sınıfı","name":"Subestação da Central Fotovoltaica de Paderne II","ref":null,"operator":null,"from":null,"to":null,"displayLabel":"Subestação da Central Fotovoltaica de Paderne II","labelSource":"osm-name","voltageRaw":"60000","circuits":null,"cables":null,"frequency":null,"location":null,"sourceProvider":"OpenStreetMap Overpass API","sourceFallback":"ArcGIS structures layer omits polygon/way substations","sourceLicense":"ODbL 1.0","osmTimestamp":"2025-07-21T15:19:53Z"},"geometry":{"type":"Point","coordinates":[-8.210513942019116,37.14874745]}},{"type":"Feature","properties":{"assetId":"PT-substation-way-1257719918","countryCode":"PT","assetType":"substation","powerType":"substation","osmType":"way","osmId":"1257719918","actualVoltagesKv":[60],"actualVoltageKv":60,"gridClass":"154","displayClass":"154 kV sınıfı","name":"Posto de Corte de Porto de Mós","ref":null,"operator":"E-REDES","from":null,"to":null,"displayLabel":"Posto de Corte de Porto de Mós","labelSource":"osm-name","voltageRaw":"60000","circuits":null,"cables":null,"frequency":null,"location":null,"sourceProvider":"OpenStreetMap Overpass API","sourceFallback":"ArcGIS structures layer omits polygon/way substations","sourceLicense":"ODbL 1.0","osmTimestamp":"2026-02-24T12:30:25Z"},"geometry":{"type":"Point","coordinates":[-8.848177013139534,39.6043444]}},{"type":"Feature","properties":{"assetId":"PT-substation-way-1257720636","countryCode":"PT","assetType":"substation","powerType":"substation","osmType":"way","osmId":"1257720636","actualVoltagesKv":[60],"actualVoltageKv":60,"gridClass":"154","displayClass":"154 kV sınıfı","name":"Subestação do Parque Eólico de Marvila II","ref":null,"operator":null,"from":null,"to":null,"displayLabel":"Subestação do Parque Eólico de Marvila II","labelSource":"osm-name","voltageRaw":"60000","circuits":null,"cables":null,"frequency":null,"location":null,"sourceProvider":"OpenStreetMap Overpass API","sourceFallback":"ArcGIS structures layer omits polygon/way substations","sourceLicense":"ODbL 1.0","osmTimestamp":"2026-04-01T18:01:19Z"},"geometry":{"type":"Point","coordinates":[-8.693450036302682,39.6013758]}},{"type":"Feature","properties":{"assetId":"PT-substation-way-1258290321","countryCode":"PT","assetType":"substation","powerType":"substation","osmType":"way","osmId":"1258290321","actualVoltagesKv":[220],"actualVoltageKv":220,"gridClass":"154","displayClass":"154 kV sınıfı","name":"Subestação da Central Hidroelétrica do Carrapatelo","ref":null,"operator":"Energias de Portugal","from":null,"to":null,"displayLabel":"Subestação da Central Hidroelétrica do Carrapatelo","labelSource":"osm-name","voltageRaw":"220000","circuits":null,"cables":null,"frequency":null,"location":"roof","sourceProvider":"OpenStreetMap Overpass API","sourceFallback":"ArcGIS structures layer omits polygon/way substations","sourceLicense":"ODbL 1.0","osmTimestamp":"2025-09-05T21:08:22Z"},"geometry":{"type":"Point","coordinates":[-8.130513449999995,41.084797249999994]}},{"type":"Feature","properties":{"assetId":"PT-substation-way-1258290323","countryCode":"PT","assetType":"substation","powerType":"substation","osmType":"way","osmId":"1258290323","actualVoltagesKv":[400],"actualVoltageKv":400,"gridClass":"400","displayClass":"400 kV sınıfı","name":"Subestação da Central Hidroelétrica de Foz Tua","ref":null,"operator":"Movhera","from":null,"to":null,"displayLabel":"Subestação da Central Hidroelétrica de Foz Tua","labelSource":"osm-name","voltageRaw":"400000","circuits":null,"cables":null,"frequency":null,"location":null,"sourceProvider":"OpenStreetMap Overpass API","sourceFallback":"ArcGIS structures layer omits polygon/way substations","sourceLicense":"ODbL 1.0","osmTimestamp":"2025-08-31T00:12:51Z"},"geometry":{"type":"Point","coordinates":[-7.426797898503377,41.21575925]}},{"type":"Feature","properties":{"assetId":"PT-substation-way-1258306512","countryCode":"PT","assetType":"substation","powerType":"substation","osmType":"way","osmId":"1258306512","actualVoltagesKv":[220],"actualVoltageKv":220,"gridClass":"154","displayClass":"154 kV sınıfı","name":"Subestação da Central Hidroelétrica de Castelo de Bode","ref":null,"operator":null,"from":null,"to":null,"displayLabel":"Subestação da Central Hidroelétrica de Castelo de Bode","labelSource":"osm-name","voltageRaw":"220000","circuits":null,"cables":null,"frequency":null,"location":null,"sourceProvider":"OpenStreetMap Overpass API","sourceFallback":"ArcGIS structures layer omits polygon/way substations","sourceLicense":"ODbL 1.0","osmTimestamp":"2025-08-27T22:18:15Z"},"geometry":{"type":"Point","coordinates":[-8.319284780427122,39.542592]}},{"type":"Feature","properties":{"assetId":"PT-substation-way-1258323290","countryCode":"PT","assetType":"substation","powerType":"substation","osmType":"way","osmId":"1258323290","actualVoltagesKv":[150],"actualVoltageKv":150,"gridClass":"154","displayClass":"154 kV sınıfı","name":"Subestação da Central Hidroelétrica de Vila Nova I","ref":null,"operator":"Energias de Portugal","from":null,"to":null,"displayLabel":"Subestação da Central Hidroelétrica de Vila Nova I","labelSource":"osm-name","voltageRaw":"150000","circuits":null,"cables":null,"frequency":null,"location":"roof","sourceProvider":"OpenStreetMap Overpass API","sourceFallback":"ArcGIS structures layer omits polygon/way substations","sourceLicense":"ODbL 1.0","osmTimestamp":"2025-09-08T00:21:18Z"},"geometry":{"type":"Point","coordinates":[-8.007125213624526,41.701958399999995]}},{"type":"Feature","properties":{"assetId":"PT-substation-way-1259166797","countryCode":"PT","assetType":"substation","powerType":"substation","osmType":"way","osmId":"1259166797","actualVoltagesKv":[400],"actualVoltageKv":400,"gridClass":"400","displayClass":"400 kV sınıfı","name":"Subestação da Central Hidroelétrica de Daivões","ref":null,"operator":"Iberdrola","from":null,"to":null,"displayLabel":"Subestação da Central Hidroelétrica de Daivões","labelSource":"osm-name","voltageRaw":"400000","circuits":null,"cables":null,"frequency":null,"location":null,"sourceProvider":"OpenStreetMap Overpass API","sourceFallback":"ArcGIS structures layer omits polygon/way substations","sourceLicense":"ODbL 1.0","osmTimestamp":"2025-08-12T16:27:11Z"},"geometry":{"type":"Point","coordinates":[-7.8656284549477835,41.5238009]}},{"type":"Feature","properties":{"assetId":"PT-substation-way-126366408","countryCode":"PT","assetType":"substation","powerType":"substation","osmType":"way","osmId":"126366408","actualVoltagesKv":[220],"actualVoltageKv":220,"gridClass":"154","displayClass":"154 kV sınıfı","name":"Posto de Corte de Urrô","ref":"PCUR","operator":"REN","from":null,"to":null,"displayLabel":"Posto de Corte de Urrô","labelSource":"osm-name","voltageRaw":"220000","circuits":null,"cables":null,"frequency":"50","location":"outdoor","sourceProvider":"OpenStreetMap Overpass API","sourceFallback":"ArcGIS structures layer omits polygon/way substations","sourceLicense":"ODbL 1.0","osmTimestamp":"2024-02-29T21:58:43Z"},"geometry":{"type":"Point","coordinates":[-8.337817795614166,41.1903698]}},{"type":"Feature","properties":{"assetId":"PT-substation-way-127205502","countryCode":"PT","assetType":"substation","powerType":"substation","osmType":"way","osmId":"127205502","actualVoltagesKv":[60,220],"actualVoltageKv":220,"gridClass":"154","displayClass":"154 kV sınıfı","name":"Subestação do Pocinho","ref":"SPN","operator":"REN","from":null,"to":null,"displayLabel":"Subestação do Pocinho","labelSource":"osm-name","voltageRaw":"220000;60000","circuits":null,"cables":null,"frequency":"50","location":"outdoor","sourceProvider":"OpenStreetMap Overpass API","sourceFallback":"ArcGIS structures layer omits polygon/way substations","sourceLicense":"ODbL 1.0","osmTimestamp":"2024-11-11T12:19:42Z"},"geometry":{"type":"Point","coordinates":[-7.125185287466554,41.13786245]}},{"type":"Feature","properties":{"assetId":"PT-substation-way-127205641","countryCode":"PT","assetType":"substation","powerType":"substation","osmType":"way","osmId":"127205641","actualVoltagesKv":[220],"actualVoltageKv":220,"gridClass":"154","displayClass":"154 kV sınıfı","name":"Subestação da Central Hidroelétrica do Pocinho","ref":null,"operator":"Energias de Portugal","from":null,"to":null,"displayLabel":"Subestação da Central Hidroelétrica do Pocinho","labelSource":"osm-name","voltageRaw":"220000","circuits":null,"cables":null,"frequency":"50","location":"outdoor","sourceProvider":"OpenStreetMap Overpass API","sourceFallback":"ArcGIS structures layer omits polygon/way substations","sourceLicense":"ODbL 1.0","osmTimestamp":"2025-09-24T20:42:26Z"},"geometry":{"type":"Point","coordinates":[-7.11439570369784,41.1330993]}},{"type":"Feature","properties":{"assetId":"PT-substation-way-127205653","countryCode":"PT","assetType":"substation","powerType":"substation","osmType":"way","osmId":"127205653","actualVoltagesKv":[220],"actualVoltageKv":220,"gridClass":"154","displayClass":"154 kV sınıfı","name":"Subestação da Central Hidroelétrica da Valeira","ref":null,"operator":"Energias de Portugal","from":null,"to":null,"displayLabel":"Subestação da Central Hidroelétrica da Valeira","labelSource":"osm-name","voltageRaw":"220000","circuits":null,"cables":null,"frequency":"50","location":"outdoor","sourceProvider":"OpenStreetMap Overpass API","sourceFallback":"ArcGIS structures layer omits polygon/way substations","sourceLicense":"ODbL 1.0","osmTimestamp":"2025-09-24T20:41:49Z"},"geometry":{"type":"Point","coordinates":[-7.373000596613446,41.16081295]}},{"type":"Feature","properties":{"assetId":"PT-substation-way-1287667852","countryCode":"PT","assetType":"substation","powerType":"substation","osmType":"way","osmId":"1287667852","actualVoltagesKv":[60],"actualVoltageKv":60,"gridClass":"154","displayClass":"154 kV sınıfı","name":"Posto de Seccionamento dos Olivais","ref":"1106PS906600","operator":"E-REDES","from":null,"to":null,"displayLabel":"Posto de Seccionamento dos Olivais","labelSource":"osm-name","voltageRaw":"60000","circuits":null,"cables":null,"frequency":null,"location":null,"sourceProvider":"OpenStreetMap Overpass API","sourceFallback":"ArcGIS structures layer omits polygon/way substations","sourceLicense":"ODbL 1.0","osmTimestamp":"2026-02-24T12:30:25Z"},"geometry":{"type":"Point","coordinates":[-9.126496521965127,38.7775033]}},{"type":"Feature","properties":{"assetId":"PT-substation-way-129055610","countryCode":"PT","assetType":"substation","powerType":"substation","osmType":"way","osmId":"129055610","actualVoltagesKv":[150,400],"actualVoltageKv":400,"gridClass":"400","displayClass":"400 kV sınıfı","name":"Subestação de Palmela","ref":"SPM","operator":"REN","from":null,"to":null,"displayLabel":"Subestação de Palmela","labelSource":"osm-name","voltageRaw":"400000;150000","circuits":null,"cables":null,"frequency":"50","location":"outdoor","sourceProvider":"OpenStreetMap Overpass API","sourceFallback":"ArcGIS structures layer omits polygon/way substations","sourceLicense":"ODbL 1.0","osmTimestamp":"2024-10-07T12:50:21Z"},"geometry":{"type":"Point","coordinates":[-8.85837158078457,38.57283135]}},{"type":"Feature","properties":{"assetId":"PT-substation-way-129532215","countryCode":"PT","assetType":"substation","powerType":"substation","osmType":"way","osmId":"129532215","actualVoltagesKv":[15,60],"actualVoltageKv":60,"gridClass":"154","displayClass":"154 kV sınıfı","name":"Subestação de Albufeira","ref":"0801S5063000","operator":"E-REDES","from":null,"to":null,"displayLabel":"Subestação de Albufeira","labelSource":"osm-name","voltageRaw":"60000;15000","circuits":null,"cables":null,"frequency":"50","location":"outdoor","sourceProvider":"OpenStreetMap Overpass API","sourceFallback":"ArcGIS structures layer omits polygon/way substations","sourceLicense":"ODbL 1.0","osmTimestamp":"2026-02-24T12:29:46Z"},"geometry":{"type":"Point","coordinates":[-8.24972251587786,37.0957774]}},{"type":"Feature","properties":{"assetId":"PT-substation-way-1298167959","countryCode":"PT","assetType":"substation","powerType":"substation","osmType":"way","osmId":"1298167959","actualVoltagesKv":[60,400],"actualVoltageKv":400,"gridClass":"400","displayClass":"400 kV sınıfı","name":"Subestação de Vila Nova da Rainha","ref":null,"operator":"EDP Renováveis","from":null,"to":null,"displayLabel":"Subestação de Vila Nova da Rainha","labelSource":"osm-name","voltageRaw":"400000;60000","circuits":null,"cables":null,"frequency":null,"location":null,"sourceProvider":"OpenStreetMap Overpass API","sourceFallback":"ArcGIS structures layer omits polygon/way substations","sourceLicense":"ODbL 1.0","osmTimestamp":"2025-10-26T13:53:12Z"},"geometry":{"type":"Point","coordinates":[-8.92790269,39.0454113]}},{"type":"Feature","properties":{"assetId":"PT-substation-way-1298671892","countryCode":"PT","assetType":"substation","powerType":"substation","osmType":"way","osmId":"1298671892","actualVoltagesKv":[60],"actualVoltageKv":60,"gridClass":"154","displayClass":"154 kV sınıfı","name":"Subestação da Central Solar de Tábua","ref":null,"operator":"GreenVolt","from":null,"to":null,"displayLabel":"Subestação da Central Solar de Tábua","labelSource":"osm-name","voltageRaw":"60000","circuits":null,"cables":null,"frequency":null,"location":null,"sourceProvider":"OpenStreetMap Overpass API","sourceFallback":"ArcGIS structures layer omits polygon/way substations","sourceLicense":"ODbL 1.0","osmTimestamp":"2026-04-16T10:16:39Z"},"geometry":{"type":"Point","coordinates":[-7.988980963553019,40.325245550000005]}},{"type":"Feature","properties":{"assetId":"PT-substation-way-131715746","countryCode":"PT","assetType":"substation","powerType":"substation","osmType":"way","osmId":"131715746","actualVoltagesKv":[60,220,400],"actualVoltageKv":400,"gridClass":"400","displayClass":"400 kV sınıfı","name":"Subestação de Rio Maior","ref":"SRM","operator":"REN","from":null,"to":null,"displayLabel":"Subestação de Rio Maior","labelSource":"osm-name","voltageRaw":"400000;220000;60000","circuits":null,"cables":null,"frequency":"50","location":"outdoor","sourceProvider":"OpenStreetMap Overpass API","sourceFallback":"ArcGIS structures layer omits polygon/way substations","sourceLicense":"ODbL 1.0","osmTimestamp":"2024-11-12T12:05:31Z"},"geometry":{"type":"Point","coordinates":[-9.001581443644856,39.3378449]}},{"type":"Feature","properties":{"assetId":"PT-substation-way-1320046267","countryCode":"PT","assetType":"substation","powerType":"substation","osmType":"way","osmId":"1320046267","actualVoltagesKv":[220],"actualVoltageKv":220,"gridClass":"154","displayClass":"154 kV sınıfı","name":"Subestação do Parque Solar ESCALABIS","ref":null,"operator":"Escalabis Solar","from":null,"to":null,"displayLabel":"Subestação do Parque Solar ESCALABIS","labelSource":"osm-name","voltageRaw":"220000","circuits":null,"cables":null,"frequency":null,"location":null,"sourceProvider":"OpenStreetMap Overpass API","sourceFallback":"ArcGIS structures layer omits polygon/way substations","sourceLicense":"ODbL 1.0","osmTimestamp":"2025-10-26T14:33:48Z"},"geometry":{"type":"Point","coordinates":[-8.798523209763598,39.20516685]}},{"type":"Feature","properties":{"assetId":"PT-substation-way-1320416427","countryCode":"PT","assetType":"substation","powerType":"substation","osmType":"way","osmId":"1320416427","actualVoltagesKv":[30,220],"actualVoltageKv":220,"gridClass":"154","displayClass":"154 kV sınıfı","name":"Subestação da Central Solar Fotovoltaica do Fundão","ref":null,"operator":"Days of Luck, Unipessoal Lda.","from":null,"to":null,"displayLabel":"Subestação da Central Solar Fotovoltaica do Fundão","labelSource":"osm-name","voltageRaw":"220000;30000","circuits":null,"cables":null,"frequency":null,"location":null,"sourceProvider":"OpenStreetMap Overpass API","sourceFallback":"ArcGIS structures layer omits polygon/way substations","sourceLicense":"ODbL 1.0","osmTimestamp":"2024-10-03T15:52:33Z"},"geometry":{"type":"Point","coordinates":[-7.452738616462022,40.18166065]}},{"type":"Feature","properties":{"assetId":"PT-substation-way-1320428227","countryCode":"PT","assetType":"substation","powerType":"substation","osmType":"way","osmId":"1320428227","actualVoltagesKv":[30,60],"actualVoltageKv":60,"gridClass":"154","displayClass":"154 kV sınıfı","name":"Subestação da Central Solar Fotovoltaica da Mina - Tó","ref":null,"operator":"ENERFONT - Fontes de Energia, Lda.","from":null,"to":null,"displayLabel":"Subestação da Central Solar Fotovoltaica da Mina - Tó","labelSource":"osm-name","voltageRaw":"30000;60000","circuits":null,"cables":null,"frequency":null,"location":null,"sourceProvider":"OpenStreetMap Overpass API","sourceFallback":"ArcGIS structures layer omits polygon/way substations","sourceLicense":"ODbL 1.0","osmTimestamp":"2025-07-21T00:10:24Z"},"geometry":{"type":"Point","coordinates":[-6.572378058700949,41.34407325]}},{"type":"Feature","properties":{"assetId":"PT-substation-way-1322975653","countryCode":"PT","assetType":"substation","powerType":"substation","osmType":"way","osmId":"1322975653","actualVoltagesKv":[400],"actualVoltageKv":400,"gridClass":"400","displayClass":"400 kV sınıfı","name":"Subestação de Panóias","ref":"SPNA","operator":"REN","from":null,"to":null,"displayLabel":"Subestação de Panóias","labelSource":"osm-name","voltageRaw":"400000","circuits":null,"cables":null,"frequency":"50","location":"outdoor","sourceProvider":"OpenStreetMap Overpass API","sourceFallback":"ArcGIS structures layer omits polygon/way substations","sourceLicense":"ODbL 1.0","osmTimestamp":"2025-12-30T19:13:10Z"},"geometry":{"type":"Point","coordinates":[-8.347292583326205,37.7594077]}},{"type":"Feature","properties":{"assetId":"PT-substation-way-1323460918","countryCode":"PT","assetType":"substation","powerType":"substation","osmType":"way","osmId":"1323460918","actualVoltagesKv":[220],"actualVoltageKv":220,"gridClass":"154","displayClass":"154 kV sınıfı","name":"Subestação de Nave da Mata","ref":null,"operator":"Pentagab","from":null,"to":null,"displayLabel":"Subestação de Nave da Mata","labelSource":"osm-name","voltageRaw":"220000","circuits":null,"cables":null,"frequency":null,"location":"outdoor","sourceProvider":"OpenStreetMap Overpass API","sourceFallback":"ArcGIS structures layer omits polygon/way substations","sourceLicense":"ODbL 1.0","osmTimestamp":"2025-09-24T21:11:15Z"},"geometry":{"type":"Point","coordinates":[-7.2667683,40.13268025]}},{"type":"Feature","properties":{"assetId":"PT-substation-way-1323525040","countryCode":"PT","assetType":"substation","powerType":"substation","osmType":"way","osmId":"1323525040","actualVoltagesKv":[60],"actualVoltageKv":60,"gridClass":"154","displayClass":"154 kV sınıfı","name":"Subestação da Central Solar Fotovoltaica da Quinta do Anjo","ref":null,"operator":null,"from":null,"to":null,"displayLabel":"Subestação da Central Solar Fotovoltaica da Quinta do Anjo","labelSource":"osm-name","voltageRaw":"60000","circuits":null,"cables":null,"frequency":null,"location":null,"sourceProvider":"OpenStreetMap Overpass API","sourceFallback":"ArcGIS structures layer omits polygon/way substations","sourceLicense":"ODbL 1.0","osmTimestamp":"2026-04-01T18:01:19Z"},"geometry":{"type":"Point","coordinates":[-8.96299523135703,38.607307649999996]}},{"type":"Feature","properties":{"assetId":"PT-substation-way-132614219","countryCode":"PT","assetType":"substation","powerType":"substation","osmType":"way","osmId":"132614219","actualVoltagesKv":[60,150],"actualVoltageKv":150,"gridClass":"154","displayClass":"154 kV sınıfı","name":"Subestação de Porto Alto","ref":"SPA","operator":"REN","from":null,"to":null,"displayLabel":"Subestação de Porto Alto","labelSource":"osm-name","voltageRaw":"150000;60000","circuits":null,"cables":null,"frequency":"50","location":"outdoor","sourceProvider":"OpenStreetMap Overpass API","sourceFallback":"ArcGIS structures layer omits polygon/way substations","sourceLicense":"ODbL 1.0","osmTimestamp":"2024-02-29T22:41:38Z"},"geometry":{"type":"Point","coordinates":[-8.880451110544993,38.8980713]}},{"type":"Feature","properties":{"assetId":"PT-substation-way-1326352539","countryCode":"PT","assetType":"substation","powerType":"substation","osmType":"way","osmId":"1326352539","actualVoltagesKv":[60],"actualVoltageKv":60,"gridClass":"154","displayClass":"154 kV sınıfı","name":"Subestação do Paul da Ota","ref":null,"operator":"EDP Renováveis","from":null,"to":null,"displayLabel":"Subestação do Paul da Ota","labelSource":"osm-name","voltageRaw":"60000","circuits":null,"cables":null,"frequency":null,"location":null,"sourceProvider":"OpenStreetMap Overpass API","sourceFallback":"ArcGIS structures layer omits polygon/way substations","sourceLicense":"ODbL 1.0","osmTimestamp":"2025-10-26T13:53:12Z"},"geometry":{"type":"Point","coordinates":[-8.949114820666132,39.0748915]}},{"type":"Feature","properties":{"assetId":"PT-substation-way-1327949014","countryCode":"PT","assetType":"substation","powerType":"substation","osmType":"way","osmId":"1327949014","actualVoltagesKv":[60],"actualVoltageKv":60,"gridClass":"154","displayClass":"154 kV sınıfı","name":"Subestação INAPA","ref":null,"operator":null,"from":null,"to":null,"displayLabel":"Subestação INAPA","labelSource":"osm-name","voltageRaw":"60000","circuits":null,"cables":null,"frequency":null,"location":null,"sourceProvider":"OpenStreetMap Overpass API","sourceFallback":"ArcGIS structures layer omits polygon/way substations","sourceLicense":"ODbL 1.0","osmTimestamp":"2025-06-16T00:08:27Z"},"geometry":{"type":"Point","coordinates":[-8.8120021,38.49335515]}},{"type":"Feature","properties":{"assetId":"PT-substation-way-132865612","countryCode":"PT","assetType":"substation","powerType":"substation","osmType":"way","osmId":"132865612","actualVoltagesKv":[60,150,400],"actualVoltageKv":400,"gridClass":"400","displayClass":"400 kV sınıfı","name":"Subestação de Riba d'Ave","ref":"SRA","operator":"REN","from":null,"to":null,"displayLabel":"Subestação de Riba d'Ave","labelSource":"osm-name","voltageRaw":"400000;150000;60000","circuits":null,"cables":null,"frequency":null,"location":"outdoor","sourceProvider":"OpenStreetMap Overpass API","sourceFallback":"ArcGIS structures layer omits polygon/way substations","sourceLicense":"ODbL 1.0","osmTimestamp":"2026-03-21T13:09:36Z"},"geometry":{"type":"Point","coordinates":[-8.389982025583866,41.4026542]}},{"type":"Feature","properties":{"assetId":"PT-substation-way-1330199184","countryCode":"PT","assetType":"substation","powerType":"substation","osmType":"way","osmId":"1330199184","actualVoltagesKv":[60],"actualVoltageKv":60,"gridClass":"154","displayClass":"154 kV sınıfı","name":"Posto de Seccionamento de Morgavel","ref":null,"operator":"E-REDES","from":null,"to":null,"displayLabel":"Posto de Seccionamento de Morgavel","labelSource":"osm-name","voltageRaw":"60000","circuits":null,"cables":null,"frequency":null,"location":null,"sourceProvider":"OpenStreetMap Overpass API","sourceFallback":"ArcGIS structures layer omits polygon/way substations","sourceLicense":"ODbL 1.0","osmTimestamp":"2026-04-09T20:54:10Z"},"geometry":{"type":"Point","coordinates":[-8.775218306419012,37.91577045]}},{"type":"Feature","properties":{"assetId":"PT-substation-way-1331154119","countryCode":"PT","assetType":"substation","powerType":"substation","osmType":"way","osmId":"1331154119","actualVoltagesKv":[400],"actualVoltageKv":400,"gridClass":"400","displayClass":"400 kV sınıfı","name":"Subestação da Central Fotovoltaica de Rio Maior","ref":null,"operator":null,"from":null,"to":null,"displayLabel":"Subestação da Central Fotovoltaica de Rio Maior","labelSource":"osm-name","voltageRaw":"400000","circuits":null,"cables":null,"frequency":null,"location":null,"sourceProvider":"OpenStreetMap Overpass API","sourceFallback":"ArcGIS structures layer omits polygon/way substations","sourceLicense":"ODbL 1.0","osmTimestamp":"2026-04-07T12:11:12Z"},"geometry":{"type":"Point","coordinates":[-8.938039983754685,39.183183]}},{"type":"Feature","properties":{"assetId":"PT-substation-way-133666144","countryCode":"PT","assetType":"substation","powerType":"substation","osmType":"way","osmId":"133666144","actualVoltagesKv":[15,60],"actualVoltageKv":60,"gridClass":"154","displayClass":"154 kV sınıfı","name":"Subestação de Guimarães","ref":"0308S5008400","operator":"E-REDES","from":null,"to":null,"displayLabel":"Subestação de Guimarães","labelSource":"osm-name","voltageRaw":"60000;15000","circuits":null,"cables":null,"frequency":null,"location":null,"sourceProvider":"OpenStreetMap Overpass API","sourceFallback":"ArcGIS structures layer omits polygon/way substations","sourceLicense":"ODbL 1.0","osmTimestamp":"2026-02-24T12:29:46Z"},"geometry":{"type":"Point","coordinates":[-8.298437064218675,41.429137749999995]}},{"type":"Feature","properties":{"assetId":"PT-substation-way-1338738672","countryCode":"PT","assetType":"substation","powerType":"substation","osmType":"way","osmId":"1338738672","actualVoltagesKv":[60,150],"actualVoltageKv":150,"gridClass":"154","displayClass":"154 kV sınıfı","name":"Subestação de Chaves","ref":null,"operator":"REN","from":null,"to":null,"displayLabel":"Subestação de Chaves","labelSource":"osm-name","voltageRaw":"150000;60000","circuits":null,"cables":null,"frequency":null,"location":null,"sourceProvider":"OpenStreetMap Overpass API","sourceFallback":"ArcGIS structures layer omits polygon/way substations","sourceLicense":"ODbL 1.0","osmTimestamp":"2024-11-28T23:00:06Z"},"geometry":{"type":"Point","coordinates":[-7.47665014538835,41.7147192]}},{"type":"Feature","properties":{"assetId":"PT-substation-way-1342540471","countryCode":"PT","assetType":"substation","powerType":"substation","osmType":"way","osmId":"1342540471","actualVoltagesKv":[60],"actualVoltageKv":60,"gridClass":"154","displayClass":"154 kV sınıfı","name":"Posto de Corte da Celtejo","ref":null,"operator":null,"from":null,"to":null,"displayLabel":"Posto de Corte da Celtejo","labelSource":"osm-name","voltageRaw":"60000","circuits":null,"cables":null,"frequency":null,"location":null,"sourceProvider":"OpenStreetMap Overpass API","sourceFallback":"ArcGIS structures layer omits polygon/way substations","sourceLicense":"ODbL 1.0","osmTimestamp":"2025-06-16T21:09:37Z"},"geometry":{"type":"Point","coordinates":[-7.668676081666671,39.660689950000005]}},{"type":"Feature","properties":{"assetId":"PT-substation-way-1349649256","countryCode":"PT","assetType":"substation","powerType":"substation","osmType":"way","osmId":"1349649256","actualVoltagesKv":[60],"actualVoltageKv":60,"gridClass":"154","displayClass":"154 kV sınıfı","name":"Posto de Corte de Boidobra","ref":"0503P5011700","operator":"E-REDES","from":null,"to":null,"displayLabel":"Posto de Corte de Boidobra","labelSource":"osm-name","voltageRaw":"60000","circuits":null,"cables":null,"frequency":null,"location":null,"sourceProvider":"OpenStreetMap Overpass API","sourceFallback":"ArcGIS structures layer omits polygon/way substations","sourceLicense":"ODbL 1.0","osmTimestamp":"2026-06-09T19:42:17Z"},"geometry":{"type":"Point","coordinates":[-7.471539045711209,40.2619978]}},{"type":"Feature","properties":{"assetId":"PT-substation-way-135457228","countryCode":"PT","assetType":"substation","powerType":"substation","osmType":"way","osmId":"135457228","actualVoltagesKv":[400],"actualVoltageKv":400,"gridClass":"400","displayClass":"400 kV sınıfı","name":"Subestação da Central Hidroelétrica do Alto Lindoso","ref":null,"operator":"Energias de Portugal","from":null,"to":null,"displayLabel":"Subestação da Central Hidroelétrica do Alto Lindoso","labelSource":"osm-name","voltageRaw":"400000","circuits":null,"cables":null,"frequency":"50","location":"outdoor","sourceProvider":"OpenStreetMap Overpass API","sourceFallback":"ArcGIS structures layer omits polygon/way substations","sourceLicense":"ODbL 1.0","osmTimestamp":"2025-07-20T22:43:49Z"},"geometry":{"type":"Point","coordinates":[-8.202922161113062,41.86920335]}},{"type":"Feature","properties":{"assetId":"PT-substation-way-135457230","countryCode":"PT","assetType":"substation","powerType":"substation","osmType":"way","osmId":"135457230","actualVoltagesKv":[400],"actualVoltageKv":400,"gridClass":"400","displayClass":"400 kV sınıfı","name":"Posto de Corte do Alto Lindoso","ref":"PCAL","operator":"REN","from":null,"to":null,"displayLabel":"Posto de Corte do Alto Lindoso","labelSource":"osm-name","voltageRaw":"400000","circuits":null,"cables":null,"frequency":"50","location":"outdoor","sourceProvider":"OpenStreetMap Overpass API","sourceFallback":"ArcGIS structures layer omits polygon/way substations","sourceLicense":"ODbL 1.0","osmTimestamp":"2024-02-29T21:19:07Z"},"geometry":{"type":"Point","coordinates":[-8.207997211773407,41.8680567]}},{"type":"Feature","properties":{"assetId":"PT-substation-way-1356803419","countryCode":"PT","assetType":"substation","powerType":"substation","osmType":"way","osmId":"1356803419","actualVoltagesKv":[60],"actualVoltageKv":60,"gridClass":"154","displayClass":"154 kV sınıfı","name":"Subestação da Central Fotovoltaica Mendo Marco","ref":null,"operator":null,"from":null,"to":null,"displayLabel":"Subestação da Central Fotovoltaica Mendo Marco","labelSource":"osm-name","voltageRaw":"60000","circuits":null,"cables":null,"frequency":null,"location":null,"sourceProvider":"OpenStreetMap Overpass API","sourceFallback":"ArcGIS structures layer omits polygon/way substations","sourceLicense":"ODbL 1.0","osmTimestamp":"2025-06-16T21:09:37Z"},"geometry":{"type":"Point","coordinates":[-7.9085339652920785,38.7687466]}},{"type":"Feature","properties":{"assetId":"PT-substation-way-1357486930","countryCode":"PT","assetType":"substation","powerType":"substation","osmType":"way","osmId":"1357486930","actualVoltagesKv":[60],"actualVoltageKv":60,"gridClass":"154","displayClass":"154 kV sınıfı","name":"Subestação da Central Solar do Barrocal","ref":null,"operator":null,"from":null,"to":null,"displayLabel":"Subestação da Central Solar do Barrocal","labelSource":"osm-name","voltageRaw":"60000","circuits":null,"cables":null,"frequency":null,"location":null,"sourceProvider":"OpenStreetMap Overpass API","sourceFallback":"ArcGIS structures layer omits polygon/way substations","sourceLicense":"ODbL 1.0","osmTimestamp":"2026-04-09T20:54:10Z"},"geometry":{"type":"Point","coordinates":[-7.869766924645558,38.65036465]}},{"type":"Feature","properties":{"assetId":"PT-substation-way-1365522118","countryCode":"PT","assetType":"substation","powerType":"substation","osmType":"way","osmId":"1365522118","actualVoltagesKv":[60],"actualVoltageKv":60,"gridClass":"154","displayClass":"154 kV sınıfı","name":"Subestação da Central Fotovoltaica de Casal da Cortiça","ref":null,"operator":null,"from":null,"to":null,"displayLabel":"Subestação da Central Fotovoltaica de Casal da Cortiça","labelSource":"osm-name","voltageRaw":"60000","circuits":null,"cables":null,"frequency":null,"location":null,"sourceProvider":"OpenStreetMap Overpass API","sourceFallback":"ArcGIS structures layer omits polygon/way substations","sourceLicense":"ODbL 1.0","osmTimestamp":"2025-06-16T21:09:37Z"},"geometry":{"type":"Point","coordinates":[-8.81961675,39.69985195]}},{"type":"Feature","properties":{"assetId":"PT-substation-way-137280184","countryCode":"PT","assetType":"substation","powerType":"substation","osmType":"way","osmId":"137280184","actualVoltagesKv":[15,60],"actualVoltageKv":60,"gridClass":"154","displayClass":"154 kV sınıfı","name":"Subestação do Viso","ref":"1823S5009700","operator":"E-REDES","from":null,"to":null,"displayLabel":"Subestação do Viso","labelSource":"osm-name","voltageRaw":"60000;15000","circuits":null,"cables":null,"frequency":null,"location":null,"sourceProvider":"OpenStreetMap Overpass API","sourceFallback":"ArcGIS structures layer omits polygon/way substations","sourceLicense":"ODbL 1.0","osmTimestamp":"2026-04-15T20:42:52Z"},"geometry":{"type":"Point","coordinates":[-7.882268636367098,40.6576702]}},{"type":"Feature","properties":{"assetId":"PT-substation-way-137667702","countryCode":"PT","assetType":"substation","powerType":"substation","osmType":"way","osmId":"137667702","actualVoltagesKv":[60,220],"actualVoltageKv":220,"gridClass":"154","displayClass":"154 kV sınıfı","name":"Subestação de Vila Chã","ref":"SVC","operator":"REN","from":null,"to":null,"displayLabel":"Subestação de Vila Chã","labelSource":"osm-name","voltageRaw":"220000;60000","circuits":null,"cables":null,"frequency":"50","location":"outdoor","sourceProvider":"OpenStreetMap Overpass API","sourceFallback":"ArcGIS structures layer omits polygon/way substations","sourceLicense":"ODbL 1.0","osmTimestamp":"2024-11-14T15:42:28Z"},"geometry":{"type":"Point","coordinates":[-7.738704337462982,40.4482603]}},{"type":"Feature","properties":{"assetId":"PT-substation-way-139268216","countryCode":"PT","assetType":"substation","powerType":"substation","osmType":"way","osmId":"139268216","actualVoltagesKv":[15,30,60],"actualVoltageKv":60,"gridClass":"154","displayClass":"154 kV sınıfı","name":"Subestação Atouguia","ref":"1014S5001200","operator":"E-REDES","from":null,"to":null,"displayLabel":"Subestação Atouguia","labelSource":"osm-name","voltageRaw":"60000;30000;15000","circuits":null,"cables":null,"frequency":"50","location":"outdoor","sourceProvider":"OpenStreetMap Overpass API","sourceFallback":"ArcGIS structures layer omits polygon/way substations","sourceLicense":"ODbL 1.0","osmTimestamp":"2026-02-24T12:29:46Z"},"geometry":{"type":"Point","coordinates":[-9.319219126787413,39.3267528]}},{"type":"Feature","properties":{"assetId":"PT-substation-way-1394006714","countryCode":"PT","assetType":"substation","powerType":"substation","osmType":"way","osmId":"1394006714","actualVoltagesKv":[60],"actualVoltageKv":60,"gridClass":"154","displayClass":"154 kV sınıfı","name":null,"ref":null,"operator":"E-REDES","from":null,"to":null,"displayLabel":"E-REDES · 60 kV · OSM 1394006714","labelSource":"generated-identifier","voltageRaw":"60000","circuits":null,"cables":null,"frequency":null,"location":null,"sourceProvider":"OpenStreetMap Overpass API","sourceFallback":"ArcGIS structures layer omits polygon/way substations","sourceLicense":"ODbL 1.0","osmTimestamp":"2026-02-24T12:31:17Z"},"geometry":{"type":"Point","coordinates":[-9.19133014863226,38.79319545]}},{"type":"Feature","properties":{"assetId":"PT-substation-way-1394019121","countryCode":"PT","assetType":"substation","powerType":"substation","osmType":"way","osmId":"1394019121","actualVoltagesKv":[60],"actualVoltageKv":60,"gridClass":"154","displayClass":"154 kV sınıfı","name":"Posto de Seccionamento Almonda","ref":null,"operator":"E-REDES","from":null,"to":null,"displayLabel":"Posto de Seccionamento Almonda","labelSource":"osm-name","voltageRaw":"60000","circuits":null,"cables":null,"frequency":null,"location":"outdoor","sourceProvider":"OpenStreetMap Overpass API","sourceFallback":"ArcGIS structures layer omits polygon/way substations","sourceLicense":"ODbL 1.0","osmTimestamp":"2026-02-24T12:31:17Z"},"geometry":{"type":"Point","coordinates":[-8.614738256876194,39.49392885]}},{"type":"Feature","properties":{"assetId":"PT-substation-way-1394030077","countryCode":"PT","assetType":"substation","powerType":"substation","osmType":"way","osmId":"1394030077","actualVoltagesKv":[60],"actualVoltageKv":60,"gridClass":"154","displayClass":"154 kV sınıfı","name":"Subestação do Sobreequipamento do Parque Eólico do Caramulo","ref":null,"operator":"Generg Ventos do Caramulo, Sobre-Equipamento, S. A.","from":null,"to":null,"displayLabel":"Subestação do Sobreequipamento do Parque Eólico do Caramulo","labelSource":"osm-name","voltageRaw":"60000","circuits":null,"cables":null,"frequency":null,"location":null,"sourceProvider":"OpenStreetMap Overpass API","sourceFallback":"ArcGIS structures layer omits polygon/way substations","sourceLicense":"ODbL 1.0","osmTimestamp":"2026-01-22T12:36:57Z"},"geometry":{"type":"Point","coordinates":[-8.159731433082074,40.6029338]}},{"type":"Feature","properties":{"assetId":"PT-substation-way-1395533221","countryCode":"PT","assetType":"substation","powerType":"substation","osmType":"way","osmId":"1395533221","actualVoltagesKv":[30,60],"actualVoltageKv":60,"gridClass":"154","displayClass":"154 kV sınıfı","name":"Subestação da Central Solar Fotovoltaica de Valpaços","ref":null,"operator":"GreenVenture","from":null,"to":null,"displayLabel":"Subestação da Central Solar Fotovoltaica de Valpaços","labelSource":"osm-name","voltageRaw":"60000;30000","circuits":null,"cables":null,"frequency":null,"location":null,"sourceProvider":"OpenStreetMap Overpass API","sourceFallback":"ArcGIS structures layer omits polygon/way substations","sourceLicense":"ODbL 1.0","osmTimestamp":"2026-06-29T11:53:02Z"},"geometry":{"type":"Point","coordinates":[-7.326483774862132,41.6318005]}},{"type":"Feature","properties":{"assetId":"PT-substation-way-1395568378","countryCode":"PT","assetType":"substation","powerType":"substation","osmType":"way","osmId":"1395568378","actualVoltagesKv":[60],"actualVoltageKv":60,"gridClass":"154","displayClass":"154 kV sınıfı","name":"Subestação da Central Solar Fotovoltaica do Rolhão","ref":null,"operator":null,"from":null,"to":null,"displayLabel":"Subestação da Central Solar Fotovoltaica do Rolhão","labelSource":"osm-name","voltageRaw":"60000","circuits":null,"cables":null,"frequency":null,"location":null,"sourceProvider":"OpenStreetMap Overpass API","sourceFallback":"ArcGIS structures layer omits polygon/way substations","sourceLicense":"ODbL 1.0","osmTimestamp":"2026-04-22T18:39:17Z"},"geometry":{"type":"Point","coordinates":[-8.584654386861315,40.049553599999996]}},{"type":"Feature","properties":{"assetId":"PT-substation-way-1395593229","countryCode":"PT","assetType":"substation","powerType":"substation","osmType":"way","osmId":"1395593229","actualVoltagesKv":[60],"actualVoltageKv":60,"gridClass":"154","displayClass":"154 kV sınıfı","name":"Subestação Navigator Tissue","ref":null,"operator":"The Navigator Company","from":null,"to":null,"displayLabel":"Subestação Navigator Tissue","labelSource":"osm-name","voltageRaw":"60000","circuits":null,"cables":null,"frequency":null,"location":null,"sourceProvider":"OpenStreetMap Overpass API","sourceFallback":"ArcGIS structures layer omits polygon/way substations","sourceLicense":"ODbL 1.0","osmTimestamp":"2025-06-15T20:39:00Z"},"geometry":{"type":"Point","coordinates":[-8.589528650000002,40.6854658]}},{"type":"Feature","properties":{"assetId":"PT-substation-way-1395618185","countryCode":"PT","assetType":"substation","powerType":"substation","osmType":"way","osmId":"1395618185","actualVoltagesKv":[30,60],"actualVoltageKv":60,"gridClass":"154","displayClass":"154 kV sınıfı","name":"Subestação de Sines","ref":"1513S5907600","operator":"E-REDES","from":null,"to":null,"displayLabel":"Subestação de Sines","labelSource":"osm-name","voltageRaw":"60000;30000","circuits":null,"cables":null,"frequency":null,"location":null,"sourceProvider":"OpenStreetMap Overpass API","sourceFallback":"ArcGIS structures layer omits polygon/way substations","sourceLicense":"ODbL 1.0","osmTimestamp":"2026-02-24T12:31:19Z"},"geometry":{"type":"Point","coordinates":[-8.786385744354227,37.945196499999994]}},{"type":"Feature","properties":{"assetId":"PT-substation-way-1395687916","countryCode":"PT","assetType":"substation","powerType":"substation","osmType":"way","osmId":"1395687916","actualVoltagesKv":[60],"actualVoltageKv":60,"gridClass":"154","displayClass":"154 kV sınıfı","name":"Subestação da Start Campus","ref":null,"operator":null,"from":null,"to":null,"displayLabel":"Subestação da Start Campus","labelSource":"osm-name","voltageRaw":"60000","circuits":null,"cables":null,"frequency":null,"location":null,"sourceProvider":"OpenStreetMap Overpass API","sourceFallback":"ArcGIS structures layer omits polygon/way substations","sourceLicense":"ODbL 1.0","osmTimestamp":"2025-06-16T21:09:37Z"},"geometry":{"type":"Point","coordinates":[-8.811836299999992,37.936229999999995]}},{"type":"Feature","properties":{"assetId":"PT-substation-way-1395754481","countryCode":"PT","assetType":"substation","powerType":"substation","osmType":"way","osmId":"1395754481","actualVoltagesKv":[60],"actualVoltageKv":60,"gridClass":"154","displayClass":"154 kV sınıfı","name":"Subestação SECIL","ref":null,"operator":"SECIL","from":null,"to":null,"displayLabel":"Subestação SECIL","labelSource":"osm-name","voltageRaw":"60000","circuits":null,"cables":null,"frequency":null,"location":null,"sourceProvider":"OpenStreetMap Overpass API","sourceFallback":"ArcGIS structures layer omits polygon/way substations","sourceLicense":"ODbL 1.0","osmTimestamp":"2025-06-16T15:13:26Z"},"geometry":{"type":"Point","coordinates":[-8.8990197,39.6801683]}},{"type":"Feature","properties":{"assetId":"PT-substation-way-1395783949","countryCode":"PT","assetType":"substation","powerType":"substation","osmType":"way","osmId":"1395783949","actualVoltagesKv":[60],"actualVoltageKv":60,"gridClass":"154","displayClass":"154 kV sınıfı","name":"Subestação de Alpiarça","ref":null,"operator":"E-REDES","from":null,"to":null,"displayLabel":"Subestação de Alpiarça","labelSource":"osm-name","voltageRaw":"60000","circuits":null,"cables":null,"frequency":null,"location":null,"sourceProvider":"OpenStreetMap Overpass API","sourceFallback":"ArcGIS structures layer omits polygon/way substations","sourceLicense":"ODbL 1.0","osmTimestamp":"2026-04-23T10:41:49Z"},"geometry":{"type":"Point","coordinates":[-8.552661124549806,39.267427049999995]}},{"type":"Feature","properties":{"assetId":"PT-substation-way-1395783953","countryCode":"PT","assetType":"substation","powerType":"substation","osmType":"way","osmId":"1395783953","actualVoltagesKv":[60],"actualVoltageKv":60,"gridClass":"154","displayClass":"154 kV sınıfı","name":"Subestação da Central Solar Fotovoltaica de Pombal","ref":null,"operator":null,"from":null,"to":null,"displayLabel":"Subestação da Central Solar Fotovoltaica de Pombal","labelSource":"osm-name","voltageRaw":"60000","circuits":null,"cables":null,"frequency":null,"location":null,"sourceProvider":"OpenStreetMap Overpass API","sourceFallback":"ArcGIS structures layer omits polygon/way substations","sourceLicense":"ODbL 1.0","osmTimestamp":"2025-06-16T17:36:50Z"},"geometry":{"type":"Point","coordinates":[-8.64668365,39.944377]}},{"type":"Feature","properties":{"assetId":"PT-substation-way-1395835447","countryCode":"PT","assetType":"substation","powerType":"substation","osmType":"way","osmId":"1395835447","actualVoltagesKv":[60],"actualVoltageKv":60,"gridClass":"154","displayClass":"154 kV sınıfı","name":"Subestação da Hanon Systems","ref":null,"operator":null,"from":null,"to":null,"displayLabel":"Subestação da Hanon Systems","labelSource":"osm-name","voltageRaw":"60000","circuits":null,"cables":null,"frequency":null,"location":null,"sourceProvider":"OpenStreetMap Overpass API","sourceFallback":"ArcGIS structures layer omits polygon/way substations","sourceLicense":"ODbL 1.0","osmTimestamp":"2025-06-16T21:09:37Z"},"geometry":{"type":"Point","coordinates":[-8.90026051028325,38.59523215]}},{"type":"Feature","properties":{"assetId":"PT-substation-way-1395835449","countryCode":"PT","assetType":"substation","powerType":"substation","osmType":"way","osmId":"1395835449","actualVoltagesKv":[60],"actualVoltageKv":60,"gridClass":"154","displayClass":"154 kV sınıfı","name":"Subestação da Sifucel Silicas","ref":null,"operator":null,"from":null,"to":null,"displayLabel":"Subestação da Sifucel Silicas","labelSource":"osm-name","voltageRaw":"60000","circuits":null,"cables":null,"frequency":null,"location":null,"sourceProvider":"OpenStreetMap Overpass API","sourceFallback":"ArcGIS structures layer omits polygon/way substations","sourceLicense":"ODbL 1.0","osmTimestamp":"2025-06-16T21:09:37Z"},"geometry":{"type":"Point","coordinates":[-8.909383726132077,39.31679895]}},{"type":"Feature","properties":{"assetId":"PT-substation-way-1395835454","countryCode":"PT","assetType":"substation","powerType":"substation","osmType":"way","osmId":"1395835454","actualVoltagesKv":[60],"actualVoltageKv":60,"gridClass":"154","displayClass":"154 kV sınıfı","name":"Subestação da Mercadona - Bloco Logístico de Almeirim","ref":null,"operator":null,"from":null,"to":null,"displayLabel":"Subestação da Mercadona - Bloco Logístico de Almeirim","labelSource":"osm-name","voltageRaw":"60000","circuits":null,"cables":null,"frequency":null,"location":null,"sourceProvider":"OpenStreetMap Overpass API","sourceFallback":"ArcGIS structures layer omits polygon/way substations","sourceLicense":"ODbL 1.0","osmTimestamp":"2025-06-16T21:09:37Z"},"geometry":{"type":"Point","coordinates":[-8.609096673177932,39.17098245]}},{"type":"Feature","properties":{"assetId":"PT-substation-way-1395835457","countryCode":"PT","assetType":"substation","powerType":"substation","osmType":"way","osmId":"1395835457","actualVoltagesKv":[60],"actualVoltageKv":60,"gridClass":"154","displayClass":"154 kV sınıfı","name":"Subestação da Central Fotovoltaica de Alcochete I","ref":null,"operator":null,"from":null,"to":null,"displayLabel":"Subestação da Central Fotovoltaica de Alcochete I","labelSource":"osm-name","voltageRaw":"60000","circuits":null,"cables":null,"frequency":null,"location":null,"sourceProvider":"OpenStreetMap Overpass API","sourceFallback":"ArcGIS structures layer omits polygon/way substations","sourceLicense":"ODbL 1.0","osmTimestamp":"2026-04-15T11:45:27Z"},"geometry":{"type":"Point","coordinates":[-8.900321047429308,38.69626895]}},{"type":"Feature","properties":{"assetId":"PT-substation-way-1395835462","countryCode":"PT","assetType":"substation","powerType":"substation","osmType":"way","osmId":"1395835462","actualVoltagesKv":[60],"actualVoltageKv":60,"gridClass":"154","displayClass":"154 kV sınıfı","name":"Subestação da Central Fotovoltaica Montechoro II","ref":null,"operator":null,"from":null,"to":null,"displayLabel":"Subestação da Central Fotovoltaica Montechoro II","labelSource":"osm-name","voltageRaw":"60000","circuits":null,"cables":null,"frequency":null,"location":null,"sourceProvider":"OpenStreetMap Overpass API","sourceFallback":"ArcGIS structures layer omits polygon/way substations","sourceLicense":"ODbL 1.0","osmTimestamp":"2025-06-16T21:09:37Z"},"geometry":{"type":"Point","coordinates":[-8.2203752,37.14389490000001]}},{"type":"Feature","properties":{"assetId":"PT-substation-way-1395946225","countryCode":"PT","assetType":"substation","powerType":"substation","osmType":"way","osmId":"1395946225","actualVoltagesKv":[60],"actualVoltageKv":60,"gridClass":"154","displayClass":"154 kV sınıfı","name":"Subestação da Reboleira","ref":null,"operator":"E-REDES","from":null,"to":null,"displayLabel":"Subestação da Reboleira","labelSource":"osm-name","voltageRaw":"60000","circuits":null,"cables":null,"frequency":null,"location":null,"sourceProvider":"OpenStreetMap Overpass API","sourceFallback":"ArcGIS structures layer omits polygon/way substations","sourceLicense":"ODbL 1.0","osmTimestamp":"2026-02-24T12:31:19Z"},"geometry":{"type":"Point","coordinates":[-9.232342500390049,38.752435250000005]}},{"type":"Feature","properties":{"assetId":"PT-substation-way-1395998498","countryCode":"PT","assetType":"substation","powerType":"substation","osmType":"way","osmId":"1395998498","actualVoltagesKv":[60],"actualVoltageKv":60,"gridClass":"154","displayClass":"154 kV sınıfı","name":"Posto de Seccionamento Palhavã","ref":null,"operator":"E-REDES","from":null,"to":null,"displayLabel":"Posto de Seccionamento Palhavã","labelSource":"osm-name","voltageRaw":"60000","circuits":null,"cables":null,"frequency":null,"location":null,"sourceProvider":"OpenStreetMap Overpass API","sourceFallback":"ArcGIS structures layer omits polygon/way substations","sourceLicense":"ODbL 1.0","osmTimestamp":"2026-02-24T12:31:19Z"},"geometry":{"type":"Point","coordinates":[-9.170314037289906,38.73922095]}},{"type":"Feature","properties":{"assetId":"PT-substation-way-1396045258","countryCode":"PT","assetType":"substation","powerType":"substation","osmType":"way","osmId":"1396045258","actualVoltagesKv":[60],"actualVoltageKv":60,"gridClass":"154","displayClass":"154 kV sınıfı","name":"Subestação Crisal","ref":null,"operator":"Crisal","from":null,"to":null,"displayLabel":"Subestação Crisal","labelSource":"osm-name","voltageRaw":"60000","circuits":null,"cables":null,"frequency":null,"location":null,"sourceProvider":"OpenStreetMap Overpass API","sourceFallback":"ArcGIS structures layer omits polygon/way substations","sourceLicense":"ODbL 1.0","osmTimestamp":"2025-06-17T17:02:37Z"},"geometry":{"type":"Point","coordinates":[-8.930225844565346,39.72334125]}},{"type":"Feature","properties":{"assetId":"PT-substation-way-1396045261","countryCode":"PT","assetType":"substation","powerType":"substation","osmType":"way","osmId":"1396045261","actualVoltagesKv":[60],"actualVoltageKv":60,"gridClass":"154","displayClass":"154 kV sınıfı","name":"Subestação Barbosa e Almeida","ref":null,"operator":null,"from":null,"to":null,"displayLabel":"Subestação Barbosa e Almeida","labelSource":"osm-name","voltageRaw":"60000","circuits":null,"cables":null,"frequency":null,"location":null,"sourceProvider":"OpenStreetMap Overpass API","sourceFallback":"ArcGIS structures layer omits polygon/way substations","sourceLicense":"ODbL 1.0","osmTimestamp":"2025-06-17T17:02:37Z"},"geometry":{"type":"Point","coordinates":[-9.219108193737963,38.75370595]}},{"type":"Feature","properties":{"assetId":"PT-substation-way-1396247351","countryCode":"PT","assetType":"substation","powerType":"substation","osmType":"way","osmId":"1396247351","actualVoltagesKv":[60],"actualVoltageKv":60,"gridClass":"154","displayClass":"154 kV sınıfı","name":null,"ref":null,"operator":null,"from":null,"to":null,"displayLabel":"60 kV · OSM 1396247351","labelSource":"generated-identifier","voltageRaw":"60000","circuits":null,"cables":null,"frequency":null,"location":null,"sourceProvider":"OpenStreetMap Overpass API","sourceFallback":"ArcGIS structures layer omits polygon/way substations","sourceLicense":"ODbL 1.0","osmTimestamp":"2025-06-18T14:57:09Z"},"geometry":{"type":"Point","coordinates":[-9.27594195,39.1375227]}},{"type":"Feature","properties":{"assetId":"PT-substation-way-1412788616","countryCode":"PT","assetType":"substation","powerType":"substation","osmType":"way","osmId":"1412788616","actualVoltagesKv":[220],"actualVoltageKv":220,"gridClass":"154","displayClass":"154 kV sınıfı","name":"Subestação da Central Solar Fotovoltaica do Carregado","ref":null,"operator":null,"from":null,"to":null,"displayLabel":"Subestação da Central Solar Fotovoltaica do Carregado","labelSource":"osm-name","voltageRaw":"220000","circuits":null,"cables":null,"frequency":null,"location":null,"sourceProvider":"OpenStreetMap Overpass API","sourceFallback":"ArcGIS structures layer omits polygon/way substations","sourceLicense":"ODbL 1.0","osmTimestamp":"2026-03-31T13:39:38Z"},"geometry":{"type":"Point","coordinates":[-8.967944799411649,39.1254505]}},{"type":"Feature","properties":{"assetId":"PT-substation-way-1416348554","countryCode":"PT","assetType":"substation","powerType":"substation","osmType":"way","osmId":"1416348554","actualVoltagesKv":[60],"actualVoltageKv":60,"gridClass":"154","displayClass":"154 kV sınıfı","name":"Subestação do Parque Eólico da Azinheira","ref":null,"operator":"Finerge","from":null,"to":null,"displayLabel":"Subestação do Parque Eólico da Azinheira","labelSource":"osm-name","voltageRaw":"60000","circuits":null,"cables":null,"frequency":null,"location":null,"sourceProvider":"OpenStreetMap Overpass API","sourceFallback":"ArcGIS structures layer omits polygon/way substations","sourceLicense":"ODbL 1.0","osmTimestamp":"2025-10-25T20:45:07Z"},"geometry":{"type":"Point","coordinates":[-8.057510650000001,41.42856515]}},{"type":"Feature","properties":{"assetId":"PT-substation-way-1416350661","countryCode":"PT","assetType":"substation","powerType":"substation","osmType":"way","osmId":"1416350661","actualVoltagesKv":[60],"actualVoltageKv":60,"gridClass":"154","displayClass":"154 kV sınıfı","name":"Subestação do Parque Eólico da Alagoa de Cima","ref":null,"operator":null,"from":null,"to":null,"displayLabel":"Subestação do Parque Eólico da Alagoa de Cima","labelSource":"osm-name","voltageRaw":"60000","circuits":null,"cables":null,"frequency":null,"location":null,"sourceProvider":"OpenStreetMap Overpass API","sourceFallback":"ArcGIS structures layer omits polygon/way substations","sourceLicense":"ODbL 1.0","osmTimestamp":"2025-07-21T17:08:37Z"},"geometry":{"type":"Point","coordinates":[-8.432142797829975,41.97269195]}},{"type":"Feature","properties":{"assetId":"PT-substation-way-1416369381","countryCode":"PT","assetType":"substation","powerType":"substation","osmType":"way","osmId":"1416369381","actualVoltagesKv":[60],"actualVoltageKv":60,"gridClass":"154","displayClass":"154 kV sınıfı","name":"Subestação do Parque Eólico de Malhadas / Góis","ref":null,"operator":"Nadara","from":null,"to":null,"displayLabel":"Subestação do Parque Eólico de Malhadas / Góis","labelSource":"osm-name","voltageRaw":"60000","circuits":null,"cables":null,"frequency":null,"location":null,"sourceProvider":"OpenStreetMap Overpass API","sourceFallback":"ArcGIS structures layer omits polygon/way substations","sourceLicense":"ODbL 1.0","osmTimestamp":"2026-05-18T13:48:18Z"},"geometry":{"type":"Point","coordinates":[-8.066757598977414,40.086960899999994]}},{"type":"Feature","properties":{"assetId":"PT-substation-way-1416388797","countryCode":"PT","assetType":"substation","powerType":"substation","osmType":"way","osmId":"1416388797","actualVoltagesKv":[60],"actualVoltageKv":60,"gridClass":"154","displayClass":"154 kV sınıfı","name":"Subestação do Parque Eólico de Cadafaz / Góis","ref":null,"operator":"EDP Renováveis","from":null,"to":null,"displayLabel":"Subestação do Parque Eólico de Cadafaz / Góis","labelSource":"osm-name","voltageRaw":"60000","circuits":null,"cables":null,"frequency":null,"location":null,"sourceProvider":"OpenStreetMap Overpass API","sourceFallback":"ArcGIS structures layer omits polygon/way substations","sourceLicense":"ODbL 1.0","osmTimestamp":"2025-10-26T13:53:12Z"},"geometry":{"type":"Point","coordinates":[-8.046121397687243,40.10312975]}},{"type":"Feature","properties":{"assetId":"PT-substation-way-142182853","countryCode":"PT","assetType":"substation","powerType":"substation","osmType":"way","osmId":"142182853","actualVoltagesKv":[60,220,400],"actualVoltageKv":400,"gridClass":"400","displayClass":"400 kV sınıfı","name":"Subestação de Vermoim","ref":"SVM","operator":"REN","from":null,"to":null,"displayLabel":"Subestação de Vermoim","labelSource":"osm-name","voltageRaw":"400000;220000;60000","circuits":null,"cables":null,"frequency":"50","location":"outdoor","sourceProvider":"OpenStreetMap Overpass API","sourceFallback":"ArcGIS structures layer omits polygon/way substations","sourceLicense":"ODbL 1.0","osmTimestamp":"2025-12-23T01:23:40Z"},"geometry":{"type":"Point","coordinates":[-8.604788716933436,41.23053285]}},{"type":"Feature","properties":{"assetId":"PT-substation-way-1421833203","countryCode":"PT","assetType":"substation","powerType":"substation","osmType":"way","osmId":"1421833203","actualVoltagesKv":[400],"actualVoltageKv":400,"gridClass":"400","displayClass":"400 kV sınıfı","name":"Subestação da Central Hidroelétrica do Alto Tâmega","ref":null,"operator":"Iberdrola","from":null,"to":null,"displayLabel":"Subestação da Central Hidroelétrica do Alto Tâmega","labelSource":"osm-name","voltageRaw":"400000","circuits":null,"cables":null,"frequency":null,"location":null,"sourceProvider":"OpenStreetMap Overpass API","sourceFallback":"ArcGIS structures layer omits polygon/way substations","sourceLicense":"ODbL 1.0","osmTimestamp":"2025-09-19T17:53:02Z"},"geometry":{"type":"Point","coordinates":[-7.7312607,41.5738354]}},{"type":"Feature","properties":{"assetId":"PT-substation-way-1422828550","countryCode":"PT","assetType":"substation","powerType":"substation","osmType":"way","osmId":"1422828550","actualVoltagesKv":[10,220],"actualVoltageKv":220,"gridClass":"154","displayClass":"154 kV sınıfı","name":"Subestação da Central Hidroelétrica do Torrão","ref":null,"operator":"Energias de Portugal","from":null,"to":null,"displayLabel":"Subestação da Central Hidroelétrica do Torrão","labelSource":"osm-name","voltageRaw":"10000;220000","circuits":null,"cables":null,"frequency":null,"location":"outdoor","sourceProvider":"OpenStreetMap Overpass API","sourceFallback":"ArcGIS structures layer omits polygon/way substations","sourceLicense":"ODbL 1.0","osmTimestamp":"2025-09-24T20:42:42Z"},"geometry":{"type":"Point","coordinates":[-8.262775287169685,41.09636295]}},{"type":"Feature","properties":{"assetId":"PT-substation-way-1427738452","countryCode":"PT","assetType":"substation","powerType":"substation","osmType":"way","osmId":"1427738452","actualVoltagesKv":[10,150],"actualVoltageKv":150,"gridClass":"154","displayClass":"154 kV sınıfı","name":"Subestação da Central Hidroelétrica da Caniçada","ref":null,"operator":"Energias de Portugal","from":null,"to":null,"displayLabel":"Subestação da Central Hidroelétrica da Caniçada","labelSource":"osm-name","voltageRaw":"150000;10000","circuits":null,"cables":null,"frequency":null,"location":null,"sourceProvider":"OpenStreetMap Overpass API","sourceFallback":"ArcGIS structures layer omits polygon/way substations","sourceLicense":"ODbL 1.0","osmTimestamp":"2025-09-07T18:00:57Z"},"geometry":{"type":"Point","coordinates":[-8.233832112941535,41.6537366]}},{"type":"Feature","properties":{"assetId":"PT-substation-way-1427742384","countryCode":"PT","assetType":"substation","powerType":"substation","osmType":"way","osmId":"1427742384","actualVoltagesKv":[60],"actualVoltageKv":60,"gridClass":"154","displayClass":"154 kV sınıfı","name":"Subestação da Central Hidroelétrica do Desterro","ref":null,"operator":"Energias de Portugal","from":null,"to":null,"displayLabel":"Subestação da Central Hidroelétrica do Desterro","labelSource":"osm-name","voltageRaw":"60000","circuits":null,"cables":null,"frequency":null,"location":"outdoor","sourceProvider":"OpenStreetMap Overpass API","sourceFallback":"ArcGIS structures layer omits polygon/way substations","sourceLicense":"ODbL 1.0","osmTimestamp":"2026-04-01T19:11:47Z"},"geometry":{"type":"Point","coordinates":[-7.687326624928677,40.3980902]}},{"type":"Feature","properties":{"assetId":"PT-substation-way-1428862027","countryCode":"PT","assetType":"substation","powerType":"substation","osmType":"way","osmId":"1428862027","actualVoltagesKv":[6,60],"actualVoltageKv":60,"gridClass":"154","displayClass":"154 kV sınıfı","name":"Subestação da Central Hidroelétrica de Touvedo","ref":null,"operator":"Energias de Portugal","from":null,"to":null,"displayLabel":"Subestação da Central Hidroelétrica de Touvedo","labelSource":"osm-name","voltageRaw":"60000;6000","circuits":null,"cables":null,"frequency":null,"location":null,"sourceProvider":"OpenStreetMap Overpass API","sourceFallback":"ArcGIS structures layer omits polygon/way substations","sourceLicense":"ODbL 1.0","osmTimestamp":"2025-09-10T20:31:49Z"},"geometry":{"type":"Point","coordinates":[-8.354114150000001,41.8121208]}},{"type":"Feature","properties":{"assetId":"PT-substation-way-1428869711","countryCode":"PT","assetType":"substation","powerType":"substation","osmType":"way","osmId":"1428869711","actualVoltagesKv":[5,60],"actualVoltageKv":60,"gridClass":"154","displayClass":"154 kV sınıfı","name":"Subestação da Central Hidroelétrica de Varosa","ref":null,"operator":"Energias de Portugal","from":null,"to":null,"displayLabel":"Subestação da Central Hidroelétrica de Varosa","labelSource":"osm-name","voltageRaw":"60000;5000","circuits":null,"cables":null,"frequency":null,"location":null,"sourceProvider":"OpenStreetMap Overpass API","sourceFallback":"ArcGIS structures layer omits polygon/way substations","sourceLicense":"ODbL 1.0","osmTimestamp":"2025-09-10T21:16:18Z"},"geometry":{"type":"Point","coordinates":[-7.775427815230076,41.140615749999995]}},{"type":"Feature","properties":{"assetId":"PT-substation-way-143055973","countryCode":"PT","assetType":"substation","powerType":"substation","osmType":"way","osmId":"143055973","actualVoltagesKv":[10,60],"actualVoltageKv":60,"gridClass":"154","displayClass":"154 kV sınıfı","name":"Subestação do Estoril","ref":"1105S5376000","operator":"E-REDES","from":null,"to":null,"displayLabel":"Subestação do Estoril","labelSource":"osm-name","voltageRaw":"60000;10000","circuits":null,"cables":null,"frequency":null,"location":null,"sourceProvider":"OpenStreetMap Overpass API","sourceFallback":"ArcGIS structures layer omits polygon/way substations","sourceLicense":"ODbL 1.0","osmTimestamp":"2026-02-24T12:29:46Z"},"geometry":{"type":"Point","coordinates":[-9.395802248473968,38.7047124]}},{"type":"Feature","properties":{"assetId":"PT-substation-way-1430887654","countryCode":"PT","assetType":"substation","powerType":"substation","osmType":"way","osmId":"1430887654","actualVoltagesKv":[15,60],"actualVoltageKv":60,"gridClass":"154","displayClass":"154 kV sınıfı","name":"Subestação de Paranhos","ref":"1312S5014000","operator":"E-REDES","from":null,"to":null,"displayLabel":"Subestação de Paranhos","labelSource":"osm-name","voltageRaw":"60000;15000","circuits":null,"cables":null,"frequency":null,"location":null,"sourceProvider":"OpenStreetMap Overpass API","sourceFallback":"ArcGIS structures layer omits polygon/way substations","sourceLicense":"ODbL 1.0","osmTimestamp":"2026-04-15T12:09:26Z"},"geometry":{"type":"Point","coordinates":[-8.600831262908695,41.172954649999994]}},{"type":"Feature","properties":{"assetId":"PT-substation-way-1432512047","countryCode":"PT","assetType":"substation","powerType":"substation","osmType":"way","osmId":"1432512047","actualVoltagesKv":[60],"actualVoltageKv":60,"gridClass":"154","displayClass":"154 kV sınıfı","name":"Subestação do Catapereiro","ref":null,"operator":null,"from":null,"to":null,"displayLabel":"Subestação do Catapereiro","labelSource":"osm-name","voltageRaw":"60000","circuits":null,"cables":null,"frequency":null,"location":null,"sourceProvider":"OpenStreetMap Overpass API","sourceFallback":"ArcGIS structures layer omits polygon/way substations","sourceLicense":"ODbL 1.0","osmTimestamp":"2025-09-24T09:43:57Z"},"geometry":{"type":"Point","coordinates":[-7.24068155,41.140481]}},{"type":"Feature","properties":{"assetId":"PT-substation-way-1432654339","countryCode":"PT","assetType":"substation","powerType":"substation","osmType":"way","osmId":"1432654339","actualVoltagesKv":[60],"actualVoltageKv":60,"gridClass":"154","displayClass":"154 kV sınıfı","name":"Subestação do Sub-parque Eólico de Armamar II","ref":null,"operator":null,"from":null,"to":null,"displayLabel":"Subestação do Sub-parque Eólico de Armamar II","labelSource":"osm-name","voltageRaw":"60000","circuits":null,"cables":null,"frequency":null,"location":null,"sourceProvider":"OpenStreetMap Overpass API","sourceFallback":"ArcGIS structures layer omits polygon/way substations","sourceLicense":"ODbL 1.0","osmTimestamp":"2025-09-24T23:06:50Z"},"geometry":{"type":"Point","coordinates":[-7.65555947539029,41.08213415]}},{"type":"Feature","properties":{"assetId":"PT-substation-way-143572630","countryCode":"PT","assetType":"substation","powerType":"substation","osmType":"way","osmId":"143572630","actualVoltagesKv":[60],"actualVoltageKv":60,"gridClass":"154","displayClass":"154 kV sınıfı","name":"Subestação do Sub-parque Eólico da Serra da Nave","ref":null,"operator":"Finerge","from":null,"to":null,"displayLabel":"Subestação do Sub-parque Eólico da Serra da Nave","labelSource":"osm-name","voltageRaw":"60000","circuits":null,"cables":null,"frequency":"50","location":"outdoor","sourceProvider":"OpenStreetMap Overpass API","sourceFallback":"ArcGIS structures layer omits polygon/way substations","sourceLicense":"ODbL 1.0","osmTimestamp":"2025-10-25T20:45:07Z"},"geometry":{"type":"Point","coordinates":[-7.695839823717336,40.9361176]}},{"type":"Feature","properties":{"assetId":"PT-substation-way-144374439","countryCode":"PT","assetType":"substation","powerType":"substation","osmType":"way","osmId":"144374439","actualVoltagesKv":[60,220],"actualVoltageKv":220,"gridClass":"154","displayClass":"154 kV sınıfı","name":"Subestação de Carrapatelo","ref":"SCL","operator":"REN","from":null,"to":null,"displayLabel":"Subestação de Carrapatelo","labelSource":"osm-name","voltageRaw":"220000;60000","circuits":null,"cables":null,"frequency":"50","location":"outdoor","sourceProvider":"OpenStreetMap Overpass API","sourceFallback":"ArcGIS structures layer omits polygon/way substations","sourceLicense":"ODbL 1.0","osmTimestamp":"2025-09-05T21:08:22Z"},"geometry":{"type":"Point","coordinates":[-8.12942772008178,41.08193245]}},{"type":"Feature","properties":{"assetId":"PT-substation-way-144374442","countryCode":"PT","assetType":"substation","powerType":"substation","osmType":"way","osmId":"144374442","actualVoltagesKv":[60,220],"actualVoltageKv":220,"gridClass":"154","displayClass":"154 kV sınıfı","name":"Subestação de Estarreja","ref":"SEJ","operator":"REN","from":null,"to":null,"displayLabel":"Subestação de Estarreja","labelSource":"osm-name","voltageRaw":"220000;60000","circuits":null,"cables":null,"frequency":"50","location":"outdoor","sourceProvider":"OpenStreetMap Overpass API","sourceFallback":"ArcGIS structures layer omits polygon/way substations","sourceLicense":"ODbL 1.0","osmTimestamp":"2024-10-02T16:23:32Z"},"geometry":{"type":"Point","coordinates":[-8.554809116907895,40.78586815]}},{"type":"Feature","properties":{"assetId":"PT-substation-way-144377301","countryCode":"PT","assetType":"substation","powerType":"substation","osmType":"way","osmId":"144377301","actualVoltagesKv":[60,220],"actualVoltageKv":220,"gridClass":"154","displayClass":"154 kV sınıfı","name":"Subestação de Custóias","ref":"SCT","operator":"REN","from":null,"to":null,"displayLabel":"Subestação de Custóias","labelSource":"osm-name","voltageRaw":"220000;60000","circuits":null,"cables":null,"frequency":"50","location":"outdoor","sourceProvider":"OpenStreetMap Overpass API","sourceFallback":"ArcGIS structures layer omits polygon/way substations","sourceLicense":"ODbL 1.0","osmTimestamp":"2024-02-29T21:19:07Z"},"geometry":{"type":"Point","coordinates":[-8.64838946893451,41.19913885]}},{"type":"Feature","properties":{"assetId":"PT-substation-way-144377304","countryCode":"PT","assetType":"substation","powerType":"substation","osmType":"way","osmId":"144377304","actualVoltagesKv":[15,60],"actualVoltageKv":60,"gridClass":"154","displayClass":"154 kV sınıfı","name":"Subestação de Custóias","ref":"1308S5007600","operator":"E-REDES","from":null,"to":null,"displayLabel":"Subestação de Custóias","labelSource":"osm-name","voltageRaw":"60000;15000","circuits":null,"cables":null,"frequency":"50","location":"outdoor","sourceProvider":"OpenStreetMap Overpass API","sourceFallback":"ArcGIS structures layer omits polygon/way substations","sourceLicense":"ODbL 1.0","osmTimestamp":"2023-11-29T14:09:11Z"},"geometry":{"type":"Point","coordinates":[-8.646297055092933,41.1985733]}},{"type":"Feature","properties":{"assetId":"PT-substation-way-144385734","countryCode":"PT","assetType":"substation","powerType":"substation","osmType":"way","osmId":"144385734","actualVoltagesKv":[220,400],"actualVoltageKv":400,"gridClass":"400","displayClass":"400 kV sınıfı","name":"Subestação de Lagoaça","ref":"SLGC","operator":"REN","from":null,"to":null,"displayLabel":"Subestação de Lagoaça","labelSource":"osm-name","voltageRaw":"400000;220000","circuits":null,"cables":null,"frequency":"50","location":"outdoor","sourceProvider":"OpenStreetMap Overpass API","sourceFallback":"ArcGIS structures layer omits polygon/way substations","sourceLicense":"ODbL 1.0","osmTimestamp":"2024-02-29T21:19:07Z"},"geometry":{"type":"Point","coordinates":[-6.7381946824938606,41.219930000000005]}},{"type":"Feature","properties":{"assetId":"PT-substation-way-144385735","countryCode":"PT","assetType":"substation","powerType":"substation","osmType":"way","osmId":"144385735","actualVoltagesKv":[220],"actualVoltageKv":220,"gridClass":"154","displayClass":"154 kV sınıfı","name":"Posto de Corte de Picote","ref":"PCPT","operator":"REN","from":null,"to":null,"displayLabel":"Posto de Corte de Picote","labelSource":"osm-name","voltageRaw":"220000","circuits":null,"cables":null,"frequency":"50","location":"indoor","sourceProvider":"OpenStreetMap Overpass API","sourceFallback":"ArcGIS structures layer omits polygon/way substations","sourceLicense":"ODbL 1.0","osmTimestamp":"2024-11-15T19:00:52Z"},"geometry":{"type":"Point","coordinates":[-6.353779465796185,41.383030399999996]}},{"type":"Feature","properties":{"assetId":"PT-substation-way-144385776","countryCode":"PT","assetType":"substation","powerType":"substation","osmType":"way","osmId":"144385776","actualVoltagesKv":[220],"actualVoltageKv":220,"gridClass":"154","displayClass":"154 kV sınıfı","name":"Subestação de Miranda","ref":"CMD","operator":"Movhera","from":null,"to":null,"displayLabel":"Subestação de Miranda","labelSource":"osm-name","voltageRaw":"220000","circuits":null,"cables":null,"frequency":"50","location":"outdoor","sourceProvider":"OpenStreetMap Overpass API","sourceFallback":"ArcGIS structures layer omits polygon/way substations","sourceLicense":"ODbL 1.0","osmTimestamp":"2025-08-31T18:41:54Z"},"geometry":{"type":"Point","coordinates":[-6.266098424176926,41.488516000000004]}},{"type":"Feature","properties":{"assetId":"PT-substation-way-144386243","countryCode":"PT","assetType":"substation","powerType":"substation","osmType":"way","osmId":"144386243","actualVoltagesKv":[60,220],"actualVoltageKv":220,"gridClass":"154","displayClass":"154 kV sınıfı","name":"Subestação de Macedo de Cavaleiros","ref":"SMCC","operator":"REN","from":null,"to":null,"displayLabel":"Subestação de Macedo de Cavaleiros","labelSource":"osm-name","voltageRaw":"220000;60000","circuits":null,"cables":null,"frequency":"50","location":"outdoor","sourceProvider":"OpenStreetMap Overpass API","sourceFallback":"ArcGIS structures layer omits polygon/way substations","sourceLicense":"ODbL 1.0","osmTimestamp":"2024-11-13T22:54:05Z"},"geometry":{"type":"Point","coordinates":[-6.886548755222464,41.5008751]}},{"type":"Feature","properties":{"assetId":"PT-substation-way-144387430","countryCode":"PT","assetType":"substation","powerType":"substation","osmType":"way","osmId":"144387430","actualVoltagesKv":[60,220],"actualVoltageKv":220,"gridClass":"154","displayClass":"154 kV sınıfı","name":"Subestação de Mogadouro","ref":"SMG","operator":"REN","from":null,"to":null,"displayLabel":"Subestação de Mogadouro","labelSource":"osm-name","voltageRaw":"220000;60000","circuits":null,"cables":null,"frequency":"50","location":"outdoor","sourceProvider":"OpenStreetMap Overpass API","sourceFallback":"ArcGIS structures layer omits polygon/way substations","sourceLicense":"ODbL 1.0","osmTimestamp":"2024-10-03T16:59:55Z"},"geometry":{"type":"Point","coordinates":[-6.570103165696887,41.338070349999995]}},{"type":"Feature","properties":{"assetId":"PT-substation-way-144396412","countryCode":"PT","assetType":"substation","powerType":"substation","osmType":"way","osmId":"144396412","actualVoltagesKv":[220,400],"actualVoltageKv":400,"gridClass":"400","displayClass":"400 kV sınıfı","name":"Subestação de Armamar","ref":"SAMM","operator":"REN","from":null,"to":null,"displayLabel":"Subestação de Armamar","labelSource":"osm-name","voltageRaw":"400000;220000","circuits":null,"cables":null,"frequency":"50","location":"outdoor","sourceProvider":"OpenStreetMap Overpass API","sourceFallback":"ArcGIS structures layer omits polygon/way substations","sourceLicense":"ODbL 1.0","osmTimestamp":"2024-10-01T18:48:23Z"},"geometry":{"type":"Point","coordinates":[-7.662083976732774,41.101741950000005]}},{"type":"Feature","properties":{"assetId":"PT-substation-way-144396420","countryCode":"PT","assetType":"substation","powerType":"substation","osmType":"way","osmId":"144396420","actualVoltagesKv":[60,150,220],"actualVoltageKv":220,"gridClass":"154","displayClass":"154 kV sınıfı","name":"Subestação de Valdigem","ref":"SVG","operator":"REN","from":null,"to":null,"displayLabel":"Subestação de Valdigem","labelSource":"osm-name","voltageRaw":"220000;150000;60000","circuits":null,"cables":null,"frequency":"50","location":"outdoor","sourceProvider":"OpenStreetMap Overpass API","sourceFallback":"ArcGIS structures layer omits polygon/way substations","sourceLicense":"ODbL 1.0","osmTimestamp":"2024-11-14T13:52:30Z"},"geometry":{"type":"Point","coordinates":[-7.757884583205986,41.1386813]}},{"type":"Feature","properties":{"assetId":"PT-substation-way-144396428","countryCode":"PT","assetType":"substation","powerType":"substation","osmType":"way","osmId":"144396428","actualVoltagesKv":[220],"actualVoltageKv":220,"gridClass":"154","displayClass":"154 kV sınıfı","name":"Subestação da Central Hidroelétrica da Régua","ref":null,"operator":"Energias de Portugal","from":null,"to":null,"displayLabel":"Subestação da Central Hidroelétrica da Régua","labelSource":"osm-name","voltageRaw":"220000","circuits":null,"cables":null,"frequency":"50","location":"outdoor","sourceProvider":"OpenStreetMap Overpass API","sourceFallback":"ArcGIS structures layer omits polygon/way substations","sourceLicense":"ODbL 1.0","osmTimestamp":"2025-09-24T20:41:33Z"},"geometry":{"type":"Point","coordinates":[-7.737937040732495,41.1475504]}},{"type":"Feature","properties":{"assetId":"PT-substation-way-144396432","countryCode":"PT","assetType":"substation","powerType":"substation","osmType":"way","osmId":"144396432","actualVoltagesKv":[11,30,150],"actualVoltageKv":150,"gridClass":"154","displayClass":"154 kV sınıfı","name":"Subestação da Central Hidroelétrica de Vilar-Tabuaço","ref":null,"operator":"Energias de Portugal","from":null,"to":null,"displayLabel":"Subestação da Central Hidroelétrica de Vilar-Tabuaço","labelSource":"osm-name","voltageRaw":"150000;30000;11000","circuits":null,"cables":null,"frequency":null,"location":"outdoor","sourceProvider":"OpenStreetMap Overpass API","sourceFallback":"ArcGIS structures layer omits polygon/way substations","sourceLicense":"ODbL 1.0","osmTimestamp":"2026-01-22T15:48:54Z"},"geometry":{"type":"Point","coordinates":[-7.5516849405150825,41.113249800000006]}},{"type":"Feature","properties":{"assetId":"PT-substation-way-144398555","countryCode":"PT","assetType":"substation","powerType":"substation","osmType":"way","osmId":"144398555","actualVoltagesKv":[60,220],"actualVoltageKv":220,"gridClass":"154","displayClass":"154 kV sınıfı","name":"Subestação de Vila Pouca de Aguiar","ref":"SVPA","operator":"REN","from":null,"to":null,"displayLabel":"Subestação de Vila Pouca de Aguiar","labelSource":"osm-name","voltageRaw":"220000;60000","circuits":null,"cables":null,"frequency":"50","location":"outdoor","sourceProvider":"OpenStreetMap Overpass API","sourceFallback":"ArcGIS structures layer omits polygon/way substations","sourceLicense":"ODbL 1.0","osmTimestamp":"2024-02-29T21:19:07Z"},"geometry":{"type":"Point","coordinates":[-7.62168344288316,41.4726185]}},{"type":"Feature","properties":{"assetId":"PT-substation-way-144398746","countryCode":"PT","assetType":"substation","powerType":"substation","osmType":"way","osmId":"144398746","actualVoltagesKv":[60,220],"actualVoltageKv":220,"gridClass":"154","displayClass":"154 kV sınıfı","name":"Subestação de São Martinho","ref":null,"operator":"Finerge","from":null,"to":null,"displayLabel":"Subestação de São Martinho","labelSource":"osm-name","voltageRaw":"220000;60000","circuits":null,"cables":null,"frequency":"50","location":"outdoor","sourceProvider":"OpenStreetMap Overpass API","sourceFallback":"ArcGIS structures layer omits polygon/way substations","sourceLicense":"ODbL 1.0","osmTimestamp":"2025-10-25T20:45:07Z"},"geometry":{"type":"Point","coordinates":[-7.655896408994846,41.082003549999996]}},{"type":"Feature","properties":{"assetId":"PT-substation-way-144400130","countryCode":"PT","assetType":"substation","powerType":"substation","osmType":"way","osmId":"144400130","actualVoltagesKv":[60,220],"actualVoltageKv":220,"gridClass":"154","displayClass":"154 kV sınıfı","name":"Subestação do Torrão","ref":"STR","operator":"REN","from":null,"to":null,"displayLabel":"Subestação do Torrão","labelSource":"osm-name","voltageRaw":"220000;60000","circuits":null,"cables":null,"frequency":"50","location":"outdoor","sourceProvider":"OpenStreetMap Overpass API","sourceFallback":"ArcGIS structures layer omits polygon/way substations","sourceLicense":"ODbL 1.0","osmTimestamp":"2026-04-02T18:57:16Z"},"geometry":{"type":"Point","coordinates":[-8.26183940627946,41.09403265]}},{"type":"Feature","properties":{"assetId":"PT-substation-way-144432478","countryCode":"PT","assetType":"substation","powerType":"substation","osmType":"way","osmId":"144432478","actualVoltagesKv":[60,220],"actualVoltageKv":220,"gridClass":"154","displayClass":"154 kV sınıfı","name":"Subestação de Chafariz","ref":"SCF","operator":"REN","from":null,"to":null,"displayLabel":"Subestação de Chafariz","labelSource":"osm-name","voltageRaw":"220000;60000","circuits":null,"cables":null,"frequency":"50","location":"outdoor","sourceProvider":"OpenStreetMap Overpass API","sourceFallback":"ArcGIS structures layer omits polygon/way substations","sourceLicense":"ODbL 1.0","osmTimestamp":"2024-10-02T15:28:05Z"},"geometry":{"type":"Point","coordinates":[-7.417894810161407,40.633152800000005]}},{"type":"Feature","properties":{"assetId":"PT-substation-way-144432485","countryCode":"PT","assetType":"substation","powerType":"substation","osmType":"way","osmId":"144432485","actualVoltagesKv":[25,220],"actualVoltageKv":220,"gridClass":"154","displayClass":"154 kV sınıfı","name":"Subestação de Tração de Sobral","ref":null,"operator":"Infraestruturas de Portugal","from":null,"to":null,"displayLabel":"Subestação de Tração de Sobral","labelSource":"osm-name","voltageRaw":"220000;25000","circuits":null,"cables":null,"frequency":"50","location":"outdoor","sourceProvider":"OpenStreetMap Overpass API","sourceFallback":"ArcGIS structures layer omits polygon/way substations","sourceLicense":"ODbL 1.0","osmTimestamp":"2026-05-03T15:13:19Z"},"geometry":{"type":"Point","coordinates":[-7.258843745273261,40.614123199999995]}},{"type":"Feature","properties":{"assetId":"PT-substation-way-144432489","countryCode":"PT","assetType":"substation","powerType":"substation","osmType":"way","osmId":"144432489","actualVoltagesKv":[60,220],"actualVoltageKv":220,"gridClass":"154","displayClass":"154 kV sınıfı","name":"Subestação de Ferro","ref":"SFE","operator":"REN","from":null,"to":null,"displayLabel":"Subestação de Ferro","labelSource":"osm-name","voltageRaw":"220000;60000","circuits":null,"cables":null,"frequency":"50","location":"outdoor","sourceProvider":"OpenStreetMap Overpass API","sourceFallback":"ArcGIS structures layer omits polygon/way substations","sourceLicense":"ODbL 1.0","osmTimestamp":"2025-09-24T18:44:36Z"},"geometry":{"type":"Point","coordinates":[-7.477150673471238,40.2346676]}},{"type":"Feature","properties":{"assetId":"PT-substation-way-144433994","countryCode":"PT","assetType":"substation","powerType":"substation","osmType":"way","osmId":"144433994","actualVoltagesKv":[25,220],"actualVoltageKv":220,"gridClass":"154","displayClass":"154 kV sınıfı","name":"Subestação de Tração de Gouveia","ref":null,"operator":"Infraestruturas de Portugal","from":null,"to":null,"displayLabel":"Subestação de Tração de Gouveia","labelSource":"osm-name","voltageRaw":"220000;25000","circuits":null,"cables":null,"frequency":"50","location":"outdoor","sourceProvider":"OpenStreetMap Overpass API","sourceFallback":"ArcGIS structures layer omits polygon/way substations","sourceLicense":"ODbL 1.0","osmTimestamp":"2026-05-03T15:13:19Z"},"geometry":{"type":"Point","coordinates":[-7.6554250998539874,40.57387185]}},{"type":"Feature","properties":{"assetId":"PT-substation-way-144439469","countryCode":"PT","assetType":"substation","powerType":"substation","osmType":"way","osmId":"144439469","actualVoltagesKv":[60,220,400],"actualVoltageKv":400,"gridClass":"400","displayClass":"400 kV sınıfı","name":"Subestação de Paraimo","ref":"SPI","operator":"REN","from":null,"to":null,"displayLabel":"Subestação de Paraimo","labelSource":"osm-name","voltageRaw":"400000;220000;60000","circuits":null,"cables":null,"frequency":"50","location":"outdoor","sourceProvider":"OpenStreetMap Overpass API","sourceFallback":"ArcGIS structures layer omits polygon/way substations","sourceLicense":"ODbL 1.0","osmTimestamp":"2024-10-07T15:10:00Z"},"geometry":{"type":"Point","coordinates":[-8.479774067913755,40.468529399999994]}},{"type":"Feature","properties":{"assetId":"PT-substation-way-144439472","countryCode":"PT","assetType":"substation","powerType":"substation","osmType":"way","osmId":"144439472","actualVoltagesKv":[60,400],"actualVoltageKv":400,"gridClass":"400","displayClass":"400 kV sınıfı","name":"Subestação de Bodiosa","ref":"SBA","operator":"REN","from":null,"to":null,"displayLabel":"Subestação de Bodiosa","labelSource":"osm-name","voltageRaw":"400000;60000","circuits":null,"cables":null,"frequency":"50","location":"outdoor","sourceProvider":"OpenStreetMap Overpass API","sourceFallback":"ArcGIS structures layer omits polygon/way substations","sourceLicense":"ODbL 1.0","osmTimestamp":"2025-12-24T09:39:25Z"},"geometry":{"type":"Point","coordinates":[-7.992715776535862,40.70192165]}},{"type":"Feature","properties":{"assetId":"PT-substation-way-144439495","countryCode":"PT","assetType":"substation","powerType":"substation","osmType":"way","osmId":"144439495","actualVoltagesKv":[15,60],"actualVoltageKv":60,"gridClass":"154","displayClass":"154 kV sınıfı","name":"Subestação de Mogofores","ref":"0103S5006000","operator":"E-REDES","from":null,"to":null,"displayLabel":"Subestação de Mogofores","labelSource":"osm-name","voltageRaw":"60000;15000","circuits":null,"cables":null,"frequency":"50","location":"outdoor","sourceProvider":"OpenStreetMap Overpass API","sourceFallback":"ArcGIS structures layer omits polygon/way substations","sourceLicense":"ODbL 1.0","osmTimestamp":"2026-04-23T10:03:57Z"},"geometry":{"type":"Point","coordinates":[-8.448797196400108,40.44051105]}},{"type":"Feature","properties":{"assetId":"PT-substation-way-144450546","countryCode":"PT","assetType":"substation","powerType":"substation","osmType":"way","osmId":"144450546","actualVoltagesKv":[30,60],"actualVoltageKv":60,"gridClass":"154","displayClass":"154 kV sınıfı","name":"Subestação Alcácer do Sal","ref":"1501S5053800","operator":"E-REDES","from":null,"to":null,"displayLabel":"Subestação Alcácer do Sal","labelSource":"osm-name","voltageRaw":"60000;30000","circuits":null,"cables":null,"frequency":"50","location":"outdoor","sourceProvider":"OpenStreetMap Overpass API","sourceFallback":"ArcGIS structures layer omits polygon/way substations","sourceLicense":"ODbL 1.0","osmTimestamp":"2026-02-24T12:29:46Z"},"geometry":{"type":"Point","coordinates":[-8.512305437923967,38.384244800000005]}},{"type":"Feature","properties":{"assetId":"PT-substation-way-1444686523","countryCode":"PT","assetType":"substation","powerType":"substation","osmType":"way","osmId":"1444686523","actualVoltagesKv":[60],"actualVoltageKv":60,"gridClass":"154","displayClass":"154 kV sınıfı","name":"Subestação do Parque Eólico do Caramulo","ref":null,"operator":"Generg Ventos do Caramulo - Energias Renováveis, S. A.","from":null,"to":null,"displayLabel":"Subestação do Parque Eólico do Caramulo","labelSource":"osm-name","voltageRaw":"60000","circuits":null,"cables":null,"frequency":null,"location":null,"sourceProvider":"OpenStreetMap Overpass API","sourceFallback":"ArcGIS structures layer omits polygon/way substations","sourceLicense":"ODbL 1.0","osmTimestamp":"2026-01-22T12:36:57Z"},"geometry":{"type":"Point","coordinates":[-8.114112502777544,40.65297295]}},{"type":"Feature","properties":{"assetId":"PT-substation-way-1445095539","countryCode":"PT","assetType":"substation","powerType":"substation","osmType":"way","osmId":"1445095539","actualVoltagesKv":[60],"actualVoltageKv":60,"gridClass":"154","displayClass":"154 kV sınıfı","name":"Subestação da Central de Biomassa de Viseu","ref":null,"operator":"Central de Biomassa de Viseu, Unipessoal Lda.","from":null,"to":null,"displayLabel":"Subestação da Central de Biomassa de Viseu","labelSource":"osm-name","voltageRaw":"60000","circuits":null,"cables":null,"frequency":null,"location":null,"sourceProvider":"OpenStreetMap Overpass API","sourceFallback":"ArcGIS structures layer omits polygon/way substations","sourceLicense":"ODbL 1.0","osmTimestamp":"2025-10-26T13:36:43Z"},"geometry":{"type":"Point","coordinates":[-7.846948997681931,40.68800075]}},{"type":"Feature","properties":{"assetId":"PT-substation-way-144545386","countryCode":"PT","assetType":"substation","powerType":"substation","osmType":"way","osmId":"144545386","actualVoltagesKv":[25,220],"actualVoltageKv":220,"gridClass":"154","displayClass":"154 kV sınıfı","name":"Subestação de Tração de Mortágua","ref":null,"operator":"Infraestruturas de Portugal","from":null,"to":null,"displayLabel":"Subestação de Tração de Mortágua","labelSource":"osm-name","voltageRaw":"220000;25000","circuits":null,"cables":null,"frequency":"50","location":"outdoor","sourceProvider":"OpenStreetMap Overpass API","sourceFallback":"ArcGIS structures layer omits polygon/way substations","sourceLicense":"ODbL 1.0","osmTimestamp":"2026-05-03T12:03:05Z"},"geometry":{"type":"Point","coordinates":[-8.170281603442316,40.39178375]}},{"type":"Feature","properties":{"assetId":"PT-substation-way-144545398","countryCode":"PT","assetType":"substation","powerType":"substation","osmType":"way","osmId":"144545398","actualVoltagesKv":[60,220],"actualVoltageKv":220,"gridClass":"154","displayClass":"154 kV sınıfı","name":"Subestação de Pereiros","ref":"SPR","operator":"REN","from":null,"to":null,"displayLabel":"Subestação de Pereiros","labelSource":"osm-name","voltageRaw":"220000;60000","circuits":null,"cables":null,"frequency":"50","location":"outdoor","sourceProvider":"OpenStreetMap Overpass API","sourceFallback":"ArcGIS structures layer omits polygon/way substations","sourceLicense":"ODbL 1.0","osmTimestamp":"2024-10-08T15:01:26Z"},"geometry":{"type":"Point","coordinates":[-8.419605755786304,40.164926]}},{"type":"Feature","properties":{"assetId":"PT-substation-way-144552378","countryCode":"PT","assetType":"substation","powerType":"substation","osmType":"way","osmId":"144552378","actualVoltagesKv":[60,150,220],"actualVoltageKv":220,"gridClass":"154","displayClass":"154 kV sınıfı","name":"Subestação de Castelo Branco","ref":"SCC","operator":"REN","from":null,"to":null,"displayLabel":"Subestação de Castelo Branco","labelSource":"osm-name","voltageRaw":"220000;150000;60000","circuits":null,"cables":null,"frequency":"50","location":"outdoor","sourceProvider":"OpenStreetMap Overpass API","sourceFallback":"ArcGIS structures layer omits polygon/way substations","sourceLicense":"ODbL 1.0","osmTimestamp":"2024-02-29T21:19:07Z"},"geometry":{"type":"Point","coordinates":[-7.553117742033114,39.8288354]}},{"type":"Feature","properties":{"assetId":"PT-substation-way-144554435","countryCode":"PT","assetType":"substation","powerType":"substation","osmType":"way","osmId":"144554435","actualVoltagesKv":[60,400],"actualVoltageKv":400,"gridClass":"400","displayClass":"400 kV sınıfı","name":"Subestação de Lavos","ref":"SLV","operator":"REN","from":null,"to":null,"displayLabel":"Subestação de Lavos","labelSource":"osm-name","voltageRaw":"400000;60000","circuits":null,"cables":null,"frequency":"50","location":"outdoor","sourceProvider":"OpenStreetMap Overpass API","sourceFallback":"ArcGIS structures layer omits polygon/way substations","sourceLicense":"ODbL 1.0","osmTimestamp":"2024-02-29T21:19:07Z"},"geometry":{"type":"Point","coordinates":[-8.83697230099076,40.0577437]}},{"type":"Feature","properties":{"assetId":"PT-substation-way-144564903","countryCode":"PT","assetType":"substation","powerType":"substation","osmType":"way","osmId":"144564903","actualVoltagesKv":[60,400],"actualVoltageKv":400,"gridClass":"400","displayClass":"400 kV sınıfı","name":"Subestação da Batalha","ref":"SBL","operator":"REN","from":null,"to":null,"displayLabel":"Subestação da Batalha","labelSource":"osm-name","voltageRaw":"400000;60000","circuits":null,"cables":null,"frequency":"50","location":"outdoor","sourceProvider":"OpenStreetMap Overpass API","sourceFallback":"ArcGIS structures layer omits polygon/way substations","sourceLicense":"ODbL 1.0","osmTimestamp":"2024-02-29T21:30:47Z"},"geometry":{"type":"Point","coordinates":[-8.78958712828368,39.6507835]}},{"type":"Feature","properties":{"assetId":"PT-substation-way-144564916","countryCode":"PT","assetType":"substation","powerType":"substation","osmType":"way","osmId":"144564916","actualVoltagesKv":[30,60],"actualVoltageKv":60,"gridClass":"154","displayClass":"154 kV sınıfı","name":"Subestação de Pombal","ref":"1015S5002300","operator":"E-REDES","from":null,"to":null,"displayLabel":"Subestação de Pombal","labelSource":"osm-name","voltageRaw":"60000;30000","circuits":null,"cables":null,"frequency":"50","location":"outdoor","sourceProvider":"OpenStreetMap Overpass API","sourceFallback":"ArcGIS structures layer omits polygon/way substations","sourceLicense":"ODbL 1.0","osmTimestamp":"2026-02-24T12:29:46Z"},"geometry":{"type":"Point","coordinates":[-8.634916483740044,39.9190102]}},{"type":"Feature","properties":{"assetId":"PT-substation-way-144573746","countryCode":"PT","assetType":"substation","powerType":"substation","osmType":"way","osmId":"144573746","actualVoltagesKv":[400],"actualVoltageKv":400,"gridClass":"400","displayClass":"400 kV sınıfı","name":"Posto de Corte do Pego","ref":"PCPG","operator":"REN","from":null,"to":null,"displayLabel":"Posto de Corte do Pego","labelSource":"osm-name","voltageRaw":"400000","circuits":null,"cables":null,"frequency":"50","location":"outdoor","sourceProvider":"OpenStreetMap Overpass API","sourceFallback":"ArcGIS structures layer omits polygon/way substations","sourceLicense":"ODbL 1.0","osmTimestamp":"2026-04-07T19:47:43Z"},"geometry":{"type":"Point","coordinates":[-8.114332612247718,39.466575399999996]}},{"type":"Feature","properties":{"assetId":"PT-substation-way-144584580","countryCode":"PT","assetType":"substation","powerType":"substation","osmType":"way","osmId":"144584580","actualVoltagesKv":[60,220],"actualVoltageKv":220,"gridClass":"154","displayClass":"154 kV sınıfı","name":"Subestação de Penela","ref":"SPNL","operator":"REN","from":null,"to":null,"displayLabel":"Subestação de Penela","labelSource":"osm-name","voltageRaw":"220000;60000","circuits":null,"cables":null,"frequency":"50","location":"outdoor","sourceProvider":"OpenStreetMap Overpass API","sourceFallback":"ArcGIS structures layer omits polygon/way substations","sourceLicense":"ODbL 1.0","osmTimestamp":"2024-10-07T17:07:19Z"},"geometry":{"type":"Point","coordinates":[-8.391194036426455,39.9733838]}},{"type":"Feature","properties":{"assetId":"PT-substation-way-144584585","countryCode":"PT","assetType":"substation","powerType":"substation","osmType":"way","osmId":"144584585","actualVoltagesKv":[60,220],"actualVoltageKv":220,"gridClass":"154","displayClass":"154 kV sınıfı","name":"Subestação de Tábua","ref":"STBA","operator":"REN","from":null,"to":null,"displayLabel":"Subestação de Tábua","labelSource":"osm-name","voltageRaw":"220000;60000","circuits":null,"cables":null,"frequency":"50","location":"outdoor","sourceProvider":"OpenStreetMap Overpass API","sourceFallback":"ArcGIS structures layer omits polygon/way substations","sourceLicense":"ODbL 1.0","osmTimestamp":"2024-02-29T21:19:07Z"},"geometry":{"type":"Point","coordinates":[-8.013417425662624,40.3325059]}},{"type":"Feature","properties":{"assetId":"PT-substation-way-144586949","countryCode":"PT","assetType":"substation","powerType":"substation","osmType":"way","osmId":"144586949","actualVoltagesKv":[220],"actualVoltageKv":220,"gridClass":"154","displayClass":"154 kV sınıfı","name":"Subestação do Parque Eólico de Pampilhosa da Serra","ref":null,"operator":"Parque de Pampilhosa da Serra - Energia Eólica S.A.","from":null,"to":null,"displayLabel":"Subestação do Parque Eólico de Pampilhosa da Serra","labelSource":"osm-name","voltageRaw":"220000","circuits":null,"cables":null,"frequency":"50","location":"outdoor","sourceProvider":"OpenStreetMap Overpass API","sourceFallback":"ArcGIS structures layer omits polygon/way substations","sourceLicense":"ODbL 1.0","osmTimestamp":"2025-10-24T16:03:37Z"},"geometry":{"type":"Point","coordinates":[-7.9128102593028915,40.13298005]}},{"type":"Feature","properties":{"assetId":"PT-substation-way-144588414","countryCode":"PT","assetType":"substation","powerType":"substation","osmType":"way","osmId":"144588414","actualVoltagesKv":[60,150,220],"actualVoltageKv":220,"gridClass":"154","displayClass":"154 kV sınıfı","name":"Subestação do Zêzere","ref":"SZR","operator":"REN","from":null,"to":null,"displayLabel":"Subestação do Zêzere","labelSource":"osm-name","voltageRaw":"220000;150000;60000","circuits":null,"cables":null,"frequency":"50","location":"outdoor","sourceProvider":"OpenStreetMap Overpass API","sourceFallback":"ArcGIS structures layer omits polygon/way substations","sourceLicense":"ODbL 1.0","osmTimestamp":"2024-11-14T18:00:10Z"},"geometry":{"type":"Point","coordinates":[-8.327445967336715,39.5449093]}},{"type":"Feature","properties":{"assetId":"PT-substation-way-144596347","countryCode":"PT","assetType":"substation","powerType":"substation","osmType":"way","osmId":"144596347","actualVoltagesKv":[60,220],"actualVoltageKv":220,"gridClass":"154","displayClass":"154 kV sınıfı","name":"Subestação de Santarém","ref":"SSR","operator":"REN","from":null,"to":null,"displayLabel":"Subestação de Santarém","labelSource":"osm-name","voltageRaw":"220000;60000","circuits":null,"cables":null,"frequency":"50","location":"outdoor","sourceProvider":"OpenStreetMap Overpass API","sourceFallback":"ArcGIS structures layer omits polygon/way substations","sourceLicense":"ODbL 1.0","osmTimestamp":"2024-11-12T12:40:19Z"},"geometry":{"type":"Point","coordinates":[-8.728657999177123,39.245589100000004]}},{"type":"Feature","properties":{"assetId":"PT-substation-way-144599061","countryCode":"PT","assetType":"substation","powerType":"substation","osmType":"way","osmId":"144599061","actualVoltagesKv":[60,150,400],"actualVoltageKv":400,"gridClass":"400","displayClass":"400 kV sınıfı","name":"Subestação de Falagueira","ref":"SFR","operator":"REN","from":null,"to":null,"displayLabel":"Subestação de Falagueira","labelSource":"osm-name","voltageRaw":"400000;150000;60000","circuits":null,"cables":null,"frequency":"50","location":"outdoor","sourceProvider":"OpenStreetMap Overpass API","sourceFallback":"ArcGIS structures layer omits polygon/way substations","sourceLicense":"ODbL 1.0","osmTimestamp":"2024-10-02T18:04:01Z"},"geometry":{"type":"Point","coordinates":[-7.741120388271513,39.52811805]}},{"type":"Feature","properties":{"assetId":"PT-substation-way-144601080","countryCode":"PT","assetType":"substation","powerType":"substation","osmType":"way","osmId":"144601080","actualVoltagesKv":[60,400],"actualVoltageKv":400,"gridClass":"400","displayClass":"400 kV sınıfı","name":"Subestação de Estremoz","ref":"SETM","operator":"REN","from":null,"to":null,"displayLabel":"Subestação de Estremoz","labelSource":"osm-name","voltageRaw":"400000;60000","circuits":null,"cables":null,"frequency":null,"location":"outdoor","sourceProvider":"OpenStreetMap Overpass API","sourceFallback":"ArcGIS structures layer omits polygon/way substations","sourceLicense":"ODbL 1.0","osmTimestamp":"2024-10-02T16:39:22Z"},"geometry":{"type":"Point","coordinates":[-7.528933900335703,38.8895457]}},{"type":"Feature","properties":{"assetId":"PT-substation-way-144608818","countryCode":"PT","assetType":"substation","powerType":"substation","osmType":"way","osmId":"144608818","actualVoltagesKv":[400],"actualVoltageKv":400,"gridClass":"400","displayClass":"400 kV sınıfı","name":"Posto de Corte do Ribatejo","ref":"PCRJ","operator":"REN","from":null,"to":null,"displayLabel":"Posto de Corte do Ribatejo","labelSource":"osm-name","voltageRaw":"400000","circuits":null,"cables":null,"frequency":"50","location":"outdoor","sourceProvider":"OpenStreetMap Overpass API","sourceFallback":"ArcGIS structures layer omits polygon/way substations","sourceLicense":"ODbL 1.0","osmTimestamp":"2026-04-08T20:55:47Z"},"geometry":{"type":"Point","coordinates":[-8.950864019619042,39.01407025]}},{"type":"Feature","properties":{"assetId":"PT-substation-way-144622215","countryCode":"PT","assetType":"substation","powerType":"substation","osmType":"way","osmId":"144622215","actualVoltagesKv":[60,150,400],"actualVoltageKv":400,"gridClass":"400","displayClass":"400 kV sınıfı","name":"Subestação de Sines","ref":"SSN","operator":"REN","from":null,"to":null,"displayLabel":"Subestação de Sines","labelSource":"osm-name","voltageRaw":"400000;150000;60000","circuits":null,"cables":null,"frequency":"50","location":"outdoor","sourceProvider":"OpenStreetMap Overpass API","sourceFallback":"ArcGIS structures layer omits polygon/way substations","sourceLicense":"ODbL 1.0","osmTimestamp":"2024-11-12T19:17:05Z"},"geometry":{"type":"Point","coordinates":[-8.763533131831558,37.9977289]}},{"type":"Feature","properties":{"assetId":"PT-substation-way-144635502","countryCode":"PT","assetType":"substation","powerType":"substation","osmType":"way","osmId":"144635502","actualVoltagesKv":[25,150],"actualVoltageKv":150,"gridClass":"154","displayClass":"154 kV sınıfı","name":"Subestação de Tração de Ermidas-Sado","ref":null,"operator":"Infraestruturas de Portugal","from":null,"to":null,"displayLabel":"Subestação de Tração de Ermidas-Sado","labelSource":"osm-name","voltageRaw":"150000;25000","circuits":null,"cables":null,"frequency":"50","location":"outdoor","sourceProvider":"OpenStreetMap Overpass API","sourceFallback":"ArcGIS structures layer omits polygon/way substations","sourceLicense":"ODbL 1.0","osmTimestamp":"2026-05-04T13:49:33Z"},"geometry":{"type":"Point","coordinates":[-8.412168955637075,38.0169682]}},{"type":"Feature","properties":{"assetId":"PT-substation-way-144635505","countryCode":"PT","assetType":"substation","powerType":"substation","osmType":"way","osmId":"144635505","actualVoltagesKv":[60,150,400],"actualVoltageKv":400,"gridClass":"400","displayClass":"400 kV sınıfı","name":"Subestação de Ferreira do Alentejo","ref":"SFA","operator":"REN","from":null,"to":null,"displayLabel":"Subestação de Ferreira do Alentejo","labelSource":"osm-name","voltageRaw":"400000;150000;60000","circuits":null,"cables":null,"frequency":null,"location":"outdoor","sourceProvider":"OpenStreetMap Overpass API","sourceFallback":"ArcGIS structures layer omits polygon/way substations","sourceLicense":"ODbL 1.0","osmTimestamp":"2024-02-29T21:19:07Z"},"geometry":{"type":"Point","coordinates":[-8.126799140799061,38.055390349999996]}},{"type":"Feature","properties":{"assetId":"PT-substation-way-144639174","countryCode":"PT","assetType":"substation","powerType":"substation","osmType":"way","osmId":"144639174","actualVoltagesKv":[60,400],"actualVoltageKv":400,"gridClass":"400","displayClass":"400 kV sınıfı","name":"Subestação de Alqueva","ref":"SAV","operator":"REN","from":null,"to":null,"displayLabel":"Subestação de Alqueva","labelSource":"osm-name","voltageRaw":"400000;60000","circuits":null,"cables":null,"frequency":"50","location":"outdoor","sourceProvider":"OpenStreetMap Overpass API","sourceFallback":"ArcGIS structures layer omits polygon/way substations","sourceLicense":"ODbL 1.0","osmTimestamp":"2025-08-13T12:45:33Z"},"geometry":{"type":"Point","coordinates":[-7.498411314355659,38.18587625]}},{"type":"Feature","properties":{"assetId":"PT-substation-way-144651478","countryCode":"PT","assetType":"substation","powerType":"substation","osmType":"way","osmId":"144651478","actualVoltagesKv":[60,220],"actualVoltageKv":220,"gridClass":"154","displayClass":"154 kV sınıfı","name":"Subestação de Trajouce","ref":"STJ","operator":"REN","from":null,"to":null,"displayLabel":"Subestação de Trajouce","labelSource":"osm-name","voltageRaw":"220000;60000","circuits":null,"cables":null,"frequency":"50","location":"outdoor","sourceProvider":"OpenStreetMap Overpass API","sourceFallback":"ArcGIS structures layer omits polygon/way substations","sourceLicense":"ODbL 1.0","osmTimestamp":"2024-02-29T22:41:38Z"},"geometry":{"type":"Point","coordinates":[-9.32982848394093,38.746833249999995]}},{"type":"Feature","properties":{"assetId":"PT-substation-way-144654758","countryCode":"PT","assetType":"substation","powerType":"substation","osmType":"way","osmId":"144654758","actualVoltagesKv":[10,60],"actualVoltageKv":60,"gridClass":"154","displayClass":"154 kV sınıfı","name":"Subestação da Quinta da Caldeira","ref":"1107S5518000","operator":"E-REDES","from":null,"to":null,"displayLabel":"Subestação da Quinta da Caldeira","labelSource":"osm-name","voltageRaw":"60000;10000","circuits":null,"cables":null,"frequency":"50","location":"outdoor","sourceProvider":"OpenStreetMap Overpass API","sourceFallback":"ArcGIS structures layer omits polygon/way substations","sourceLicense":"ODbL 1.0","osmTimestamp":"2026-02-24T12:29:46Z"},"geometry":{"type":"Point","coordinates":[-9.169431016790153,38.816073700000004]}},{"type":"Feature","properties":{"assetId":"PT-substation-way-144654759","countryCode":"PT","assetType":"substation","powerType":"substation","osmType":"way","osmId":"144654759","actualVoltagesKv":[220],"actualVoltageKv":220,"gridClass":"154","displayClass":"154 kV sınıfı","name":"Posto de Seccionamento da Pontinha","ref":"PSPH","operator":"REN","from":null,"to":null,"displayLabel":"Posto de Seccionamento da Pontinha","labelSource":"osm-name","voltageRaw":"220000","circuits":null,"cables":null,"frequency":"50","location":"outdoor","sourceProvider":"OpenStreetMap Overpass API","sourceFallback":"ArcGIS structures layer omits polygon/way substations","sourceLicense":"ODbL 1.0","osmTimestamp":"2024-11-18T10:43:09Z"},"geometry":{"type":"Point","coordinates":[-9.202671278384342,38.77130065]}},{"type":"Feature","properties":{"assetId":"PT-substation-way-144703168","countryCode":"PT","assetType":"substation","powerType":"substation","osmType":"way","osmId":"144703168","actualVoltagesKv":[220],"actualVoltageKv":220,"gridClass":"154","displayClass":"154 kV sınıfı","name":"Subestação do Seixal","ref":null,"operator":"SN Seixal - Siderurgia Nacional, S.A.","from":null,"to":null,"displayLabel":"Subestação do Seixal","labelSource":"osm-name","voltageRaw":"220000","circuits":null,"cables":null,"frequency":"50","location":"outdoor","sourceProvider":"OpenStreetMap Overpass API","sourceFallback":"ArcGIS structures layer omits polygon/way substations","sourceLicense":"ODbL 1.0","osmTimestamp":"2025-09-24T23:13:46Z"},"geometry":{"type":"Point","coordinates":[-9.079156599028657,38.63005735]}},{"type":"Feature","properties":{"assetId":"PT-substation-way-144708195","countryCode":"PT","assetType":"substation","powerType":"substation","osmType":"way","osmId":"144708195","actualVoltagesKv":[60],"actualVoltageKv":60,"gridClass":"154","displayClass":"154 kV sınıfı","name":"Posto de Seccionamento Algeruz","ref":null,"operator":"E-REDES","from":null,"to":null,"displayLabel":"Posto de Seccionamento Algeruz","labelSource":"osm-name","voltageRaw":"60000","circuits":null,"cables":null,"frequency":"50","location":"outdoor","sourceProvider":"OpenStreetMap Overpass API","sourceFallback":"ArcGIS structures layer omits polygon/way substations","sourceLicense":"ODbL 1.0","osmTimestamp":"2026-02-24T12:29:46Z"},"geometry":{"type":"Point","coordinates":[-8.85068744629087,38.5501517]}},{"type":"Feature","properties":{"assetId":"PT-substation-way-144711465","countryCode":"PT","assetType":"substation","powerType":"substation","osmType":"way","osmId":"144711465","actualVoltagesKv":[60],"actualVoltageKv":60,"gridClass":"154","displayClass":"154 kV sınıfı","name":"Posto de Seccionamento Central do Barreiro","ref":null,"operator":"E-REDES","from":null,"to":null,"displayLabel":"Posto de Seccionamento Central do Barreiro","labelSource":"osm-name","voltageRaw":"60000","circuits":null,"cables":null,"frequency":"50","location":"outdoor","sourceProvider":"OpenStreetMap Overpass API","sourceFallback":"ArcGIS structures layer omits polygon/way substations","sourceLicense":"ODbL 1.0","osmTimestamp":"2026-02-24T12:29:46Z"},"geometry":{"type":"Point","coordinates":[-9.054022652222528,38.6743628]}},{"type":"Feature","properties":{"assetId":"PT-substation-way-144711815","countryCode":"PT","assetType":"substation","powerType":"substation","osmType":"way","osmId":"144711815","actualVoltagesKv":[60,150],"actualVoltageKv":150,"gridClass":"154","displayClass":"154 kV sınıfı","name":"Subestação de Tunes","ref":"STN","operator":"REN","from":null,"to":null,"displayLabel":"Subestação de Tunes","labelSource":"osm-name","voltageRaw":"150000;60000","circuits":null,"cables":null,"frequency":"50","location":"outdoor","sourceProvider":"OpenStreetMap Overpass API","sourceFallback":"ArcGIS structures layer omits polygon/way substations","sourceLicense":"ODbL 1.0","osmTimestamp":"2024-11-14T10:56:10Z"},"geometry":{"type":"Point","coordinates":[-8.263148218515024,37.164929900000004]}},{"type":"Feature","properties":{"assetId":"PT-substation-way-144712568","countryCode":"PT","assetType":"substation","powerType":"substation","osmType":"way","osmId":"144712568","actualVoltagesKv":[30,60],"actualVoltageKv":60,"gridClass":"154","displayClass":"154 kV sınıfı","name":"Subestação do Vale do Tejo","ref":"1101S5335200","operator":"E-REDES","from":null,"to":null,"displayLabel":"Subestação do Vale do Tejo","labelSource":"osm-name","voltageRaw":"60000;30000","circuits":null,"cables":null,"frequency":"50","location":"outdoor","sourceProvider":"OpenStreetMap Overpass API","sourceFallback":"ArcGIS structures layer omits polygon/way substations","sourceLicense":"ODbL 1.0","osmTimestamp":"2026-02-24T12:29:46Z"},"geometry":{"type":"Point","coordinates":[-8.959024603428054,39.01410875]}},{"type":"Feature","properties":{"assetId":"PT-substation-way-144762180","countryCode":"PT","assetType":"substation","powerType":"substation","osmType":"way","osmId":"144762180","actualVoltagesKv":[220],"actualVoltageKv":220,"gridClass":"154","displayClass":"154 kV sınıfı","name":"Posto de Seccionamento do Prior Velho","ref":"PSPV","operator":"REN","from":null,"to":null,"displayLabel":"Posto de Seccionamento do Prior Velho","labelSource":"osm-name","voltageRaw":"220000","circuits":null,"cables":null,"frequency":"50","location":"outdoor","sourceProvider":"OpenStreetMap Overpass API","sourceFallback":"ArcGIS structures layer omits polygon/way substations","sourceLicense":"ODbL 1.0","osmTimestamp":"2024-02-29T21:19:07Z"},"geometry":{"type":"Point","coordinates":[-9.115642603108151,38.79412055]}},{"type":"Feature","properties":{"assetId":"PT-substation-way-144835490","countryCode":"PT","assetType":"substation","powerType":"substation","osmType":"way","osmId":"144835490","actualVoltagesKv":[10,60],"actualVoltageKv":60,"gridClass":"154","displayClass":"154 kV sınıfı","name":"Subestação de Mafra","ref":"1109S5430000","operator":"E-REDES","from":null,"to":null,"displayLabel":"Subestação de Mafra","labelSource":"osm-name","voltageRaw":"60000;10000","circuits":null,"cables":null,"frequency":"50","location":"outdoor","sourceProvider":"OpenStreetMap Overpass API","sourceFallback":"ArcGIS structures layer omits polygon/way substations","sourceLicense":"ODbL 1.0","osmTimestamp":"2026-04-12T10:28:13Z"},"geometry":{"type":"Point","coordinates":[-9.297560649244614,38.905030350000004]}},{"type":"Feature","properties":{"assetId":"PT-substation-way-144840862","countryCode":"PT","assetType":"substation","powerType":"substation","osmType":"way","osmId":"144840862","actualVoltagesKv":[10,60],"actualVoltageKv":60,"gridClass":"154","displayClass":"154 kV sınıfı","name":"Subestação de Fanhões","ref":"1107S5901900","operator":"E-REDES","from":null,"to":null,"displayLabel":"Subestação de Fanhões","labelSource":"osm-name","voltageRaw":"60000;10000","circuits":null,"cables":null,"frequency":"50","location":"outdoor","sourceProvider":"OpenStreetMap Overpass API","sourceFallback":"ArcGIS structures layer omits polygon/way substations","sourceLicense":"ODbL 1.0","osmTimestamp":"2026-02-24T12:29:46Z"},"geometry":{"type":"Point","coordinates":[-9.13963602908808,38.887608349999994]}},{"type":"Feature","properties":{"assetId":"PT-substation-way-1462950857","countryCode":"PT","assetType":"substation","powerType":"substation","osmType":"way","osmId":"1462950857","actualVoltagesKv":[150,400],"actualVoltageKv":400,"gridClass":"400","displayClass":"400 kV sınıfı","name":"Subestação de Ponte de Lima","ref":null,"operator":"REN","from":null,"to":null,"displayLabel":"Subestação de Ponte de Lima","labelSource":"osm-name","voltageRaw":"400000;150000","circuits":null,"cables":null,"frequency":null,"location":null,"sourceProvider":"OpenStreetMap Overpass API","sourceFallback":"ArcGIS structures layer omits polygon/way substations","sourceLicense":"ODbL 1.0","osmTimestamp":"2026-04-07T19:47:43Z"},"geometry":{"type":"Point","coordinates":[-8.594001549528562,41.67808975]}},{"type":"Feature","properties":{"assetId":"PT-substation-way-1466977551","countryCode":"PT","assetType":"substation","powerType":"substation","osmType":"way","osmId":"1466977551","actualVoltagesKv":[30,150],"actualVoltageKv":150,"gridClass":"154","displayClass":"154 kV sınıfı","name":"Subestação Albispark","ref":null,"operator":null,"from":null,"to":null,"displayLabel":"Subestação Albispark","labelSource":"osm-name","voltageRaw":"150000;30000","circuits":null,"cables":null,"frequency":null,"location":null,"sourceProvider":"OpenStreetMap Overpass API","sourceFallback":"ArcGIS structures layer omits polygon/way substations","sourceLicense":"ODbL 1.0","osmTimestamp":"2026-03-31T14:25:38Z"},"geometry":{"type":"Point","coordinates":[-7.559299812209048,39.82712785]}},{"type":"Feature","properties":{"assetId":"PT-substation-way-1474563851","countryCode":"PT","assetType":"substation","powerType":"substation","osmType":"way","osmId":"1474563851","actualVoltagesKv":[60],"actualVoltageKv":60,"gridClass":"154","displayClass":"154 kV sınıfı","name":null,"ref":null,"operator":"E-REDES","from":null,"to":null,"displayLabel":"E-REDES · 60 kV · OSM 1474563851","labelSource":"generated-identifier","voltageRaw":"60000","circuits":null,"cables":null,"frequency":null,"location":null,"sourceProvider":"OpenStreetMap Overpass API","sourceFallback":"ArcGIS structures layer omits polygon/way substations","sourceLicense":"ODbL 1.0","osmTimestamp":"2026-02-24T12:33:13Z"},"geometry":{"type":"Point","coordinates":[-7.8948628,37.15777235]}},{"type":"Feature","properties":{"assetId":"PT-substation-way-1474723583","countryCode":"PT","assetType":"substation","powerType":"substation","osmType":"way","osmId":"1474723583","actualVoltagesKv":[60],"actualVoltageKv":60,"gridClass":"154","displayClass":"154 kV sınıfı","name":null,"ref":null,"operator":"E-REDES","from":null,"to":null,"displayLabel":"E-REDES · 60 kV · OSM 1474723583","labelSource":"generated-identifier","voltageRaw":"60000","circuits":null,"cables":null,"frequency":null,"location":null,"sourceProvider":"OpenStreetMap Overpass API","sourceFallback":"ArcGIS structures layer omits polygon/way substations","sourceLicense":"ODbL 1.0","osmTimestamp":"2026-02-24T12:33:13Z"},"geometry":{"type":"Point","coordinates":[-8.091989915338033,37.09582475]}},{"type":"Feature","properties":{"assetId":"PT-substation-way-1477023322","countryCode":"PT","assetType":"substation","powerType":"substation","osmType":"way","osmId":"1477023322","actualVoltagesKv":[60],"actualVoltageKv":60,"gridClass":"154","displayClass":"154 kV sınıfı","name":null,"ref":null,"operator":"E-REDES","from":null,"to":null,"displayLabel":"E-REDES · 60 kV · OSM 1477023322","labelSource":"generated-identifier","voltageRaw":"60000","circuits":null,"cables":null,"frequency":null,"location":null,"sourceProvider":"OpenStreetMap Overpass API","sourceFallback":"ArcGIS structures layer omits polygon/way substations","sourceLicense":"ODbL 1.0","osmTimestamp":"2026-02-24T12:33:16Z"},"geometry":{"type":"Point","coordinates":[-8.789087191188116,39.77137635]}},{"type":"Feature","properties":{"assetId":"PT-substation-way-1479396871","countryCode":"PT","assetType":"substation","powerType":"substation","osmType":"way","osmId":"1479396871","actualVoltagesKv":[15,60],"actualVoltageKv":60,"gridClass":"154","displayClass":"154 kV sınıfı","name":null,"ref":null,"operator":"E-REDES","from":null,"to":null,"displayLabel":"E-REDES · 60 kV · OSM 1479396871","labelSource":"generated-identifier","voltageRaw":"60000;15000","circuits":null,"cables":null,"frequency":"50","location":"indoor","sourceProvider":"OpenStreetMap Overpass API","sourceFallback":"ArcGIS structures layer omits polygon/way substations","sourceLicense":"ODbL 1.0","osmTimestamp":"2026-02-24T12:33:19Z"},"geometry":{"type":"Point","coordinates":[-8.604866512295082,41.3924314]}},{"type":"Feature","properties":{"assetId":"PT-substation-way-1486191665","countryCode":"PT","assetType":"substation","powerType":"substation","osmType":"way","osmId":"1486191665","actualVoltagesKv":[60],"actualVoltageKv":60,"gridClass":"154","displayClass":"154 kV sınıfı","name":null,"ref":null,"operator":null,"from":null,"to":null,"displayLabel":"60 kV · OSM 1486191665","labelSource":"generated-identifier","voltageRaw":"60000","circuits":null,"cables":null,"frequency":null,"location":null,"sourceProvider":"OpenStreetMap Overpass API","sourceFallback":"ArcGIS structures layer omits polygon/way substations","sourceLicense":"ODbL 1.0","osmTimestamp":"2026-03-31T16:45:39Z"},"geometry":{"type":"Point","coordinates":[-7.6069552419481035,38.9287765]}},{"type":"Feature","properties":{"assetId":"PT-substation-way-149418674","countryCode":"PT","assetType":"substation","powerType":"substation","osmType":"way","osmId":"149418674","actualVoltagesKv":[15,60],"actualVoltageKv":60,"gridClass":"154","displayClass":"154 kV sınıfı","name":"Subestação Lamas","ref":"0303S5020700","operator":"E-REDES","from":null,"to":null,"displayLabel":"Subestação Lamas","labelSource":"osm-name","voltageRaw":"60000;15000","circuits":null,"cables":null,"frequency":null,"location":null,"sourceProvider":"OpenStreetMap Overpass API","sourceFallback":"ArcGIS structures layer omits polygon/way substations","sourceLicense":"ODbL 1.0","osmTimestamp":"2026-02-24T12:29:46Z"},"geometry":{"type":"Point","coordinates":[-8.432061085275745,41.49668145]}},{"type":"Feature","properties":{"assetId":"PT-substation-way-1494634750","countryCode":"PT","assetType":"substation","powerType":"substation","osmType":"way","osmId":"1494634750","actualVoltagesKv":[30,60],"actualVoltageKv":60,"gridClass":"154","displayClass":"154 kV sınıfı","name":"Subestação da Central Solar Fotovoltaica de Barcos","ref":null,"operator":"Aquila Capital","from":null,"to":null,"displayLabel":"Subestação da Central Solar Fotovoltaica de Barcos","labelSource":"osm-name","voltageRaw":"60000;30000","circuits":null,"cables":null,"frequency":null,"location":null,"sourceProvider":"OpenStreetMap Overpass API","sourceFallback":"ArcGIS structures layer omits polygon/way substations","sourceLicense":"ODbL 1.0","osmTimestamp":"2026-04-10T23:54:42Z"},"geometry":{"type":"Point","coordinates":[-8.439655532848352,40.1354562]}},{"type":"Feature","properties":{"assetId":"PT-substation-way-1494702679","countryCode":"PT","assetType":"substation","powerType":"substation","osmType":"way","osmId":"1494702679","actualVoltagesKv":[30,60],"actualVoltageKv":60,"gridClass":"154","displayClass":"154 kV sınıfı","name":null,"ref":null,"operator":null,"from":null,"to":null,"displayLabel":"60 kV · OSM 1494702679","labelSource":"generated-identifier","voltageRaw":"60000;30000","circuits":null,"cables":null,"frequency":null,"location":null,"sourceProvider":"OpenStreetMap Overpass API","sourceFallback":"ArcGIS structures layer omits polygon/way substations","sourceLicense":"ODbL 1.0","osmTimestamp":"2026-04-07T07:38:33Z"},"geometry":{"type":"Point","coordinates":[-7.471784202128905,40.261792850000006]}},{"type":"Feature","properties":{"assetId":"PT-substation-way-1495273263","countryCode":"PT","assetType":"substation","powerType":"substation","osmType":"way","osmId":"1495273263","actualVoltagesKv":[60],"actualVoltageKv":60,"gridClass":"154","displayClass":"154 kV sınıfı","name":"Subestação da Central Solar de Morgavel","ref":null,"operator":"RWE Renewables Iberia","from":null,"to":null,"displayLabel":"Subestação da Central Solar de Morgavel","labelSource":"osm-name","voltageRaw":"60000","circuits":null,"cables":null,"frequency":null,"location":null,"sourceProvider":"OpenStreetMap Overpass API","sourceFallback":"ArcGIS structures layer omits polygon/way substations","sourceLicense":"ODbL 1.0","osmTimestamp":"2026-04-09T20:54:10Z"},"geometry":{"type":"Point","coordinates":[-8.774883949052782,37.91577355]}},{"type":"Feature","properties":{"assetId":"PT-substation-way-1495273268","countryCode":"PT","assetType":"substation","powerType":"substation","osmType":"way","osmId":"1495273268","actualVoltagesKv":[60],"actualVoltageKv":60,"gridClass":"154","displayClass":"154 kV sınıfı","name":null,"ref":null,"operator":"E-REDES","from":null,"to":null,"displayLabel":"E-REDES · 60 kV · OSM 1495273268","labelSource":"generated-identifier","voltageRaw":"60000","circuits":null,"cables":null,"frequency":null,"location":null,"sourceProvider":"OpenStreetMap Overpass API","sourceFallback":"ArcGIS structures layer omits polygon/way substations","sourceLicense":"ODbL 1.0","osmTimestamp":"2026-04-01T20:43:19Z"},"geometry":{"type":"Point","coordinates":[-8.303863086970896,41.218619399999994]}},{"type":"Feature","properties":{"assetId":"PT-substation-way-1495273269","countryCode":"PT","assetType":"substation","powerType":"substation","osmType":"way","osmId":"1495273269","actualVoltagesKv":[60],"actualVoltageKv":60,"gridClass":"154","displayClass":"154 kV sınıfı","name":null,"ref":null,"operator":"E-REDES","from":null,"to":null,"displayLabel":"E-REDES · 60 kV · OSM 1495273269","labelSource":"generated-identifier","voltageRaw":"60000","circuits":null,"cables":null,"frequency":null,"location":null,"sourceProvider":"OpenStreetMap Overpass API","sourceFallback":"ArcGIS structures layer omits polygon/way substations","sourceLicense":"ODbL 1.0","osmTimestamp":"2026-06-09T19:42:19Z"},"geometry":{"type":"Point","coordinates":[-8.699561520607556,37.153132299999996]}},{"type":"Feature","properties":{"assetId":"PT-substation-way-1495273270","countryCode":"PT","assetType":"substation","powerType":"substation","osmType":"way","osmId":"1495273270","actualVoltagesKv":[60],"actualVoltageKv":60,"gridClass":"154","displayClass":"154 kV sınıfı","name":null,"ref":null,"operator":"E-REDES","from":null,"to":null,"displayLabel":"E-REDES · 60 kV · OSM 1495273270","labelSource":"generated-identifier","voltageRaw":"60000","circuits":null,"cables":null,"frequency":null,"location":null,"sourceProvider":"OpenStreetMap Overpass API","sourceFallback":"ArcGIS structures layer omits polygon/way substations","sourceLicense":"ODbL 1.0","osmTimestamp":"2026-04-01T20:43:19Z"},"geometry":{"type":"Point","coordinates":[-9.1878396,38.7689359]}},{"type":"Feature","properties":{"assetId":"PT-substation-way-1495571367","countryCode":"PT","assetType":"substation","powerType":"substation","osmType":"way","osmId":"1495571367","actualVoltagesKv":[60],"actualVoltageKv":60,"gridClass":"154","displayClass":"154 kV sınıfı","name":"Subestação da Revigrés","ref":null,"operator":"Revigrés","from":null,"to":null,"displayLabel":"Subestação da Revigrés","labelSource":"osm-name","voltageRaw":"60000","circuits":null,"cables":null,"frequency":null,"location":null,"sourceProvider":"OpenStreetMap Overpass API","sourceFallback":"ArcGIS structures layer omits polygon/way substations","sourceLicense":"ODbL 1.0","osmTimestamp":"2026-04-02T14:42:07Z"},"geometry":{"type":"Point","coordinates":[-8.454365825172584,40.5335274]}},{"type":"Feature","properties":{"assetId":"PT-substation-way-1495613543","countryCode":"PT","assetType":"substation","powerType":"substation","osmType":"way","osmId":"1495613543","actualVoltagesKv":[150],"actualVoltageKv":150,"gridClass":"154","displayClass":"154 kV sınıfı","name":null,"ref":null,"operator":"REN","from":null,"to":null,"displayLabel":"REN · 150 kV · OSM 1495613543","labelSource":"generated-identifier","voltageRaw":"150000","circuits":null,"cables":null,"frequency":null,"location":null,"sourceProvider":"OpenStreetMap Overpass API","sourceFallback":"ArcGIS structures layer omits polygon/way substations","sourceLicense":"ODbL 1.0","osmTimestamp":"2026-04-07T16:47:52Z"},"geometry":{"type":"Point","coordinates":[-9.176661500000002,38.6172998]}},{"type":"Feature","properties":{"assetId":"PT-substation-way-1495613548","countryCode":"PT","assetType":"substation","powerType":"substation","osmType":"way","osmId":"1495613548","actualVoltagesKv":[150],"actualVoltageKv":150,"gridClass":"154","displayClass":"154 kV sınıfı","name":null,"ref":null,"operator":"REN","from":null,"to":null,"displayLabel":"REN · 150 kV · OSM 1495613548","labelSource":"generated-identifier","voltageRaw":"150000","circuits":null,"cables":null,"frequency":null,"location":null,"sourceProvider":"OpenStreetMap Overpass API","sourceFallback":"ArcGIS structures layer omits polygon/way substations","sourceLicense":"ODbL 1.0","osmTimestamp":"2026-04-07T16:47:52Z"},"geometry":{"type":"Point","coordinates":[-9.223991411566484,38.6557777]}},{"type":"Feature","properties":{"assetId":"PT-substation-way-1497096638","countryCode":"PT","assetType":"substation","powerType":"substation","osmType":"way","osmId":"1497096638","actualVoltagesKv":[220],"actualVoltageKv":220,"gridClass":"154","displayClass":"154 kV sınıfı","name":"Subestação da Central Solar Fotovoltaica Douro Solar","ref":null,"operator":"Sonnedix","from":null,"to":null,"displayLabel":"Subestação da Central Solar Fotovoltaica Douro Solar","labelSource":"osm-name","voltageRaw":"220000","circuits":null,"cables":null,"frequency":null,"location":null,"sourceProvider":"OpenStreetMap Overpass API","sourceFallback":"ArcGIS structures layer omits polygon/way substations","sourceLicense":"ODbL 1.0","osmTimestamp":"2026-04-06T16:55:39Z"},"geometry":{"type":"Point","coordinates":[-7.6771068,41.03465385]}},{"type":"Feature","properties":{"assetId":"PT-substation-way-1497684924","countryCode":"PT","assetType":"substation","powerType":"substation","osmType":"way","osmId":"1497684924","actualVoltagesKv":[30,60],"actualVoltageKv":60,"gridClass":"154","displayClass":"154 kV sınıfı","name":"Subestação da Central Fotovoltaica de Cabeço Santo","ref":null,"operator":null,"from":null,"to":null,"displayLabel":"Subestação da Central Fotovoltaica de Cabeço Santo","labelSource":"osm-name","voltageRaw":"60000;30000","circuits":null,"cables":null,"frequency":null,"location":null,"sourceProvider":"OpenStreetMap Overpass API","sourceFallback":"ArcGIS structures layer omits polygon/way substations","sourceLicense":"ODbL 1.0","osmTimestamp":"2026-04-15T10:49:11Z"},"geometry":{"type":"Point","coordinates":[-8.313797097524944,40.4948071]}},{"type":"Feature","properties":{"assetId":"PT-substation-way-1497978652","countryCode":"PT","assetType":"substation","powerType":"substation","osmType":"way","osmId":"1497978652","actualVoltagesKv":[60],"actualVoltageKv":60,"gridClass":"154","displayClass":"154 kV sınıfı","name":"Subestação da Central Fotovoltaica do Foral","ref":null,"operator":null,"from":null,"to":null,"displayLabel":"Subestação da Central Fotovoltaica do Foral","labelSource":"osm-name","voltageRaw":"60000","circuits":null,"cables":null,"frequency":null,"location":null,"sourceProvider":"OpenStreetMap Overpass API","sourceFallback":"ArcGIS structures layer omits polygon/way substations","sourceLicense":"ODbL 1.0","osmTimestamp":"2026-04-09T15:23:12Z"},"geometry":{"type":"Point","coordinates":[-8.257319925316075,37.1992271]}},{"type":"Feature","properties":{"assetId":"PT-substation-way-1498355421","countryCode":"PT","assetType":"substation","powerType":"substation","osmType":"way","osmId":"1498355421","actualVoltagesKv":[60],"actualVoltageKv":60,"gridClass":"154","displayClass":"154 kV sınıfı","name":"Subestação do Parque Eólico de Arada / Montemuro","ref":null,"operator":"Finerge","from":null,"to":null,"displayLabel":"Subestação do Parque Eólico de Arada / Montemuro","labelSource":"osm-name","voltageRaw":"60000","circuits":null,"cables":null,"frequency":null,"location":null,"sourceProvider":"OpenStreetMap Overpass API","sourceFallback":"ArcGIS structures layer omits polygon/way substations","sourceLicense":"ODbL 1.0","osmTimestamp":"2026-04-10T23:38:02Z"},"geometry":{"type":"Point","coordinates":[-8.164202305216651,40.8261134]}},{"type":"Feature","properties":{"assetId":"PT-substation-way-1498762879","countryCode":"PT","assetType":"substation","powerType":"substation","osmType":"way","osmId":"1498762879","actualVoltagesKv":[60],"actualVoltageKv":60,"gridClass":"154","displayClass":"154 kV sınıfı","name":null,"ref":null,"operator":"E-REDES","from":null,"to":null,"displayLabel":"E-REDES · 60 kV · OSM 1498762879","labelSource":"generated-identifier","voltageRaw":"60000","circuits":null,"cables":null,"frequency":null,"location":null,"sourceProvider":"OpenStreetMap Overpass API","sourceFallback":"ArcGIS structures layer omits polygon/way substations","sourceLicense":"ODbL 1.0","osmTimestamp":"2026-06-09T19:42:21Z"},"geometry":{"type":"Point","coordinates":[-8.528685367857141,37.19596315]}},{"type":"Feature","properties":{"assetId":"PT-substation-way-1498762880","countryCode":"PT","assetType":"substation","powerType":"substation","osmType":"way","osmId":"1498762880","actualVoltagesKv":[60],"actualVoltageKv":60,"gridClass":"154","displayClass":"154 kV sınıfı","name":null,"ref":null,"operator":"E-REDES","from":null,"to":null,"displayLabel":"E-REDES · 60 kV · OSM 1498762880","labelSource":"generated-identifier","voltageRaw":"60000","circuits":null,"cables":null,"frequency":null,"location":null,"sourceProvider":"OpenStreetMap Overpass API","sourceFallback":"ArcGIS structures layer omits polygon/way substations","sourceLicense":"ODbL 1.0","osmTimestamp":"2026-06-09T19:42:21Z"},"geometry":{"type":"Point","coordinates":[-8.547780315401983,37.18327175]}},{"type":"Feature","properties":{"assetId":"PT-substation-way-1498762881","countryCode":"PT","assetType":"substation","powerType":"substation","osmType":"way","osmId":"1498762881","actualVoltagesKv":[60],"actualVoltageKv":60,"gridClass":"154","displayClass":"154 kV sınıfı","name":null,"ref":null,"operator":"E-REDES","from":null,"to":null,"displayLabel":"E-REDES · 60 kV · OSM 1498762881","labelSource":"generated-identifier","voltageRaw":"60000","circuits":null,"cables":null,"frequency":null,"location":null,"sourceProvider":"OpenStreetMap Overpass API","sourceFallback":"ArcGIS structures layer omits polygon/way substations","sourceLicense":"ODbL 1.0","osmTimestamp":"2026-06-09T19:42:21Z"},"geometry":{"type":"Point","coordinates":[-8.604595881,37.19449415]}},{"type":"Feature","properties":{"assetId":"PT-substation-way-1498762882","countryCode":"PT","assetType":"substation","powerType":"substation","osmType":"way","osmId":"1498762882","actualVoltagesKv":[60],"actualVoltageKv":60,"gridClass":"154","displayClass":"154 kV sınıfı","name":null,"ref":null,"operator":"E-REDES","from":null,"to":null,"displayLabel":"E-REDES · 60 kV · OSM 1498762882","labelSource":"generated-identifier","voltageRaw":"60000","circuits":null,"cables":null,"frequency":null,"location":null,"sourceProvider":"OpenStreetMap Overpass API","sourceFallback":"ArcGIS structures layer omits polygon/way substations","sourceLicense":"ODbL 1.0","osmTimestamp":"2026-06-09T19:42:21Z"},"geometry":{"type":"Point","coordinates":[-8.589194497841966,37.19226095]}},{"type":"Feature","properties":{"assetId":"PT-substation-way-1499127317","countryCode":"PT","assetType":"substation","powerType":"substation","osmType":"way","osmId":"1499127317","actualVoltagesKv":[60],"actualVoltageKv":60,"gridClass":"154","displayClass":"154 kV sınıfı","name":"Subestação da Estação Elevatória dos Álamos","ref":null,"operator":null,"from":null,"to":null,"displayLabel":"Subestação da Estação Elevatória dos Álamos","labelSource":"osm-name","voltageRaw":"60000","circuits":null,"cables":null,"frequency":null,"location":null,"sourceProvider":"OpenStreetMap Overpass API","sourceFallback":"ArcGIS structures layer omits polygon/way substations","sourceLicense":"ODbL 1.0","osmTimestamp":"2026-04-13T19:10:09Z"},"geometry":{"type":"Point","coordinates":[-7.573960037577637,38.3355068]}},{"type":"Feature","properties":{"assetId":"PT-substation-way-1499741571","countryCode":"PT","assetType":"substation","powerType":"substation","osmType":"way","osmId":"1499741571","actualVoltagesKv":[60],"actualVoltageKv":60,"gridClass":"154","displayClass":"154 kV sınıfı","name":"Subestação da Central Hidroelétroca de Torga","ref":null,"operator":"Aquila Capital","from":null,"to":null,"displayLabel":"Subestação da Central Hidroelétroca de Torga","labelSource":"osm-name","voltageRaw":"60000","circuits":null,"cables":null,"frequency":null,"location":null,"sourceProvider":"OpenStreetMap Overpass API","sourceFallback":"ArcGIS structures layer omits polygon/way substations","sourceLicense":"ODbL 1.0","osmTimestamp":"2026-04-15T21:01:26Z"},"geometry":{"type":"Point","coordinates":[-7.117608999999991,41.7062669]}},{"type":"Feature","properties":{"assetId":"PT-substation-way-1499851522","countryCode":"PT","assetType":"substation","powerType":"substation","osmType":"way","osmId":"1499851522","actualVoltagesKv":[60],"actualVoltageKv":60,"gridClass":"154","displayClass":"154 kV sınıfı","name":"Subestação do Parque Eólico da Serra de Sicó","ref":null,"operator":"Finerge","from":null,"to":null,"displayLabel":"Subestação do Parque Eólico da Serra de Sicó","labelSource":"osm-name","voltageRaw":"60000","circuits":null,"cables":null,"frequency":null,"location":null,"sourceProvider":"OpenStreetMap Overpass API","sourceFallback":"ArcGIS structures layer omits polygon/way substations","sourceLicense":"ODbL 1.0","osmTimestamp":"2026-04-16T10:13:42Z"},"geometry":{"type":"Point","coordinates":[-8.572533650923653,39.91540295]}},{"type":"Feature","properties":{"assetId":"PT-substation-way-1499993756","countryCode":"PT","assetType":"substation","powerType":"substation","osmType":"way","osmId":"1499993756","actualVoltagesKv":[20,60],"actualVoltageKv":60,"gridClass":"154","displayClass":"154 kV sınıfı","name":"Subestação do Parque Eólico da Serra dos Candeeiros","ref":null,"operator":"Nadara","from":null,"to":null,"displayLabel":"Subestação do Parque Eólico da Serra dos Candeeiros","labelSource":"osm-name","voltageRaw":"60000;20000","circuits":null,"cables":null,"frequency":null,"location":null,"sourceProvider":"OpenStreetMap Overpass API","sourceFallback":"ArcGIS structures layer omits polygon/way substations","sourceLicense":"ODbL 1.0","osmTimestamp":"2026-05-18T13:48:18Z"},"geometry":{"type":"Point","coordinates":[-8.952798016186144,39.37741]}},{"type":"Feature","properties":{"assetId":"PT-substation-way-150207801","countryCode":"PT","assetType":"substation","powerType":"substation","osmType":"way","osmId":"150207801","actualVoltagesKv":[30,60],"actualVoltageKv":60,"gridClass":"154","displayClass":"154 kV sınıfı","name":"Subestação de Rio Maior","ref":null,"operator":"E-REDES","from":null,"to":null,"displayLabel":"Subestação de Rio Maior","labelSource":"osm-name","voltageRaw":"60000;30000","circuits":null,"cables":null,"frequency":"50","location":"Zona Industrial de Rio Maior","sourceProvider":"OpenStreetMap Overpass API","sourceFallback":"ArcGIS structures layer omits polygon/way substations","sourceLicense":"ODbL 1.0","osmTimestamp":"2026-04-09T21:48:32Z"},"geometry":{"type":"Point","coordinates":[-8.921655563797563,39.3165731]}},{"type":"Feature","properties":{"assetId":"PT-substation-way-150237308","countryCode":"PT","assetType":"substation","powerType":"substation","osmType":"way","osmId":"150237308","actualVoltagesKv":[15,60],"actualVoltageKv":60,"gridClass":"154","displayClass":"154 kV sınıfı","name":"Subestação de Lordelo","ref":"1310S5000800","operator":"E-REDES","from":null,"to":null,"displayLabel":"Subestação de Lordelo","labelSource":"osm-name","voltageRaw":"60000;15000","circuits":null,"cables":null,"frequency":"50","location":"outdoor","sourceProvider":"OpenStreetMap Overpass API","sourceFallback":"ArcGIS structures layer omits polygon/way substations","sourceLicense":"ODbL 1.0","osmTimestamp":"2026-02-24T12:29:46Z"},"geometry":{"type":"Point","coordinates":[-8.416808928801045,41.253258]}},{"type":"Feature","properties":{"assetId":"PT-substation-way-1502561579","countryCode":"PT","assetType":"substation","powerType":"substation","osmType":"way","osmId":"1502561579","actualVoltagesKv":[20,60],"actualVoltageKv":60,"gridClass":"154","displayClass":"154 kV sınıfı","name":"Subestação do Parque Eólico de Vila Nova","ref":null,"operator":"EDP Renováveis","from":null,"to":null,"displayLabel":"Subestação do Parque Eólico de Vila Nova","labelSource":"osm-name","voltageRaw":"60000;20000","circuits":null,"cables":null,"frequency":null,"location":null,"sourceProvider":"OpenStreetMap Overpass API","sourceFallback":"ArcGIS structures layer omits polygon/way substations","sourceLicense":"ODbL 1.0","osmTimestamp":"2026-04-22T18:07:31Z"},"geometry":{"type":"Point","coordinates":[-8.282980266301774,40.04446995]}},{"type":"Feature","properties":{"assetId":"PT-substation-way-1502795868","countryCode":"PT","assetType":"substation","powerType":"substation","osmType":"way","osmId":"1502795868","actualVoltagesKv":[60],"actualVoltageKv":60,"gridClass":"154","displayClass":"154 kV sınıfı","name":null,"ref":null,"operator":null,"from":null,"to":null,"displayLabel":"60 kV · OSM 1502795868","labelSource":"generated-identifier","voltageRaw":"60000","circuits":null,"cables":null,"frequency":null,"location":null,"sourceProvider":"OpenStreetMap Overpass API","sourceFallback":"ArcGIS structures layer omits polygon/way substations","sourceLicense":"ODbL 1.0","osmTimestamp":"2026-04-23T09:38:33Z"},"geometry":{"type":"Point","coordinates":[-8.61629145308454,40.3604582]}},{"type":"Feature","properties":{"assetId":"PT-substation-way-1502798475","countryCode":"PT","assetType":"substation","powerType":"substation","osmType":"way","osmId":"1502798475","actualVoltagesKv":[60],"actualVoltageKv":60,"gridClass":"154","displayClass":"154 kV sınıfı","name":"Subestação da Central Hidroelétrica de Penacova","ref":null,"operator":null,"from":null,"to":null,"displayLabel":"Subestação da Central Hidroelétrica de Penacova","labelSource":"osm-name","voltageRaw":"60000","circuits":null,"cables":null,"frequency":"50","location":"outdoor","sourceProvider":"OpenStreetMap Overpass API","sourceFallback":"ArcGIS structures layer omits polygon/way substations","sourceLicense":"ODbL 1.0","osmTimestamp":"2026-04-23T09:50:20Z"},"geometry":{"type":"Point","coordinates":[-8.24858679832639,40.297519550000004]}},{"type":"Feature","properties":{"assetId":"PT-substation-way-150818575","countryCode":"PT","assetType":"substation","powerType":"substation","osmType":"way","osmId":"150818575","actualVoltagesKv":[25,60],"actualVoltageKv":60,"gridClass":"154","displayClass":"154 kV sınıfı","name":"Subestação de Tração de Tunes","ref":null,"operator":"Infraestruturas de Portugal","from":null,"to":null,"displayLabel":"Subestação de Tração de Tunes","labelSource":"osm-name","voltageRaw":"60000;25000","circuits":null,"cables":null,"frequency":null,"location":"outdoor","sourceProvider":"OpenStreetMap Overpass API","sourceFallback":"ArcGIS structures layer omits polygon/way substations","sourceLicense":"ODbL 1.0","osmTimestamp":"2026-05-13T15:44:59Z"},"geometry":{"type":"Point","coordinates":[-8.26002250710091,37.168651999999994]}},{"type":"Feature","properties":{"assetId":"PT-substation-way-151061884","countryCode":"PT","assetType":"substation","powerType":"substation","osmType":"way","osmId":"151061884","actualVoltagesKv":[130,150,400],"actualVoltageKv":400,"gridClass":"400","displayClass":"400 kV sınıfı","name":"Subestação de Pedralva","ref":"SPDV","operator":"REN","from":null,"to":null,"displayLabel":"Subestação de Pedralva","labelSource":"osm-name","voltageRaw":"400000;150000;130000","circuits":null,"cables":null,"frequency":"50","location":"outdoor","sourceProvider":"OpenStreetMap Overpass API","sourceFallback":"ArcGIS structures layer omits polygon/way substations","sourceLicense":"ODbL 1.0","osmTimestamp":"2024-02-29T22:41:38Z"},"geometry":{"type":"Point","coordinates":[-8.322689422907251,41.5771761]}},{"type":"Feature","properties":{"assetId":"PT-substation-way-151061905","countryCode":"PT","assetType":"substation","powerType":"substation","osmType":"way","osmId":"151061905","actualVoltagesKv":[60,150],"actualVoltageKv":150,"gridClass":"154","displayClass":"154 kV sınıfı","name":"Subestação de Oleiros","ref":"SOR","operator":"REN","from":null,"to":null,"displayLabel":"Subestação de Oleiros","labelSource":"osm-name","voltageRaw":"150000;60000","circuits":null,"cables":null,"frequency":"50","location":"outdoor","sourceProvider":"OpenStreetMap Overpass API","sourceFallback":"ArcGIS structures layer omits polygon/way substations","sourceLicense":"ODbL 1.0","osmTimestamp":"2024-10-03T17:59:34Z"},"geometry":{"type":"Point","coordinates":[-8.49662344212922,41.60496565]}},{"type":"Feature","properties":{"assetId":"PT-substation-way-151061920","countryCode":"PT","assetType":"substation","powerType":"substation","osmType":"way","osmId":"151061920","actualVoltagesKv":[150],"actualVoltageKv":150,"gridClass":"154","displayClass":"154 kV sınıfı","name":"Subestação de Mendoiro","ref":null,"operator":"Finerge","from":null,"to":null,"displayLabel":"Subestação de Mendoiro","labelSource":"osm-name","voltageRaw":"150000","circuits":null,"cables":null,"frequency":null,"location":"outdoor","sourceProvider":"OpenStreetMap Overpass API","sourceFallback":"ArcGIS structures layer omits polygon/way substations","sourceLicense":"ODbL 1.0","osmTimestamp":"2026-04-16T20:45:33Z"},"geometry":{"type":"Point","coordinates":[-8.425171048245844,42.0059067]}},{"type":"Feature","properties":{"assetId":"PT-substation-way-151061928","countryCode":"PT","assetType":"substation","powerType":"substation","osmType":"way","osmId":"151061928","actualVoltagesKv":[60,150],"actualVoltageKv":150,"gridClass":"154","displayClass":"154 kV sınıfı","name":"Subestação de Vila Fria","ref":"SVI","operator":"REN","from":null,"to":null,"displayLabel":"Subestação de Vila Fria","labelSource":"osm-name","voltageRaw":"150000;60000","circuits":null,"cables":null,"frequency":"50","location":"outdoor","sourceProvider":"OpenStreetMap Overpass API","sourceFallback":"ArcGIS structures layer omits polygon/way substations","sourceLicense":"ODbL 1.0","osmTimestamp":"2024-11-14T16:11:22Z"},"geometry":{"type":"Point","coordinates":[-8.752971164592525,41.653581700000004]}},{"type":"Feature","properties":{"assetId":"PT-substation-way-151069425","countryCode":"PT","assetType":"substation","powerType":"substation","osmType":"way","osmId":"151069425","actualVoltagesKv":[150],"actualVoltageKv":150,"gridClass":"154","displayClass":"154 kV sınıfı","name":"Subestação da Central Hidroelétrica de Vilarinho das Furnas","ref":null,"operator":"Energias de Portugal","from":null,"to":null,"displayLabel":"Subestação da Central Hidroelétrica de Vilarinho das Furnas","labelSource":"osm-name","voltageRaw":"150000","circuits":null,"cables":null,"frequency":"50","location":"outdoor","sourceProvider":"OpenStreetMap Overpass API","sourceFallback":"ArcGIS structures layer omits polygon/way substations","sourceLicense":"ODbL 1.0","osmTimestamp":"2025-07-21T12:34:25Z"},"geometry":{"type":"Point","coordinates":[-8.176023749999997,41.70064845]}},{"type":"Feature","properties":{"assetId":"PT-substation-way-151077578","countryCode":"PT","assetType":"substation","powerType":"substation","osmType":"way","osmId":"151077578","actualVoltagesKv":[60,150],"actualVoltageKv":150,"gridClass":"154","displayClass":"154 kV sınıfı","name":"Subestação de Frades","ref":"SFRD","operator":"REN","from":null,"to":null,"displayLabel":"Subestação de Frades","labelSource":"osm-name","voltageRaw":"150000;60000","circuits":null,"cables":null,"frequency":"50","location":"outdoor","sourceProvider":"OpenStreetMap Overpass API","sourceFallback":"ArcGIS structures layer omits polygon/way substations","sourceLicense":"ODbL 1.0","osmTimestamp":"2024-02-29T21:19:07Z"},"geometry":{"type":"Point","coordinates":[-8.026991400000004,41.6869471]}},{"type":"Feature","properties":{"assetId":"PT-substation-way-151077580","countryCode":"PT","assetType":"substation","powerType":"substation","osmType":"way","osmId":"151077580","actualVoltagesKv":[150],"actualVoltageKv":150,"gridClass":"154","displayClass":"154 kV sınıfı","name":"Subestação da Central Hidroelétrica do Alto Rabagão","ref":null,"operator":"Energias de Portugal","from":null,"to":null,"displayLabel":"Subestação da Central Hidroelétrica do Alto Rabagão","labelSource":"osm-name","voltageRaw":"150000","circuits":null,"cables":null,"frequency":"50","location":"outdoor","sourceProvider":"OpenStreetMap Overpass API","sourceFallback":"ArcGIS structures layer omits polygon/way substations","sourceLicense":"ODbL 1.0","osmTimestamp":"2025-09-06T00:22:28Z"},"geometry":{"type":"Point","coordinates":[-7.859478950000005,41.7387257]}},{"type":"Feature","properties":{"assetId":"PT-substation-way-151077584","countryCode":"PT","assetType":"substation","powerType":"substation","osmType":"way","osmId":"151077584","actualVoltagesKv":[150],"actualVoltageKv":150,"gridClass":"154","displayClass":"154 kV sınıfı","name":"Posto de Corte de Caniçada","ref":"PCCD","operator":"REN","from":null,"to":null,"displayLabel":"Posto de Corte de Caniçada","labelSource":"osm-name","voltageRaw":"150000","circuits":null,"cables":null,"frequency":"50","location":"outdoor","sourceProvider":"OpenStreetMap Overpass API","sourceFallback":"ArcGIS structures layer omits polygon/way substations","sourceLicense":"ODbL 1.0","osmTimestamp":"2025-09-24T15:33:59Z"},"geometry":{"type":"Point","coordinates":[-8.234533546964144,41.6536969]}},{"type":"Feature","properties":{"assetId":"PT-substation-way-151084399","countryCode":"PT","assetType":"substation","powerType":"substation","osmType":"way","osmId":"151084399","actualVoltagesKv":[150],"actualVoltageKv":150,"gridClass":"154","displayClass":"154 kV sınıfı","name":"Subestação do Parque Eólico das Terras Altas de Fafe","ref":null,"operator":"Engie","from":null,"to":null,"displayLabel":"Subestação do Parque Eólico das Terras Altas de Fafe","labelSource":"osm-name","voltageRaw":"150000","circuits":null,"cables":null,"frequency":"50","location":"outdoor","sourceProvider":"OpenStreetMap Overpass API","sourceFallback":"ArcGIS structures layer omits polygon/way substations","sourceLicense":"ODbL 1.0","osmTimestamp":"2025-12-29T22:14:41Z"},"geometry":{"type":"Point","coordinates":[-8.092141649100336,41.508198699999994]}},{"type":"Feature","properties":{"assetId":"PT-substation-way-151090496","countryCode":"PT","assetType":"substation","powerType":"substation","osmType":"way","osmId":"151090496","actualVoltagesKv":[15,60,150],"actualVoltageKv":150,"gridClass":"154","displayClass":"154 kV sınıfı","name":"Subestação de Ruivães","ref":"0312S5008500","operator":"E-REDES","from":null,"to":null,"displayLabel":"Subestação de Ruivães","labelSource":"osm-name","voltageRaw":"150000;60000;15000","circuits":null,"cables":null,"frequency":"50","location":"outdoor","sourceProvider":"OpenStreetMap Overpass API","sourceFallback":"ArcGIS structures layer omits polygon/way substations","sourceLicense":"ODbL 1.0","osmTimestamp":"2026-03-15T16:52:46Z"},"geometry":{"type":"Point","coordinates":[-8.445542724848426,41.4048692]}},{"type":"Feature","properties":{"assetId":"PT-substation-way-151109816","countryCode":"PT","assetType":"substation","powerType":"substation","osmType":"way","osmId":"151109816","actualVoltagesKv":[30,220],"actualVoltageKv":220,"gridClass":"154","displayClass":"154 kV sınıfı","name":"Subestação da Siderurgia da Maia","ref":"SSM","operator":"SN MAIA - Siderurgia Nacional, S.A.","from":null,"to":null,"displayLabel":"Subestação da Siderurgia da Maia","labelSource":"osm-name","voltageRaw":"220000;30000","circuits":null,"cables":null,"frequency":"50","location":null,"sourceProvider":"OpenStreetMap Overpass API","sourceFallback":"ArcGIS structures layer omits polygon/way substations","sourceLicense":"ODbL 1.0","osmTimestamp":"2024-11-12T15:27:02Z"},"geometry":{"type":"Point","coordinates":[-8.558568493597221,41.25524605]}},{"type":"Feature","properties":{"assetId":"PT-substation-way-151111218","countryCode":"PT","assetType":"substation","powerType":"substation","osmType":"way","osmId":"151111218","actualVoltagesKv":[60,220],"actualVoltageKv":220,"gridClass":"154","displayClass":"154 kV sınıfı","name":"Subestação da Prelada","ref":"SPLD","operator":"REN","from":null,"to":null,"displayLabel":"Subestação da Prelada","labelSource":"osm-name","voltageRaw":"220000;60000","circuits":null,"cables":null,"frequency":"50","location":"outdoor","sourceProvider":"OpenStreetMap Overpass API","sourceFallback":"ArcGIS structures layer omits polygon/way substations","sourceLicense":"ODbL 1.0","osmTimestamp":"2024-11-11T13:44:13Z"},"geometry":{"type":"Point","coordinates":[-8.625455184470052,41.172500799999995]}},{"type":"Feature","properties":{"assetId":"PT-substation-way-151162379","countryCode":"PT","assetType":"substation","powerType":"substation","osmType":"way","osmId":"151162379","actualVoltagesKv":[60,220],"actualVoltageKv":220,"gridClass":"154","displayClass":"154 kV sınıfı","name":"Subestação de Mourisca","ref":"SMC","operator":"REN","from":null,"to":null,"displayLabel":"Subestação de Mourisca","labelSource":"osm-name","voltageRaw":"220000;60000","circuits":null,"cables":null,"frequency":"50","location":"outdoor","sourceProvider":"OpenStreetMap Overpass API","sourceFallback":"ArcGIS structures layer omits polygon/way substations","sourceLicense":"ODbL 1.0","osmTimestamp":"2024-02-29T21:19:07Z"},"geometry":{"type":"Point","coordinates":[-8.46310011207091,40.59572015]}},{"type":"Feature","properties":{"assetId":"PT-substation-way-151166980","countryCode":"PT","assetType":"substation","powerType":"substation","osmType":"way","osmId":"151166980","actualVoltagesKv":[60,220],"actualVoltageKv":220,"gridClass":"154","displayClass":"154 kV sınıfı","name":"Subestação de Carvoeira","ref":"SCVR","operator":"REN","from":null,"to":null,"displayLabel":"Subestação de Carvoeira","labelSource":"osm-name","voltageRaw":"220000;60000","circuits":null,"cables":null,"frequency":"50","location":"outdoor","sourceProvider":"OpenStreetMap Overpass API","sourceFallback":"ArcGIS structures layer omits polygon/way substations","sourceLicense":"ODbL 1.0","osmTimestamp":"2024-10-02T14:39:17Z"},"geometry":{"type":"Point","coordinates":[-9.198404522302159,39.0794797]}},{"type":"Feature","properties":{"assetId":"PT-substation-way-151168335","countryCode":"PT","assetType":"substation","powerType":"substation","osmType":"way","osmId":"151168335","actualVoltagesKv":[60,220,400],"actualVoltageKv":400,"gridClass":"400","displayClass":"400 kV sınıfı","name":"Subestação Alto de Mira","ref":"SAM","operator":"REN","from":null,"to":null,"displayLabel":"Subestação Alto de Mira","labelSource":"osm-name","voltageRaw":"400000;220000;60000","circuits":null,"cables":null,"frequency":"50","location":"outdoor","sourceProvider":"OpenStreetMap Overpass API","sourceFallback":"ArcGIS structures layer omits polygon/way substations","sourceLicense":"ODbL 1.0","osmTimestamp":"2024-10-01T15:59:13Z"},"geometry":{"type":"Point","coordinates":[-9.238855033154438,38.777971300000004]}},{"type":"Feature","properties":{"assetId":"PT-substation-way-151173442","countryCode":"PT","assetType":"substation","powerType":"substation","osmType":"way","osmId":"151173442","actualVoltagesKv":[15,60],"actualVoltageKv":60,"gridClass":"154","displayClass":"154 kV sınıfı","name":"Subestação de Pinhel","ref":"0910S5007200","operator":"E-REDES","from":null,"to":null,"displayLabel":"Subestação de Pinhel","labelSource":"osm-name","voltageRaw":"60000;15000","circuits":null,"cables":null,"frequency":null,"location":null,"sourceProvider":"OpenStreetMap Overpass API","sourceFallback":"ArcGIS structures layer omits polygon/way substations","sourceLicense":"ODbL 1.0","osmTimestamp":"2025-06-14T12:52:41Z"},"geometry":{"type":"Point","coordinates":[-7.058173527829725,40.77402335]}},{"type":"Feature","properties":{"assetId":"PT-substation-way-151268942","countryCode":"PT","assetType":"substation","powerType":"substation","osmType":"way","osmId":"151268942","actualVoltagesKv":[25,60],"actualVoltageKv":60,"gridClass":"154","displayClass":"154 kV sınıfı","name":"Subestação de Tração de Travagem","ref":null,"operator":"Infraestruturas de Portugal","from":null,"to":null,"displayLabel":"Subestação de Tração de Travagem","labelSource":"osm-name","voltageRaw":"60000;25000","circuits":null,"cables":null,"frequency":"50","location":"outdoor","sourceProvider":"OpenStreetMap Overpass API","sourceFallback":"ArcGIS structures layer omits polygon/way substations","sourceLicense":"ODbL 1.0","osmTimestamp":"2026-04-30T15:14:16Z"},"geometry":{"type":"Point","coordinates":[-8.552990405369432,41.2344886]}},{"type":"Feature","properties":{"assetId":"PT-substation-way-151573282","countryCode":"PT","assetType":"substation","powerType":"substation","osmType":"way","osmId":"151573282","actualVoltagesKv":[60],"actualVoltageKv":60,"gridClass":"154","displayClass":"154 kV sınıfı","name":"Subestação do Parque Eólico da Sardinha","ref":null,"operator":null,"from":null,"to":null,"displayLabel":"Subestação do Parque Eólico da Sardinha","labelSource":"osm-name","voltageRaw":"60000","circuits":null,"cables":null,"frequency":"50","location":"outdoor","sourceProvider":"OpenStreetMap Overpass API","sourceFallback":"ArcGIS structures layer omits polygon/way substations","sourceLicense":"ODbL 1.0","osmTimestamp":"2026-04-04T15:23:06Z"},"geometry":{"type":"Point","coordinates":[-9.235482800238053,38.861464749999996]}},{"type":"Feature","properties":{"assetId":"PT-substation-way-151705478","countryCode":"PT","assetType":"substation","powerType":"substation","osmType":"way","osmId":"151705478","actualVoltagesKv":[60,220],"actualVoltageKv":220,"gridClass":"154","displayClass":"154 kV sınıfı","name":"Subestação Portcast","ref":null,"operator":"AAPICO Maia, S. A.","from":null,"to":null,"displayLabel":"Subestação Portcast","labelSource":"osm-name","voltageRaw":"220000;60000","circuits":null,"cables":null,"frequency":null,"location":null,"sourceProvider":"OpenStreetMap Overpass API","sourceFallback":"ArcGIS structures layer omits polygon/way substations","sourceLicense":"ODbL 1.0","osmTimestamp":"2025-12-25T18:20:57Z"},"geometry":{"type":"Point","coordinates":[-8.59993463517565,41.227628800000005]}},{"type":"Feature","properties":{"assetId":"PT-substation-way-151741755","countryCode":"PT","assetType":"substation","powerType":"substation","osmType":"way","osmId":"151741755","actualVoltagesKv":[15,60],"actualVoltageKv":60,"gridClass":"154","displayClass":"154 kV sınıfı","name":"Subestação da Aroeira","ref":"1503S5021300","operator":"E-REDES","from":null,"to":null,"displayLabel":"Subestação da Aroeira","labelSource":"osm-name","voltageRaw":"60000;15000","circuits":null,"cables":null,"frequency":"50","location":"outdoor","sourceProvider":"OpenStreetMap Overpass API","sourceFallback":"ArcGIS structures layer omits polygon/way substations","sourceLicense":"ODbL 1.0","osmTimestamp":"2026-02-24T12:29:46Z"},"geometry":{"type":"Point","coordinates":[-9.16320616771441,38.5847225]}},{"type":"Feature","properties":{"assetId":"PT-substation-way-152052518","countryCode":"PT","assetType":"substation","powerType":"substation","osmType":"way","osmId":"152052518","actualVoltagesKv":[60],"actualVoltageKv":60,"gridClass":"154","displayClass":"154 kV sınıfı","name":"Subestação CUF","ref":null,"operator":"CUF","from":null,"to":null,"displayLabel":"Subestação CUF","labelSource":"osm-name","voltageRaw":"60000","circuits":null,"cables":null,"frequency":"50","location":"outdoor","sourceProvider":"OpenStreetMap Overpass API","sourceFallback":"ArcGIS structures layer omits polygon/way substations","sourceLicense":"ODbL 1.0","osmTimestamp":"2025-09-26T17:54:22Z"},"geometry":{"type":"Point","coordinates":[-8.568636600638179,40.776685650000005]}},{"type":"Feature","properties":{"assetId":"PT-substation-way-152052530","countryCode":"PT","assetType":"substation","powerType":"substation","osmType":"way","osmId":"152052530","actualVoltagesKv":[15,60],"actualVoltageKv":60,"gridClass":"154","displayClass":"154 kV sınıfı","name":"Subestação de Avanca","ref":"0108S5001000","operator":"E-REDES","from":null,"to":null,"displayLabel":"Subestação de Avanca","labelSource":"osm-name","voltageRaw":"60000;15000","circuits":null,"cables":null,"frequency":"50","location":"outdoor","sourceProvider":"OpenStreetMap Overpass API","sourceFallback":"ArcGIS structures layer omits polygon/way substations","sourceLicense":"ODbL 1.0","osmTimestamp":"2025-06-14T12:52:41Z"},"geometry":{"type":"Point","coordinates":[-8.56895530007041,40.80752045]}},{"type":"Feature","properties":{"assetId":"PT-substation-way-152131207","countryCode":"PT","assetType":"substation","powerType":"substation","osmType":"way","osmId":"152131207","actualVoltagesKv":[25,60],"actualVoltageKv":60,"gridClass":"154","displayClass":"154 kV sınıfı","name":"Subestação de Tração de Salreu","ref":null,"operator":"Infraestruturas de Portugal","from":null,"to":null,"displayLabel":"Subestação de Tração de Salreu","labelSource":"osm-name","voltageRaw":"60000;25000","circuits":null,"cables":null,"frequency":"50","location":"outdoor","sourceProvider":"OpenStreetMap Overpass API","sourceFallback":"ArcGIS structures layer omits polygon/way substations","sourceLicense":"ODbL 1.0","osmTimestamp":"2026-04-30T22:26:58Z"},"geometry":{"type":"Point","coordinates":[-8.568469681449994,40.7375559]}},{"type":"Feature","properties":{"assetId":"PT-substation-way-153955001","countryCode":"PT","assetType":"substation","powerType":"substation","osmType":"way","osmId":"153955001","actualVoltagesKv":[25,60],"actualVoltageKv":60,"gridClass":"154","displayClass":"154 kV sınıfı","name":"Subestação de Tração de Litém","ref":null,"operator":"Infraestruturas de Portugal","from":null,"to":null,"displayLabel":"Subestação de Tração de Litém","labelSource":"osm-name","voltageRaw":"60000;25000","circuits":null,"cables":null,"frequency":null,"location":null,"sourceProvider":"OpenStreetMap Overpass API","sourceFallback":"ArcGIS structures layer omits polygon/way substations","sourceLicense":"ODbL 1.0","osmTimestamp":"2026-05-04T13:49:33Z"},"geometry":{"type":"Point","coordinates":[-8.603751979606086,39.83708915]}},{"type":"Feature","properties":{"assetId":"PT-substation-way-154987208","countryCode":"PT","assetType":"substation","powerType":"substation","osmType":"way","osmId":"154987208","actualVoltagesKv":[30,60],"actualVoltageKv":60,"gridClass":"154","displayClass":"154 kV sınıfı","name":"Subestação de Cruz do Campo","ref":"1406S5192700","operator":"E-REDES","from":null,"to":null,"displayLabel":"Subestação de Cruz do Campo","labelSource":"osm-name","voltageRaw":"60000;30000","circuits":null,"cables":null,"frequency":null,"location":null,"sourceProvider":"OpenStreetMap Overpass API","sourceFallback":"ArcGIS structures layer omits polygon/way substations","sourceLicense":"ODbL 1.0","osmTimestamp":"2026-02-24T12:29:46Z"},"geometry":{"type":"Point","coordinates":[-8.8198128524714,39.1216847]}},{"type":"Feature","properties":{"assetId":"PT-substation-way-156176120","countryCode":"PT","assetType":"substation","powerType":"substation","osmType":"way","osmId":"156176120","actualVoltagesKv":[60,150],"actualVoltageKv":150,"gridClass":"154","displayClass":"154 kV sınıfı","name":"Subestação de Setúbal","ref":"SSB","operator":"REN","from":null,"to":null,"displayLabel":"Subestação de Setúbal","labelSource":"osm-name","voltageRaw":"150000;60000","circuits":null,"cables":null,"frequency":"50","location":"outdoor","sourceProvider":"OpenStreetMap Overpass API","sourceFallback":"ArcGIS structures layer omits polygon/way substations","sourceLicense":"ODbL 1.0","osmTimestamp":"2024-11-12T16:09:58Z"},"geometry":{"type":"Point","coordinates":[-8.86225386409394,38.53683895]}},{"type":"Feature","properties":{"assetId":"PT-substation-way-156186071","countryCode":"PT","assetType":"substation","powerType":"substation","osmType":"way","osmId":"156186071","actualVoltagesKv":[60],"actualVoltageKv":60,"gridClass":"154","displayClass":"154 kV sınıfı","name":"Subestação da Serra da Cabreira","ref":null,"operator":null,"from":null,"to":null,"displayLabel":"Subestação da Serra da Cabreira","labelSource":"osm-name","voltageRaw":"60000","circuits":null,"cables":null,"frequency":"50","location":"outdoor","sourceProvider":"OpenStreetMap Overpass API","sourceFallback":"ArcGIS structures layer omits polygon/way substations","sourceLicense":"ODbL 1.0","osmTimestamp":"2024-03-03T23:55:23Z"},"geometry":{"type":"Point","coordinates":[-8.046736299633368,41.6480693]}},{"type":"Feature","properties":{"assetId":"PT-substation-way-156186144","countryCode":"PT","assetType":"substation","powerType":"substation","osmType":"way","osmId":"156186144","actualVoltagesKv":[60],"actualVoltageKv":60,"gridClass":"154","displayClass":"154 kV sınıfı","name":"Subestação do Parque Eólico da Lomba da Seixa II","ref":null,"operator":null,"from":null,"to":null,"displayLabel":"Subestação do Parque Eólico da Lomba da Seixa II","labelSource":"osm-name","voltageRaw":"60000","circuits":null,"cables":null,"frequency":null,"location":null,"sourceProvider":"OpenStreetMap Overpass API","sourceFallback":"ArcGIS structures layer omits polygon/way substations","sourceLicense":"ODbL 1.0","osmTimestamp":"2026-04-13T13:03:36Z"},"geometry":{"type":"Point","coordinates":[-7.8903208,41.600893]}},{"type":"Feature","properties":{"assetId":"PT-substation-way-156186435","countryCode":"PT","assetType":"substation","powerType":"substation","osmType":"way","osmId":"156186435","actualVoltagesKv":[60],"actualVoltageKv":60,"gridClass":"154","displayClass":"154 kV sınıfı","name":"Subestação do Parque Eólico da Lomba da Seixa","ref":null,"operator":null,"from":null,"to":null,"displayLabel":"Subestação do Parque Eólico da Lomba da Seixa","labelSource":"osm-name","voltageRaw":"60000","circuits":null,"cables":null,"frequency":null,"location":null,"sourceProvider":"OpenStreetMap Overpass API","sourceFallback":"ArcGIS structures layer omits polygon/way substations","sourceLicense":"ODbL 1.0","osmTimestamp":"2026-04-13T12:59:55Z"},"geometry":{"type":"Point","coordinates":[-7.893051822206926,41.596314899999996]}},{"type":"Feature","properties":{"assetId":"PT-substation-way-156190017","countryCode":"PT","assetType":"substation","powerType":"substation","osmType":"way","osmId":"156190017","actualVoltagesKv":[60],"actualVoltageKv":60,"gridClass":"154","displayClass":"154 kV sınıfı","name":"Subestação da Lomba do Vale","ref":null,"operator":null,"from":null,"to":null,"displayLabel":"Subestação da Lomba do Vale","labelSource":"osm-name","voltageRaw":"60000","circuits":null,"cables":null,"frequency":"50","location":"outdoor","sourceProvider":"OpenStreetMap Overpass API","sourceFallback":"ArcGIS structures layer omits polygon/way substations","sourceLicense":"ODbL 1.0","osmTimestamp":"2024-03-03T23:55:23Z"},"geometry":{"type":"Point","coordinates":[-7.9878952176191405,41.60350765]}},{"type":"Feature","properties":{"assetId":"PT-substation-way-156513435","countryCode":"PT","assetType":"substation","powerType":"substation","osmType":"way","osmId":"156513435","actualVoltagesKv":[15,60],"actualVoltageKv":60,"gridClass":"154","displayClass":"154 kV sınıfı","name":"Subestação de Fonte Boa","ref":"0306S5004700","operator":"E-REDES","from":null,"to":null,"displayLabel":"Subestação de Fonte Boa","labelSource":"osm-name","voltageRaw":"60000;15000","circuits":null,"cables":null,"frequency":"50","location":"outdoor","sourceProvider":"OpenStreetMap Overpass API","sourceFallback":"ArcGIS structures layer omits polygon/way substations","sourceLicense":"ODbL 1.0","osmTimestamp":"2026-02-24T12:29:46Z"},"geometry":{"type":"Point","coordinates":[-8.729998936342794,41.50066835]}},{"type":"Feature","properties":{"assetId":"PT-substation-way-157379362","countryCode":"PT","assetType":"substation","powerType":"substation","osmType":"way","osmId":"157379362","actualVoltagesKv":[60],"actualVoltageKv":60,"gridClass":"154","displayClass":"154 kV sınıfı","name":"Subestação de Outeiro","ref":"Outeiro (PRE)","operator":null,"from":null,"to":null,"displayLabel":"Subestação de Outeiro","labelSource":"osm-name","voltageRaw":"60000","circuits":null,"cables":null,"frequency":"50","location":"indoor","sourceProvider":"OpenStreetMap Overpass API","sourceFallback":"ArcGIS structures layer omits polygon/way substations","sourceLicense":"ODbL 1.0","osmTimestamp":"2023-12-04T21:57:08Z"},"geometry":{"type":"Point","coordinates":[-7.843125150000001,41.3355785]}},{"type":"Feature","properties":{"assetId":"PT-substation-way-157385131","countryCode":"PT","assetType":"substation","powerType":"substation","osmType":"way","osmId":"157385131","actualVoltagesKv":[30,60],"actualVoltageKv":60,"gridClass":"154","displayClass":"154 kV sınıfı","name":"Subestação Soutelo","ref":"1713S5014700","operator":"E-REDES","from":null,"to":null,"displayLabel":"Subestação Soutelo","labelSource":"osm-name","voltageRaw":"60000;30000","circuits":null,"cables":null,"frequency":"50","location":"outdoor","sourceProvider":"OpenStreetMap Overpass API","sourceFallback":"ArcGIS structures layer omits polygon/way substations","sourceLicense":"ODbL 1.0","osmTimestamp":"2026-02-24T12:29:46Z"},"geometry":{"type":"Point","coordinates":[-7.665987638778624,41.46419105]}},{"type":"Feature","properties":{"assetId":"PT-substation-way-157385218","countryCode":"PT","assetType":"substation","powerType":"substation","osmType":"way","osmId":"157385218","actualVoltagesKv":[30,60],"actualVoltageKv":60,"gridClass":"154","displayClass":"154 kV sınıfı","name":"Subestação de Jorjais","ref":"1714S5022900","operator":"E-REDES","from":null,"to":null,"displayLabel":"Subestação de Jorjais","labelSource":"osm-name","voltageRaw":"60000;30000","circuits":null,"cables":null,"frequency":null,"location":null,"sourceProvider":"OpenStreetMap Overpass API","sourceFallback":"ArcGIS structures layer omits polygon/way substations","sourceLicense":"ODbL 1.0","osmTimestamp":"2026-02-24T12:29:46Z"},"geometry":{"type":"Point","coordinates":[-7.703621164246078,41.3417597]}},{"type":"Feature","properties":{"assetId":"PT-substation-way-157385262","countryCode":"PT","assetType":"substation","powerType":"substation","osmType":"way","osmId":"157385262","actualVoltagesKv":[60],"actualVoltageKv":60,"gridClass":"154","displayClass":"154 kV sınıfı","name":null,"ref":null,"operator":"EDP Renováveis","from":null,"to":null,"displayLabel":"EDP Renováveis · 60 kV · OSM 157385262","labelSource":"generated-identifier","voltageRaw":"60000","circuits":null,"cables":null,"frequency":null,"location":null,"sourceProvider":"OpenStreetMap Overpass API","sourceFallback":"ArcGIS structures layer omits polygon/way substations","sourceLicense":"ODbL 1.0","osmTimestamp":"2025-10-26T13:53:12Z"},"geometry":{"type":"Point","coordinates":[-7.62449685,41.4724199]}},{"type":"Feature","properties":{"assetId":"PT-substation-way-157385290","countryCode":"PT","assetType":"substation","powerType":"substation","osmType":"way","osmId":"157385290","actualVoltagesKv":[60],"actualVoltageKv":60,"gridClass":"154","displayClass":"154 kV sınıfı","name":null,"ref":null,"operator":"EDP Renováveis","from":null,"to":null,"displayLabel":"EDP Renováveis · 60 kV · OSM 157385290","labelSource":"generated-identifier","voltageRaw":"60000","circuits":null,"cables":null,"frequency":null,"location":null,"sourceProvider":"OpenStreetMap Overpass API","sourceFallback":"ArcGIS structures layer omits polygon/way substations","sourceLicense":"ODbL 1.0","osmTimestamp":"2025-10-26T13:53:12Z"},"geometry":{"type":"Point","coordinates":[-7.62451405,41.4722105]}},{"type":"Feature","properties":{"assetId":"PT-substation-way-157385313","countryCode":"PT","assetType":"substation","powerType":"substation","osmType":"way","osmId":"157385313","actualVoltagesKv":[30,60],"actualVoltageKv":60,"gridClass":"154","displayClass":"154 kV sınıfı","name":"Subestação do Parque Eólico da Serra do Alvão","ref":null,"operator":"Empreendimentos Hidroeléctricos do Alto Tâmega e Barroso","from":null,"to":null,"displayLabel":"Subestação do Parque Eólico da Serra do Alvão","labelSource":"osm-name","voltageRaw":"60000;30000","circuits":null,"cables":null,"frequency":"50","location":"outdoor","sourceProvider":"OpenStreetMap Overpass API","sourceFallback":"ArcGIS structures layer omits polygon/way substations","sourceLicense":"ODbL 1.0","osmTimestamp":"2026-04-02T17:23:43Z"},"geometry":{"type":"Point","coordinates":[-7.730403675348913,41.4468704]}},{"type":"Feature","properties":{"assetId":"PT-substation-way-157385331","countryCode":"PT","assetType":"substation","powerType":"substation","osmType":"way","osmId":"157385331","actualVoltagesKv":[60],"actualVoltageKv":60,"gridClass":"154","displayClass":"154 kV sınıfı","name":"Subestação de Padrela","ref":null,"operator":null,"from":null,"to":null,"displayLabel":"Subestação de Padrela","labelSource":"osm-name","voltageRaw":"60000","circuits":null,"cables":null,"frequency":"50","location":"outdoor","sourceProvider":"OpenStreetMap Overpass API","sourceFallback":"ArcGIS structures layer omits polygon/way substations","sourceLicense":"ODbL 1.0","osmTimestamp":"2025-09-26T18:00:50Z"},"geometry":{"type":"Point","coordinates":[-7.635319408811823,41.458414700000006]}},{"type":"Feature","properties":{"assetId":"PT-substation-way-157385375","countryCode":"PT","assetType":"substation","powerType":"substation","osmType":"way","osmId":"157385375","actualVoltagesKv":[60],"actualVoltageKv":60,"gridClass":"154","displayClass":"154 kV sınıfı","name":"Subestação do Parque Eólico do Alvão","ref":null,"operator":null,"from":null,"to":null,"displayLabel":"Subestação do Parque Eólico do Alvão","labelSource":"osm-name","voltageRaw":"60000","circuits":null,"cables":null,"frequency":"50","location":"outdoor","sourceProvider":"OpenStreetMap Overpass API","sourceFallback":"ArcGIS structures layer omits polygon/way substations","sourceLicense":"ODbL 1.0","osmTimestamp":"2023-12-10T18:41:17Z"},"geometry":{"type":"Point","coordinates":[-7.728315133423083,41.4465508]}},{"type":"Feature","properties":{"assetId":"PT-substation-way-157914962","countryCode":"PT","assetType":"substation","powerType":"substation","osmType":"way","osmId":"157914962","actualVoltagesKv":[15,60],"actualVoltageKv":60,"gridClass":"154","displayClass":"154 kV sınıfı","name":"Subestação de Poldra","ref":"0803S5904000","operator":"E-REDES","from":null,"to":null,"displayLabel":"Subestação de Poldra","labelSource":"osm-name","voltageRaw":"60000;15000","circuits":null,"cables":null,"frequency":"50","location":"outdoor","sourceProvider":"OpenStreetMap Overpass API","sourceFallback":"ArcGIS structures layer omits polygon/way substations","sourceLicense":"ODbL 1.0","osmTimestamp":"2026-04-15T18:03:48Z"},"geometry":{"type":"Point","coordinates":[-8.779117872238164,37.2121676]}},{"type":"Feature","properties":{"assetId":"PT-substation-way-158012050","countryCode":"PT","assetType":"substation","powerType":"substation","osmType":"way","osmId":"158012050","actualVoltagesKv":[15,60],"actualVoltageKv":60,"gridClass":"154","displayClass":"154 kV sınıfı","name":"Subestação de Tocha","ref":"0602S5004300","operator":"E-REDES","from":null,"to":null,"displayLabel":"Subestação de Tocha","labelSource":"osm-name","voltageRaw":"60000;15000","circuits":null,"cables":null,"frequency":"50","location":"outdoor","sourceProvider":"OpenStreetMap Overpass API","sourceFallback":"ArcGIS structures layer omits polygon/way substations","sourceLicense":"ODbL 1.0","osmTimestamp":"2026-02-24T12:29:46Z"},"geometry":{"type":"Point","coordinates":[-8.728127243430546,40.33248195]}},{"type":"Feature","properties":{"assetId":"PT-substation-way-158069188","countryCode":"PT","assetType":"substation","powerType":"substation","osmType":"way","osmId":"158069188","actualVoltagesKv":[60],"actualVoltageKv":60,"gridClass":"154","displayClass":"154 kV sınıfı","name":"Subestação Picos Verdes","ref":null,"operator":null,"from":null,"to":null,"displayLabel":"Subestação Picos Verdes","labelSource":"osm-name","voltageRaw":"60000","circuits":null,"cables":null,"frequency":null,"location":"outdoor","sourceProvider":"OpenStreetMap Overpass API","sourceFallback":"ArcGIS structures layer omits polygon/way substations","sourceLicense":"ODbL 1.0","osmTimestamp":"2023-12-16T02:01:08Z"},"geometry":{"type":"Point","coordinates":[-8.859504708554127,37.09843815]}},{"type":"Feature","properties":{"assetId":"PT-substation-way-158069207","countryCode":"PT","assetType":"substation","powerType":"substation","osmType":"way","osmId":"158069207","actualVoltagesKv":[15,60],"actualVoltageKv":60,"gridClass":"154","displayClass":"154 kV sınıfı","name":"Subestação de Vila do Bispo","ref":"0815S5061600","operator":"E-REDES","from":null,"to":null,"displayLabel":"Subestação de Vila do Bispo","labelSource":"osm-name","voltageRaw":"60000;15000","circuits":null,"cables":null,"frequency":"50","location":"outdoor","sourceProvider":"OpenStreetMap Overpass API","sourceFallback":"ArcGIS structures layer omits polygon/way substations","sourceLicense":"ODbL 1.0","osmTimestamp":"2026-04-04T22:07:37Z"},"geometry":{"type":"Point","coordinates":[-8.909657458228132,37.07949215]}},{"type":"Feature","properties":{"assetId":"PT-substation-way-158075777","countryCode":"PT","assetType":"substation","powerType":"substation","osmType":"way","osmId":"158075777","actualVoltagesKv":[15,60],"actualVoltageKv":60,"gridClass":"154","displayClass":"154 kV sınıfı","name":"Subestação de Lagos","ref":"0807S5063100","operator":"E-REDES","from":null,"to":null,"displayLabel":"Subestação de Lagos","labelSource":"osm-name","voltageRaw":"60000;15000","circuits":null,"cables":null,"frequency":"50","location":"outdoor","sourceProvider":"OpenStreetMap Overpass API","sourceFallback":"ArcGIS structures layer omits polygon/way substations","sourceLicense":"ODbL 1.0","osmTimestamp":"2026-02-24T12:29:46Z"},"geometry":{"type":"Point","coordinates":[-8.695359567817277,37.10479635]}},{"type":"Feature","properties":{"assetId":"PT-substation-way-162512815","countryCode":"PT","assetType":"substation","powerType":"substation","osmType":"way","osmId":"162512815","actualVoltagesKv":[15,30,60],"actualVoltageKv":60,"gridClass":"154","displayClass":"154 kV sınıfı","name":"Subestação Caeira","ref":"0705S5042200","operator":"E-REDES","from":null,"to":null,"displayLabel":"Subestação Caeira","labelSource":"osm-name","voltageRaw":"60000;30000;15000","circuits":null,"cables":null,"frequency":"50","location":"outdoor","sourceProvider":"OpenStreetMap Overpass API","sourceFallback":"ArcGIS structures layer omits polygon/way substations","sourceLicense":"ODbL 1.0","osmTimestamp":"2026-02-24T12:29:46Z"},"geometry":{"type":"Point","coordinates":[-7.88278769073913,38.555585]}},{"type":"Feature","properties":{"assetId":"PT-substation-way-163194137","countryCode":"PT","assetType":"substation","powerType":"substation","osmType":"way","osmId":"163194137","actualVoltagesKv":[60,150,400],"actualVoltageKv":400,"gridClass":"400","displayClass":"400 kV sınıfı","name":"Subestação de Portimão","ref":"SPO","operator":"REN","from":null,"to":null,"displayLabel":"Subestação de Portimão","labelSource":"osm-name","voltageRaw":"400000;150000;60000","circuits":null,"cables":null,"frequency":"50","location":"outdoor","sourceProvider":"OpenStreetMap Overpass API","sourceFallback":"ArcGIS structures layer omits polygon/way substations","sourceLicense":"ODbL 1.0","osmTimestamp":"2024-11-11T12:41:25Z"},"geometry":{"type":"Point","coordinates":[-8.515731853534877,37.198475200000004]}},{"type":"Feature","properties":{"assetId":"PT-substation-way-163195990","countryCode":"PT","assetType":"substation","powerType":"substation","osmType":"way","osmId":"163195990","actualVoltagesKv":[150],"actualVoltageKv":150,"gridClass":"154","displayClass":"154 kV sınıfı","name":"Posto de Corte de Sabóia","ref":"PCSI","operator":"REN","from":null,"to":null,"displayLabel":"Posto de Corte de Sabóia","labelSource":"osm-name","voltageRaw":"150000","circuits":null,"cables":null,"frequency":"50","location":"outdoor","sourceProvider":"OpenStreetMap Overpass API","sourceFallback":"ArcGIS structures layer omits polygon/way substations","sourceLicense":"ODbL 1.0","osmTimestamp":"2024-02-29T21:58:43Z"},"geometry":{"type":"Point","coordinates":[-8.518420757591038,37.50568935]}},{"type":"Feature","properties":{"assetId":"PT-substation-way-163195991","countryCode":"PT","assetType":"substation","powerType":"substation","osmType":"way","osmId":"163195991","actualVoltagesKv":[25,150],"actualVoltageKv":150,"gridClass":"154","displayClass":"154 kV sınıfı","name":"Subestação de Tração de Luzianes","ref":null,"operator":"Infraestruturas de Portugal","from":null,"to":null,"displayLabel":"Subestação de Tração de Luzianes","labelSource":"osm-name","voltageRaw":"150000;25000","circuits":null,"cables":null,"frequency":"50","location":"outdoor","sourceProvider":"OpenStreetMap Overpass API","sourceFallback":"ArcGIS structures layer omits polygon/way substations","sourceLicense":"ODbL 1.0","osmTimestamp":"2026-05-04T13:49:33Z"},"geometry":{"type":"Point","coordinates":[-8.487569679922935,37.5754191]}},{"type":"Feature","properties":{"assetId":"PT-substation-way-163204230","countryCode":"PT","assetType":"substation","powerType":"substation","osmType":"way","osmId":"163204230","actualVoltagesKv":[150],"actualVoltageKv":150,"gridClass":"154","displayClass":"154 kV sınıfı","name":"Subestação de Neves-Corvo","ref":null,"operator":"Somincor - Sociedade Mineira de Neves-Corvo, S.A.","from":null,"to":null,"displayLabel":"Subestação de Neves-Corvo","labelSource":"osm-name","voltageRaw":"150000","circuits":null,"cables":null,"frequency":"50","location":"outdoor","sourceProvider":"OpenStreetMap Overpass API","sourceFallback":"ArcGIS structures layer omits polygon/way substations","sourceLicense":"ODbL 1.0","osmTimestamp":"2025-09-25T23:29:24Z"},"geometry":{"type":"Point","coordinates":[-7.976744225042362,37.57508175]}},{"type":"Feature","properties":{"assetId":"PT-substation-way-163214308","countryCode":"PT","assetType":"substation","powerType":"substation","osmType":"way","osmId":"163214308","actualVoltagesKv":[150],"actualVoltageKv":150,"gridClass":"154","displayClass":"154 kV sınıfı","name":"Subestação da Refinaria de Sines","ref":null,"operator":"Galp","from":null,"to":null,"displayLabel":"Subestação da Refinaria de Sines","labelSource":"osm-name","voltageRaw":"150000","circuits":null,"cables":null,"frequency":null,"location":"outdoor","sourceProvider":"OpenStreetMap Overpass API","sourceFallback":"ArcGIS structures layer omits polygon/way substations","sourceLicense":"ODbL 1.0","osmTimestamp":"2025-08-12T00:09:28Z"},"geometry":{"type":"Point","coordinates":[-8.79552065,37.95682465]}},{"type":"Feature","properties":{"assetId":"PT-substation-way-163214309","countryCode":"PT","assetType":"substation","powerType":"substation","osmType":"way","osmId":"163214309","actualVoltagesKv":[150],"actualVoltageKv":150,"gridClass":"154","displayClass":"154 kV sınıfı","name":"Subestação Artland Sines","ref":null,"operator":"Indorama","from":null,"to":null,"displayLabel":"Subestação Artland Sines","labelSource":"osm-name","voltageRaw":"150000","circuits":null,"cables":null,"frequency":"50","location":null,"sourceProvider":"OpenStreetMap Overpass API","sourceFallback":"ArcGIS structures layer omits polygon/way substations","sourceLicense":"ODbL 1.0","osmTimestamp":"2025-09-25T21:20:40Z"},"geometry":{"type":"Point","coordinates":[-8.8182048,37.9816613]}},{"type":"Feature","properties":{"assetId":"PT-substation-way-163214310","countryCode":"PT","assetType":"substation","powerType":"substation","osmType":"way","osmId":"163214310","actualVoltagesKv":[25,150],"actualVoltageKv":150,"gridClass":"154","displayClass":"154 kV sınıfı","name":"Subestação de Tração de Monte Novo - Palma","ref":null,"operator":"Infraestruturas de Portugal","from":null,"to":null,"displayLabel":"Subestação de Tração de Monte Novo - Palma","labelSource":"osm-name","voltageRaw":"150000;25000","circuits":null,"cables":null,"frequency":"50","location":"outdoor","sourceProvider":"OpenStreetMap Overpass API","sourceFallback":"ArcGIS structures layer omits polygon/way substations","sourceLicense":"ODbL 1.0","osmTimestamp":"2026-05-04T13:49:33Z"},"geometry":{"type":"Point","coordinates":[-8.598680468254923,38.418813150000005]}},{"type":"Feature","properties":{"assetId":"PT-substation-way-163226982","countryCode":"PT","assetType":"substation","powerType":"substation","osmType":"way","osmId":"163226982","actualVoltagesKv":[25,150],"actualVoltageKv":150,"gridClass":"154","displayClass":"154 kV sınıfı","name":"Subestação de Tração de Pegões","ref":null,"operator":"Infraestruturas de Portugal","from":null,"to":null,"displayLabel":"Subestação de Tração de Pegões","labelSource":"osm-name","voltageRaw":"150000;25000","circuits":null,"cables":null,"frequency":"50","location":"outdoor","sourceProvider":"OpenStreetMap Overpass API","sourceFallback":"ArcGIS structures layer omits polygon/way substations","sourceLicense":"ODbL 1.0","osmTimestamp":"2026-05-04T13:49:33Z"},"geometry":{"type":"Point","coordinates":[-8.640661070991289,38.656123699999995]}},{"type":"Feature","properties":{"assetId":"PT-substation-way-163226990","countryCode":"PT","assetType":"substation","powerType":"substation","osmType":"way","osmId":"163226990","actualVoltagesKv":[150],"actualVoltageKv":150,"gridClass":"154","displayClass":"154 kV sınıfı","name":"Subestação da Quinta do Anjo","ref":null,"operator":"Autoeuropa","from":null,"to":null,"displayLabel":"Subestação da Quinta do Anjo","labelSource":"osm-name","voltageRaw":"150000","circuits":null,"cables":null,"frequency":"50","location":"outdoor","sourceProvider":"OpenStreetMap Overpass API","sourceFallback":"ArcGIS structures layer omits polygon/way substations","sourceLicense":"ODbL 1.0","osmTimestamp":"2024-03-05T17:30:58Z"},"geometry":{"type":"Point","coordinates":[-8.986002957751019,38.58772665]}},{"type":"Feature","properties":{"assetId":"PT-substation-way-163226993","countryCode":"PT","assetType":"substation","powerType":"substation","osmType":"way","osmId":"163226993","actualVoltagesKv":[25,150],"actualVoltageKv":150,"gridClass":"154","displayClass":"154 kV sınıfı","name":"Subestação de Tração do Fogueteiro","ref":null,"operator":"Infraestruturas de Portugal","from":null,"to":null,"displayLabel":"Subestação de Tração do Fogueteiro","labelSource":"osm-name","voltageRaw":"150000;25000","circuits":null,"cables":null,"frequency":"50","location":"outdoor","sourceProvider":"OpenStreetMap Overpass API","sourceFallback":"ArcGIS structures layer omits polygon/way substations","sourceLicense":"ODbL 1.0","osmTimestamp":"2026-05-04T13:49:33Z"},"geometry":{"type":"Point","coordinates":[-9.122982643124693,38.61731145]}},{"type":"Feature","properties":{"assetId":"PT-substation-way-163226996","countryCode":"PT","assetType":"substation","powerType":"substation","osmType":"way","osmId":"163226996","actualVoltagesKv":[150],"actualVoltageKv":150,"gridClass":"154","displayClass":"154 kV sınıfı","name":"Subestação da Lusosider","ref":null,"operator":"Lusosider","from":null,"to":null,"displayLabel":"Subestação da Lusosider","labelSource":"osm-name","voltageRaw":"150000","circuits":null,"cables":null,"frequency":"50","location":"outdoor","sourceProvider":"OpenStreetMap Overpass API","sourceFallback":"ArcGIS structures layer omits polygon/way substations","sourceLicense":"ODbL 1.0","osmTimestamp":"2025-09-26T18:13:53Z"},"geometry":{"type":"Point","coordinates":[-9.065839986962956,38.61898135]}},{"type":"Feature","properties":{"assetId":"PT-substation-way-163226999","countryCode":"PT","assetType":"substation","powerType":"substation","osmType":"way","osmId":"163226999","actualVoltagesKv":[15,30,60],"actualVoltageKv":60,"gridClass":"154","displayClass":"154 kV sınıfı","name":"Subestação de Coina","ref":"1504S5020200","operator":"E-REDES","from":null,"to":null,"displayLabel":"Subestação de Coina","labelSource":"osm-name","voltageRaw":"60000;30000;15000","circuits":null,"cables":null,"frequency":"50","location":"outdoor","sourceProvider":"OpenStreetMap Overpass API","sourceFallback":"ArcGIS structures layer omits polygon/way substations","sourceLicense":"ODbL 1.0","osmTimestamp":"2026-02-24T12:29:46Z"},"geometry":{"type":"Point","coordinates":[-9.043859816428505,38.58816675]}},{"type":"Feature","properties":{"assetId":"PT-substation-way-163227021","countryCode":"PT","assetType":"substation","powerType":"substation","osmType":"way","osmId":"163227021","actualVoltagesKv":[60,150],"actualVoltageKv":150,"gridClass":"154","displayClass":"154 kV sınıfı","name":"Subestação da Trafaria","ref":"STFR","operator":"REN","from":null,"to":null,"displayLabel":"Subestação da Trafaria","labelSource":"osm-name","voltageRaw":"150000;60000","circuits":null,"cables":null,"frequency":"50","location":"outdoor","sourceProvider":"OpenStreetMap Overpass API","sourceFallback":"ArcGIS structures layer omits polygon/way substations","sourceLicense":"ODbL 1.0","osmTimestamp":"2025-09-24T18:20:38Z"},"geometry":{"type":"Point","coordinates":[-9.223076058340983,38.6649562]}},{"type":"Feature","properties":{"assetId":"PT-substation-way-164528740","countryCode":"PT","assetType":"substation","powerType":"substation","osmType":"way","osmId":"164528740","actualVoltagesKv":[30,60],"actualVoltageKv":60,"gridClass":"154","displayClass":"154 kV sınıfı","name":"Subestação do Entroncamento","ref":"1410S5625300","operator":"E-REDES","from":null,"to":null,"displayLabel":"Subestação do Entroncamento","labelSource":"osm-name","voltageRaw":"60000;30000","circuits":null,"cables":null,"frequency":"50","location":"outdoor","sourceProvider":"OpenStreetMap Overpass API","sourceFallback":"ArcGIS structures layer omits polygon/way substations","sourceLicense":"ODbL 1.0","osmTimestamp":"2026-02-24T12:29:46Z"},"geometry":{"type":"Point","coordinates":[-8.468086055197055,39.4696262]}},{"type":"Feature","properties":{"assetId":"PT-substation-way-164716723","countryCode":"PT","assetType":"substation","powerType":"substation","osmType":"way","osmId":"164716723","actualVoltagesKv":[60],"actualVoltageKv":60,"gridClass":"154","displayClass":"154 kV sınıfı","name":"Subestação do Sub-parque Eólico do Alto da Coutada","ref":null,"operator":"EDP Renováveis","from":null,"to":null,"displayLabel":"Subestação do Sub-parque Eólico do Alto da Coutada","labelSource":"osm-name","voltageRaw":"60000","circuits":null,"cables":null,"frequency":"50","location":"outdoor","sourceProvider":"OpenStreetMap Overpass API","sourceFallback":"ArcGIS structures layer omits polygon/way substations","sourceLicense":"ODbL 1.0","osmTimestamp":"2025-10-26T13:53:12Z"},"geometry":{"type":"Point","coordinates":[-7.543996251306613,41.5510099]}},{"type":"Feature","properties":{"assetId":"PT-substation-way-165086190","countryCode":"PT","assetType":"substation","powerType":"substation","osmType":"way","osmId":"165086190","actualVoltagesKv":[20,60],"actualVoltageKv":60,"gridClass":"154","displayClass":"154 kV sınıfı","name":"Subestação do Sub-parque Eólico de Montalegre","ref":null,"operator":null,"from":null,"to":null,"displayLabel":"Subestação do Sub-parque Eólico de Montalegre","labelSource":"osm-name","voltageRaw":"60000;20000","circuits":null,"cables":null,"frequency":null,"location":null,"sourceProvider":"OpenStreetMap Overpass API","sourceFallback":"ArcGIS structures layer omits polygon/way substations","sourceLicense":"ODbL 1.0","osmTimestamp":"2025-07-21T12:25:59Z"},"geometry":{"type":"Point","coordinates":[-7.942775699999999,41.74230265]}},{"type":"Feature","properties":{"assetId":"PT-substation-way-165898049","countryCode":"PT","assetType":"substation","powerType":"substation","osmType":"way","osmId":"165898049","actualVoltagesKv":[25,150],"actualVoltageKv":150,"gridClass":"154","displayClass":"154 kV sınıfı","name":"Subestação de Tração da Quinta Grande","ref":null,"operator":"Infraestruturas de Portugal","from":null,"to":null,"displayLabel":"Subestação de Tração da Quinta Grande","labelSource":"osm-name","voltageRaw":"150000;25000","circuits":null,"cables":null,"frequency":"50","location":"outdoor","sourceProvider":"OpenStreetMap Overpass API","sourceFallback":"ArcGIS structures layer omits polygon/way substations","sourceLicense":"ODbL 1.0","osmTimestamp":"2026-05-04T13:49:33Z"},"geometry":{"type":"Point","coordinates":[-8.51443026550541,38.938117]}},{"type":"Feature","properties":{"assetId":"PT-substation-way-166740796","countryCode":"PT","assetType":"substation","powerType":"substation","osmType":"way","osmId":"166740796","actualVoltagesKv":[15,60],"actualVoltageKv":60,"gridClass":"154","displayClass":"154 kV sınıfı","name":"Subestação de Amares","ref":"0301S5009900","operator":"E-REDES","from":null,"to":null,"displayLabel":"Subestação de Amares","labelSource":"osm-name","voltageRaw":"60000;15000","circuits":null,"cables":null,"frequency":"50","location":"outdoor","sourceProvider":"OpenStreetMap Overpass API","sourceFallback":"ArcGIS structures layer omits polygon/way substations","sourceLicense":"ODbL 1.0","osmTimestamp":"2026-04-11T00:15:51Z"},"geometry":{"type":"Point","coordinates":[-8.348788808877245,41.62081805]}},{"type":"Feature","properties":{"assetId":"PT-substation-way-167487586","countryCode":"PT","assetType":"substation","powerType":"substation","osmType":"way","osmId":"167487586","actualVoltagesKv":[15,60],"actualVoltageKv":60,"gridClass":"154","displayClass":"154 kV sınıfı","name":"Subestação da Boavista","ref":"1312S5013100","operator":"E-REDES","from":null,"to":null,"displayLabel":"Subestação da Boavista","labelSource":"osm-name","voltageRaw":"60000;15000","circuits":null,"cables":null,"frequency":"50","location":null,"sourceProvider":"OpenStreetMap Overpass API","sourceFallback":"ArcGIS structures layer omits polygon/way substations","sourceLicense":"ODbL 1.0","osmTimestamp":"2026-04-04T04:28:35Z"},"geometry":{"type":"Point","coordinates":[-8.654872938410804,41.16368945]}},{"type":"Feature","properties":{"assetId":"PT-substation-way-168872959","countryCode":"PT","assetType":"substation","powerType":"substation","osmType":"way","osmId":"168872959","actualVoltagesKv":[10,60],"actualVoltageKv":60,"gridClass":"154","displayClass":"154 kV sınıfı","name":"Subestação do Parque Eduardo VII","ref":"1106S5244000","operator":"E-REDES","from":null,"to":null,"displayLabel":"Subestação do Parque Eduardo VII","labelSource":"osm-name","voltageRaw":"60000;10000","circuits":null,"cables":null,"frequency":null,"location":null,"sourceProvider":"OpenStreetMap Overpass API","sourceFallback":"ArcGIS structures layer omits polygon/way substations","sourceLicense":"ODbL 1.0","osmTimestamp":"2026-02-24T12:29:46Z"},"geometry":{"type":"Point","coordinates":[-9.15156719808191,38.729930100000004]}},{"type":"Feature","properties":{"assetId":"PT-substation-way-171253574","countryCode":"PT","assetType":"substation","powerType":"substation","osmType":"way","osmId":"171253574","actualVoltagesKv":[60,150,400],"actualVoltageKv":400,"gridClass":"400","displayClass":"400 kV sınıfı","name":"Subestação de Fernão Ferro","ref":"SFF","operator":"REN","from":null,"to":null,"displayLabel":"Subestação de Fernão Ferro","labelSource":"osm-name","voltageRaw":"400000;150000;60000","circuits":null,"cables":null,"frequency":"50","location":"indoor","sourceProvider":"OpenStreetMap Overpass API","sourceFallback":"ArcGIS structures layer omits polygon/way substations","sourceLicense":"ODbL 1.0","osmTimestamp":"2024-02-29T22:41:38Z"},"geometry":{"type":"Point","coordinates":[-9.120594419593166,38.582014349999994]}},{"type":"Feature","properties":{"assetId":"PT-substation-way-172145568","countryCode":"PT","assetType":"substation","powerType":"substation","osmType":"way","osmId":"172145568","actualVoltagesKv":[30,60],"actualVoltageKv":60,"gridClass":"154","displayClass":"154 kV sınıfı","name":"Subestação Olho de Boi","ref":"1401S5636700","operator":"E-REDES","from":null,"to":null,"displayLabel":"Subestação Olho de Boi","labelSource":"osm-name","voltageRaw":"60000;30000","circuits":null,"cables":null,"frequency":null,"location":null,"sourceProvider":"OpenStreetMap Overpass API","sourceFallback":"ArcGIS structures layer omits polygon/way substations","sourceLicense":"ODbL 1.0","osmTimestamp":"2026-02-24T12:29:46Z"},"geometry":{"type":"Point","coordinates":[-8.178541454364748,39.48760005]}},{"type":"Feature","properties":{"assetId":"PT-substation-way-174739473","countryCode":"PT","assetType":"substation","powerType":"substation","osmType":"way","osmId":"174739473","actualVoltagesKv":[15,60],"actualVoltageKv":60,"gridClass":"154","displayClass":"154 kV sınıfı","name":"Subestação do Alto de São João","ref":"0603S5005300","operator":"E-REDES","from":null,"to":null,"displayLabel":"Subestação do Alto de São João","labelSource":"osm-name","voltageRaw":"60000;15000","circuits":null,"cables":null,"frequency":"50","location":"outdoor","sourceProvider":"OpenStreetMap Overpass API","sourceFallback":"ArcGIS structures layer omits polygon/way substations","sourceLicense":"ODbL 1.0","osmTimestamp":"2026-04-23T10:03:57Z"},"geometry":{"type":"Point","coordinates":[-8.400668411017456,40.19336295]}},{"type":"Feature","properties":{"assetId":"PT-substation-way-174748986","countryCode":"PT","assetType":"substation","powerType":"substation","osmType":"way","osmId":"174748986","actualVoltagesKv":[60],"actualVoltageKv":60,"gridClass":"154","displayClass":"154 kV sınıfı","name":"Subestação do Sub-parque Eólico da Benespera","ref":null,"operator":null,"from":null,"to":null,"displayLabel":"Subestação do Sub-parque Eólico da Benespera","labelSource":"osm-name","voltageRaw":"60000","circuits":null,"cables":null,"frequency":"50","location":"outdoor","sourceProvider":"OpenStreetMap Overpass API","sourceFallback":"ArcGIS structures layer omits polygon/way substations","sourceLicense":"ODbL 1.0","osmTimestamp":"2025-09-26T18:07:15Z"},"geometry":{"type":"Point","coordinates":[-7.264412550000002,40.416559449999994]}},{"type":"Feature","properties":{"assetId":"PT-substation-way-180107066","countryCode":"PT","assetType":"substation","powerType":"substation","osmType":"way","osmId":"180107066","actualVoltagesKv":[60],"actualVoltageKv":60,"gridClass":"154","displayClass":"154 kV sınıfı","name":"Posto de Seccionamento de Lameiras","ref":"0806P5061500","operator":"E-REDES","from":null,"to":null,"displayLabel":"Posto de Seccionamento de Lameiras","labelSource":"osm-name","voltageRaw":"60000","circuits":null,"cables":null,"frequency":"50","location":"outdoor","sourceProvider":"OpenStreetMap Overpass API","sourceFallback":"ArcGIS structures layer omits polygon/way substations","sourceLicense":"ODbL 1.0","osmTimestamp":"2026-06-09T20:46:59Z"},"geometry":{"type":"Point","coordinates":[-8.426391736568291,37.133638250000004]}},{"type":"Feature","properties":{"assetId":"PT-substation-way-180107070","countryCode":"PT","assetType":"substation","powerType":"substation","osmType":"way","osmId":"180107070","actualVoltagesKv":[15,60],"actualVoltageKv":60,"gridClass":"154","displayClass":"154 kV sınıfı","name":"Subestação de Armação de Pera","ref":"0813S5062800","operator":"E-REDES","from":null,"to":null,"displayLabel":"Subestação de Armação de Pera","labelSource":"osm-name","voltageRaw":"60000;15000","circuits":null,"cables":null,"frequency":"50","location":"outdoor","sourceProvider":"OpenStreetMap Overpass API","sourceFallback":"ArcGIS structures layer omits polygon/way substations","sourceLicense":"ODbL 1.0","osmTimestamp":"2026-02-24T12:29:46Z"},"geometry":{"type":"Point","coordinates":[-8.369794606711814,37.1194909]}},{"type":"Feature","properties":{"assetId":"PT-substation-way-180835580","countryCode":"PT","assetType":"substation","powerType":"substation","osmType":"way","osmId":"180835580","actualVoltagesKv":[60],"actualVoltageKv":60,"gridClass":"154","displayClass":"154 kV sınıfı","name":"Posto de Corte de Penacova","ref":null,"operator":"E-REDES","from":null,"to":null,"displayLabel":"Posto de Corte de Penacova","labelSource":"osm-name","voltageRaw":"60000","circuits":null,"cables":null,"frequency":"50","location":"outdoor","sourceProvider":"OpenStreetMap Overpass API","sourceFallback":"ArcGIS structures layer omits polygon/way substations","sourceLicense":"ODbL 1.0","osmTimestamp":"2026-04-23T09:50:20Z"},"geometry":{"type":"Point","coordinates":[-8.248828015381516,40.2975272]}},{"type":"Feature","properties":{"assetId":"PT-substation-way-181615855","countryCode":"PT","assetType":"substation","powerType":"substation","osmType":"way","osmId":"181615855","actualVoltagesKv":[60],"actualVoltageKv":60,"gridClass":"154","displayClass":"154 kV sınıfı","name":"Posto de Corte de Sicó","ref":null,"operator":"E-REDES","from":null,"to":null,"displayLabel":"Posto de Corte de Sicó","labelSource":"osm-name","voltageRaw":"60000","circuits":null,"cables":null,"frequency":"50","location":"outdoor","sourceProvider":"OpenStreetMap Overpass API","sourceFallback":"ArcGIS structures layer omits polygon/way substations","sourceLicense":"ODbL 1.0","osmTimestamp":"2026-04-16T10:13:42Z"},"geometry":{"type":"Point","coordinates":[-8.57268220029234,39.91512835]}},{"type":"Feature","properties":{"assetId":"PT-substation-way-181673456","countryCode":"PT","assetType":"substation","powerType":"substation","osmType":"way","osmId":"181673456","actualVoltagesKv":[15,60],"actualVoltageKv":60,"gridClass":"154","displayClass":"154 kV sınıfı","name":"Subestação Esgueira","ref":"0105S5003900","operator":"E-REDES","from":null,"to":null,"displayLabel":"Subestação Esgueira","labelSource":"osm-name","voltageRaw":"60000;15000","circuits":null,"cables":null,"frequency":"50","location":"outdoor","sourceProvider":"OpenStreetMap Overpass API","sourceFallback":"ArcGIS structures layer omits polygon/way substations","sourceLicense":"ODbL 1.0","osmTimestamp":"2026-02-24T12:29:46Z"},"geometry":{"type":"Point","coordinates":[-8.619037537903226,40.64978015]}},{"type":"Feature","properties":{"assetId":"PT-substation-way-182649103","countryCode":"PT","assetType":"substation","powerType":"substation","osmType":"way","osmId":"182649103","actualVoltagesKv":[15,30,60],"actualVoltageKv":60,"gridClass":"154","displayClass":"154 kV sınıfı","name":"Subestação Porteirinhos","ref":"0202S5052400","operator":"E-REDES","from":null,"to":null,"displayLabel":"Subestação Porteirinhos","labelSource":"osm-name","voltageRaw":"60000;30000;15000","circuits":null,"cables":null,"frequency":"50","location":"outdoor","sourceProvider":"OpenStreetMap Overpass API","sourceFallback":"ArcGIS structures layer omits polygon/way substations","sourceLicense":"ODbL 1.0","osmTimestamp":"2026-02-24T12:29:46Z"},"geometry":{"type":"Point","coordinates":[-8.072001500410435,37.5767821]}},{"type":"Feature","properties":{"assetId":"PT-substation-way-182728796","countryCode":"PT","assetType":"substation","powerType":"substation","osmType":"way","osmId":"182728796","actualVoltagesKv":[60],"actualVoltageKv":60,"gridClass":"154","displayClass":"154 kV sınıfı","name":"Posto de Corte da Azinheira","ref":null,"operator":"E-REDES","from":null,"to":null,"displayLabel":"Posto de Corte da Azinheira","labelSource":"osm-name","voltageRaw":"60000","circuits":null,"cables":null,"frequency":null,"location":null,"sourceProvider":"OpenStreetMap Overpass API","sourceFallback":"ArcGIS structures layer omits polygon/way substations","sourceLicense":"ODbL 1.0","osmTimestamp":"2026-02-24T12:29:46Z"},"geometry":{"type":"Point","coordinates":[-8.057483759845658,41.4287293]}},{"type":"Feature","properties":{"assetId":"PT-substation-way-183788299","countryCode":"PT","assetType":"substation","powerType":"substation","osmType":"way","osmId":"183788299","actualVoltagesKv":[6,150],"actualVoltageKv":150,"gridClass":"154","displayClass":"154 kV sınıfı","name":"Subestação da Central Hidroelétrica de Bouçã","ref":null,"operator":"Energias de Portugal","from":null,"to":null,"displayLabel":"Subestação da Central Hidroelétrica de Bouçã","labelSource":"osm-name","voltageRaw":"150000;6000","circuits":null,"cables":null,"frequency":"50","location":"outdoor","sourceProvider":"OpenStreetMap Overpass API","sourceFallback":"ArcGIS structures layer omits polygon/way substations","sourceLicense":"ODbL 1.0","osmTimestamp":"2025-09-07T16:55:44Z"},"geometry":{"type":"Point","coordinates":[-8.220418456141248,39.8543387]}},{"type":"Feature","properties":{"assetId":"PT-substation-way-185215395","countryCode":"PT","assetType":"substation","powerType":"substation","osmType":"way","osmId":"185215395","actualVoltagesKv":[15,60],"actualVoltageKv":60,"gridClass":"154","displayClass":"154 kV sınıfı","name":"Subestação de Castro Marim","ref":"0804S5062300","operator":"E-REDES","from":null,"to":null,"displayLabel":"Subestação de Castro Marim","labelSource":"osm-name","voltageRaw":"60000;15000","circuits":null,"cables":null,"frequency":"50","location":"outdoor","sourceProvider":"OpenStreetMap Overpass API","sourceFallback":"ArcGIS structures layer omits polygon/way substations","sourceLicense":"ODbL 1.0","osmTimestamp":"2026-02-24T12:29:46Z"},"geometry":{"type":"Point","coordinates":[-7.478764071720866,37.2604257]}},{"type":"Feature","properties":{"assetId":"PT-substation-way-186769512","countryCode":"PT","assetType":"substation","powerType":"substation","osmType":"way","osmId":"186769512","actualVoltagesKv":[15,60],"actualVoltageKv":60,"gridClass":"154","displayClass":"154 kV sınıfı","name":"Subestação de Loulé","ref":"0808S5060200","operator":"E-REDES","from":null,"to":null,"displayLabel":"Subestação de Loulé","labelSource":"osm-name","voltageRaw":"60000;15000","circuits":null,"cables":null,"frequency":"50","location":"outdoor","sourceProvider":"OpenStreetMap Overpass API","sourceFallback":"ArcGIS structures layer omits polygon/way substations","sourceLicense":"ODbL 1.0","osmTimestamp":"2026-02-24T12:29:46Z"},"geometry":{"type":"Point","coordinates":[-8.005805144767725,37.136783449999996]}},{"type":"Feature","properties":{"assetId":"PT-substation-way-187723492","countryCode":"PT","assetType":"substation","powerType":"substation","osmType":"way","osmId":"187723492","actualVoltagesKv":[15,60],"actualVoltageKv":60,"gridClass":"154","displayClass":"154 kV sınıfı","name":"Subestação Torre Natal","ref":"0805S5062500","operator":"E-REDES","from":null,"to":null,"displayLabel":"Subestação Torre Natal","labelSource":"osm-name","voltageRaw":"60000;15000","circuits":null,"cables":null,"frequency":"50","location":"outdoor","sourceProvider":"OpenStreetMap Overpass API","sourceFallback":"ArcGIS structures layer omits polygon/way substations","sourceLicense":"ODbL 1.0","osmTimestamp":"2026-02-24T12:29:46Z"},"geometry":{"type":"Point","coordinates":[-7.904316256682868,37.038415400000005]}},{"type":"Feature","properties":{"assetId":"PT-substation-way-189282779","countryCode":"PT","assetType":"substation","powerType":"substation","osmType":"way","osmId":"189282779","actualVoltagesKv":[30,60],"actualVoltageKv":60,"gridClass":"154","displayClass":"154 kV sınıfı","name":"Subestação de Mirandela","ref":"0407S5014900","operator":"E-REDES","from":null,"to":null,"displayLabel":"Subestação de Mirandela","labelSource":"osm-name","voltageRaw":"60000;30000","circuits":null,"cables":null,"frequency":"50","location":"outdoor","sourceProvider":"OpenStreetMap Overpass API","sourceFallback":"ArcGIS structures layer omits polygon/way substations","sourceLicense":"ODbL 1.0","osmTimestamp":"2026-02-24T12:29:46Z"},"geometry":{"type":"Point","coordinates":[-7.186470080880689,41.472399949999996]}},{"type":"Feature","properties":{"assetId":"PT-substation-way-189900204","countryCode":"PT","assetType":"substation","powerType":"substation","osmType":"way","osmId":"189900204","actualVoltagesKv":[15,60],"actualVoltageKv":60,"gridClass":"154","displayClass":"154 kV sınıfı","name":"Subestação Pontão","ref":"1003S5003200","operator":"E-REDES","from":null,"to":null,"displayLabel":"Subestação Pontão","labelSource":"osm-name","voltageRaw":"60000;15000","circuits":null,"cables":null,"frequency":"50","location":"outdoor","sourceProvider":"OpenStreetMap Overpass API","sourceFallback":"ArcGIS structures layer omits polygon/way substations","sourceLicense":"ODbL 1.0","osmTimestamp":"2026-02-24T12:29:46Z"},"geometry":{"type":"Point","coordinates":[-8.383525691789714,39.912322200000006]}},{"type":"Feature","properties":{"assetId":"PT-substation-way-194781072","countryCode":"PT","assetType":"substation","powerType":"substation","osmType":"way","osmId":"194781072","actualVoltagesKv":[15,60],"actualVoltageKv":60,"gridClass":"154","displayClass":"154 kV sınıfı","name":"Subestação de Quinta do Conde","ref":"1511S5020600","operator":"E-REDES","from":null,"to":null,"displayLabel":"Subestação de Quinta do Conde","labelSource":"osm-name","voltageRaw":"60000;15000","circuits":null,"cables":null,"frequency":"50","location":"outdoor","sourceProvider":"OpenStreetMap Overpass API","sourceFallback":"ArcGIS structures layer omits polygon/way substations","sourceLicense":"ODbL 1.0","osmTimestamp":"2026-04-04T12:48:41Z"},"geometry":{"type":"Point","coordinates":[-9.073280863957786,38.54400765]}},{"type":"Feature","properties":{"assetId":"PT-substation-way-195201892","countryCode":"PT","assetType":"substation","powerType":"substation","osmType":"way","osmId":"195201892","actualVoltagesKv":[30,60],"actualVoltageKv":60,"gridClass":"154","displayClass":"154 kV sınıfı","name":"Subestação Santa Cita","ref":"1418S5004100","operator":"E-REDES","from":null,"to":null,"displayLabel":"Subestação Santa Cita","labelSource":"osm-name","voltageRaw":"60000;30000","circuits":null,"cables":null,"frequency":"50","location":"outdoor","sourceProvider":"OpenStreetMap Overpass API","sourceFallback":"ArcGIS structures layer omits polygon/way substations","sourceLicense":"ODbL 1.0","osmTimestamp":"2026-02-24T12:29:46Z"},"geometry":{"type":"Point","coordinates":[-8.3932372506097,39.554558799999995]}},{"type":"Feature","properties":{"assetId":"PT-substation-way-196775065","countryCode":"PT","assetType":"substation","powerType":"substation","osmType":"way","osmId":"196775065","actualVoltagesKv":[15,60],"actualVoltageKv":60,"gridClass":"154","displayClass":"154 kV sınıfı","name":"Subestação Verdinho","ref":"1317S5003500","operator":"E-REDES","from":null,"to":null,"displayLabel":"Subestação Verdinho","labelSource":"osm-name","voltageRaw":"60000;15000","circuits":null,"cables":null,"frequency":"50","location":"outdoor","sourceProvider":"OpenStreetMap Overpass API","sourceFallback":"ArcGIS structures layer omits polygon/way substations","sourceLicense":"ODbL 1.0","osmTimestamp":"2026-02-24T12:29:46Z"},"geometry":{"type":"Point","coordinates":[-8.636592533944958,41.128374699999995]}},{"type":"Feature","properties":{"assetId":"PT-substation-way-197230430","countryCode":"PT","assetType":"substation","powerType":"substation","osmType":"way","osmId":"197230430","actualVoltagesKv":[30,60],"actualVoltageKv":60,"gridClass":"154","displayClass":"154 kV sınıfı","name":"Subestação de Alcanede","ref":"1416S5901000","operator":"E-REDES","from":null,"to":null,"displayLabel":"Subestação de Alcanede","labelSource":"osm-name","voltageRaw":"60000;30000","circuits":null,"cables":null,"frequency":"50","location":"outdoor","sourceProvider":"OpenStreetMap Overpass API","sourceFallback":"ArcGIS structures layer omits polygon/way substations","sourceLicense":"ODbL 1.0","osmTimestamp":"2026-02-24T12:29:46Z"},"geometry":{"type":"Point","coordinates":[-8.808609291324094,39.4278157]}},{"type":"Feature","properties":{"assetId":"PT-substation-way-197983915","countryCode":"PT","assetType":"substation","powerType":"substation","osmType":"way","osmId":"197983915","actualVoltagesKv":[15,60],"actualVoltageKv":60,"gridClass":"154","displayClass":"154 kV sınıfı","name":"Subestação de Sanguedo","ref":"0109S5009900","operator":"E-REDES","from":null,"to":null,"displayLabel":"Subestação de Sanguedo","labelSource":"osm-name","voltageRaw":"60000;15000","circuits":null,"cables":null,"frequency":"50","location":"outdoor","sourceProvider":"OpenStreetMap Overpass API","sourceFallback":"ArcGIS structures layer omits polygon/way substations","sourceLicense":"ODbL 1.0","osmTimestamp":"2026-02-24T12:29:46Z"},"geometry":{"type":"Point","coordinates":[-8.53046347407047,41.00031575]}},{"type":"Feature","properties":{"assetId":"PT-substation-way-197983916","countryCode":"PT","assetType":"substation","powerType":"substation","osmType":"way","osmId":"197983916","actualVoltagesKv":[15,60],"actualVoltageKv":60,"gridClass":"154","displayClass":"154 kV sınıfı","name":"Subestação de Nogueira da Regedoura","ref":"0109S5020900","operator":"E-REDES","from":null,"to":null,"displayLabel":"Subestação de Nogueira da Regedoura","labelSource":"osm-name","voltageRaw":"60000;15000","circuits":null,"cables":null,"frequency":"50","location":"outdoor","sourceProvider":"OpenStreetMap Overpass API","sourceFallback":"ArcGIS structures layer omits polygon/way substations","sourceLicense":"ODbL 1.0","osmTimestamp":"2025-05-28T14:51:31Z"},"geometry":{"type":"Point","coordinates":[-8.596606430321188,41.00750085]}},{"type":"Feature","properties":{"assetId":"PT-substation-way-199836957","countryCode":"PT","assetType":"substation","powerType":"substation","osmType":"way","osmId":"199836957","actualVoltagesKv":[60],"actualVoltageKv":60,"gridClass":"154","displayClass":"154 kV sınıfı","name":"Posto de Corte de Orbacém","ref":null,"operator":"E-REDES","from":null,"to":null,"displayLabel":"Posto de Corte de Orbacém","labelSource":"osm-name","voltageRaw":"60000","circuits":null,"cables":null,"frequency":"50","location":"outdoor","sourceProvider":"OpenStreetMap Overpass API","sourceFallback":"ArcGIS structures layer omits polygon/way substations","sourceLicense":"ODbL 1.0","osmTimestamp":"2026-03-23T07:46:24Z"},"geometry":{"type":"Point","coordinates":[-8.76928827873865,41.812086199999996]}},{"type":"Feature","properties":{"assetId":"PT-substation-way-201459313","countryCode":"PT","assetType":"substation","powerType":"substation","osmType":"way","osmId":"201459313","actualVoltagesKv":[60],"actualVoltageKv":60,"gridClass":"154","displayClass":"154 kV sınıfı","name":"Subestação do Parque Eólico da Serra do Mú","ref":null,"operator":"EDP Renováveis","from":null,"to":null,"displayLabel":"Subestação do Parque Eólico da Serra do Mú","labelSource":"osm-name","voltageRaw":"60000","circuits":null,"cables":null,"frequency":"50","location":"outdoor","sourceProvider":"OpenStreetMap Overpass API","sourceFallback":"ArcGIS structures layer omits polygon/way substations","sourceLicense":"ODbL 1.0","osmTimestamp":"2026-04-16T11:00:15Z"},"geometry":{"type":"Point","coordinates":[-8.093263700429645,37.3718435]}},{"type":"Feature","properties":{"assetId":"PT-substation-way-201459318","countryCode":"PT","assetType":"substation","powerType":"substation","osmType":"way","osmId":"201459318","actualVoltagesKv":[60],"actualVoltageKv":60,"gridClass":"154","displayClass":"154 kV sınıfı","name":"Posto de Seccionamento do Ameixial","ref":"0808P5904200","operator":"E-REDES","from":null,"to":null,"displayLabel":"Posto de Seccionamento do Ameixial","labelSource":"osm-name","voltageRaw":"60000","circuits":null,"cables":null,"frequency":"50","location":"outdoor","sourceProvider":"OpenStreetMap Overpass API","sourceFallback":"ArcGIS structures layer omits polygon/way substations","sourceLicense":"ODbL 1.0","osmTimestamp":"2026-06-09T20:46:59Z"},"geometry":{"type":"Point","coordinates":[-7.970364008196877,37.34873614999999]}},{"type":"Feature","properties":{"assetId":"PT-substation-way-201459319","countryCode":"PT","assetType":"substation","powerType":"substation","osmType":"way","osmId":"201459319","actualVoltagesKv":[60,150,400],"actualVoltageKv":400,"gridClass":"400","displayClass":"400 kV sınıfı","name":"Subestação de Tavira","ref":"STVR","operator":"REN","from":null,"to":null,"displayLabel":"Subestação de Tavira","labelSource":"osm-name","voltageRaw":"400000;150000;60000","circuits":null,"cables":null,"frequency":"50","location":"outdoor","sourceProvider":"OpenStreetMap Overpass API","sourceFallback":"ArcGIS structures layer omits polygon/way substations","sourceLicense":"ODbL 1.0","osmTimestamp":"2024-02-29T22:41:38Z"},"geometry":{"type":"Point","coordinates":[-7.7660859274721386,37.34462675]}},{"type":"Feature","properties":{"assetId":"PT-substation-way-202566277","countryCode":"PT","assetType":"substation","powerType":"substation","osmType":"way","osmId":"202566277","actualVoltagesKv":[15,60],"actualVoltageKv":60,"gridClass":"154","displayClass":"154 kV sınıfı","name":"Subestação de Vilar do Paraíso","ref":"1317S5001800","operator":"E-REDES","from":null,"to":null,"displayLabel":"Subestação de Vilar do Paraíso","labelSource":"osm-name","voltageRaw":"60000;15000","circuits":null,"cables":null,"frequency":"50","location":"outdoor","sourceProvider":"OpenStreetMap Overpass API","sourceFallback":"ArcGIS structures layer omits polygon/way substations","sourceLicense":"ODbL 1.0","osmTimestamp":"2026-04-14T22:03:54Z"},"geometry":{"type":"Point","coordinates":[-8.621121679836511,41.08834925]}},{"type":"Feature","properties":{"assetId":"PT-substation-way-203427886","countryCode":"PT","assetType":"substation","powerType":"substation","osmType":"way","osmId":"203427886","actualVoltagesKv":[10,60],"actualVoltageKv":60,"gridClass":"154","displayClass":"154 kV sınıfı","name":"Subestação do Mercado Abastecedor de Lisboa","ref":"1107S5819500","operator":"E-REDES","from":null,"to":null,"displayLabel":"Subestação do Mercado Abastecedor de Lisboa","labelSource":"osm-name","voltageRaw":"60000;10000","circuits":null,"cables":null,"frequency":"50","location":"outdoor","sourceProvider":"OpenStreetMap Overpass API","sourceFallback":"ArcGIS structures layer omits polygon/way substations","sourceLicense":"ODbL 1.0","osmTimestamp":"2026-02-24T12:29:46Z"},"geometry":{"type":"Point","coordinates":[-9.102012361578922,38.86806335]}},{"type":"Feature","properties":{"assetId":"PT-substation-way-203585145","countryCode":"PT","assetType":"substation","powerType":"substation","osmType":"way","osmId":"203585145","actualVoltagesKv":[15,60],"actualVoltageKv":60,"gridClass":"154","displayClass":"154 kV sınıfı","name":"Subestação de Chaves","ref":"1703S5004900","operator":"E-REDES","from":null,"to":null,"displayLabel":"Subestação de Chaves","labelSource":"osm-name","voltageRaw":"60000;15000","circuits":null,"cables":null,"frequency":"50","location":"outdoor","sourceProvider":"OpenStreetMap Overpass API","sourceFallback":"ArcGIS structures layer omits polygon/way substations","sourceLicense":"ODbL 1.0","osmTimestamp":"2026-02-24T12:29:46Z"},"geometry":{"type":"Point","coordinates":[-7.477268680486766,41.714850999999996]}},{"type":"Feature","properties":{"assetId":"PT-substation-way-204935407","countryCode":"PT","assetType":"substation","powerType":"substation","osmType":"way","osmId":"204935407","actualVoltagesKv":[60],"actualVoltageKv":60,"gridClass":"154","displayClass":"154 kV sınıfı","name":"Posto de Corte de Casais","ref":null,"operator":"Finerge","from":null,"to":null,"displayLabel":"Posto de Corte de Casais","labelSource":"osm-name","voltageRaw":"60000","circuits":null,"cables":null,"frequency":"50","location":"outdoor","sourceProvider":"OpenStreetMap Overpass API","sourceFallback":"ArcGIS structures layer omits polygon/way substations","sourceLicense":"ODbL 1.0","osmTimestamp":"2026-04-10T22:34:23Z"},"geometry":{"type":"Point","coordinates":[-8.0795126174295,41.0023891]}},{"type":"Feature","properties":{"assetId":"PT-substation-way-204963611","countryCode":"PT","assetType":"substation","powerType":"substation","osmType":"way","osmId":"204963611","actualVoltagesKv":[60],"actualVoltageKv":60,"gridClass":"154","displayClass":"154 kV sınıfı","name":"Posto de Seccionamento de Pias","ref":null,"operator":"E-REDES","from":null,"to":null,"displayLabel":"Posto de Seccionamento de Pias","labelSource":"osm-name","voltageRaw":"60000","circuits":null,"cables":null,"frequency":"50","location":"outdoor","sourceProvider":"OpenStreetMap Overpass API","sourceFallback":"ArcGIS structures layer omits polygon/way substations","sourceLicense":"ODbL 1.0","osmTimestamp":"2026-02-24T12:29:46Z"},"geometry":{"type":"Point","coordinates":[-7.626714397676162,38.1093932]}},{"type":"Feature","properties":{"assetId":"PT-substation-way-206973017","countryCode":"PT","assetType":"substation","powerType":"substation","osmType":"way","osmId":"206973017","actualVoltagesKv":[15,60],"actualVoltageKv":60,"gridClass":"154","displayClass":"154 kV sınıfı","name":"Subestação de Corrente","ref":"0603S5006400","operator":"E-REDES","from":null,"to":null,"displayLabel":"Subestação de Corrente","labelSource":"osm-name","voltageRaw":"60000;15000","circuits":null,"cables":null,"frequency":"50","location":"outdoor","sourceProvider":"OpenStreetMap Overpass API","sourceFallback":"ArcGIS structures layer omits polygon/way substations","sourceLicense":"ODbL 1.0","osmTimestamp":"2026-02-24T12:29:46Z"},"geometry":{"type":"Point","coordinates":[-8.39619514322146,40.2283436]}},{"type":"Feature","properties":{"assetId":"PT-substation-way-207815956","countryCode":"PT","assetType":"substation","powerType":"substation","osmType":"way","osmId":"207815956","actualVoltagesKv":[30,60],"actualVoltageKv":60,"gridClass":"154","displayClass":"154 kV sınıfı","name":"Subestação da Marinha Grande","ref":"1010S5000000","operator":"E-REDES","from":null,"to":null,"displayLabel":"Subestação da Marinha Grande","labelSource":"osm-name","voltageRaw":"60000;30000","circuits":null,"cables":null,"frequency":"50","location":"outdoor","sourceProvider":"OpenStreetMap Overpass API","sourceFallback":"ArcGIS structures layer omits polygon/way substations","sourceLicense":"ODbL 1.0","osmTimestamp":"2026-02-24T12:29:46Z"},"geometry":{"type":"Point","coordinates":[-8.919190125649262,39.747771650000004]}},{"type":"Feature","properties":{"assetId":"PT-substation-way-208757197","countryCode":"PT","assetType":"substation","powerType":"substation","osmType":"way","osmId":"208757197","actualVoltagesKv":[10,60],"actualVoltageKv":60,"gridClass":"154","displayClass":"154 kV sınıfı","name":"Subestação da Venteira","ref":"1115S5440000","operator":"E-REDES","from":null,"to":null,"displayLabel":"Subestação da Venteira","labelSource":"osm-name","voltageRaw":"60000;10000","circuits":null,"cables":null,"frequency":"50","location":"indoor","sourceProvider":"OpenStreetMap Overpass API","sourceFallback":"ArcGIS structures layer omits polygon/way substations","sourceLicense":"ODbL 1.0","osmTimestamp":"2026-02-24T12:29:46Z"},"geometry":{"type":"Point","coordinates":[-9.23560163661616,38.745214649999994]}},{"type":"Feature","properties":{"assetId":"PT-substation-way-210950678","countryCode":"PT","assetType":"substation","powerType":"substation","osmType":"way","osmId":"210950678","actualVoltagesKv":[15,60],"actualVoltageKv":60,"gridClass":"154","displayClass":"154 kV sınıfı","name":"Subestação da Vitória","ref":"1312S5014100","operator":"E-REDES","from":null,"to":null,"displayLabel":"Subestação da Vitória","labelSource":"osm-name","voltageRaw":"60000;15000","circuits":null,"cables":null,"frequency":null,"location":null,"sourceProvider":"OpenStreetMap Overpass API","sourceFallback":"ArcGIS structures layer omits polygon/way substations","sourceLicense":"ODbL 1.0","osmTimestamp":"2024-10-17T17:22:08Z"},"geometry":{"type":"Point","coordinates":[-8.613639083140257,41.14463505]}},{"type":"Feature","properties":{"assetId":"PT-substation-way-211334721","countryCode":"PT","assetType":"substation","powerType":"substation","osmType":"way","osmId":"211334721","actualVoltagesKv":[30,60],"actualVoltageKv":60,"gridClass":"154","displayClass":"154 kV sınıfı","name":"Subestação de Matacães","ref":"1113S5480800","operator":"E-REDES","from":null,"to":null,"displayLabel":"Subestação de Matacães","labelSource":"osm-name","voltageRaw":"60000;30000","circuits":null,"cables":null,"frequency":"50","location":"outdoor","sourceProvider":"OpenStreetMap Overpass API","sourceFallback":"ArcGIS structures layer omits polygon/way substations","sourceLicense":"ODbL 1.0","osmTimestamp":"2026-02-24T12:29:46Z"},"geometry":{"type":"Point","coordinates":[-9.211439604715762,39.101758000000004]}},{"type":"Feature","properties":{"assetId":"PT-substation-way-217483582","countryCode":"PT","assetType":"substation","powerType":"substation","osmType":"way","osmId":"217483582","actualVoltagesKv":[15,60],"actualVoltageKv":60,"gridClass":"154","displayClass":"154 kV sınıfı","name":"Subestação Monte dos Burgos","ref":"1312S5013900","operator":"E-REDES","from":null,"to":null,"displayLabel":"Subestação Monte dos Burgos","labelSource":"osm-name","voltageRaw":"60000;15000","circuits":null,"cables":null,"frequency":"50","location":"outdoor","sourceProvider":"OpenStreetMap Overpass API","sourceFallback":"ArcGIS structures layer omits polygon/way substations","sourceLicense":"ODbL 1.0","osmTimestamp":"2024-12-31T11:39:33Z"},"geometry":{"type":"Point","coordinates":[-8.634224520450251,41.1680151]}},{"type":"Feature","properties":{"assetId":"PT-substation-way-221195407","countryCode":"PT","assetType":"substation","powerType":"substation","osmType":"way","osmId":"221195407","actualVoltagesKv":[60],"actualVoltageKv":60,"gridClass":"154","displayClass":"154 kV sınıfı","name":"Subestação de Picoto / São Silvestre","ref":null,"operator":"Finerge","from":null,"to":null,"displayLabel":"Subestação de Picoto / São Silvestre","labelSource":"osm-name","voltageRaw":"60000","circuits":null,"cables":null,"frequency":null,"location":null,"sourceProvider":"OpenStreetMap Overpass API","sourceFallback":"ArcGIS structures layer omits polygon/way substations","sourceLicense":"ODbL 1.0","osmTimestamp":"2026-04-16T20:45:33Z"},"geometry":{"type":"Point","coordinates":[-8.555500500911677,41.98234565]}},{"type":"Feature","properties":{"assetId":"PT-substation-way-221199023","countryCode":"PT","assetType":"substation","powerType":"substation","osmType":"way","osmId":"221199023","actualVoltagesKv":[15,60],"actualVoltageKv":60,"gridClass":"154","displayClass":"154 kV sınıfı","name":"Subestação de Valença","ref":"1608S5006800","operator":"E-REDES","from":null,"to":null,"displayLabel":"Subestação de Valença","labelSource":"osm-name","voltageRaw":"60000;15000","circuits":null,"cables":null,"frequency":"50","location":"outdoor","sourceProvider":"OpenStreetMap Overpass API","sourceFallback":"ArcGIS structures layer omits polygon/way substations","sourceLicense":"ODbL 1.0","osmTimestamp":"2026-02-24T12:29:46Z"},"geometry":{"type":"Point","coordinates":[-8.633362454483695,42.0252367]}},{"type":"Feature","properties":{"assetId":"PT-substation-way-221320423","countryCode":"PT","assetType":"substation","powerType":"substation","osmType":"way","osmId":"221320423","actualVoltagesKv":[15,60],"actualVoltageKv":60,"gridClass":"154","displayClass":"154 kV sınıfı","name":"Subestação de Alfena","ref":"1315S5007300","operator":"E-REDES","from":null,"to":null,"displayLabel":"Subestação de Alfena","labelSource":"osm-name","voltageRaw":"60000;15000","circuits":null,"cables":null,"frequency":"50","location":"outdoor","sourceProvider":"OpenStreetMap Overpass API","sourceFallback":"ArcGIS structures layer omits polygon/way substations","sourceLicense":"ODbL 1.0","osmTimestamp":"2026-02-24T12:29:46Z"},"geometry":{"type":"Point","coordinates":[-8.535793814789741,41.226358250000004]}},{"type":"Feature","properties":{"assetId":"PT-substation-way-221657585","countryCode":"PT","assetType":"substation","powerType":"substation","osmType":"way","osmId":"221657585","actualVoltagesKv":[15,60],"actualVoltageKv":60,"gridClass":"154","displayClass":"154 kV sınıfı","name":"Subestação de France","ref":"1610S5001400","operator":"E-REDES","from":null,"to":null,"displayLabel":"Subestação de France","labelSource":"osm-name","voltageRaw":"60000;15000","circuits":null,"cables":null,"frequency":null,"location":null,"sourceProvider":"OpenStreetMap Overpass API","sourceFallback":"ArcGIS structures layer omits polygon/way substations","sourceLicense":"ODbL 1.0","osmTimestamp":"2026-04-13T14:53:44Z"},"geometry":{"type":"Point","coordinates":[-8.761843486261641,41.88433655]}},{"type":"Feature","properties":{"assetId":"PT-substation-way-223401826","countryCode":"PT","assetType":"substation","powerType":"substation","osmType":"way","osmId":"223401826","actualVoltagesKv":[10,60],"actualVoltageKv":60,"gridClass":"154","displayClass":"154 kV sınıfı","name":"Subestação de Mem Martins","ref":"1111S5395000","operator":"E-REDES","from":null,"to":null,"displayLabel":"Subestação de Mem Martins","labelSource":"osm-name","voltageRaw":"60000;10000","circuits":null,"cables":null,"frequency":null,"location":null,"sourceProvider":"OpenStreetMap Overpass API","sourceFallback":"ArcGIS structures layer omits polygon/way substations","sourceLicense":"ODbL 1.0","osmTimestamp":"2026-02-24T12:29:46Z"},"geometry":{"type":"Point","coordinates":[-9.336271942677726,38.80349065]}},{"type":"Feature","properties":{"assetId":"PT-substation-way-223689373","countryCode":"PT","assetType":"substation","powerType":"substation","osmType":"way","osmId":"223689373","actualVoltagesKv":[60],"actualVoltageKv":60,"gridClass":"154","displayClass":"154 kV sınıfı","name":"Posto de Seccionamento Piedade","ref":null,"operator":"E-REDES","from":null,"to":null,"displayLabel":"Posto de Seccionamento Piedade","labelSource":"osm-name","voltageRaw":"60000","circuits":null,"cables":null,"frequency":"50","location":"outdoor","sourceProvider":"OpenStreetMap Overpass API","sourceFallback":"ArcGIS structures layer omits polygon/way substations","sourceLicense":"ODbL 1.0","osmTimestamp":"2026-02-24T12:29:46Z"},"geometry":{"type":"Point","coordinates":[-9.17454829155148,38.66500295]}},{"type":"Feature","properties":{"assetId":"PT-substation-way-224001566","countryCode":"PT","assetType":"substation","powerType":"substation","osmType":"way","osmId":"224001566","actualVoltagesKv":[30,60],"actualVoltageKv":60,"gridClass":"154","displayClass":"154 kV sınıfı","name":"Subestação de Bragança","ref":"0402S5005100","operator":"E-REDES","from":null,"to":null,"displayLabel":"Subestação de Bragança","labelSource":"osm-name","voltageRaw":"60000;30000","circuits":null,"cables":null,"frequency":"50","location":"outdoor","sourceProvider":"OpenStreetMap Overpass API","sourceFallback":"ArcGIS structures layer omits polygon/way substations","sourceLicense":"ODbL 1.0","osmTimestamp":"2026-02-24T12:29:46Z"},"geometry":{"type":"Point","coordinates":[-6.771002915008365,41.791893]}},{"type":"Feature","properties":{"assetId":"PT-substation-way-228752075","countryCode":"PT","assetType":"substation","powerType":"substation","osmType":"way","osmId":"228752075","actualVoltagesKv":[60],"actualVoltageKv":60,"gridClass":"154","displayClass":"154 kV sınıfı","name":"Subestação do Parque Eólico do Açor","ref":null,"operator":"EDP Renováveis","from":null,"to":null,"displayLabel":"Subestação do Parque Eólico do Açor","labelSource":"osm-name","voltageRaw":"60000","circuits":null,"cables":null,"frequency":null,"location":"outdoor","sourceProvider":"OpenStreetMap Overpass API","sourceFallback":"ArcGIS structures layer omits polygon/way substations","sourceLicense":"ODbL 1.0","osmTimestamp":"2026-04-14T20:54:00Z"},"geometry":{"type":"Point","coordinates":[-7.861544474955517,40.21717675]}},{"type":"Feature","properties":{"assetId":"PT-substation-way-236290371","countryCode":"PT","assetType":"substation","powerType":"substation","osmType":"way","osmId":"236290371","actualVoltagesKv":[60,220],"actualVoltageKv":220,"gridClass":"154","displayClass":"154 kV sınıfı","name":"Subestação de Folques","ref":null,"operator":"EDP Renováveis","from":null,"to":null,"displayLabel":"Subestação de Folques","labelSource":"osm-name","voltageRaw":"220000;60000","circuits":null,"cables":null,"frequency":"50","location":"outdoor","sourceProvider":"OpenStreetMap Overpass API","sourceFallback":"ArcGIS structures layer omits polygon/way substations","sourceLicense":"ODbL 1.0","osmTimestamp":"2025-10-26T13:53:12Z"},"geometry":{"type":"Point","coordinates":[-8.013401388867532,40.2277951]}},{"type":"Feature","properties":{"assetId":"PT-substation-way-237308326","countryCode":"PT","assetType":"substation","powerType":"substation","osmType":"way","osmId":"237308326","actualVoltagesKv":[60],"actualVoltageKv":60,"gridClass":"154","displayClass":"154 kV sınıfı","name":"Subestação de Nunes","ref":null,"operator":null,"from":null,"to":null,"displayLabel":"Subestação de Nunes","labelSource":"osm-name","voltageRaw":"60000","circuits":null,"cables":null,"frequency":null,"location":null,"sourceProvider":"OpenStreetMap Overpass API","sourceFallback":"ArcGIS structures layer omits polygon/way substations","sourceLicense":"ODbL 1.0","osmTimestamp":"2026-04-13T16:43:40Z"},"geometry":{"type":"Point","coordinates":[-6.983635032256919,41.8186151]}},{"type":"Feature","properties":{"assetId":"PT-substation-way-238298963","countryCode":"PT","assetType":"substation","powerType":"substation","osmType":"way","osmId":"238298963","actualVoltagesKv":[60],"actualVoltageKv":60,"gridClass":"154","displayClass":"154 kV sınıfı","name":"Subestação do Parque Eólico de Bornes","ref":null,"operator":"Nadara","from":null,"to":null,"displayLabel":"Subestação do Parque Eólico de Bornes","labelSource":"osm-name","voltageRaw":"60000","circuits":null,"cables":null,"frequency":"50","location":"outdoor","sourceProvider":"OpenStreetMap Overpass API","sourceFallback":"ArcGIS structures layer omits polygon/way substations","sourceLicense":"ODbL 1.0","osmTimestamp":"2026-05-18T13:48:18Z"},"geometry":{"type":"Point","coordinates":[-6.968247015340272,41.4603105]}},{"type":"Feature","properties":{"assetId":"PT-substation-way-239566902","countryCode":"PT","assetType":"substation","powerType":"substation","osmType":"way","osmId":"239566902","actualVoltagesKv":[15,60],"actualVoltageKv":60,"gridClass":"154","displayClass":"154 kV sınıfı","name":"Subestação Mutela","ref":"1503S5021500","operator":"E-REDES","from":null,"to":null,"displayLabel":"Subestação Mutela","labelSource":"osm-name","voltageRaw":"60000;15000","circuits":null,"cables":null,"frequency":"50","location":null,"sourceProvider":"OpenStreetMap Overpass API","sourceFallback":"ArcGIS structures layer omits polygon/way substations","sourceLicense":"ODbL 1.0","osmTimestamp":"2026-02-24T12:29:46Z"},"geometry":{"type":"Point","coordinates":[-9.15372117974074,38.67438145]}},{"type":"Feature","properties":{"assetId":"PT-substation-way-239775715","countryCode":"PT","assetType":"substation","powerType":"substation","osmType":"way","osmId":"239775715","actualVoltagesKv":[15,60],"actualVoltageKv":60,"gridClass":"154","displayClass":"154 kV sınıfı","name":"Subestação Portagem","ref":"1503S5021100","operator":"E-REDES","from":null,"to":null,"displayLabel":"Subestação Portagem","labelSource":"osm-name","voltageRaw":"60000;15000","circuits":null,"cables":null,"frequency":"50","location":"indoor","sourceProvider":"OpenStreetMap Overpass API","sourceFallback":"ArcGIS structures layer omits polygon/way substations","sourceLicense":"ODbL 1.0","osmTimestamp":"2025-06-14T23:11:44Z"},"geometry":{"type":"Point","coordinates":[-9.174820398180671,38.6718998]}},{"type":"Feature","properties":{"assetId":"PT-substation-way-244113496","countryCode":"PT","assetType":"substation","powerType":"substation","osmType":"way","osmId":"244113496","actualVoltagesKv":[60],"actualVoltageKv":60,"gridClass":"154","displayClass":"154 kV sınıfı","name":"Subestação de Janeiro de Cima","ref":null,"operator":null,"from":null,"to":null,"displayLabel":"Subestação de Janeiro de Cima","labelSource":"osm-name","voltageRaw":"60000","circuits":null,"cables":null,"frequency":null,"location":null,"sourceProvider":"OpenStreetMap Overpass API","sourceFallback":"ArcGIS structures layer omits polygon/way substations","sourceLicense":"ODbL 1.0","osmTimestamp":"2026-04-22T18:39:17Z"},"geometry":{"type":"Point","coordinates":[-7.796255286008387,40.07750075]}},{"type":"Feature","properties":{"assetId":"PT-substation-way-245843234","countryCode":"PT","assetType":"substation","powerType":"substation","osmType":"way","osmId":"245843234","actualVoltagesKv":[10,60],"actualVoltageKv":60,"gridClass":"154","displayClass":"154 kV sınıfı","name":"Subestação Vale Escuro","ref":"1106S5140000","operator":"E-REDES","from":null,"to":null,"displayLabel":"Subestação Vale Escuro","labelSource":"osm-name","voltageRaw":"60000;10000","circuits":null,"cables":null,"frequency":"50","location":"indoor","sourceProvider":"OpenStreetMap Overpass API","sourceFallback":"ArcGIS structures layer omits polygon/way substations","sourceLicense":"ODbL 1.0","osmTimestamp":"2026-02-24T12:29:46Z"},"geometry":{"type":"Point","coordinates":[-9.128105619804721,38.7276089]}},{"type":"Feature","properties":{"assetId":"PT-substation-way-24636044","countryCode":"PT","assetType":"substation","powerType":"substation","osmType":"way","osmId":"24636044","actualVoltagesKv":[60,220,400],"actualVoltageKv":400,"gridClass":"400","displayClass":"400 kV sınıfı","name":"Subestação de Fanhões","ref":"SFN","operator":"REN","from":null,"to":null,"displayLabel":"Subestação de Fanhões","labelSource":"osm-name","voltageRaw":"400000;220000;60000","circuits":null,"cables":null,"frequency":"50","location":"outdoor","sourceProvider":"OpenStreetMap Overpass API","sourceFallback":"ArcGIS structures layer omits polygon/way substations","sourceLicense":"ODbL 1.0","osmTimestamp":"2024-10-02T18:29:17Z"},"geometry":{"type":"Point","coordinates":[-9.13727173864362,38.8893689]}},{"type":"Feature","properties":{"assetId":"PT-substation-way-24636062","countryCode":"PT","assetType":"substation","powerType":"substation","osmType":"way","osmId":"24636062","actualVoltagesKv":[60,220],"actualVoltageKv":220,"gridClass":"154","displayClass":"154 kV sınıfı","name":"Subestação de Carriche","ref":"SCH","operator":"REN","from":null,"to":null,"displayLabel":"Subestação de Carriche","labelSource":"osm-name","voltageRaw":"220000;60000","circuits":null,"cables":null,"frequency":"50","location":"outdoor","sourceProvider":"OpenStreetMap Overpass API","sourceFallback":"ArcGIS structures layer omits polygon/way substations","sourceLicense":"ODbL 1.0","osmTimestamp":"2025-09-24T16:12:59Z"},"geometry":{"type":"Point","coordinates":[-9.16656395249429,38.78021605]}},{"type":"Feature","properties":{"assetId":"PT-substation-way-246799879","countryCode":"PT","assetType":"substation","powerType":"substation","osmType":"way","osmId":"246799879","actualVoltagesKv":[15,30,60],"actualVoltageKv":60,"gridClass":"154","displayClass":"154 kV sınıfı","name":"Subestação Andrinos","ref":"1009S5002200","operator":"E-REDES","from":null,"to":null,"displayLabel":"Subestação Andrinos","labelSource":"osm-name","voltageRaw":"60000;30000;15000","circuits":null,"cables":null,"frequency":"50","location":"outdoor","sourceProvider":"OpenStreetMap Overpass API","sourceFallback":"ArcGIS structures layer omits polygon/way substations","sourceLicense":"ODbL 1.0","osmTimestamp":"2026-02-24T12:29:46Z"},"geometry":{"type":"Point","coordinates":[-8.791449044108802,39.7482032]}},{"type":"Feature","properties":{"assetId":"PT-substation-way-248461778","countryCode":"PT","assetType":"substation","powerType":"substation","osmType":"way","osmId":"248461778","actualVoltagesKv":[15,30,60],"actualVoltageKv":60,"gridClass":"154","displayClass":"154 kV sınıfı","name":"Subestação de Vendas Novas","ref":"0712S5042500","operator":"E-REDES","from":null,"to":null,"displayLabel":"Subestação de Vendas Novas","labelSource":"osm-name","voltageRaw":"60000;30000;15000","circuits":null,"cables":null,"frequency":"50","location":"outdoor","sourceProvider":"OpenStreetMap Overpass API","sourceFallback":"ArcGIS structures layer omits polygon/way substations","sourceLicense":"ODbL 1.0","osmTimestamp":"2026-02-24T12:29:46Z"},"geometry":{"type":"Point","coordinates":[-8.44758806363745,38.672068949999996]}},{"type":"Feature","properties":{"assetId":"PT-substation-way-250167244","countryCode":"PT","assetType":"substation","powerType":"substation","osmType":"way","osmId":"250167244","actualVoltagesKv":[60],"actualVoltageKv":60,"gridClass":"154","displayClass":"154 kV sınıfı","name":"Posto de Seccionamento de Sobralinho","ref":null,"operator":"E-REDES","from":null,"to":null,"displayLabel":"Posto de Seccionamento de Sobralinho","labelSource":"osm-name","voltageRaw":"60000","circuits":null,"cables":null,"frequency":"50","location":"outdoor","sourceProvider":"OpenStreetMap Overpass API","sourceFallback":"ArcGIS structures layer omits polygon/way substations","sourceLicense":"ODbL 1.0","osmTimestamp":"2026-02-24T12:29:46Z"},"geometry":{"type":"Point","coordinates":[-9.021860472120647,38.920794]}},{"type":"Feature","properties":{"assetId":"PT-substation-way-250232434","countryCode":"PT","assetType":"substation","powerType":"substation","osmType":"way","osmId":"250232434","actualVoltagesKv":[30,60],"actualVoltageKv":60,"gridClass":"154","displayClass":"154 kV sınıfı","name":"Subestação da Comporta","ref":"1501S5054200","operator":"E-REDES","from":null,"to":null,"displayLabel":"Subestação da Comporta","labelSource":"osm-name","voltageRaw":"60000;30000","circuits":null,"cables":null,"frequency":"50","location":"outdoor","sourceProvider":"OpenStreetMap Overpass API","sourceFallback":"ArcGIS structures layer omits polygon/way substations","sourceLicense":"ODbL 1.0","osmTimestamp":"2026-02-24T12:29:46Z"},"geometry":{"type":"Point","coordinates":[-8.7848178,38.374400800000004]}},{"type":"Feature","properties":{"assetId":"PT-substation-way-256103027","countryCode":"PT","assetType":"substation","powerType":"substation","osmType":"way","osmId":"256103027","actualVoltagesKv":[15,60],"actualVoltageKv":60,"gridClass":"154","displayClass":"154 kV sınıfı","name":"Subestação de Alvaiázere","ref":"1002S5023000","operator":"E-REDES","from":null,"to":null,"displayLabel":"Subestação de Alvaiázere","labelSource":"osm-name","voltageRaw":"60000;15000","circuits":null,"cables":null,"frequency":null,"location":null,"sourceProvider":"OpenStreetMap Overpass API","sourceFallback":"ArcGIS structures layer omits polygon/way substations","sourceLicense":"ODbL 1.0","osmTimestamp":"2026-02-24T12:29:46Z"},"geometry":{"type":"Point","coordinates":[-8.384443545469951,39.84310120000001]}},{"type":"Feature","properties":{"assetId":"PT-substation-way-260450819","countryCode":"PT","assetType":"substation","powerType":"substation","osmType":"way","osmId":"260450819","actualVoltagesKv":[10,60],"actualVoltageKv":60,"gridClass":"154","displayClass":"154 kV sınıfı","name":"Subestação da Venda do Pinheiro","ref":"1109S5902500","operator":"E-REDES","from":null,"to":null,"displayLabel":"Subestação da Venda do Pinheiro","labelSource":"osm-name","voltageRaw":"60000;10000","circuits":null,"cables":null,"frequency":"50","location":"outdoor","sourceProvider":"OpenStreetMap Overpass API","sourceFallback":"ArcGIS structures layer omits polygon/way substations","sourceLicense":"ODbL 1.0","osmTimestamp":"2026-04-15T20:27:28Z"},"geometry":{"type":"Point","coordinates":[-9.218118586082857,38.9240442]}},{"type":"Feature","properties":{"assetId":"PT-substation-way-264180878","countryCode":"PT","assetType":"substation","powerType":"substation","osmType":"way","osmId":"264180878","actualVoltagesKv":[60],"actualVoltageKv":60,"gridClass":"154","displayClass":"154 kV sınıfı","name":"Subestação Silopor","ref":null,"operator":"Silopor","from":null,"to":null,"displayLabel":"Subestação Silopor","labelSource":"osm-name","voltageRaw":"60000","circuits":null,"cables":null,"frequency":null,"location":null,"sourceProvider":"OpenStreetMap Overpass API","sourceFallback":"ArcGIS structures layer omits polygon/way substations","sourceLicense":"ODbL 1.0","osmTimestamp":"2026-04-01T18:01:19Z"},"geometry":{"type":"Point","coordinates":[-9.239353839693386,38.6738957]}},{"type":"Feature","properties":{"assetId":"PT-substation-way-265027897","countryCode":"PT","assetType":"substation","powerType":"substation","osmType":"way","osmId":"265027897","actualVoltagesKv":[30,60],"actualVoltageKv":60,"gridClass":"154","displayClass":"154 kV sınıfı","name":"Subestação do Sado","ref":"1512S5031200","operator":"E-REDES","from":null,"to":null,"displayLabel":"Subestação do Sado","labelSource":"osm-name","voltageRaw":"60000;30000","circuits":null,"cables":null,"frequency":null,"location":"outdoor","sourceProvider":"OpenStreetMap Overpass API","sourceFallback":"ArcGIS structures layer omits polygon/way substations","sourceLicense":"ODbL 1.0","osmTimestamp":"2026-02-24T12:29:46Z"},"geometry":{"type":"Point","coordinates":[-8.805041849999999,38.50211215]}},{"type":"Feature","properties":{"assetId":"PT-substation-way-268751768","countryCode":"PT","assetType":"substation","powerType":"substation","osmType":"way","osmId":"268751768","actualVoltagesKv":[15,60],"actualVoltageKv":60,"gridClass":"154","displayClass":"154 kV sınıfı","name":"Subestação de Candosa","ref":"0616S5003500","operator":"E-REDES","from":null,"to":null,"displayLabel":"Subestação de Candosa","labelSource":"osm-name","voltageRaw":"60000;15000","circuits":null,"cables":null,"frequency":"50","location":"outdoor","sourceProvider":"OpenStreetMap Overpass API","sourceFallback":"ArcGIS structures layer omits polygon/way substations","sourceLicense":"ODbL 1.0","osmTimestamp":"2026-04-03T23:07:14Z"},"geometry":{"type":"Point","coordinates":[-7.947830198392934,40.32959835]}},{"type":"Feature","properties":{"assetId":"PT-substation-way-269548482","countryCode":"PT","assetType":"substation","powerType":"substation","osmType":"way","osmId":"269548482","actualVoltagesKv":[15,60],"actualVoltageKv":60,"gridClass":"154","displayClass":"154 kV sınıfı","name":"Subestação da Costa da Caparica","ref":"1503S5022800","operator":"E-REDES","from":null,"to":null,"displayLabel":"Subestação da Costa da Caparica","labelSource":"osm-name","voltageRaw":"60000;15000","circuits":null,"cables":null,"frequency":"50","location":"outdoor","sourceProvider":"OpenStreetMap Overpass API","sourceFallback":"ArcGIS structures layer omits polygon/way substations","sourceLicense":"ODbL 1.0","osmTimestamp":"2026-04-09T21:50:02Z"},"geometry":{"type":"Point","coordinates":[-9.22465094982275,38.6560074]}},{"type":"Feature","properties":{"assetId":"PT-substation-way-270356056","countryCode":"PT","assetType":"substation","powerType":"substation","osmType":"way","osmId":"270356056","actualVoltagesKv":[60],"actualVoltageKv":60,"gridClass":"154","displayClass":"154 kV sınıfı","name":"Subestação do Parque Eólico de Joguinho II","ref":null,"operator":null,"from":null,"to":null,"displayLabel":"Subestação do Parque Eólico de Joguinho II","labelSource":"osm-name","voltageRaw":"60000","circuits":null,"cables":null,"frequency":"50","location":"outdoor","sourceProvider":"OpenStreetMap Overpass API","sourceFallback":"ArcGIS structures layer omits polygon/way substations","sourceLicense":"ODbL 1.0","osmTimestamp":"2025-09-26T18:07:50Z"},"geometry":{"type":"Point","coordinates":[-9.16775040615211,39.105633100000006]}},{"type":"Feature","properties":{"assetId":"PT-substation-way-271237083","countryCode":"PT","assetType":"substation","powerType":"substation","osmType":"way","osmId":"271237083","actualVoltagesKv":[15,60],"actualVoltageKv":60,"gridClass":"154","displayClass":"154 kV sınıfı","name":"Subestação de São João de Ponte","ref":"0308S5013400","operator":"E-REDES","from":null,"to":null,"displayLabel":"Subestação de São João de Ponte","labelSource":"osm-name","voltageRaw":"60000;15000","circuits":null,"cables":null,"frequency":"50","location":"outdoor","sourceProvider":"OpenStreetMap Overpass API","sourceFallback":"ArcGIS structures layer omits polygon/way substations","sourceLicense":"ODbL 1.0","osmTimestamp":"2026-02-24T12:29:46Z"},"geometry":{"type":"Point","coordinates":[-8.330999544344355,41.4625945]}},{"type":"Feature","properties":{"assetId":"PT-substation-way-276916363","countryCode":"PT","assetType":"substation","powerType":"substation","osmType":"way","osmId":"276916363","actualVoltagesKv":[30,60],"actualVoltageKv":60,"gridClass":"154","displayClass":"154 kV sınıfı","name":"Subestação da Cela","ref":"1001S5001300","operator":"E-REDES","from":null,"to":null,"displayLabel":"Subestação da Cela","labelSource":"osm-name","voltageRaw":"60000;30000","circuits":null,"cables":null,"frequency":null,"location":null,"sourceProvider":"OpenStreetMap Overpass API","sourceFallback":"ArcGIS structures layer omits polygon/way substations","sourceLicense":"ODbL 1.0","osmTimestamp":"2026-02-24T12:29:46Z"},"geometry":{"type":"Point","coordinates":[-9.051331327591729,39.5270856]}},{"type":"Feature","properties":{"assetId":"PT-substation-way-277070787","countryCode":"PT","assetType":"substation","powerType":"substation","osmType":"way","osmId":"277070787","actualVoltagesKv":[30,60],"actualVoltageKv":60,"gridClass":"154","displayClass":"154 kV sınıfı","name":"Subestação Turquel","ref":"1001S5000400","operator":"E-REDES","from":null,"to":null,"displayLabel":"Subestação Turquel","labelSource":"osm-name","voltageRaw":"60000;30000","circuits":null,"cables":null,"frequency":null,"location":null,"sourceProvider":"OpenStreetMap Overpass API","sourceFallback":"ArcGIS structures layer omits polygon/way substations","sourceLicense":"ODbL 1.0","osmTimestamp":"2026-02-24T12:29:46Z"},"geometry":{"type":"Point","coordinates":[-8.965889397128974,39.45727625]}},{"type":"Feature","properties":{"assetId":"PT-substation-way-291818744","countryCode":"PT","assetType":"substation","powerType":"substation","osmType":"way","osmId":"291818744","actualVoltagesKv":[60],"actualVoltageKv":60,"gridClass":"154","displayClass":"154 kV sınıfı","name":"Posto de Corte de Cadafaz","ref":null,"operator":null,"from":null,"to":null,"displayLabel":"Posto de Corte de Cadafaz","labelSource":"osm-name","voltageRaw":"60000","circuits":null,"cables":null,"frequency":null,"location":null,"sourceProvider":"OpenStreetMap Overpass API","sourceFallback":"ArcGIS structures layer omits polygon/way substations","sourceLicense":"ODbL 1.0","osmTimestamp":"2026-04-01T18:01:19Z"},"geometry":{"type":"Point","coordinates":[-8.045933947329814,40.1032298]}},{"type":"Feature","properties":{"assetId":"PT-substation-way-292016916","countryCode":"PT","assetType":"substation","powerType":"substation","osmType":"way","osmId":"292016916","actualVoltagesKv":[30,60],"actualVoltageKv":60,"gridClass":"154","displayClass":"154 kV sınıfı","name":"Subestação de Santiago do Cacém","ref":"1509S5054000","operator":"E-REDES","from":null,"to":null,"displayLabel":"Subestação de Santiago do Cacém","labelSource":"osm-name","voltageRaw":"60000;30000","circuits":null,"cables":null,"frequency":"50","location":"outdoor","sourceProvider":"OpenStreetMap Overpass API","sourceFallback":"ArcGIS structures layer omits polygon/way substations","sourceLicense":"ODbL 1.0","osmTimestamp":"2026-02-24T12:29:46Z"},"geometry":{"type":"Point","coordinates":[-8.675169752639992,38.024994750000005]}},{"type":"Feature","properties":{"assetId":"PT-substation-way-292076601","countryCode":"PT","assetType":"substation","powerType":"substation","osmType":"way","osmId":"292076601","actualVoltagesKv":[15,30,60],"actualVoltageKv":60,"gridClass":"154","displayClass":"154 kV sınıfı","name":"Subestação Monte Feio","ref":"1513S5054400","operator":"E-REDES","from":null,"to":null,"displayLabel":"Subestação Monte Feio","labelSource":"osm-name","voltageRaw":"60000;30000;15000","circuits":null,"cables":null,"frequency":"50","location":"outdoor","sourceProvider":"OpenStreetMap Overpass API","sourceFallback":"ArcGIS structures layer omits polygon/way substations","sourceLicense":"ODbL 1.0","osmTimestamp":"2026-02-24T12:29:46Z"},"geometry":{"type":"Point","coordinates":[-8.84904061969986,37.972616349999996]}},{"type":"Feature","properties":{"assetId":"PT-substation-way-293176146","countryCode":"PT","assetType":"substation","powerType":"substation","osmType":"way","osmId":"293176146","actualVoltagesKv":[15,60],"actualVoltageKv":60,"gridClass":"154","displayClass":"154 kV sınıfı","name":"Subestação de Alfarelos","ref":"0615S5006300","operator":"E-REDES","from":null,"to":null,"displayLabel":"Subestação de Alfarelos","labelSource":"osm-name","voltageRaw":"60000;15000","circuits":null,"cables":null,"frequency":"50","location":"outdoor","sourceProvider":"OpenStreetMap Overpass API","sourceFallback":"ArcGIS structures layer omits polygon/way substations","sourceLicense":"ODbL 1.0","osmTimestamp":"2026-04-23T10:03:57Z"},"geometry":{"type":"Point","coordinates":[-8.638710173218037,40.15613495]}},{"type":"Feature","properties":{"assetId":"PT-substation-way-294662201","countryCode":"PT","assetType":"substation","powerType":"substation","osmType":"way","osmId":"294662201","actualVoltagesKv":[15,60],"actualVoltageKv":60,"gridClass":"154","displayClass":"154 kV sınıfı","name":"Subestação de Âncora","ref":"1602S5021100","operator":"E-REDES","from":null,"to":null,"displayLabel":"Subestação de Âncora","labelSource":"osm-name","voltageRaw":"60000;15000","circuits":null,"cables":null,"frequency":null,"location":null,"sourceProvider":"OpenStreetMap Overpass API","sourceFallback":"ArcGIS structures layer omits polygon/way substations","sourceLicense":"ODbL 1.0","osmTimestamp":"2026-02-24T12:29:46Z"},"geometry":{"type":"Point","coordinates":[-8.855721251420555,41.796673]}},{"type":"Feature","properties":{"assetId":"PT-substation-way-296200566","countryCode":"PT","assetType":"substation","powerType":"substation","osmType":"way","osmId":"296200566","actualVoltagesKv":[30,60],"actualVoltageKv":60,"gridClass":"154","displayClass":"154 kV sınıfı","name":"Subestação de Alpalhão","ref":"1212S5666200","operator":"E-REDES","from":null,"to":null,"displayLabel":"Subestação de Alpalhão","labelSource":"osm-name","voltageRaw":"60000;30000","circuits":null,"cables":null,"frequency":null,"location":null,"sourceProvider":"OpenStreetMap Overpass API","sourceFallback":"ArcGIS structures layer omits polygon/way substations","sourceLicense":"ODbL 1.0","osmTimestamp":"2026-02-24T12:29:46Z"},"geometry":{"type":"Point","coordinates":[-7.619574198382221,39.4248882]}},{"type":"Feature","properties":{"assetId":"PT-substation-way-300073693","countryCode":"PT","assetType":"substation","powerType":"substation","osmType":"way","osmId":"300073693","actualVoltagesKv":[15,60],"actualVoltageKv":60,"gridClass":"154","displayClass":"154 kV sınıfı","name":"Subestação Ortigosa","ref":"1009S5002600","operator":"E-REDES","from":null,"to":null,"displayLabel":"Subestação Ortigosa","labelSource":"osm-name","voltageRaw":"60000;15000","circuits":null,"cables":null,"frequency":"50","location":"outdoor","sourceProvider":"OpenStreetMap Overpass API","sourceFallback":"ArcGIS structures layer omits polygon/way substations","sourceLicense":"ODbL 1.0","osmTimestamp":"2026-02-24T12:29:46Z"},"geometry":{"type":"Point","coordinates":[-8.835538873368376,39.8323298]}},{"type":"Feature","properties":{"assetId":"PT-substation-way-301125865","countryCode":"PT","assetType":"substation","powerType":"substation","osmType":"way","osmId":"301125865","actualVoltagesKv":[60],"actualVoltageKv":60,"gridClass":"154","displayClass":"154 kV sınıfı","name":"Posto de Corte da Mata","ref":null,"operator":"E-REDES","from":null,"to":null,"displayLabel":"Posto de Corte da Mata","labelSource":"osm-name","voltageRaw":"60000","circuits":null,"cables":null,"frequency":null,"location":null,"sourceProvider":"OpenStreetMap Overpass API","sourceFallback":"ArcGIS structures layer omits polygon/way substations","sourceLicense":"ODbL 1.0","osmTimestamp":"2026-04-10T22:46:33Z"},"geometry":{"type":"Point","coordinates":[-9.105335593875495,38.596026699999996]}},{"type":"Feature","properties":{"assetId":"PT-substation-way-301895448","countryCode":"PT","assetType":"substation","powerType":"substation","osmType":"way","osmId":"301895448","actualVoltagesKv":[60],"actualVoltageKv":60,"gridClass":"154","displayClass":"154 kV sınıfı","name":"Subestação Pescanova","ref":null,"operator":"Pescanova","from":null,"to":null,"displayLabel":"Subestação Pescanova","labelSource":"osm-name","voltageRaw":"60000","circuits":null,"cables":null,"frequency":"50","location":"outdoor","sourceProvider":"OpenStreetMap Overpass API","sourceFallback":"ArcGIS structures layer omits polygon/way substations","sourceLicense":"ODbL 1.0","osmTimestamp":"2026-04-17T16:09:05Z"},"geometry":{"type":"Point","coordinates":[-8.801081631123107,40.427682000000004]}},{"type":"Feature","properties":{"assetId":"PT-substation-way-302169548","countryCode":"PT","assetType":"substation","powerType":"substation","osmType":"way","osmId":"302169548","actualVoltagesKv":[30,60],"actualVoltageKv":60,"gridClass":"154","displayClass":"154 kV sınıfı","name":"Subestação de Gala","ref":"0605S5005800","operator":"E-REDES","from":null,"to":null,"displayLabel":"Subestação de Gala","labelSource":"osm-name","voltageRaw":"60000;30000","circuits":null,"cables":null,"frequency":"50","location":"outdoor","sourceProvider":"OpenStreetMap Overpass API","sourceFallback":"ArcGIS structures layer omits polygon/way substations","sourceLicense":"ODbL 1.0","osmTimestamp":"2026-02-24T12:29:46Z"},"geometry":{"type":"Point","coordinates":[-8.847778866975796,40.11795075]}},{"type":"Feature","properties":{"assetId":"PT-substation-way-302768716","countryCode":"PT","assetType":"substation","powerType":"substation","osmType":"way","osmId":"302768716","actualVoltagesKv":[15,60],"actualVoltageKv":60,"gridClass":"154","displayClass":"154 kV sınıfı","name":"Subestação de São Martinho do Campo","ref":"1314S5003200","operator":"E-REDES","from":null,"to":null,"displayLabel":"Subestação de São Martinho do Campo","labelSource":"osm-name","voltageRaw":"60000;15000","circuits":null,"cables":null,"frequency":"50","location":"outdoor","sourceProvider":"OpenStreetMap Overpass API","sourceFallback":"ArcGIS structures layer omits polygon/way substations","sourceLicense":"ODbL 1.0","osmTimestamp":"2026-02-24T12:29:46Z"},"geometry":{"type":"Point","coordinates":[-8.350655690425018,41.365014349999996]}},{"type":"Feature","properties":{"assetId":"PT-substation-way-303040897","countryCode":"PT","assetType":"substation","powerType":"substation","osmType":"way","osmId":"303040897","actualVoltagesKv":[15,60],"actualVoltageKv":60,"gridClass":"154","displayClass":"154 kV sınıfı","name":"Subestação da Santana","ref":"1511S5021000","operator":"E-REDES","from":null,"to":null,"displayLabel":"Subestação da Santana","labelSource":"osm-name","voltageRaw":"60000;15000","circuits":null,"cables":null,"frequency":null,"location":null,"sourceProvider":"OpenStreetMap Overpass API","sourceFallback":"ArcGIS structures layer omits polygon/way substations","sourceLicense":"ODbL 1.0","osmTimestamp":"2026-02-24T12:29:46Z"},"geometry":{"type":"Point","coordinates":[-9.136442041974087,38.45365555]}},{"type":"Feature","properties":{"assetId":"PT-substation-way-303226940","countryCode":"PT","assetType":"substation","powerType":"substation","osmType":"way","osmId":"303226940","actualVoltagesKv":[15,60],"actualVoltageKv":60,"gridClass":"154","displayClass":"154 kV sınıfı","name":"Subestação de Sousa","ref":"1303S5021400","operator":"E-REDES","from":null,"to":null,"displayLabel":"Subestação de Sousa","labelSource":"osm-name","voltageRaw":"60000;15000","circuits":null,"cables":null,"frequency":"50","location":"outdoor","sourceProvider":"OpenStreetMap Overpass API","sourceFallback":"ArcGIS structures layer omits polygon/way substations","sourceLicense":"ODbL 1.0","osmTimestamp":"2026-02-24T12:29:46Z"},"geometry":{"type":"Point","coordinates":[-8.251130280398993,41.354144649999995]}},{"type":"Feature","properties":{"assetId":"PT-substation-way-303451902","countryCode":"PT","assetType":"substation","powerType":"substation","osmType":"way","osmId":"303451902","actualVoltagesKv":[60],"actualVoltageKv":60,"gridClass":"154","displayClass":"154 kV sınıfı","name":"Subestação Soporcel","ref":null,"operator":"The Navigator Company","from":null,"to":null,"displayLabel":"Subestação Soporcel","labelSource":"osm-name","voltageRaw":"60000","circuits":null,"cables":null,"frequency":null,"location":null,"sourceProvider":"OpenStreetMap Overpass API","sourceFallback":"ArcGIS structures layer omits polygon/way substations","sourceLicense":"ODbL 1.0","osmTimestamp":"2026-04-17T16:09:05Z"},"geometry":{"type":"Point","coordinates":[-8.84842642635989,40.05997335]}},{"type":"Feature","properties":{"assetId":"PT-substation-way-304340554","countryCode":"PT","assetType":"substation","powerType":"substation","osmType":"way","osmId":"304340554","actualVoltagesKv":[15,60],"actualVoltageKv":60,"gridClass":"154","displayClass":"154 kV sınıfı","name":"Subestação da Maia","ref":"1306S5008900","operator":"E-REDES","from":null,"to":null,"displayLabel":"Subestação da Maia","labelSource":"osm-name","voltageRaw":"60000;15000","circuits":null,"cables":null,"frequency":"50","location":"outdoor","sourceProvider":"OpenStreetMap Overpass API","sourceFallback":"ArcGIS structures layer omits polygon/way substations","sourceLicense":"ODbL 1.0","osmTimestamp":"2025-12-29T18:50:41Z"},"geometry":{"type":"Point","coordinates":[-8.615557565091454,41.24024125]}},{"type":"Feature","properties":{"assetId":"PT-substation-way-305531168","countryCode":"PT","assetType":"substation","powerType":"substation","osmType":"way","osmId":"305531168","actualVoltagesKv":[60],"actualVoltageKv":60,"gridClass":"154","displayClass":"154 kV sınıfı","name":"Subestação de Picos","ref":null,"operator":"Finerge","from":null,"to":null,"displayLabel":"Subestação de Picos","labelSource":"osm-name","voltageRaw":"60000","circuits":null,"cables":null,"frequency":null,"location":null,"sourceProvider":"OpenStreetMap Overpass API","sourceFallback":"ArcGIS structures layer omits polygon/way substations","sourceLicense":"ODbL 1.0","osmTimestamp":"2025-10-25T20:45:07Z"},"geometry":{"type":"Point","coordinates":[-8.208027550910593,42.0683056]}},{"type":"Feature","properties":{"assetId":"PT-substation-way-308437629","countryCode":"PT","assetType":"substation","powerType":"substation","osmType":"way","osmId":"308437629","actualVoltagesKv":[15,60],"actualVoltageKv":60,"gridClass":"154","displayClass":"154 kV sınıfı","name":"Subestação de Vila Robim","ref":"0605S5005600","operator":"E-REDES","from":null,"to":null,"displayLabel":"Subestação de Vila Robim","labelSource":"osm-name","voltageRaw":"60000;15000","circuits":null,"cables":null,"frequency":"50","location":"outdoor","sourceProvider":"OpenStreetMap Overpass API","sourceFallback":"ArcGIS structures layer omits polygon/way substations","sourceLicense":"ODbL 1.0","osmTimestamp":"2026-02-24T12:29:46Z"},"geometry":{"type":"Point","coordinates":[-8.841407273762421,40.160618150000005]}},{"type":"Feature","properties":{"assetId":"PT-substation-way-308669598","countryCode":"PT","assetType":"substation","powerType":"substation","osmType":"way","osmId":"308669598","actualVoltagesKv":[15,60],"actualVoltageKv":60,"gridClass":"154","displayClass":"154 kV sınıfı","name":"Subestação de São Martinho de Dume","ref":"0303S5006500","operator":"E-REDES","from":null,"to":null,"displayLabel":"Subestação de São Martinho de Dume","labelSource":"osm-name","voltageRaw":"60000;15000","circuits":null,"cables":null,"frequency":"50","location":"outdoor","sourceProvider":"OpenStreetMap Overpass API","sourceFallback":"ArcGIS structures layer omits polygon/way substations","sourceLicense":"ODbL 1.0","osmTimestamp":"2026-02-24T12:29:46Z"},"geometry":{"type":"Point","coordinates":[-8.432841458205743,41.5736562]}},{"type":"Feature","properties":{"assetId":"PT-substation-way-308669633","countryCode":"PT","assetType":"substation","powerType":"substation","osmType":"way","osmId":"308669633","actualVoltagesKv":[15,60],"actualVoltageKv":60,"gridClass":"154","displayClass":"154 kV sınıfı","name":"Subestação de Requião","ref":"0312S5003800","operator":"E-REDES","from":null,"to":null,"displayLabel":"Subestação de Requião","labelSource":"osm-name","voltageRaw":"60000;15000","circuits":null,"cables":null,"frequency":"50","location":"outdoor","sourceProvider":"OpenStreetMap Overpass API","sourceFallback":"ArcGIS structures layer omits polygon/way substations","sourceLicense":"ODbL 1.0","osmTimestamp":"2026-04-07T10:53:58Z"},"geometry":{"type":"Point","coordinates":[-8.497661069168167,41.408729550000004]}},{"type":"Feature","properties":{"assetId":"PT-substation-way-308669636","countryCode":"PT","assetType":"substation","powerType":"substation","osmType":"way","osmId":"308669636","actualVoltagesKv":[15,60],"actualVoltageKv":60,"gridClass":"154","displayClass":"154 kV sınıfı","name":"Subestação de Pevidém","ref":"0308S5001900","operator":"E-REDES","from":null,"to":null,"displayLabel":"Subestação de Pevidém","labelSource":"osm-name","voltageRaw":"60000;15000","circuits":null,"cables":null,"frequency":"50","location":"outdoor","sourceProvider":"OpenStreetMap Overpass API","sourceFallback":"ArcGIS structures layer omits polygon/way substations","sourceLicense":"ODbL 1.0","osmTimestamp":"2026-02-24T12:29:46Z"},"geometry":{"type":"Point","coordinates":[-8.360938000000003,41.4297701]}},{"type":"Feature","properties":{"assetId":"PT-substation-way-308669650","countryCode":"PT","assetType":"substation","powerType":"substation","osmType":"way","osmId":"308669650","actualVoltagesKv":[15,60],"actualVoltageKv":60,"gridClass":"154","displayClass":"154 kV sınıfı","name":"Subestação de Lameirinho","ref":"0308S5012800","operator":"E-REDES","from":null,"to":null,"displayLabel":"Subestação de Lameirinho","labelSource":"osm-name","voltageRaw":"60000;15000","circuits":null,"cables":null,"frequency":null,"location":null,"sourceProvider":"OpenStreetMap Overpass API","sourceFallback":"ArcGIS structures layer omits polygon/way substations","sourceLicense":"ODbL 1.0","osmTimestamp":"2026-02-24T12:29:46Z"},"geometry":{"type":"Point","coordinates":[-8.361491276983163,41.423405450000004]}},{"type":"Feature","properties":{"assetId":"PT-substation-way-311366027","countryCode":"PT","assetType":"substation","powerType":"substation","osmType":"way","osmId":"311366027","actualVoltagesKv":[15,60],"actualVoltageKv":60,"gridClass":"154","displayClass":"154 kV sınıfı","name":"Subestação de Gueifães","ref":"1306S5010100","operator":"E-REDES","from":null,"to":null,"displayLabel":"Subestação de Gueifães","labelSource":"osm-name","voltageRaw":"60000;15000","circuits":null,"cables":null,"frequency":"50","location":"outdoor","sourceProvider":"OpenStreetMap Overpass API","sourceFallback":"ArcGIS structures layer omits polygon/way substations","sourceLicense":"ODbL 1.0","osmTimestamp":"2026-04-04T13:02:24Z"},"geometry":{"type":"Point","coordinates":[-8.599374212255874,41.207174800000004]}},{"type":"Feature","properties":{"assetId":"PT-substation-way-313181089","countryCode":"PT","assetType":"substation","powerType":"substation","osmType":"way","osmId":"313181089","actualVoltagesKv":[15,60],"actualVoltageKv":60,"gridClass":"154","displayClass":"154 kV sınıfı","name":"Subestação São Romão de Neiva","ref":"1609S5011200","operator":"E-REDES","from":null,"to":null,"displayLabel":"Subestação São Romão de Neiva","labelSource":"osm-name","voltageRaw":"15000;60000","circuits":null,"cables":null,"frequency":"50","location":"outdoor","sourceProvider":"OpenStreetMap Overpass API","sourceFallback":"ArcGIS structures layer omits polygon/way substations","sourceLicense":"ODbL 1.0","osmTimestamp":"2026-02-24T12:29:46Z"},"geometry":{"type":"Point","coordinates":[-8.765434039664036,41.6284337]}},{"type":"Feature","properties":{"assetId":"PT-substation-way-320511904","countryCode":"PT","assetType":"substation","powerType":"substation","osmType":"way","osmId":"320511904","actualVoltagesKv":[10,60],"actualVoltageKv":60,"gridClass":"154","displayClass":"154 kV sınıfı","name":"Subestação do Zambujal","ref":"1106S5183100","operator":"E-REDES","from":null,"to":null,"displayLabel":"Subestação do Zambujal","labelSource":"osm-name","voltageRaw":"60000;10000","circuits":null,"cables":null,"frequency":"50","location":null,"sourceProvider":"OpenStreetMap Overpass API","sourceFallback":"ArcGIS structures layer omits polygon/way substations","sourceLicense":"ODbL 1.0","osmTimestamp":"2026-02-24T12:29:46Z"},"geometry":{"type":"Point","coordinates":[-9.212581873539929,38.720853]}},{"type":"Feature","properties":{"assetId":"PT-substation-way-326904265","countryCode":"PT","assetType":"substation","powerType":"substation","osmType":"way","osmId":"326904265","actualVoltagesKv":[60],"actualVoltageKv":60,"gridClass":"154","displayClass":"154 kV sınıfı","name":"Subestação do Parque Eólico da Lousã II","ref":null,"operator":"Nadara","from":null,"to":null,"displayLabel":"Subestação do Parque Eólico da Lousã II","labelSource":"osm-name","voltageRaw":"60000","circuits":null,"cables":null,"frequency":null,"location":null,"sourceProvider":"OpenStreetMap Overpass API","sourceFallback":"ArcGIS structures layer omits polygon/way substations","sourceLicense":"ODbL 1.0","osmTimestamp":"2026-05-18T13:13:06Z"},"geometry":{"type":"Point","coordinates":[-8.228737881645571,40.0260347]}},{"type":"Feature","properties":{"assetId":"PT-substation-way-326907753","countryCode":"PT","assetType":"substation","powerType":"substation","osmType":"way","osmId":"326907753","actualVoltagesKv":[10,60],"actualVoltageKv":60,"gridClass":"154","displayClass":"154 kV sınıfı","name":"Subestação de Loures","ref":"1107S5221400","operator":"E-REDES","from":null,"to":null,"displayLabel":"Subestação de Loures","labelSource":"osm-name","voltageRaw":"60000;10000","circuits":null,"cables":null,"frequency":null,"location":"outdoor","sourceProvider":"OpenStreetMap Overpass API","sourceFallback":"ArcGIS structures layer omits polygon/way substations","sourceLicense":"ODbL 1.0","osmTimestamp":"2026-02-24T12:29:46Z"},"geometry":{"type":"Point","coordinates":[-9.170819439147394,38.83547265]}},{"type":"Feature","properties":{"assetId":"PT-substation-way-329969914","countryCode":"PT","assetType":"substation","powerType":"substation","osmType":"way","osmId":"329969914","actualVoltagesKv":[15,60],"actualVoltageKv":60,"gridClass":"154","displayClass":"154 kV sınıfı","name":"Subestação de Fermil de Basto","ref":"0305S5012300","operator":"E-REDES","from":null,"to":null,"displayLabel":"Subestação de Fermil de Basto","labelSource":"osm-name","voltageRaw":"60000;15000","circuits":null,"cables":null,"frequency":"50","location":"outdoor","sourceProvider":"OpenStreetMap Overpass API","sourceFallback":"ArcGIS structures layer omits polygon/way substations","sourceLicense":"ODbL 1.0","osmTimestamp":"2026-04-10T22:01:15Z"},"geometry":{"type":"Point","coordinates":[-7.99163337796627,41.42714995]}},{"type":"Feature","properties":{"assetId":"PT-substation-way-337593586","countryCode":"PT","assetType":"substation","powerType":"substation","osmType":"way","osmId":"337593586","actualVoltagesKv":[60],"actualVoltageKv":60,"gridClass":"154","displayClass":"154 kV sınıfı","name":"Subestação do Sub-parque Eólico de Penamacor 2","ref":null,"operator":"Lestenergia","from":null,"to":null,"displayLabel":"Subestação do Sub-parque Eólico de Penamacor 2","labelSource":"osm-name","voltageRaw":"60000","circuits":null,"cables":null,"frequency":"50","location":"outdoor","sourceProvider":"OpenStreetMap Overpass API","sourceFallback":"ArcGIS structures layer omits polygon/way substations","sourceLicense":"ODbL 1.0","osmTimestamp":"2026-04-16T09:59:59Z"},"geometry":{"type":"Point","coordinates":[-7.173841561505256,40.20368165]}},{"type":"Feature","properties":{"assetId":"PT-substation-way-337605868","countryCode":"PT","assetType":"substation","powerType":"substation","osmType":"way","osmId":"337605868","actualVoltagesKv":[20,60],"actualVoltageKv":60,"gridClass":"154","displayClass":"154 kV sınıfı","name":"Subestação do Sub-parque Eólico de Penamacor 3B","ref":null,"operator":"Lestenergia","from":null,"to":null,"displayLabel":"Subestação do Sub-parque Eólico de Penamacor 3B","labelSource":"osm-name","voltageRaw":"60000;20000","circuits":null,"cables":null,"frequency":"50","location":"outdoor","sourceProvider":"OpenStreetMap Overpass API","sourceFallback":"ArcGIS structures layer omits polygon/way substations","sourceLicense":"ODbL 1.0","osmTimestamp":"2025-10-25T13:37:52Z"},"geometry":{"type":"Point","coordinates":[-7.100007093542194,40.30819765]}},{"type":"Feature","properties":{"assetId":"PT-substation-way-337799843","countryCode":"PT","assetType":"substation","powerType":"substation","osmType":"way","osmId":"337799843","actualVoltagesKv":[60],"actualVoltageKv":60,"gridClass":"154","displayClass":"154 kV sınıfı","name":"Subestação do Sub-parque Eólico de Sabugal","ref":null,"operator":"Lestenergia","from":null,"to":null,"displayLabel":"Subestação do Sub-parque Eólico de Sabugal","labelSource":"osm-name","voltageRaw":"60000","circuits":null,"cables":null,"frequency":"50","location":null,"sourceProvider":"OpenStreetMap Overpass API","sourceFallback":"ArcGIS structures layer omits polygon/way substations","sourceLicense":"ODbL 1.0","osmTimestamp":"2026-04-14T21:09:01Z"},"geometry":{"type":"Point","coordinates":[-6.910370737107508,40.3211637]}},{"type":"Feature","properties":{"assetId":"PT-substation-way-337814018","countryCode":"PT","assetType":"substation","powerType":"substation","osmType":"way","osmId":"337814018","actualVoltagesKv":[60],"actualVoltageKv":60,"gridClass":"154","displayClass":"154 kV sınıfı","name":"Subestação do Sub-parque Eólico de Penamacor 3A","ref":null,"operator":"Lestenergia","from":null,"to":null,"displayLabel":"Subestação do Sub-parque Eólico de Penamacor 3A","labelSource":"osm-name","voltageRaw":"60000","circuits":null,"cables":null,"frequency":"50","location":"outdoor","sourceProvider":"OpenStreetMap Overpass API","sourceFallback":"ArcGIS structures layer omits polygon/way substations","sourceLicense":"ODbL 1.0","osmTimestamp":"2025-10-25T13:37:52Z"},"geometry":{"type":"Point","coordinates":[-7.134095638718243,40.28096695]}},{"type":"Feature","properties":{"assetId":"PT-substation-way-338237897","countryCode":"PT","assetType":"substation","powerType":"substation","osmType":"way","osmId":"338237897","actualVoltagesKv":[60],"actualVoltageKv":60,"gridClass":"154","displayClass":"154 kV sınıfı","name":"Subestação do Parque Eólico da Raia","ref":null,"operator":"Finerge","from":null,"to":null,"displayLabel":"Subestação do Parque Eólico da Raia","labelSource":"osm-name","voltageRaw":"60000","circuits":null,"cables":null,"frequency":"50","location":"outdoor","sourceProvider":"OpenStreetMap Overpass API","sourceFallback":"ArcGIS structures layer omits polygon/way substations","sourceLicense":"ODbL 1.0","osmTimestamp":"2026-04-14T21:41:04Z"},"geometry":{"type":"Point","coordinates":[-7.191025294722957,40.3418837]}},{"type":"Feature","properties":{"assetId":"PT-substation-way-338237910","countryCode":"PT","assetType":"substation","powerType":"substation","osmType":"way","osmId":"338237910","actualVoltagesKv":[60],"actualVoltageKv":60,"gridClass":"154","displayClass":"154 kV sınıfı","name":"Subestação do Sub-parque Eólico de Pousafoles do Bispo","ref":null,"operator":null,"from":null,"to":null,"displayLabel":"Subestação do Sub-parque Eólico de Pousafoles do Bispo","labelSource":"osm-name","voltageRaw":"60000","circuits":null,"cables":null,"frequency":"50","location":"outdoor","sourceProvider":"OpenStreetMap Overpass API","sourceFallback":"ArcGIS structures layer omits polygon/way substations","sourceLicense":"ODbL 1.0","osmTimestamp":"2025-10-25T13:28:57Z"},"geometry":{"type":"Point","coordinates":[-7.215178336526751,40.3675882]}},{"type":"Feature","properties":{"assetId":"PT-substation-way-338476813","countryCode":"PT","assetType":"substation","powerType":"substation","osmType":"way","osmId":"338476813","actualVoltagesKv":[60],"actualVoltageKv":60,"gridClass":"154","displayClass":"154 kV sınıfı","name":"Subestação do Parque Eólico de Vale de Galegos","ref":null,"operator":null,"from":null,"to":null,"displayLabel":"Subestação do Parque Eólico de Vale de Galegos","labelSource":"osm-name","voltageRaw":"60000","circuits":null,"cables":null,"frequency":"50","location":null,"sourceProvider":"OpenStreetMap Overpass API","sourceFallback":"ArcGIS structures layer omits polygon/way substations","sourceLicense":"ODbL 1.0","osmTimestamp":"2026-04-03T16:04:32Z"},"geometry":{"type":"Point","coordinates":[-9.309530107752698,39.04687575]}},{"type":"Feature","properties":{"assetId":"PT-substation-way-340102181","countryCode":"PT","assetType":"substation","powerType":"substation","osmType":"way","osmId":"340102181","actualVoltagesKv":[30,60,150],"actualVoltageKv":150,"gridClass":"154","displayClass":"154 kV sınıfı","name":"Subestação de Corgas","ref":null,"operator":"Generventos do Pinhal Interior - Energias Renováveis, S. A.","from":null,"to":null,"displayLabel":"Subestação de Corgas","labelSource":"osm-name","voltageRaw":"150000;60000;30000","circuits":null,"cables":null,"frequency":"50","location":"outdoor","sourceProvider":"OpenStreetMap Overpass API","sourceFallback":"ArcGIS structures layer omits polygon/way substations","sourceLicense":"ODbL 1.0","osmTimestamp":"2026-01-22T12:36:57Z"},"geometry":{"type":"Point","coordinates":[-7.883535444379985,39.8073129]}},{"type":"Feature","properties":{"assetId":"PT-substation-way-340102187","countryCode":"PT","assetType":"substation","powerType":"substation","osmType":"way","osmId":"340102187","actualVoltagesKv":[15,60],"actualVoltageKv":60,"gridClass":"154","displayClass":"154 kV sınıfı","name":"Subestação de Oleiros","ref":"0506S5011200","operator":"E-REDES","from":null,"to":null,"displayLabel":"Subestação de Oleiros","labelSource":"osm-name","voltageRaw":"60000;15000","circuits":null,"cables":null,"frequency":"50","location":"outdoor","sourceProvider":"OpenStreetMap Overpass API","sourceFallback":"ArcGIS structures layer omits polygon/way substations","sourceLicense":"ODbL 1.0","osmTimestamp":"2026-04-15T22:47:36Z"},"geometry":{"type":"Point","coordinates":[-7.878848911102643,39.87904775]}},{"type":"Feature","properties":{"assetId":"PT-substation-way-340910721","countryCode":"PT","assetType":"substation","powerType":"substation","osmType":"way","osmId":"340910721","actualVoltagesKv":[30,150],"actualVoltageKv":150,"gridClass":"154","displayClass":"154 kV sınıfı","name":"Subestação do Parque Eólico da Gardunha","ref":null,"operator":"Generg Ventos da Gardunha - Energias Renováveis, S. A.","from":null,"to":null,"displayLabel":"Subestação do Parque Eólico da Gardunha","labelSource":"osm-name","voltageRaw":"150000;30000","circuits":null,"cables":null,"frequency":"50","location":"outdoor","sourceProvider":"OpenStreetMap Overpass API","sourceFallback":"ArcGIS structures layer omits polygon/way substations","sourceLicense":"ODbL 1.0","osmTimestamp":"2026-01-22T12:36:57Z"},"geometry":{"type":"Point","coordinates":[-7.657059149997835,40.0721626]}},{"type":"Feature","properties":{"assetId":"PT-substation-way-340923861","countryCode":"PT","assetType":"substation","powerType":"substation","osmType":"way","osmId":"340923861","actualVoltagesKv":[60],"actualVoltageKv":60,"gridClass":"154","displayClass":"154 kV sınıfı","name":"Subestação do Parque Eólico do Cabeço da Rainha","ref":null,"operator":"EDP Renováveis","from":null,"to":null,"displayLabel":"Subestação do Parque Eólico do Cabeço da Rainha","labelSource":"osm-name","voltageRaw":"60000","circuits":null,"cables":null,"frequency":"50","location":"outdoor","sourceProvider":"OpenStreetMap Overpass API","sourceFallback":"ArcGIS structures layer omits polygon/way substations","sourceLicense":"ODbL 1.0","osmTimestamp":"2025-10-26T13:53:12Z"},"geometry":{"type":"Point","coordinates":[-7.9126214143889175,39.8554721]}},{"type":"Feature","properties":{"assetId":"PT-substation-way-341070191","countryCode":"PT","assetType":"substation","powerType":"substation","osmType":"way","osmId":"341070191","actualVoltagesKv":[60],"actualVoltageKv":60,"gridClass":"154","displayClass":"154 kV sınıfı","name":"Subestação Carreço","ref":null,"operator":null,"from":null,"to":null,"displayLabel":"Subestação Carreço","labelSource":"osm-name","voltageRaw":"60000","circuits":null,"cables":null,"frequency":"50","location":"outdoor","sourceProvider":"OpenStreetMap Overpass API","sourceFallback":"ArcGIS structures layer omits polygon/way substations","sourceLicense":"ODbL 1.0","osmTimestamp":"2023-12-06T15:28:53Z"},"geometry":{"type":"Point","coordinates":[-8.816634547076504,41.755676449999996]}},{"type":"Feature","properties":{"assetId":"PT-substation-way-341070193","countryCode":"PT","assetType":"substation","powerType":"substation","osmType":"way","osmId":"341070193","actualVoltagesKv":[15,60],"actualVoltageKv":60,"gridClass":"154","displayClass":"154 kV sınıfı","name":"Subestação de Santa Marta de Portuzelo","ref":"1609S5001100","operator":"E-REDES","from":null,"to":null,"displayLabel":"Subestação de Santa Marta de Portuzelo","labelSource":"osm-name","voltageRaw":"60000;15000","circuits":null,"cables":null,"frequency":"50","location":"outdoor","sourceProvider":"OpenStreetMap Overpass API","sourceFallback":"ArcGIS structures layer omits polygon/way substations","sourceLicense":"ODbL 1.0","osmTimestamp":"2026-04-13T15:08:11Z"},"geometry":{"type":"Point","coordinates":[-8.77938069935724,41.7065726]}},{"type":"Feature","properties":{"assetId":"PT-substation-way-341351185","countryCode":"PT","assetType":"substation","powerType":"substation","osmType":"way","osmId":"341351185","actualVoltagesKv":[30,60],"actualVoltageKv":60,"gridClass":"154","displayClass":"154 kV sınıfı","name":"Subestação de Belver","ref":"1413S5585200","operator":"E-REDES","from":null,"to":null,"displayLabel":"Subestação de Belver","labelSource":"osm-name","voltageRaw":"60000;30000","circuits":null,"cables":null,"frequency":"50","location":"outdoor","sourceProvider":"OpenStreetMap Overpass API","sourceFallback":"ArcGIS structures layer omits polygon/way substations","sourceLicense":"ODbL 1.0","osmTimestamp":"2026-02-24T12:29:51Z"},"geometry":{"type":"Point","coordinates":[-7.997864136262908,39.4815184]}},{"type":"Feature","properties":{"assetId":"PT-substation-way-341641906","countryCode":"PT","assetType":"substation","powerType":"substation","osmType":"way","osmId":"341641906","actualVoltagesKv":[60],"actualVoltageKv":60,"gridClass":"154","displayClass":"154 kV sınıfı","name":"Subestação do Sub-parque Eólico do Açor II","ref":null,"operator":"EDP Renováveis","from":null,"to":null,"displayLabel":"Subestação do Sub-parque Eólico do Açor II","labelSource":"osm-name","voltageRaw":"60000","circuits":null,"cables":null,"frequency":"50","location":"outdoor","sourceProvider":"OpenStreetMap Overpass API","sourceFallback":"ArcGIS structures layer omits polygon/way substations","sourceLicense":"ODbL 1.0","osmTimestamp":"2025-10-26T13:53:12Z"},"geometry":{"type":"Point","coordinates":[-7.838508402127449,40.23322185]}},{"type":"Feature","properties":{"assetId":"PT-substation-way-341644105","countryCode":"PT","assetType":"substation","powerType":"substation","osmType":"way","osmId":"341644105","actualVoltagesKv":[60],"actualVoltageKv":60,"gridClass":"154","displayClass":"154 kV sınıfı","name":"Subestação do Parque Eólico do Alto de Arganil","ref":null,"operator":"EDP Renováveis","from":null,"to":null,"displayLabel":"Subestação do Parque Eólico do Alto de Arganil","labelSource":"osm-name","voltageRaw":"60000","circuits":null,"cables":null,"frequency":"50","location":"outdoor","sourceProvider":"OpenStreetMap Overpass API","sourceFallback":"ArcGIS structures layer omits polygon/way substations","sourceLicense":"ODbL 1.0","osmTimestamp":"2026-04-14T20:54:00Z"},"geometry":{"type":"Point","coordinates":[-7.79127995,40.20446275]}},{"type":"Feature","properties":{"assetId":"PT-substation-way-346679993","countryCode":"PT","assetType":"substation","powerType":"substation","osmType":"way","osmId":"346679993","actualVoltagesKv":[30,60],"actualVoltageKv":60,"gridClass":"154","displayClass":"154 kV sınıfı","name":"Subestação de Moura","ref":"0210S5052300","operator":"E-REDES","from":null,"to":null,"displayLabel":"Subestação de Moura","labelSource":"osm-name","voltageRaw":"60000;30000","circuits":null,"cables":null,"frequency":"50","location":"outdoor","sourceProvider":"OpenStreetMap Overpass API","sourceFallback":"ArcGIS structures layer omits polygon/way substations","sourceLicense":"ODbL 1.0","osmTimestamp":"2026-02-24T12:29:51Z"},"geometry":{"type":"Point","coordinates":[-7.442730432284769,38.130679549999996]}},{"type":"Feature","properties":{"assetId":"PT-substation-way-346852755","countryCode":"PT","assetType":"substation","powerType":"substation","osmType":"way","osmId":"346852755","actualVoltagesKv":[30,60],"actualVoltageKv":60,"gridClass":"154","displayClass":"154 kV sınıfı","name":"Subestação Brinches","ref":"0213S5903000","operator":"E-REDES","from":null,"to":null,"displayLabel":"Subestação Brinches","labelSource":"osm-name","voltageRaw":"60000;30000","circuits":null,"cables":null,"frequency":"50","location":"outdoor","sourceProvider":"OpenStreetMap Overpass API","sourceFallback":"ArcGIS structures layer omits polygon/way substations","sourceLicense":"ODbL 1.0","osmTimestamp":"2026-02-24T12:29:51Z"},"geometry":{"type":"Point","coordinates":[-7.616760449999999,38.0310431]}},{"type":"Feature","properties":{"assetId":"PT-substation-way-350968815","countryCode":"PT","assetType":"substation","powerType":"substation","osmType":"way","osmId":"350968815","actualVoltagesKv":[60],"actualVoltageKv":60,"gridClass":"154","displayClass":"154 kV sınıfı","name":"Subestação da Infineon","ref":null,"operator":"Infineon","from":null,"to":null,"displayLabel":"Subestação da Infineon","labelSource":"osm-name","voltageRaw":"60000","circuits":null,"cables":null,"frequency":null,"location":"outdoor","sourceProvider":"OpenStreetMap Overpass API","sourceFallback":"ArcGIS structures layer omits polygon/way substations","sourceLicense":"ODbL 1.0","osmTimestamp":"2026-03-01T17:18:28Z"},"geometry":{"type":"Point","coordinates":[-8.71662249727729,41.32263785]}},{"type":"Feature","properties":{"assetId":"PT-substation-way-351255843","countryCode":"PT","assetType":"substation","powerType":"substation","osmType":"way","osmId":"351255843","actualVoltagesKv":[15,60],"actualVoltageKv":60,"gridClass":"154","displayClass":"154 kV sınıfı","name":"Subestação Antas","ref":"1312S5013300","operator":"E-REDES","from":null,"to":null,"displayLabel":"Subestação Antas","labelSource":"osm-name","voltageRaw":"60000;15000","circuits":null,"cables":null,"frequency":"50","location":"outdoor","sourceProvider":"OpenStreetMap Overpass API","sourceFallback":"ArcGIS structures layer omits polygon/way substations","sourceLicense":"ODbL 1.0","osmTimestamp":"2025-12-27T18:19:06Z"},"geometry":{"type":"Point","coordinates":[-8.586908347429365,41.1608547]}},{"type":"Feature","properties":{"assetId":"PT-substation-way-359636664","countryCode":"PT","assetType":"substation","powerType":"substation","osmType":"way","osmId":"359636664","actualVoltagesKv":[30,60],"actualVoltageKv":60,"gridClass":"154","displayClass":"154 kV sınıfı","name":"Subestação Cheganças","ref":"1101S5901600","operator":"E-REDES","from":null,"to":null,"displayLabel":"Subestação Cheganças","labelSource":"osm-name","voltageRaw":"60000;30000","circuits":null,"cables":null,"frequency":"50","location":"outdoor","sourceProvider":"OpenStreetMap Overpass API","sourceFallback":"ArcGIS structures layer omits polygon/way substations","sourceLicense":"ODbL 1.0","osmTimestamp":"2026-02-24T12:29:51Z"},"geometry":{"type":"Point","coordinates":[-8.994760556267035,39.064430650000006]}},{"type":"Feature","properties":{"assetId":"PT-substation-way-360113044","countryCode":"PT","assetType":"substation","powerType":"substation","osmType":"way","osmId":"360113044","actualVoltagesKv":[30,60],"actualVoltageKv":60,"gridClass":"154","displayClass":"154 kV sınıfı","name":"Subestação Sancheira","ref":"1012S5000500","operator":"E-REDES","from":null,"to":null,"displayLabel":"Subestação Sancheira","labelSource":"osm-name","voltageRaw":"60000;30000","circuits":null,"cables":null,"frequency":null,"location":"outdoor","sourceProvider":"OpenStreetMap Overpass API","sourceFallback":"ArcGIS structures layer omits polygon/way substations","sourceLicense":"ODbL 1.0","osmTimestamp":"2026-02-24T12:29:51Z"},"geometry":{"type":"Point","coordinates":[-9.081788158890184,39.355312350000005]}},{"type":"Feature","properties":{"assetId":"PT-substation-way-360213588","countryCode":"PT","assetType":"substation","powerType":"substation","osmType":"way","osmId":"360213588","actualVoltagesKv":[60],"actualVoltageKv":60,"gridClass":"154","displayClass":"154 kV sınıfı","name":"Subestação do Parque Eólico de Marvila I","ref":null,"operator":"EKZ Renewables AG","from":null,"to":null,"displayLabel":"Subestação do Parque Eólico de Marvila I","labelSource":"osm-name","voltageRaw":"60000","circuits":null,"cables":null,"frequency":"50","location":"outdoor","sourceProvider":"OpenStreetMap Overpass API","sourceFallback":"ArcGIS structures layer omits polygon/way substations","sourceLicense":"ODbL 1.0","osmTimestamp":"2026-02-22T21:45:37Z"},"geometry":{"type":"Point","coordinates":[-8.688889047267061,39.5728117]}},{"type":"Feature","properties":{"assetId":"PT-substation-way-360213833","countryCode":"PT","assetType":"substation","powerType":"substation","osmType":"way","osmId":"360213833","actualVoltagesKv":[60],"actualVoltageKv":60,"gridClass":"154","displayClass":"154 kV sınıfı","name":"Subestação do Sub-parque Eólico de Chão Falcão III","ref":null,"operator":"Nadara","from":null,"to":null,"displayLabel":"Subestação do Sub-parque Eólico de Chão Falcão III","labelSource":"osm-name","voltageRaw":"60000","circuits":null,"cables":null,"frequency":"50","location":"outdoor","sourceProvider":"OpenStreetMap Overpass API","sourceFallback":"ArcGIS structures layer omits polygon/way substations","sourceLicense":"ODbL 1.0","osmTimestamp":"2026-05-18T13:48:18Z"},"geometry":{"type":"Point","coordinates":[-8.678569818673909,39.5507296]}},{"type":"Feature","properties":{"assetId":"PT-substation-way-360361070","countryCode":"PT","assetType":"substation","powerType":"substation","osmType":"way","osmId":"360361070","actualVoltagesKv":[60],"actualVoltageKv":60,"gridClass":"154","displayClass":"154 kV sınıfı","name":"Subestação EPAL","ref":null,"operator":"Empresa Portuguesa das Águas Livres","from":null,"to":null,"displayLabel":"Subestação EPAL","labelSource":"osm-name","voltageRaw":"60000","circuits":null,"cables":null,"frequency":"50","location":"outdoor","sourceProvider":"OpenStreetMap Overpass API","sourceFallback":"ArcGIS structures layer omits polygon/way substations","sourceLicense":"ODbL 1.0","osmTimestamp":"2026-04-14T12:07:49Z"},"geometry":{"type":"Point","coordinates":[-8.323371122193567,39.5421457]}},{"type":"Feature","properties":{"assetId":"PT-substation-way-361289011","countryCode":"PT","assetType":"substation","powerType":"substation","osmType":"way","osmId":"361289011","actualVoltagesKv":[60],"actualVoltageKv":60,"gridClass":"154","displayClass":"154 kV sınıfı","name":"Subestação do Parque Eólico de Vila Lobos","ref":null,"operator":null,"from":null,"to":null,"displayLabel":"Subestação do Parque Eólico de Vila Lobos","labelSource":"osm-name","voltageRaw":"60000","circuits":null,"cables":null,"frequency":"50","location":"outdoor","sourceProvider":"OpenStreetMap Overpass API","sourceFallback":"ArcGIS structures layer omits polygon/way substations","sourceLicense":"ODbL 1.0","osmTimestamp":"2025-07-21T11:45:36Z"},"geometry":{"type":"Point","coordinates":[-7.879619858759704,41.076020400000004]}},{"type":"Feature","properties":{"assetId":"PT-substation-way-361342671","countryCode":"PT","assetType":"substation","powerType":"substation","osmType":"way","osmId":"361342671","actualVoltagesKv":[60],"actualVoltageKv":60,"gridClass":"154","displayClass":"154 kV sınıfı","name":"Subestação do Sub-parque Eólico de Testos II","ref":null,"operator":"Finerge","from":null,"to":null,"displayLabel":"Subestação do Sub-parque Eólico de Testos II","labelSource":"osm-name","voltageRaw":"60000","circuits":null,"cables":null,"frequency":"50","location":"outdoor","sourceProvider":"OpenStreetMap Overpass API","sourceFallback":"ArcGIS structures layer omits polygon/way substations","sourceLicense":"ODbL 1.0","osmTimestamp":"2025-10-25T20:45:07Z"},"geometry":{"type":"Point","coordinates":[-7.83631125,40.98047005]}},{"type":"Feature","properties":{"assetId":"PT-substation-way-361342939","countryCode":"PT","assetType":"substation","powerType":"substation","osmType":"way","osmId":"361342939","actualVoltagesKv":[60],"actualVoltageKv":60,"gridClass":"154","displayClass":"154 kV sınıfı","name":"Posto de Corte de Ribabelide","ref":null,"operator":"E-REDES","from":null,"to":null,"displayLabel":"Posto de Corte de Ribabelide","labelSource":"osm-name","voltageRaw":"60000","circuits":null,"cables":null,"frequency":"50","location":"indoor","sourceProvider":"OpenStreetMap Overpass API","sourceFallback":"ArcGIS structures layer omits polygon/way substations","sourceLicense":"ODbL 1.0","osmTimestamp":"2026-02-24T12:29:51Z"},"geometry":{"type":"Point","coordinates":[-7.867735227797558,41.01778165]}},{"type":"Feature","properties":{"assetId":"PT-substation-way-361447492","countryCode":"PT","assetType":"substation","powerType":"substation","osmType":"way","osmId":"361447492","actualVoltagesKv":[60],"actualVoltageKv":60,"gridClass":"154","displayClass":"154 kV sınıfı","name":"Subestação do Parque Eólico da Serra da Freita","ref":null,"operator":null,"from":null,"to":null,"displayLabel":"Subestação do Parque Eólico da Serra da Freita","labelSource":"osm-name","voltageRaw":"60000","circuits":null,"cables":null,"frequency":"50","location":"outdoor","sourceProvider":"OpenStreetMap Overpass API","sourceFallback":"ArcGIS structures layer omits polygon/way substations","sourceLicense":"ODbL 1.0","osmTimestamp":"2023-12-09T13:27:11Z"},"geometry":{"type":"Point","coordinates":[-8.267266159626741,40.88343105]}},{"type":"Feature","properties":{"assetId":"PT-substation-way-362258340","countryCode":"PT","assetType":"substation","powerType":"substation","osmType":"way","osmId":"362258340","actualVoltagesKv":[15,60],"actualVoltageKv":60,"gridClass":"154","displayClass":"154 kV sınıfı","name":"Subestação de Troviscoso","ref":"1604S5007400","operator":"E-REDES","from":null,"to":null,"displayLabel":"Subestação de Troviscoso","labelSource":"osm-name","voltageRaw":"60000;15000","circuits":null,"cables":null,"frequency":"50","location":"outdoor","sourceProvider":"OpenStreetMap Overpass API","sourceFallback":"ArcGIS structures layer omits polygon/way substations","sourceLicense":"ODbL 1.0","osmTimestamp":"2026-02-24T12:29:51Z"},"geometry":{"type":"Point","coordinates":[-8.458729256149802,42.07068735]}},{"type":"Feature","properties":{"assetId":"PT-substation-way-362332583","countryCode":"PT","assetType":"substation","powerType":"substation","osmType":"way","osmId":"362332583","actualVoltagesKv":[15,60],"actualVoltageKv":60,"gridClass":"154","displayClass":"154 kV sınıfı","name":"Subestação de Roussas","ref":"1603S5021700","operator":"E-REDES","from":null,"to":null,"displayLabel":"Subestação de Roussas","labelSource":"osm-name","voltageRaw":"60000;15000","circuits":null,"cables":null,"frequency":"50","location":"outdoor","sourceProvider":"OpenStreetMap Overpass API","sourceFallback":"ArcGIS structures layer omits polygon/way substations","sourceLicense":"ODbL 1.0","osmTimestamp":"2026-02-24T12:29:51Z"},"geometry":{"type":"Point","coordinates":[-8.251261962033624,42.110091]}},{"type":"Feature","properties":{"assetId":"PT-substation-way-362484846","countryCode":"PT","assetType":"substation","powerType":"substation","osmType":"way","osmId":"362484846","actualVoltagesKv":[60],"actualVoltageKv":60,"gridClass":"154","displayClass":"154 kV sınıfı","name":"Posto de Corte de Alagoa de Cima","ref":null,"operator":"E-REDES","from":null,"to":null,"displayLabel":"Posto de Corte de Alagoa de Cima","labelSource":"osm-name","voltageRaw":"60000","circuits":null,"cables":null,"frequency":null,"location":"platform","sourceProvider":"OpenStreetMap Overpass API","sourceFallback":"ArcGIS structures layer omits polygon/way substations","sourceLicense":"ODbL 1.0","osmTimestamp":"2026-02-24T12:29:51Z"},"geometry":{"type":"Point","coordinates":[-8.431936122876042,41.97263485]}},{"type":"Feature","properties":{"assetId":"PT-substation-way-362485466","countryCode":"PT","assetType":"substation","powerType":"substation","osmType":"way","osmId":"362485466","actualVoltagesKv":[11,60],"actualVoltageKv":60,"gridClass":"154","displayClass":"154 kV sınıfı","name":"Subestação Rodão Power","ref":null,"operator":"Ródão Power - Energia e Biomassa do Ródão","from":null,"to":null,"displayLabel":"Subestação Rodão Power","labelSource":"osm-name","voltageRaw":"60000;11000","circuits":null,"cables":null,"frequency":"50","location":"outdoor","sourceProvider":"OpenStreetMap Overpass API","sourceFallback":"ArcGIS structures layer omits polygon/way substations","sourceLicense":"ODbL 1.0","osmTimestamp":"2024-12-13T22:25:08Z"},"geometry":{"type":"Point","coordinates":[-7.6683231415960496,39.660689950000005]}},{"type":"Feature","properties":{"assetId":"PT-substation-way-362486619","countryCode":"PT","assetType":"substation","powerType":"substation","osmType":"way","osmId":"362486619","actualVoltagesKv":[25,150],"actualVoltageKv":150,"gridClass":"154","displayClass":"154 kV sınıfı","name":"Subestação de Tração de Ródão","ref":null,"operator":"Infraestruturas de Portugal","from":null,"to":null,"displayLabel":"Subestação de Tração de Ródão","labelSource":"osm-name","voltageRaw":"150000;25000","circuits":null,"cables":null,"frequency":"50","location":"outdoor","sourceProvider":"OpenStreetMap Overpass API","sourceFallback":"ArcGIS structures layer omits polygon/way substations","sourceLicense":"ODbL 1.0","osmTimestamp":"2026-05-04T13:49:33Z"},"geometry":{"type":"Point","coordinates":[-7.679760480751527,39.6644756]}},{"type":"Feature","properties":{"assetId":"PT-substation-way-369200056","countryCode":"PT","assetType":"substation","powerType":"substation","osmType":"way","osmId":"369200056","actualVoltagesKv":[10,60],"actualVoltageKv":60,"gridClass":"154","displayClass":"154 kV sınıfı","name":"Subestação de Torres Vedras","ref":"1113S5900500","operator":"E-REDES","from":null,"to":null,"displayLabel":"Subestação de Torres Vedras","labelSource":"osm-name","voltageRaw":"60000;10000","circuits":null,"cables":null,"frequency":"50","location":"outdoor","sourceProvider":"OpenStreetMap Overpass API","sourceFallback":"ArcGIS structures layer omits polygon/way substations","sourceLicense":"ODbL 1.0","osmTimestamp":"2026-04-13T20:24:47Z"},"geometry":{"type":"Point","coordinates":[-9.266243567196822,39.074638500000006]}},{"type":"Feature","properties":{"assetId":"PT-substation-way-369200063","countryCode":"PT","assetType":"substation","powerType":"substation","osmType":"way","osmId":"369200063","actualVoltagesKv":[60],"actualVoltageKv":60,"gridClass":"154","displayClass":"154 kV sınıfı","name":"Subestação do Parque Eólico de Catefica","ref":null,"operator":"Iberdrola","from":null,"to":null,"displayLabel":"Subestação do Parque Eólico de Catefica","labelSource":"osm-name","voltageRaw":"60000","circuits":null,"cables":null,"frequency":"50","location":"outdoor","sourceProvider":"OpenStreetMap Overpass API","sourceFallback":"ArcGIS structures layer omits polygon/way substations","sourceLicense":"ODbL 1.0","osmTimestamp":"2026-04-16T21:15:48Z"},"geometry":{"type":"Point","coordinates":[-9.265453896120555,39.0751466]}},{"type":"Feature","properties":{"assetId":"PT-substation-way-371743182","countryCode":"PT","assetType":"substation","powerType":"substation","osmType":"way","osmId":"371743182","actualVoltagesKv":[15,60],"actualVoltageKv":60,"gridClass":"154","displayClass":"154 kV sınıfı","name":"Subestação da Guarda","ref":"0907S5007100","operator":"E-REDES","from":null,"to":null,"displayLabel":"Subestação da Guarda","labelSource":"osm-name","voltageRaw":"60000;15000","circuits":null,"cables":null,"frequency":"50","location":"outdoor","sourceProvider":"OpenStreetMap Overpass API","sourceFallback":"ArcGIS structures layer omits polygon/way substations","sourceLicense":"ODbL 1.0","osmTimestamp":"2026-03-16T14:04:33Z"},"geometry":{"type":"Point","coordinates":[-7.287629548399483,40.53856985]}},{"type":"Feature","properties":{"assetId":"PT-substation-way-373808149","countryCode":"PT","assetType":"substation","powerType":"substation","osmType":"way","osmId":"373808149","actualVoltagesKv":[15,30,60],"actualVoltageKv":60,"gridClass":"154","displayClass":"154 kV sınıfı","name":"Subestação Casal da Areia","ref":"1001S5004200","operator":"E-REDES","from":null,"to":null,"displayLabel":"Subestação Casal da Areia","labelSource":"osm-name","voltageRaw":"60000;30000;15000","circuits":null,"cables":null,"frequency":null,"location":"outdoor","sourceProvider":"OpenStreetMap Overpass API","sourceFallback":"ArcGIS structures layer omits polygon/way substations","sourceLicense":"ODbL 1.0","osmTimestamp":"2026-02-24T12:29:51Z"},"geometry":{"type":"Point","coordinates":[-8.995026659581725,39.61333185]}},{"type":"Feature","properties":{"assetId":"PT-substation-way-375210687","countryCode":"PT","assetType":"substation","powerType":"substation","osmType":"way","osmId":"375210687","actualVoltagesKv":[60],"actualVoltageKv":60,"gridClass":"154","displayClass":"154 kV sınıfı","name":"Posto de Corte de Malhadas","ref":null,"operator":"E-REDES","from":null,"to":null,"displayLabel":"Posto de Corte de Malhadas","labelSource":"osm-name","voltageRaw":"60000","circuits":null,"cables":null,"frequency":null,"location":null,"sourceProvider":"OpenStreetMap Overpass API","sourceFallback":"ArcGIS structures layer omits polygon/way substations","sourceLicense":"ODbL 1.0","osmTimestamp":"2026-02-24T12:29:51Z"},"geometry":{"type":"Point","coordinates":[-8.066660756810393,40.087077]}},{"type":"Feature","properties":{"assetId":"PT-substation-way-376526774","countryCode":"PT","assetType":"substation","powerType":"substation","osmType":"way","osmId":"376526774","actualVoltagesKv":[15,30,60],"actualVoltageKv":60,"gridClass":"154","displayClass":"154 kV sınıfı","name":"Subestação Terena","ref":"0701S5042100","operator":"E-REDES","from":null,"to":null,"displayLabel":"Subestação Terena","labelSource":"osm-name","voltageRaw":"60000;30000;15000","circuits":null,"cables":null,"frequency":"50","location":"outdoor","sourceProvider":"OpenStreetMap Overpass API","sourceFallback":"ArcGIS structures layer omits polygon/way substations","sourceLicense":"ODbL 1.0","osmTimestamp":"2026-04-13T19:22:55Z"},"geometry":{"type":"Point","coordinates":[-7.4046673620106755,38.6299664]}},{"type":"Feature","properties":{"assetId":"PT-substation-way-377684407","countryCode":"PT","assetType":"substation","powerType":"substation","osmType":"way","osmId":"377684407","actualVoltagesKv":[60],"actualVoltageKv":60,"gridClass":"154","displayClass":"154 kV sınıfı","name":"Subestação do Parque Eólico da Serra do Barroso","ref":null,"operator":null,"from":null,"to":null,"displayLabel":"Subestação do Parque Eólico da Serra do Barroso","labelSource":"osm-name","voltageRaw":"60000","circuits":null,"cables":null,"frequency":null,"location":null,"sourceProvider":"OpenStreetMap Overpass API","sourceFallback":"ArcGIS structures layer omits polygon/way substations","sourceLicense":"ODbL 1.0","osmTimestamp":"2026-04-03T15:51:09Z"},"geometry":{"type":"Point","coordinates":[-7.851741424973739,41.69062475]}},{"type":"Feature","properties":{"assetId":"PT-substation-way-377684493","countryCode":"PT","assetType":"substation","powerType":"substation","osmType":"way","osmId":"377684493","actualVoltagesKv":[60],"actualVoltageKv":60,"gridClass":"154","displayClass":"154 kV sınıfı","name":"Posto de Seccionamento do Barroso","ref":null,"operator":"E-REDES","from":null,"to":null,"displayLabel":"Posto de Seccionamento do Barroso","labelSource":"osm-name","voltageRaw":"60000","circuits":null,"cables":null,"frequency":null,"location":null,"sourceProvider":"OpenStreetMap Overpass API","sourceFallback":"ArcGIS structures layer omits polygon/way substations","sourceLicense":"ODbL 1.0","osmTimestamp":"2026-04-03T15:51:09Z"},"geometry":{"type":"Point","coordinates":[-7.851911726801802,41.690624799999995]}},{"type":"Feature","properties":{"assetId":"PT-substation-way-377934290","countryCode":"PT","assetType":"substation","powerType":"substation","osmType":"way","osmId":"377934290","actualVoltagesKv":[60],"actualVoltageKv":60,"gridClass":"154","displayClass":"154 kV sınıfı","name":"Subestação da CEMINFA","ref":null,"operator":"Comissão Executiva de Manutenção de Infraestruturas NATO da Força Aérea","from":null,"to":null,"displayLabel":"Subestação da CEMINFA","labelSource":"osm-name","voltageRaw":"60000","circuits":null,"cables":null,"frequency":null,"location":null,"sourceProvider":"OpenStreetMap Overpass API","sourceFallback":"ArcGIS structures layer omits polygon/way substations","sourceLicense":"ODbL 1.0","osmTimestamp":"2026-04-13T18:02:29Z"},"geometry":{"type":"Point","coordinates":[-8.63413385324112,40.9217836]}},{"type":"Feature","properties":{"assetId":"PT-substation-way-377934331","countryCode":"PT","assetType":"substation","powerType":"substation","osmType":"way","osmId":"377934331","actualVoltagesKv":[15,60],"actualVoltageKv":60,"gridClass":"154","displayClass":"154 kV sınıfı","name":"Subestação Arada","ref":"0115S5000800","operator":"E-REDES","from":null,"to":null,"displayLabel":"Subestação Arada","labelSource":"osm-name","voltageRaw":"60000;15000","circuits":null,"cables":null,"frequency":null,"location":null,"sourceProvider":"OpenStreetMap Overpass API","sourceFallback":"ArcGIS structures layer omits polygon/way substations","sourceLicense":"ODbL 1.0","osmTimestamp":"2026-02-24T12:29:51Z"},"geometry":{"type":"Point","coordinates":[-8.60851509623847,40.907481849999996]}},{"type":"Feature","properties":{"assetId":"PT-substation-way-380518801","countryCode":"PT","assetType":"substation","powerType":"substation","osmType":"way","osmId":"380518801","actualVoltagesKv":[15,60],"actualVoltageKv":60,"gridClass":"154","displayClass":"154 kV sınıfı","name":"Subestação de Gumiei","ref":"1823S5009300","operator":"E-REDES","from":null,"to":null,"displayLabel":"Subestação de Gumiei","labelSource":"osm-name","voltageRaw":"60000;15000","circuits":null,"cables":null,"frequency":"50","location":"outdoor","sourceProvider":"OpenStreetMap Overpass API","sourceFallback":"ArcGIS structures layer omits polygon/way substations","sourceLicense":"ODbL 1.0","osmTimestamp":"2026-02-24T12:29:51Z"},"geometry":{"type":"Point","coordinates":[-8.005671902860374,40.74010615]}},{"type":"Feature","properties":{"assetId":"PT-substation-way-381421786","countryCode":"PT","assetType":"substation","powerType":"substation","osmType":"way","osmId":"381421786","actualVoltagesKv":[15,60],"actualVoltageKv":60,"gridClass":"154","displayClass":"154 kV sınıfı","name":"Subestação de Fânzeres","ref":"1304S5010200","operator":"E-REDES","from":null,"to":null,"displayLabel":"Subestação de Fânzeres","labelSource":"osm-name","voltageRaw":"60000;15000","circuits":null,"cables":null,"frequency":"50","location":"outdoor","sourceProvider":"OpenStreetMap Overpass API","sourceFallback":"ArcGIS structures layer omits polygon/way substations","sourceLicense":"ODbL 1.0","osmTimestamp":"2026-02-24T12:29:51Z"},"geometry":{"type":"Point","coordinates":[-8.52243213996978,41.1746974]}},{"type":"Feature","properties":{"assetId":"PT-substation-way-381421877","countryCode":"PT","assetType":"substation","powerType":"substation","osmType":"way","osmId":"381421877","actualVoltagesKv":[15,60],"actualVoltageKv":60,"gridClass":"154","displayClass":"154 kV sınıfı","name":"Subestação Gondomar","ref":"1304S5015400","operator":"E-REDES","from":null,"to":null,"displayLabel":"Subestação Gondomar","labelSource":"osm-name","voltageRaw":"60000;15000","circuits":null,"cables":null,"frequency":null,"location":null,"sourceProvider":"OpenStreetMap Overpass API","sourceFallback":"ArcGIS structures layer omits polygon/way substations","sourceLicense":"ODbL 1.0","osmTimestamp":"2026-02-24T12:29:51Z"},"geometry":{"type":"Point","coordinates":[-8.548711426516086,41.14770715]}},{"type":"Feature","properties":{"assetId":"PT-substation-way-383005772","countryCode":"PT","assetType":"substation","powerType":"substation","osmType":"way","osmId":"383005772","actualVoltagesKv":[15,60],"actualVoltageKv":60,"gridClass":"154","displayClass":"154 kV sınıfı","name":"Subestação de Valongo","ref":"1315S5012200","operator":"E-REDES","from":null,"to":null,"displayLabel":"Subestação de Valongo","labelSource":"osm-name","voltageRaw":"60000;15000","circuits":null,"cables":null,"frequency":"50","location":"outdoor","sourceProvider":"OpenStreetMap Overpass API","sourceFallback":"ArcGIS structures layer omits polygon/way substations","sourceLicense":"ODbL 1.0","osmTimestamp":"2026-02-24T12:29:51Z"},"geometry":{"type":"Point","coordinates":[-8.482422181767426,41.185803199999995]}},{"type":"Feature","properties":{"assetId":"PT-substation-way-383005859","countryCode":"PT","assetType":"substation","powerType":"substation","osmType":"way","osmId":"383005859","actualVoltagesKv":[15,60],"actualVoltageKv":60,"gridClass":"154","displayClass":"154 kV sınıfı","name":"Subestação Jovim","ref":"1304S5009400","operator":"E-REDES","from":null,"to":null,"displayLabel":"Subestação Jovim","labelSource":"osm-name","voltageRaw":"60000;15000","circuits":null,"cables":null,"frequency":"50","location":"outdoor","sourceProvider":"OpenStreetMap Overpass API","sourceFallback":"ArcGIS structures layer omits polygon/way substations","sourceLicense":"ODbL 1.0","osmTimestamp":"2026-04-06T11:07:40Z"},"geometry":{"type":"Point","coordinates":[-8.50954370505905,41.1041072]}},{"type":"Feature","properties":{"assetId":"PT-substation-way-383167722","countryCode":"PT","assetType":"substation","powerType":"substation","osmType":"way","osmId":"383167722","actualVoltagesKv":[15,60],"actualVoltageKv":60,"gridClass":"154","displayClass":"154 kV sınıfı","name":"Subestação de Cerdeira","ref":"0911S5007300","operator":"E-REDES","from":null,"to":null,"displayLabel":"Subestação de Cerdeira","labelSource":"osm-name","voltageRaw":"60000;15000","circuits":null,"cables":null,"frequency":"50","location":"outdoor","sourceProvider":"OpenStreetMap Overpass API","sourceFallback":"ArcGIS structures layer omits polygon/way substations","sourceLicense":"ODbL 1.0","osmTimestamp":"2026-02-24T12:29:51Z"},"geometry":{"type":"Point","coordinates":[-7.045730265954592,40.51642085]}},{"type":"Feature","properties":{"assetId":"PT-substation-way-383344081","countryCode":"PT","assetType":"substation","powerType":"substation","osmType":"way","osmId":"383344081","actualVoltagesKv":[25,60],"actualVoltageKv":60,"gridClass":"154","displayClass":"154 kV sınıfı","name":"Subestação de Tração de Santiago do Cacém","ref":null,"operator":"Infraestruturas de Portugal","from":null,"to":null,"displayLabel":"Subestação de Tração de Santiago do Cacém","labelSource":"osm-name","voltageRaw":"60000;25000","circuits":null,"cables":null,"frequency":null,"location":null,"sourceProvider":"OpenStreetMap Overpass API","sourceFallback":"ArcGIS structures layer omits polygon/way substations","sourceLicense":"ODbL 1.0","osmTimestamp":"2026-05-02T00:54:09Z"},"geometry":{"type":"Point","coordinates":[-8.63789786268248,38.02059855]}},{"type":"Feature","properties":{"assetId":"PT-substation-way-384451036","countryCode":"PT","assetType":"substation","powerType":"substation","osmType":"way","osmId":"384451036","actualVoltagesKv":[25,60],"actualVoltageKv":60,"gridClass":"154","displayClass":"154 kV sınıfı","name":"Subestação de Tração de Abrantes","ref":null,"operator":"Infraestruturas de Portugal","from":null,"to":null,"displayLabel":"Subestação de Tração de Abrantes","labelSource":"osm-name","voltageRaw":"60000;25000","circuits":null,"cables":null,"frequency":null,"location":null,"sourceProvider":"OpenStreetMap Overpass API","sourceFallback":"ArcGIS structures layer omits polygon/way substations","sourceLicense":"ODbL 1.0","osmTimestamp":"2026-05-04T13:49:33Z"},"geometry":{"type":"Point","coordinates":[-8.182849438953106,39.44103805]}},{"type":"Feature","properties":{"assetId":"PT-substation-way-385516891","countryCode":"PT","assetType":"substation","powerType":"substation","osmType":"way","osmId":"385516891","actualVoltagesKv":[60],"actualVoltageKv":60,"gridClass":"154","displayClass":"154 kV sınıfı","name":"Subestação Cimpor","ref":null,"operator":"Cimpor","from":null,"to":null,"displayLabel":"Subestação Cimpor","labelSource":"osm-name","voltageRaw":"60000","circuits":null,"cables":null,"frequency":null,"location":null,"sourceProvider":"OpenStreetMap Overpass API","sourceFallback":"ArcGIS structures layer omits polygon/way substations","sourceLicense":"ODbL 1.0","osmTimestamp":"2026-04-22T18:45:07Z"},"geometry":{"type":"Point","coordinates":[-8.419774049623502,40.28754015]}},{"type":"Feature","properties":{"assetId":"PT-substation-way-385516988","countryCode":"PT","assetType":"substation","powerType":"substation","osmType":"way","osmId":"385516988","actualVoltagesKv":[15,60],"actualVoltageKv":60,"gridClass":"154","displayClass":"154 kV sınıfı","name":"Subestação da Pampilhosa","ref":"0111S5006200","operator":"E-REDES","from":null,"to":null,"displayLabel":"Subestação da Pampilhosa","labelSource":"osm-name","voltageRaw":"60000;15000","circuits":null,"cables":null,"frequency":null,"location":null,"sourceProvider":"OpenStreetMap Overpass API","sourceFallback":"ArcGIS structures layer omits polygon/way substations","sourceLicense":"ODbL 1.0","osmTimestamp":"2026-04-02T18:01:13Z"},"geometry":{"type":"Point","coordinates":[-8.428499152898713,40.34640665]}},{"type":"Feature","properties":{"assetId":"PT-substation-way-385659747","countryCode":"PT","assetType":"substation","powerType":"substation","osmType":"way","osmId":"385659747","actualVoltagesKv":[15,60],"actualVoltageKv":60,"gridClass":"154","displayClass":"154 kV sınıfı","name":"Subestação de Cantanhede","ref":"0602S5005900","operator":"E-REDES","from":null,"to":null,"displayLabel":"Subestação de Cantanhede","labelSource":"osm-name","voltageRaw":"60000;15000","circuits":null,"cables":null,"frequency":"50","location":"outdoor","sourceProvider":"OpenStreetMap Overpass API","sourceFallback":"ArcGIS structures layer omits polygon/way substations","sourceLicense":"ODbL 1.0","osmTimestamp":"2026-04-29T02:46:00Z"},"geometry":{"type":"Point","coordinates":[-8.584315199557903,40.34910665]}},{"type":"Feature","properties":{"assetId":"PT-substation-way-387199018","countryCode":"PT","assetType":"substation","powerType":"substation","osmType":"way","osmId":"387199018","actualVoltagesKv":[15,60],"actualVoltageKv":60,"gridClass":"154","displayClass":"154 kV sınıfı","name":"Subestação de Feitosa","ref":"1607S5006400","operator":"E-REDES","from":null,"to":null,"displayLabel":"Subestação de Feitosa","labelSource":"osm-name","voltageRaw":"60000;15000","circuits":null,"cables":null,"frequency":"50","location":"outdoor","sourceProvider":"OpenStreetMap Overpass API","sourceFallback":"ArcGIS structures layer omits polygon/way substations","sourceLicense":"ODbL 1.0","osmTimestamp":"2026-02-24T12:29:51Z"},"geometry":{"type":"Point","coordinates":[-8.593186851776789,41.754901149999995]}},{"type":"Feature","properties":{"assetId":"PT-substation-way-391552069","countryCode":"PT","assetType":"substation","powerType":"substation","osmType":"way","osmId":"391552069","actualVoltagesKv":[60],"actualVoltageKv":60,"gridClass":"154","displayClass":"154 kV sınıfı","name":"Posto de Corte de Vale de Galegos","ref":null,"operator":"E-REDES","from":null,"to":null,"displayLabel":"Posto de Corte de Vale de Galegos","labelSource":"osm-name","voltageRaw":"60000","circuits":null,"cables":null,"frequency":"50","location":null,"sourceProvider":"OpenStreetMap Overpass API","sourceFallback":"ArcGIS structures layer omits polygon/way substations","sourceLicense":"ODbL 1.0","osmTimestamp":"2026-04-03T16:04:32Z"},"geometry":{"type":"Point","coordinates":[-9.309589650000001,39.04669665]}},{"type":"Feature","properties":{"assetId":"PT-substation-way-391552079","countryCode":"PT","assetType":"substation","powerType":"substation","osmType":"way","osmId":"391552079","actualVoltagesKv":[10,60],"actualVoltageKv":60,"gridClass":"154","displayClass":"154 kV sınıfı","name":"Subestação do Telheiro","ref":"1109S5727400","operator":"E-REDES","from":null,"to":null,"displayLabel":"Subestação do Telheiro","labelSource":"osm-name","voltageRaw":"60000;10000","circuits":null,"cables":null,"frequency":"50","location":"outdoor","sourceProvider":"OpenStreetMap Overpass API","sourceFallback":"ArcGIS structures layer omits polygon/way substations","sourceLicense":"ODbL 1.0","osmTimestamp":"2026-02-24T12:29:51Z"},"geometry":{"type":"Point","coordinates":[-9.346724124657534,38.9807743]}},{"type":"Feature","properties":{"assetId":"PT-substation-way-397546811","countryCode":"PT","assetType":"substation","powerType":"substation","osmType":"way","osmId":"397546811","actualVoltagesKv":[15,60],"actualVoltageKv":60,"gridClass":"154","displayClass":"154 kV sınıfı","name":"Subestação de Mosteiró","ref":"1316S5005600","operator":"E-REDES","from":null,"to":null,"displayLabel":"Subestação de Mosteiró","labelSource":"osm-name","voltageRaw":"60000;15000","circuits":null,"cables":null,"frequency":"50","location":"outdoor","sourceProvider":"OpenStreetMap Overpass API","sourceFallback":"ArcGIS structures layer omits polygon/way substations","sourceLicense":"ODbL 1.0","osmTimestamp":"2025-10-16T10:26:05Z"},"geometry":{"type":"Point","coordinates":[-8.65182775049541,41.28513515]}},{"type":"Feature","properties":{"assetId":"PT-substation-way-399291137","countryCode":"PT","assetType":"substation","powerType":"substation","osmType":"way","osmId":"399291137","actualVoltagesKv":[60],"actualVoltageKv":60,"gridClass":"154","displayClass":"154 kV sınıfı","name":"Subestação do Parque Eólico de São Macário","ref":null,"operator":null,"from":null,"to":null,"displayLabel":"Subestação do Parque Eólico de São Macário","labelSource":"osm-name","voltageRaw":"60000","circuits":null,"cables":null,"frequency":null,"location":"outdoor","sourceProvider":"OpenStreetMap Overpass API","sourceFallback":"ArcGIS structures layer omits polygon/way substations","sourceLicense":"ODbL 1.0","osmTimestamp":"2026-04-15T09:15:05Z"},"geometry":{"type":"Point","coordinates":[-8.073769689525989,40.872965699999995]}},{"type":"Feature","properties":{"assetId":"PT-substation-way-399520473","countryCode":"PT","assetType":"substation","powerType":"substation","osmType":"way","osmId":"399520473","actualVoltagesKv":[60],"actualVoltageKv":60,"gridClass":"154","displayClass":"154 kV sınıfı","name":"Subestação do Parque Eólico do Marão I","ref":null,"operator":"Energiekontor","from":null,"to":null,"displayLabel":"Subestação do Parque Eólico do Marão I","labelSource":"osm-name","voltageRaw":"60000","circuits":null,"cables":null,"frequency":null,"location":null,"sourceProvider":"OpenStreetMap Overpass API","sourceFallback":"ArcGIS structures layer omits polygon/way substations","sourceLicense":"ODbL 1.0","osmTimestamp":"2026-04-01T21:30:31Z"},"geometry":{"type":"Point","coordinates":[-7.920857149697516,41.2287394]}},{"type":"Feature","properties":{"assetId":"PT-substation-way-399576551","countryCode":"PT","assetType":"substation","powerType":"substation","osmType":"way","osmId":"399576551","actualVoltagesKv":[15,60],"actualVoltageKv":60,"gridClass":"154","displayClass":"154 kV sınıfı","name":"Subestação Aljezur","ref":"0803S5062700","operator":"E-REDES","from":null,"to":null,"displayLabel":"Subestação Aljezur","labelSource":"osm-name","voltageRaw":"60000;15000","circuits":null,"cables":null,"frequency":"50","location":"outdoor","sourceProvider":"OpenStreetMap Overpass API","sourceFallback":"ArcGIS structures layer omits polygon/way substations","sourceLicense":"ODbL 1.0","osmTimestamp":"2026-02-24T12:29:51Z"},"geometry":{"type":"Point","coordinates":[-8.793090313316696,37.327518999999995]}},{"type":"Feature","properties":{"assetId":"PT-substation-way-399748709","countryCode":"PT","assetType":"substation","powerType":"substation","osmType":"way","osmId":"399748709","actualVoltagesKv":[15,60],"actualVoltageKv":60,"gridClass":"154","displayClass":"154 kV sınıfı","name":"Subestação Amieira","ref":"1308S5000500","operator":"E-REDES","from":null,"to":null,"displayLabel":"Subestação Amieira","labelSource":"osm-name","voltageRaw":"60000;15000","circuits":null,"cables":null,"frequency":"50","location":"outdoor","sourceProvider":"OpenStreetMap Overpass API","sourceFallback":"ArcGIS structures layer omits polygon/way substations","sourceLicense":"ODbL 1.0","osmTimestamp":"2023-11-29T14:09:11Z"},"geometry":{"type":"Point","coordinates":[-8.620689541335876,41.185880499999996]}},{"type":"Feature","properties":{"assetId":"PT-substation-way-400018975","countryCode":"PT","assetType":"substation","powerType":"substation","osmType":"way","osmId":"400018975","actualVoltagesKv":[15,60],"actualVoltageKv":60,"gridClass":"154","displayClass":"154 kV sınıfı","name":"Subestação de Ílhavo","ref":"0110S5007800","operator":"E-REDES","from":null,"to":null,"displayLabel":"Subestação de Ílhavo","labelSource":"osm-name","voltageRaw":"60000;15000","circuits":null,"cables":null,"frequency":"50","location":"outdoor","sourceProvider":"OpenStreetMap Overpass API","sourceFallback":"ArcGIS structures layer omits polygon/way substations","sourceLicense":"ODbL 1.0","osmTimestamp":"2026-02-24T12:29:51Z"},"geometry":{"type":"Point","coordinates":[-8.653154281292707,40.5879464]}},{"type":"Feature","properties":{"assetId":"PT-substation-way-400050419","countryCode":"PT","assetType":"substation","powerType":"substation","osmType":"way","osmId":"400050419","actualVoltagesKv":[15,60],"actualVoltageKv":60,"gridClass":"154","displayClass":"154 kV sınıfı","name":"Subestação de São João da Madeira","ref":"0109S5010000","operator":"E-REDES","from":null,"to":null,"displayLabel":"Subestação de São João da Madeira","labelSource":"osm-name","voltageRaw":"60000;15000","circuits":null,"cables":null,"frequency":"50","location":"outdoor","sourceProvider":"OpenStreetMap Overpass API","sourceFallback":"ArcGIS structures layer omits polygon/way substations","sourceLicense":"ODbL 1.0","osmTimestamp":"2026-02-24T12:29:51Z"},"geometry":{"type":"Point","coordinates":[-8.501905618115652,40.903347249999996]}},{"type":"Feature","properties":{"assetId":"PT-substation-way-401467187","countryCode":"PT","assetType":"substation","powerType":"substation","osmType":"way","osmId":"401467187","actualVoltagesKv":[15,60],"actualVoltageKv":60,"gridClass":"154","displayClass":"154 kV sınıfı","name":"Subestação Relvinha","ref":"0603S5005200","operator":"E-REDES","from":null,"to":null,"displayLabel":"Subestação Relvinha","labelSource":"osm-name","voltageRaw":"60000;15000","circuits":null,"cables":null,"frequency":"50","location":"outdoor","sourceProvider":"OpenStreetMap Overpass API","sourceFallback":"ArcGIS structures layer omits polygon/way substations","sourceLicense":"ODbL 1.0","osmTimestamp":"2026-02-24T12:29:51Z"},"geometry":{"type":"Point","coordinates":[-8.43936269594943,40.2340554]}},{"type":"Feature","properties":{"assetId":"PT-substation-way-401467192","countryCode":"PT","assetType":"substation","powerType":"substation","osmType":"way","osmId":"401467192","actualVoltagesKv":[15,60],"actualVoltageKv":60,"gridClass":"154","displayClass":"154 kV sınıfı","name":"Subestação do Sabugal","ref":"0911S5007700","operator":"E-REDES","from":null,"to":null,"displayLabel":"Subestação do Sabugal","labelSource":"osm-name","voltageRaw":"60000;15000","circuits":null,"cables":null,"frequency":"50","location":"outdoor","sourceProvider":"OpenStreetMap Overpass API","sourceFallback":"ArcGIS structures layer omits polygon/way substations","sourceLicense":"ODbL 1.0","osmTimestamp":"2026-02-24T12:29:51Z"},"geometry":{"type":"Point","coordinates":[-7.0948042957872595,40.339751]}},{"type":"Feature","properties":{"assetId":"PT-substation-way-401467193","countryCode":"PT","assetType":"substation","powerType":"substation","osmType":"way","osmId":"401467193","actualVoltagesKv":[15,60],"actualVoltageKv":60,"gridClass":"154","displayClass":"154 kV sınıfı","name":"Subestação de Seia","ref":"0912S5008300","operator":"E-REDES","from":null,"to":null,"displayLabel":"Subestação de Seia","labelSource":"osm-name","voltageRaw":"60000;15000","circuits":null,"cables":null,"frequency":"50","location":"outdoor","sourceProvider":"OpenStreetMap Overpass API","sourceFallback":"ArcGIS structures layer omits polygon/way substations","sourceLicense":"ODbL 1.0","osmTimestamp":"2026-02-24T12:29:51Z"},"geometry":{"type":"Point","coordinates":[-7.71231805959092,40.4226891]}},{"type":"Feature","properties":{"assetId":"PT-substation-way-402041196","countryCode":"PT","assetType":"substation","powerType":"substation","osmType":"way","osmId":"402041196","actualVoltagesKv":[15,60],"actualVoltageKv":60,"gridClass":"154","displayClass":"154 kV sınıfı","name":"Subestação de Felgueiras","ref":"1303S5009100","operator":"E-REDES","from":null,"to":null,"displayLabel":"Subestação de Felgueiras","labelSource":"osm-name","voltageRaw":"60000;15000","circuits":null,"cables":null,"frequency":"50","location":"outdoor","sourceProvider":"OpenStreetMap Overpass API","sourceFallback":"ArcGIS structures layer omits polygon/way substations","sourceLicense":"ODbL 1.0","osmTimestamp":"2026-02-24T12:29:51Z"},"geometry":{"type":"Point","coordinates":[-8.190668577834746,41.34573125]}},{"type":"Feature","properties":{"assetId":"PT-substation-way-402328181","countryCode":"PT","assetType":"substation","powerType":"substation","osmType":"way","osmId":"402328181","actualVoltagesKv":[30,60],"actualVoltageKv":60,"gridClass":"154","displayClass":"154 kV sınıfı","name":"Subestação da Talagueira","ref":"0502S5006900","operator":"E-REDES","from":null,"to":null,"displayLabel":"Subestação da Talagueira","labelSource":"osm-name","voltageRaw":"60000;30000","circuits":null,"cables":null,"frequency":"50","location":"outdoor","sourceProvider":"OpenStreetMap Overpass API","sourceFallback":"ArcGIS structures layer omits polygon/way substations","sourceLicense":"ODbL 1.0","osmTimestamp":"2026-02-24T12:29:51Z"},"geometry":{"type":"Point","coordinates":[-7.52044718967897,39.82198305]}},{"type":"Feature","properties":{"assetId":"PT-substation-way-402328186","countryCode":"PT","assetType":"substation","powerType":"substation","osmType":"way","osmId":"402328186","actualVoltagesKv":[6,30,60],"actualVoltageKv":60,"gridClass":"154","displayClass":"154 kV sınıfı","name":"Subestação de Castelo Branco","ref":"0502S5007000","operator":"E-REDES","from":null,"to":null,"displayLabel":"Subestação de Castelo Branco","labelSource":"osm-name","voltageRaw":"60000;30000;6000","circuits":null,"cables":null,"frequency":"50","location":"outdoor","sourceProvider":"OpenStreetMap Overpass API","sourceFallback":"ArcGIS structures layer omits polygon/way substations","sourceLicense":"ODbL 1.0","osmTimestamp":"2026-02-24T12:29:51Z"},"geometry":{"type":"Point","coordinates":[-7.5057281330281285,39.82576985]}},{"type":"Feature","properties":{"assetId":"PT-substation-way-402499986","countryCode":"PT","assetType":"substation","powerType":"substation","osmType":"way","osmId":"402499986","actualVoltagesKv":[15,30,60],"actualVoltageKv":60,"gridClass":"154","displayClass":"154 kV sınıfı","name":"Subestação Azóia","ref":"1009S5002100","operator":"E-REDES","from":null,"to":null,"displayLabel":"Subestação Azóia","labelSource":"osm-name","voltageRaw":"60000;30000;15000","circuits":null,"cables":null,"frequency":"50","location":"outdoor","sourceProvider":"OpenStreetMap Overpass API","sourceFallback":"ArcGIS structures layer omits polygon/way substations","sourceLicense":"ODbL 1.0","osmTimestamp":"2026-02-24T12:29:51Z"},"geometry":{"type":"Point","coordinates":[-8.81953646015831,39.7021126]}},{"type":"Feature","properties":{"assetId":"PT-substation-way-402596047","countryCode":"PT","assetType":"substation","powerType":"substation","osmType":"way","osmId":"402596047","actualVoltagesKv":[15,60],"actualVoltageKv":60,"gridClass":"154","displayClass":"154 kV sınıfı","name":"Subestação Rebordosa","ref":"1310S5009200","operator":"E-REDES","from":null,"to":null,"displayLabel":"Subestação Rebordosa","labelSource":"osm-name","voltageRaw":"60000;15000","circuits":null,"cables":null,"frequency":"50","location":"outdoor","sourceProvider":"OpenStreetMap Overpass API","sourceFallback":"ArcGIS structures layer omits polygon/way substations","sourceLicense":"ODbL 1.0","osmTimestamp":"2026-02-24T12:29:51Z"},"geometry":{"type":"Point","coordinates":[-8.380918701615574,41.215327200000004]}},{"type":"Feature","properties":{"assetId":"PT-substation-way-402765581","countryCode":"PT","assetType":"substation","powerType":"substation","osmType":"way","osmId":"402765581","actualVoltagesKv":[20,60],"actualVoltageKv":60,"gridClass":"154","displayClass":"154 kV sınıfı","name":"Subestação do Parque Eólico de Vila Nova II","ref":null,"operator":"EDP Renováveis","from":null,"to":null,"displayLabel":"Subestação do Parque Eólico de Vila Nova II","labelSource":"osm-name","voltageRaw":"60000;20000","circuits":null,"cables":null,"frequency":null,"location":null,"sourceProvider":"OpenStreetMap Overpass API","sourceFallback":"ArcGIS structures layer omits polygon/way substations","sourceLicense":"ODbL 1.0","osmTimestamp":"2026-04-15T10:21:38Z"},"geometry":{"type":"Point","coordinates":[-8.27160256352499,40.051146]}},{"type":"Feature","properties":{"assetId":"PT-substation-way-402872777","countryCode":"PT","assetType":"substation","powerType":"substation","osmType":"way","osmId":"402872777","actualVoltagesKv":[15,60],"actualVoltageKv":60,"gridClass":"154","displayClass":"154 kV sınıfı","name":"Subestação de Vidago","ref":"1703S5002100","operator":"E-REDES","from":null,"to":null,"displayLabel":"Subestação de Vidago","labelSource":"osm-name","voltageRaw":"60000;15000","circuits":null,"cables":null,"frequency":"50","location":"outdoor","sourceProvider":"OpenStreetMap Overpass API","sourceFallback":"ArcGIS structures layer omits polygon/way substations","sourceLicense":"ODbL 1.0","osmTimestamp":"2026-04-15T18:20:07Z"},"geometry":{"type":"Point","coordinates":[-7.568633380229921,41.6413882]}},{"type":"Feature","properties":{"assetId":"PT-substation-way-402889750","countryCode":"PT","assetType":"substation","powerType":"substation","osmType":"way","osmId":"402889750","actualVoltagesKv":[15,60],"actualVoltageKv":60,"gridClass":"154","displayClass":"154 kV sınıfı","name":"Subestação de Paços de Ferreira","ref":"1309S5000700","operator":"E-REDES","from":null,"to":null,"displayLabel":"Subestação de Paços de Ferreira","labelSource":"osm-name","voltageRaw":"60000;15000","circuits":null,"cables":null,"frequency":"50","location":"outdoor","sourceProvider":"OpenStreetMap Overpass API","sourceFallback":"ArcGIS structures layer omits polygon/way substations","sourceLicense":"ODbL 1.0","osmTimestamp":"2026-02-27T20:13:25Z"},"geometry":{"type":"Point","coordinates":[-8.362874936282694,41.283655100000004]}},{"type":"Feature","properties":{"assetId":"PT-substation-way-402902009","countryCode":"PT","assetType":"substation","powerType":"substation","osmType":"way","osmId":"402902009","actualVoltagesKv":[10,60],"actualVoltageKv":60,"gridClass":"154","displayClass":"154 kV sınıfı","name":"Subestação de Sabugo","ref":"1111S5200000","operator":"E-REDES","from":null,"to":null,"displayLabel":"Subestação de Sabugo","labelSource":"osm-name","voltageRaw":"60000;10000","circuits":null,"cables":null,"frequency":"50","location":"outdoor","sourceProvider":"OpenStreetMap Overpass API","sourceFallback":"ArcGIS structures layer omits polygon/way substations","sourceLicense":"ODbL 1.0","osmTimestamp":"2025-06-28T12:53:56Z"},"geometry":{"type":"Point","coordinates":[-9.30002987440686,38.83412104999999]}},{"type":"Feature","properties":{"assetId":"PT-substation-way-402902032","countryCode":"PT","assetType":"substation","powerType":"substation","osmType":"way","osmId":"402902032","actualVoltagesKv":[10,60],"actualVoltageKv":60,"gridClass":"154","displayClass":"154 kV sınıfı","name":"Subestação Bombardeira","ref":"1113S5901500","operator":"E-REDES","from":null,"to":null,"displayLabel":"Subestação Bombardeira","labelSource":"osm-name","voltageRaw":"60000;10000","circuits":null,"cables":null,"frequency":"50","location":"outdoor","sourceProvider":"OpenStreetMap Overpass API","sourceFallback":"ArcGIS structures layer omits polygon/way substations","sourceLicense":"ODbL 1.0","osmTimestamp":"2026-02-24T12:29:51Z"},"geometry":{"type":"Point","coordinates":[-9.345417337151897,39.15624]}},{"type":"Feature","properties":{"assetId":"PT-substation-way-402902033","countryCode":"PT","assetType":"substation","powerType":"substation","osmType":"way","osmId":"402902033","actualVoltagesKv":[10,60],"actualVoltageKv":60,"gridClass":"154","displayClass":"154 kV sınıfı","name":"Subestação de Casalinhos de Alfaiata","ref":"1113S5527000","operator":"E-REDES","from":null,"to":null,"displayLabel":"Subestação de Casalinhos de Alfaiata","labelSource":"osm-name","voltageRaw":"60000;10000","circuits":null,"cables":null,"frequency":"50","location":"outdoor","sourceProvider":"OpenStreetMap Overpass API","sourceFallback":"ArcGIS structures layer omits polygon/way substations","sourceLicense":"ODbL 1.0","osmTimestamp":"2026-04-04T15:06:43Z"},"geometry":{"type":"Point","coordinates":[-9.343817218849878,39.09472165]}},{"type":"Feature","properties":{"assetId":"PT-substation-way-402947128","countryCode":"PT","assetType":"substation","powerType":"substation","osmType":"way","osmId":"402947128","actualVoltagesKv":[30,60],"actualVoltageKv":60,"gridClass":"154","displayClass":"154 kV sınıfı","name":"Subestação de Coruche","ref":"1409S5568300","operator":"E-REDES","from":null,"to":null,"displayLabel":"Subestação de Coruche","labelSource":"osm-name","voltageRaw":"60000;30000","circuits":null,"cables":null,"frequency":"50","location":"outdoor","sourceProvider":"OpenStreetMap Overpass API","sourceFallback":"ArcGIS structures layer omits polygon/way substations","sourceLicense":"ODbL 1.0","osmTimestamp":"2026-02-24T12:29:51Z"},"geometry":{"type":"Point","coordinates":[-8.492580403385126,38.9417447]}},{"type":"Feature","properties":{"assetId":"PT-substation-way-402947132","countryCode":"PT","assetType":"substation","powerType":"substation","osmType":"way","osmId":"402947132","actualVoltagesKv":[30,60],"actualVoltageKv":60,"gridClass":"154","displayClass":"154 kV sınıfı","name":"Subestação de Ranha","ref":"1015S5004400","operator":"E-REDES","from":null,"to":null,"displayLabel":"Subestação de Ranha","labelSource":"osm-name","voltageRaw":"60000;30000","circuits":null,"cables":null,"frequency":"50","location":"outdoor","sourceProvider":"OpenStreetMap Overpass API","sourceFallback":"ArcGIS structures layer omits polygon/way substations","sourceLicense":"ODbL 1.0","osmTimestamp":"2026-02-24T12:29:51Z"},"geometry":{"type":"Point","coordinates":[-8.695699132715776,39.873350599999995]}},{"type":"Feature","properties":{"assetId":"PT-substation-way-402947133","countryCode":"PT","assetType":"substation","powerType":"substation","osmType":"way","osmId":"402947133","actualVoltagesKv":[60,220],"actualVoltageKv":220,"gridClass":"154","displayClass":"154 kV sınıfı","name":"Subestação de Sacavém","ref":"SSV","operator":"REN","from":null,"to":null,"displayLabel":"Subestação de Sacavém","labelSource":"osm-name","voltageRaw":"220000;60000","circuits":null,"cables":null,"frequency":"50","location":"outdoor","sourceProvider":"OpenStreetMap Overpass API","sourceFallback":"ArcGIS structures layer omits polygon/way substations","sourceLicense":"ODbL 1.0","osmTimestamp":"2024-11-12T12:28:57Z"},"geometry":{"type":"Point","coordinates":[-9.103267705273542,38.785447500000004]}},{"type":"Feature","properties":{"assetId":"PT-substation-way-403190780","countryCode":"PT","assetType":"substation","powerType":"substation","osmType":"way","osmId":"403190780","actualVoltagesKv":[15,60],"actualVoltageKv":60,"gridClass":"154","displayClass":"154 kV sınıfı","name":"Subestação de Areias Norte","ref":"1314S5004600","operator":"E-REDES","from":null,"to":null,"displayLabel":"Subestação de Areias Norte","labelSource":"osm-name","voltageRaw":"60000;15000","circuits":null,"cables":null,"frequency":"50","location":"outdoor","sourceProvider":"OpenStreetMap Overpass API","sourceFallback":"ArcGIS structures layer omits polygon/way substations","sourceLicense":"ODbL 1.0","osmTimestamp":"2026-02-24T12:29:51Z"},"geometry":{"type":"Point","coordinates":[-8.481329383329737,41.35826635]}},{"type":"Feature","properties":{"assetId":"PT-substation-way-403190783","countryCode":"PT","assetType":"substation","powerType":"substation","osmType":"way","osmId":"403190783","actualVoltagesKv":[15,60],"actualVoltageKv":60,"gridClass":"154","displayClass":"154 kV sınıfı","name":"Subestação Beiriz","ref":"1313S5010600","operator":"E-REDES","from":null,"to":null,"displayLabel":"Subestação Beiriz","labelSource":"osm-name","voltageRaw":"60000;15000","circuits":null,"cables":null,"frequency":"50","location":"outdoor","sourceProvider":"OpenStreetMap Overpass API","sourceFallback":"ArcGIS structures layer omits polygon/way substations","sourceLicense":"ODbL 1.0","osmTimestamp":"2026-02-24T12:29:51Z"},"geometry":{"type":"Point","coordinates":[-8.74388005547467,41.3946161]}},{"type":"Feature","properties":{"assetId":"PT-substation-way-403255906","countryCode":"PT","assetType":"substation","powerType":"substation","osmType":"way","osmId":"403255906","actualVoltagesKv":[60],"actualVoltageKv":60,"gridClass":"154","displayClass":"154 kV sınıfı","name":"Subestação do Sub-parque Eólico de Armamar","ref":null,"operator":"Finerge","from":null,"to":null,"displayLabel":"Subestação do Sub-parque Eólico de Armamar","labelSource":"osm-name","voltageRaw":"60000","circuits":null,"cables":null,"frequency":"50","location":"outdoor","sourceProvider":"OpenStreetMap Overpass API","sourceFallback":"ArcGIS structures layer omits polygon/way substations","sourceLicense":"ODbL 1.0","osmTimestamp":"2026-04-13T16:52:08Z"},"geometry":{"type":"Point","coordinates":[-7.656233876067002,41.034661]}},{"type":"Feature","properties":{"assetId":"PT-substation-way-403255907","countryCode":"PT","assetType":"substation","powerType":"substation","osmType":"way","osmId":"403255907","actualVoltagesKv":[15,60],"actualVoltageKv":60,"gridClass":"154","displayClass":"154 kV sınıfı","name":"Subestação de Vale de Cambra","ref":"0119S5010100","operator":"E-REDES","from":null,"to":null,"displayLabel":"Subestação de Vale de Cambra","labelSource":"osm-name","voltageRaw":"60000;15000","circuits":null,"cables":null,"frequency":"50","location":"outdoor","sourceProvider":"OpenStreetMap Overpass API","sourceFallback":"ArcGIS structures layer omits polygon/way substations","sourceLicense":"ODbL 1.0","osmTimestamp":"2026-03-18T20:37:00Z"},"geometry":{"type":"Point","coordinates":[-8.393813291936862,40.8354454]}},{"type":"Feature","properties":{"assetId":"PT-substation-way-403274538","countryCode":"PT","assetType":"substation","powerType":"substation","osmType":"way","osmId":"403274538","actualVoltagesKv":[15,60],"actualVoltageKv":60,"gridClass":"154","displayClass":"154 kV sınıfı","name":"Subestação de Oliveira de Azeméis","ref":"0113S5008000","operator":"E-REDES","from":null,"to":null,"displayLabel":"Subestação de Oliveira de Azeméis","labelSource":"osm-name","voltageRaw":"60000;15000","circuits":null,"cables":null,"frequency":"50","location":"outdoor","sourceProvider":"OpenStreetMap Overpass API","sourceFallback":"ArcGIS structures layer omits polygon/way substations","sourceLicense":"ODbL 1.0","osmTimestamp":"2026-02-24T12:29:51Z"},"geometry":{"type":"Point","coordinates":[-8.489967721824959,40.84270765]}},{"type":"Feature","properties":{"assetId":"PT-substation-way-403274539","countryCode":"PT","assetType":"substation","powerType":"substation","osmType":"way","osmId":"403274539","actualVoltagesKv":[15,60],"actualVoltageKv":60,"gridClass":"154","displayClass":"154 kV sınıfı","name":"Subestação de Mira","ref":"0608S5006500","operator":"E-REDES","from":null,"to":null,"displayLabel":"Subestação de Mira","labelSource":"osm-name","voltageRaw":"60000;15000","circuits":null,"cables":null,"frequency":"16.67","location":"outdoor","sourceProvider":"OpenStreetMap Overpass API","sourceFallback":"ArcGIS structures layer omits polygon/way substations","sourceLicense":"ODbL 1.0","osmTimestamp":"2026-02-24T12:29:51Z"},"geometry":{"type":"Point","coordinates":[-8.722496549999997,40.427488249999996]}},{"type":"Feature","properties":{"assetId":"PT-substation-way-403442751","countryCode":"PT","assetType":"substation","powerType":"substation","osmType":"way","osmId":"403442751","actualVoltagesKv":[60],"actualVoltageKv":60,"gridClass":"154","displayClass":"154 kV sınıfı","name":"Subestação do Parque Eólico de Barão de São João","ref":null,"operator":null,"from":null,"to":null,"displayLabel":"Subestação do Parque Eólico de Barão de São João","labelSource":"osm-name","voltageRaw":"60000","circuits":null,"cables":null,"frequency":"50","location":"outdoor","sourceProvider":"OpenStreetMap Overpass API","sourceFallback":"ArcGIS structures layer omits polygon/way substations","sourceLicense":"ODbL 1.0","osmTimestamp":"2025-09-26T18:06:51Z"},"geometry":{"type":"Point","coordinates":[-8.794875699291586,37.149917900000005]}},{"type":"Feature","properties":{"assetId":"PT-substation-way-403442753","countryCode":"PT","assetType":"substation","powerType":"substation","osmType":"way","osmId":"403442753","actualVoltagesKv":[60],"actualVoltageKv":60,"gridClass":"154","displayClass":"154 kV sınıfı","name":"Subestação Almina (Feitais)","ref":null,"operator":null,"from":null,"to":null,"displayLabel":"Subestação Almina (Feitais)","labelSource":"osm-name","voltageRaw":"60000","circuits":null,"cables":null,"frequency":"50","location":"outdoor","sourceProvider":"OpenStreetMap Overpass API","sourceFallback":"ArcGIS structures layer omits polygon/way substations","sourceLicense":"ODbL 1.0","osmTimestamp":"2023-12-18T12:56:08Z"},"geometry":{"type":"Point","coordinates":[-8.154912229652103,37.8713085]}},{"type":"Feature","properties":{"assetId":"PT-substation-way-403442755","countryCode":"PT","assetType":"substation","powerType":"substation","osmType":"way","osmId":"403442755","actualVoltagesKv":[15,60],"actualVoltageKv":60,"gridClass":"154","displayClass":"154 kV sınıfı","name":"Subestação de Almodôvar","ref":"0202S5050400","operator":"E-REDES","from":null,"to":null,"displayLabel":"Subestação de Almodôvar","labelSource":"osm-name","voltageRaw":"60000;15000","circuits":null,"cables":null,"frequency":"50","location":"outdoor","sourceProvider":"OpenStreetMap Overpass API","sourceFallback":"ArcGIS structures layer omits polygon/way substations","sourceLicense":"ODbL 1.0","osmTimestamp":"2026-02-24T12:29:51Z"},"geometry":{"type":"Point","coordinates":[-8.029543560377359,37.48271055]}},{"type":"Feature","properties":{"assetId":"PT-substation-way-403442761","countryCode":"PT","assetType":"substation","powerType":"substation","osmType":"way","osmId":"403442761","actualVoltagesKv":[15,30,60],"actualVoltageKv":60,"gridClass":"154","displayClass":"154 kV sınıfı","name":"Subestação Aljustrel","ref":"0201S5050500","operator":"E-REDES","from":null,"to":null,"displayLabel":"Subestação Aljustrel","labelSource":"osm-name","voltageRaw":"60000;30000;15000","circuits":null,"cables":null,"frequency":"50","location":"outdoor","sourceProvider":"OpenStreetMap Overpass API","sourceFallback":"ArcGIS structures layer omits polygon/way substations","sourceLicense":"ODbL 1.0","osmTimestamp":"2026-02-24T12:29:51Z"},"geometry":{"type":"Point","coordinates":[-8.151816888865042,37.87859925]}},{"type":"Feature","properties":{"assetId":"PT-substation-way-403442762","countryCode":"PT","assetType":"substation","powerType":"substation","osmType":"way","osmId":"403442762","actualVoltagesKv":[15,30,60],"actualVoltageKv":60,"gridClass":"154","displayClass":"154 kV sınıfı","name":"Subestação de Estremoz","ref":"0704S5041600","operator":"E-REDES","from":null,"to":null,"displayLabel":"Subestação de Estremoz","labelSource":"osm-name","voltageRaw":"60000;30000;15000","circuits":null,"cables":null,"frequency":"50","location":"outdoor","sourceProvider":"OpenStreetMap Overpass API","sourceFallback":"ArcGIS structures layer omits polygon/way substations","sourceLicense":"ODbL 1.0","osmTimestamp":"2026-02-24T12:29:51Z"},"geometry":{"type":"Point","coordinates":[-7.594202635551152,38.850806649999996]}},{"type":"Feature","properties":{"assetId":"PT-substation-way-403442763","countryCode":"PT","assetType":"substation","powerType":"substation","osmType":"way","osmId":"403442763","actualVoltagesKv":[15,30,60],"actualVoltageKv":60,"gridClass":"154","displayClass":"154 kV sınıfı","name":"Subestação de Montemor-o-Novo","ref":"0706S5041300","operator":"E-REDES","from":null,"to":null,"displayLabel":"Subestação de Montemor-o-Novo","labelSource":"osm-name","voltageRaw":"60000;30000;15000","circuits":null,"cables":null,"frequency":"50","location":"outdoor","sourceProvider":"OpenStreetMap Overpass API","sourceFallback":"ArcGIS structures layer omits polygon/way substations","sourceLicense":"ODbL 1.0","osmTimestamp":"2026-02-24T12:29:51Z"},"geometry":{"type":"Point","coordinates":[-8.200005532247003,38.6451218]}},{"type":"Feature","properties":{"assetId":"PT-substation-way-403455389","countryCode":"PT","assetType":"substation","powerType":"substation","osmType":"way","osmId":"403455389","actualVoltagesKv":[15,60],"actualVoltageKv":60,"gridClass":"154","displayClass":"154 kV sınıfı","name":"Subestação Bustos","ref":"0114S5001700","operator":"E-REDES","from":null,"to":null,"displayLabel":"Subestação Bustos","labelSource":"osm-name","voltageRaw":"60000;15000","circuits":null,"cables":null,"frequency":"50","location":"outdoor","sourceProvider":"OpenStreetMap Overpass API","sourceFallback":"ArcGIS structures layer omits polygon/way substations","sourceLicense":"ODbL 1.0","osmTimestamp":"2026-02-24T12:29:51Z"},"geometry":{"type":"Point","coordinates":[-8.606187100000003,40.4875363]}},{"type":"Feature","properties":{"assetId":"PT-substation-way-403464295","countryCode":"PT","assetType":"substation","powerType":"substation","osmType":"way","osmId":"403464295","actualVoltagesKv":[15,60],"actualVoltageKv":60,"gridClass":"154","displayClass":"154 kV sınıfı","name":"Subestação Vista Alegre","ref":"0102S5010600","operator":"E-REDES","from":null,"to":null,"displayLabel":"Subestação Vista Alegre","labelSource":"osm-name","voltageRaw":"60000;15000","circuits":null,"cables":null,"frequency":"50","location":"outdoor","sourceProvider":"OpenStreetMap Overpass API","sourceFallback":"ArcGIS structures layer omits polygon/way substations","sourceLicense":"ODbL 1.0","osmTimestamp":"2026-02-24T12:29:51Z"},"geometry":{"type":"Point","coordinates":[-8.49928829328983,40.705566399999995]}},{"type":"Feature","properties":{"assetId":"PT-substation-way-403464298","countryCode":"PT","assetType":"substation","powerType":"substation","osmType":"way","osmId":"403464298","actualVoltagesKv":[15,60],"actualVoltageKv":60,"gridClass":"154","displayClass":"154 kV sınıfı","name":"Subestação de Orgens","ref":"1823S5004600","operator":"E-REDES","from":null,"to":null,"displayLabel":"Subestação de Orgens","labelSource":"osm-name","voltageRaw":"60000;15000","circuits":null,"cables":null,"frequency":"50","location":"outdoor","sourceProvider":"OpenStreetMap Overpass API","sourceFallback":"ArcGIS structures layer omits polygon/way substations","sourceLicense":"ODbL 1.0","osmTimestamp":"2026-04-15T22:29:25Z"},"geometry":{"type":"Point","coordinates":[-7.937223435355664,40.675967850000006]}},{"type":"Feature","properties":{"assetId":"PT-substation-way-403544858","countryCode":"PT","assetType":"substation","powerType":"substation","osmType":"way","osmId":"403544858","actualVoltagesKv":[15,60],"actualVoltageKv":60,"gridClass":"154","displayClass":"154 kV sınıfı","name":"Subestação de Morgade","ref":"1706S5015000","operator":"E-REDES","from":null,"to":null,"displayLabel":"Subestação de Morgade","labelSource":"osm-name","voltageRaw":"60000;15000","circuits":null,"cables":null,"frequency":"50","location":"outdoor","sourceProvider":"OpenStreetMap Overpass API","sourceFallback":"ArcGIS structures layer omits polygon/way substations","sourceLicense":"ODbL 1.0","osmTimestamp":"2026-04-02T20:56:37Z"},"geometry":{"type":"Point","coordinates":[-7.741974367893346,41.762156]}},{"type":"Feature","properties":{"assetId":"PT-substation-way-403642700","countryCode":"PT","assetType":"substation","powerType":"substation","osmType":"way","osmId":"403642700","actualVoltagesKv":[15,60],"actualVoltageKv":60,"gridClass":"154","displayClass":"154 kV sınıfı","name":"Subestação de Miranda do Corvo","ref":"0609S5004700","operator":"E-REDES","from":null,"to":null,"displayLabel":"Subestação de Miranda do Corvo","labelSource":"osm-name","voltageRaw":"60000;15000","circuits":null,"cables":null,"frequency":"50","location":"outdoor","sourceProvider":"OpenStreetMap Overpass API","sourceFallback":"ArcGIS structures layer omits polygon/way substations","sourceLicense":"ODbL 1.0","osmTimestamp":"2026-04-10T20:19:47Z"},"geometry":{"type":"Point","coordinates":[-8.317556102392452,40.0953068]}},{"type":"Feature","properties":{"assetId":"PT-substation-way-403642702","countryCode":"PT","assetType":"substation","powerType":"substation","osmType":"way","osmId":"403642702","actualVoltagesKv":[15,60],"actualVoltageKv":60,"gridClass":"154","displayClass":"154 kV sınıfı","name":"Subestação de Pedrógão","ref":"1013S5011300","operator":"E-REDES","from":null,"to":null,"displayLabel":"Subestação de Pedrógão","labelSource":"osm-name","voltageRaw":"60000;15000","circuits":null,"cables":null,"frequency":"50","location":"outdoor","sourceProvider":"OpenStreetMap Overpass API","sourceFallback":"ArcGIS structures layer omits polygon/way substations","sourceLicense":"ODbL 1.0","osmTimestamp":"2026-02-24T12:29:51Z"},"geometry":{"type":"Point","coordinates":[-8.222079708127957,39.911761999999996]}},{"type":"Feature","properties":{"assetId":"PT-substation-way-403690476","countryCode":"PT","assetType":"substation","powerType":"substation","osmType":"way","osmId":"403690476","actualVoltagesKv":[15,60],"actualVoltageKv":60,"gridClass":"154","displayClass":"154 kV sınıfı","name":"Subestação de Lousã","ref":"0607S5003400","operator":"E-REDES","from":null,"to":null,"displayLabel":"Subestação de Lousã","labelSource":"osm-name","voltageRaw":"60000;15000","circuits":null,"cables":null,"frequency":"50","location":"outdoor","sourceProvider":"OpenStreetMap Overpass API","sourceFallback":"ArcGIS structures layer omits polygon/way substations","sourceLicense":"ODbL 1.0","osmTimestamp":"2026-02-24T12:29:51Z"},"geometry":{"type":"Point","coordinates":[-8.245573793861462,40.120232900000005]}},{"type":"Feature","properties":{"assetId":"PT-substation-way-403690477","countryCode":"PT","assetType":"substation","powerType":"substation","osmType":"way","osmId":"403690477","actualVoltagesKv":[15,60],"actualVoltageKv":60,"gridClass":"154","displayClass":"154 kV sınıfı","name":"Subestação de Oliveira do Hospital","ref":"0611S5000300","operator":"E-REDES","from":null,"to":null,"displayLabel":"Subestação de Oliveira do Hospital","labelSource":"osm-name","voltageRaw":"60000;15000","circuits":null,"cables":null,"frequency":"50","location":"outdoor","sourceProvider":"OpenStreetMap Overpass API","sourceFallback":"ArcGIS structures layer omits polygon/way substations","sourceLicense":"ODbL 1.0","osmTimestamp":"2026-04-04T12:25:40Z"},"geometry":{"type":"Point","coordinates":[-7.862312636286567,40.36828815]}},{"type":"Feature","properties":{"assetId":"PT-substation-way-403702534","countryCode":"PT","assetType":"substation","powerType":"substation","osmType":"way","osmId":"403702534","actualVoltagesKv":[60],"actualVoltageKv":60,"gridClass":"154","displayClass":"154 kV sınıfı","name":"Posto de Corte da Acail","ref":null,"operator":"E-REDES","from":null,"to":null,"displayLabel":"Posto de Corte da Acail","labelSource":"osm-name","voltageRaw":"60000","circuits":null,"cables":null,"frequency":"50","location":"outdoor","sourceProvider":"OpenStreetMap Overpass API","sourceFallback":"ArcGIS structures layer omits polygon/way substations","sourceLicense":"ODbL 1.0","osmTimestamp":"2026-03-18T19:42:57Z"},"geometry":{"type":"Point","coordinates":[-8.562914790406573,40.87805295]}},{"type":"Feature","properties":{"assetId":"PT-substation-way-403702535","countryCode":"PT","assetType":"substation","powerType":"substation","osmType":"way","osmId":"403702535","actualVoltagesKv":[60],"actualVoltageKv":60,"gridClass":"154","displayClass":"154 kV sınıfı","name":"Subestação da Corticeira Amorim","ref":null,"operator":"Corticeira Amorim","from":null,"to":null,"displayLabel":"Subestação da Corticeira Amorim","labelSource":"osm-name","voltageRaw":"60000","circuits":null,"cables":null,"frequency":"50","location":"outdoor","sourceProvider":"OpenStreetMap Overpass API","sourceFallback":"ArcGIS structures layer omits polygon/way substations","sourceLicense":"ODbL 1.0","osmTimestamp":"2026-04-15T19:36:36Z"},"geometry":{"type":"Point","coordinates":[-8.584114879365956,40.98797795]}},{"type":"Feature","properties":{"assetId":"PT-substation-way-403702536","countryCode":"PT","assetType":"substation","powerType":"substation","osmType":"way","osmId":"403702536","actualVoltagesKv":[60],"actualVoltageKv":60,"gridClass":"154","displayClass":"154 kV sınıfı","name":"Subestação Amorim Revestimentos","ref":null,"operator":null,"from":null,"to":null,"displayLabel":"Subestação Amorim Revestimentos","labelSource":"osm-name","voltageRaw":"60000","circuits":null,"cables":null,"frequency":"50","location":"outdoor","sourceProvider":"OpenStreetMap Overpass API","sourceFallback":"ArcGIS structures layer omits polygon/way substations","sourceLicense":"ODbL 1.0","osmTimestamp":"2023-12-07T14:27:54Z"},"geometry":{"type":"Point","coordinates":[-8.587943625996393,40.994563549999995]}},{"type":"Feature","properties":{"assetId":"PT-substation-way-403702538","countryCode":"PT","assetType":"substation","powerType":"substation","osmType":"way","osmId":"403702538","actualVoltagesKv":[15,60],"actualVoltageKv":60,"gridClass":"154","displayClass":"154 kV sınıfı","name":"Subestação Rio Meão","ref":"0109S5009200","operator":"E-REDES","from":null,"to":null,"displayLabel":"Subestação Rio Meão","labelSource":"osm-name","voltageRaw":"60000;15000","circuits":null,"cables":null,"frequency":"50","location":"outdoor","sourceProvider":"OpenStreetMap Overpass API","sourceFallback":"ArcGIS structures layer omits polygon/way substations","sourceLicense":"ODbL 1.0","osmTimestamp":"2026-04-04T13:31:49Z"},"geometry":{"type":"Point","coordinates":[-8.587486160491984,40.95909075]}},{"type":"Feature","properties":{"assetId":"PT-substation-way-403702540","countryCode":"PT","assetType":"substation","powerType":"substation","osmType":"way","osmId":"403702540","actualVoltagesKv":[15,60],"actualVoltageKv":60,"gridClass":"154","displayClass":"154 kV sınıfı","name":"Subestação de Ovar","ref":"0115S5008100","operator":"E-REDES","from":null,"to":null,"displayLabel":"Subestação de Ovar","labelSource":"osm-name","voltageRaw":"60000;15000","circuits":null,"cables":null,"frequency":"50","location":"outdoor","sourceProvider":"OpenStreetMap Overpass API","sourceFallback":"ArcGIS structures layer omits polygon/way substations","sourceLicense":"ODbL 1.0","osmTimestamp":"2026-04-15T21:10:35Z"},"geometry":{"type":"Point","coordinates":[-8.606871381322936,40.86056225]}},{"type":"Feature","properties":{"assetId":"PT-substation-way-403702542","countryCode":"PT","assetType":"substation","powerType":"substation","osmType":"way","osmId":"403702542","actualVoltagesKv":[15,60],"actualVoltageKv":60,"gridClass":"154","displayClass":"154 kV sınıfı","name":"Subestação de Espinho","ref":"0107S5002500","operator":"E-REDES","from":null,"to":null,"displayLabel":"Subestação de Espinho","labelSource":"osm-name","voltageRaw":"60000;15000","circuits":null,"cables":null,"frequency":"50","location":"outdoor","sourceProvider":"OpenStreetMap Overpass API","sourceFallback":"ArcGIS structures layer omits polygon/way substations","sourceLicense":"ODbL 1.0","osmTimestamp":"2024-02-18T18:21:56Z"},"geometry":{"type":"Point","coordinates":[-8.630902846615076,41.0113653]}},{"type":"Feature","properties":{"assetId":"PT-substation-way-403708928","countryCode":"PT","assetType":"substation","powerType":"substation","osmType":"way","osmId":"403708928","actualVoltagesKv":[60],"actualVoltageKv":60,"gridClass":"154","displayClass":"154 kV sınıfı","name":"Subestação Águas do Douro & Paiva","ref":null,"operator":null,"from":null,"to":null,"displayLabel":"Subestação Águas do Douro & Paiva","labelSource":"osm-name","voltageRaw":"60000","circuits":null,"cables":null,"frequency":"50","location":"outdoor","sourceProvider":"OpenStreetMap Overpass API","sourceFallback":"ArcGIS structures layer omits polygon/way substations","sourceLicense":"ODbL 1.0","osmTimestamp":"2026-03-01T17:01:11Z"},"geometry":{"type":"Point","coordinates":[-8.47675788261242,41.07262785]}},{"type":"Feature","properties":{"assetId":"PT-substation-way-403722234","countryCode":"PT","assetType":"substation","powerType":"substation","osmType":"way","osmId":"403722234","actualVoltagesKv":[15,60],"actualVoltageKv":60,"gridClass":"154","displayClass":"154 kV sınıfı","name":"Subestação da Moita","ref":"1506S5031400","operator":"E-REDES","from":null,"to":null,"displayLabel":"Subestação da Moita","labelSource":"osm-name","voltageRaw":"60000;15000","circuits":null,"cables":null,"frequency":"50","location":"outdoor","sourceProvider":"OpenStreetMap Overpass API","sourceFallback":"ArcGIS structures layer omits polygon/way substations","sourceLicense":"ODbL 1.0","osmTimestamp":"2026-04-03T22:10:33Z"},"geometry":{"type":"Point","coordinates":[-8.990162620122193,38.6304442]}},{"type":"Feature","properties":{"assetId":"PT-substation-way-403736181","countryCode":"PT","assetType":"substation","powerType":"substation","osmType":"way","osmId":"403736181","actualVoltagesKv":[15,30,60],"actualVoltageKv":60,"gridClass":"154","displayClass":"154 kV sınıfı","name":"Subestação São Sebastião","ref":"1512S5030700","operator":"E-REDES","from":null,"to":null,"displayLabel":"Subestação São Sebastião","labelSource":"osm-name","voltageRaw":"60000;30000;15000","circuits":null,"cables":null,"frequency":"50","location":"outdoor","sourceProvider":"OpenStreetMap Overpass API","sourceFallback":"ArcGIS structures layer omits polygon/way substations","sourceLicense":"ODbL 1.0","osmTimestamp":"2026-02-24T12:29:51Z"},"geometry":{"type":"Point","coordinates":[-8.878194778029787,38.544525]}},{"type":"Feature","properties":{"assetId":"PT-substation-way-403832937","countryCode":"PT","assetType":"substation","powerType":"substation","osmType":"way","osmId":"403832937","actualVoltagesKv":[15,60],"actualVoltageKv":60,"gridClass":"154","displayClass":"154 kV sınıfı","name":"Subestação de Lousado","ref":"0312S5002700","operator":"E-REDES","from":null,"to":null,"displayLabel":"Subestação de Lousado","labelSource":"osm-name","voltageRaw":"60000;15000","circuits":null,"cables":null,"frequency":"50","location":"outdoor","sourceProvider":"OpenStreetMap Overpass API","sourceFallback":"ArcGIS structures layer omits polygon/way substations","sourceLicense":"ODbL 1.0","osmTimestamp":"2026-02-24T12:29:51Z"},"geometry":{"type":"Point","coordinates":[-8.54423261623179,41.35764375]}},{"type":"Feature","properties":{"assetId":"PT-substation-way-403832949","countryCode":"PT","assetType":"substation","powerType":"substation","osmType":"way","osmId":"403832949","actualVoltagesKv":[30,60],"actualVoltageKv":60,"gridClass":"154","displayClass":"154 kV sınıfı","name":"Subestação da Telheira","ref":"1714S5006100","operator":"E-REDES","from":null,"to":null,"displayLabel":"Subestação da Telheira","labelSource":"osm-name","voltageRaw":"60000;30000","circuits":null,"cables":null,"frequency":"50","location":"outdoor","sourceProvider":"OpenStreetMap Overpass API","sourceFallback":"ArcGIS structures layer omits polygon/way substations","sourceLicense":"ODbL 1.0","osmTimestamp":"2026-02-24T12:29:51Z"},"geometry":{"type":"Point","coordinates":[-7.760130570312504,41.29219755]}},{"type":"Feature","properties":{"assetId":"PT-substation-way-403832956","countryCode":"PT","assetType":"substation","powerType":"substation","osmType":"way","osmId":"403832956","actualVoltagesKv":[15,60],"actualVoltageKv":60,"gridClass":"154","displayClass":"154 kV sınıfı","name":"Subestação de Muro","ref":"1318S5020300","operator":"E-REDES","from":null,"to":null,"displayLabel":"Subestação de Muro","labelSource":"osm-name","voltageRaw":"60000;15000","circuits":null,"cables":null,"frequency":"50","location":"outdoor","sourceProvider":"OpenStreetMap Overpass API","sourceFallback":"ArcGIS structures layer omits polygon/way substations","sourceLicense":"ODbL 1.0","osmTimestamp":"2026-04-10T22:55:19Z"},"geometry":{"type":"Point","coordinates":[-8.580368864556021,41.305891349999996]}},{"type":"Feature","properties":{"assetId":"PT-substation-way-403842976","countryCode":"PT","assetType":"substation","powerType":"substation","osmType":"way","osmId":"403842976","actualVoltagesKv":[15,60],"actualVoltageKv":60,"gridClass":"154","displayClass":"154 kV sınıfı","name":"Subestação de Penide","ref":"0302S5014200","operator":"E-REDES","from":null,"to":null,"displayLabel":"Subestação de Penide","labelSource":"osm-name","voltageRaw":"60000;15000","circuits":null,"cables":null,"frequency":"50","location":"outdoor","sourceProvider":"OpenStreetMap Overpass API","sourceFallback":"ArcGIS structures layer omits polygon/way substations","sourceLicense":"ODbL 1.0","osmTimestamp":"2026-02-24T12:29:51Z"},"geometry":{"type":"Point","coordinates":[-8.535922545508193,41.552595]}},{"type":"Feature","properties":{"assetId":"PT-substation-way-403842980","countryCode":"PT","assetType":"substation","powerType":"substation","osmType":"way","osmId":"403842980","actualVoltagesKv":[60],"actualVoltageKv":60,"gridClass":"154","displayClass":"154 kV sınıfı","name":"Subestação Águas do Cávado","ref":null,"operator":null,"from":null,"to":null,"displayLabel":"Subestação Águas do Cávado","labelSource":"osm-name","voltageRaw":"60000","circuits":null,"cables":null,"frequency":"50","location":"outdoor","sourceProvider":"OpenStreetMap Overpass API","sourceFallback":"ArcGIS structures layer omits polygon/way substations","sourceLicense":"ODbL 1.0","osmTimestamp":"2023-12-05T18:21:21Z"},"geometry":{"type":"Point","coordinates":[-8.544484893888207,41.54602265]}},{"type":"Feature","properties":{"assetId":"PT-substation-way-403842982","countryCode":"PT","assetType":"substation","powerType":"substation","osmType":"way","osmId":"403842982","actualVoltagesKv":[15,60],"actualVoltageKv":60,"gridClass":"154","displayClass":"154 kV sınıfı","name":"Subestação Vila do Conde","ref":"1316S5001600","operator":"E-REDES","from":null,"to":null,"displayLabel":"Subestação Vila do Conde","labelSource":"osm-name","voltageRaw":"60000;15000","circuits":null,"cables":null,"frequency":"50","location":"outdoor","sourceProvider":"OpenStreetMap Overpass API","sourceFallback":"ArcGIS structures layer omits polygon/way substations","sourceLicense":"ODbL 1.0","osmTimestamp":"2026-02-24T12:29:51Z"},"geometry":{"type":"Point","coordinates":[-8.736105000497343,41.3553072]}},{"type":"Feature","properties":{"assetId":"PT-substation-way-403842984","countryCode":"PT","assetType":"substation","powerType":"substation","osmType":"way","osmId":"403842984","actualVoltagesKv":[15,60],"actualVoltageKv":60,"gridClass":"154","displayClass":"154 kV sınıfı","name":"Subestação de Turiz","ref":"0313S5020100","operator":"E-REDES","from":null,"to":null,"displayLabel":"Subestação de Turiz","labelSource":"osm-name","voltageRaw":"60000;15000","circuits":null,"cables":null,"frequency":"50","location":"outdoor","sourceProvider":"OpenStreetMap Overpass API","sourceFallback":"ArcGIS structures layer omits polygon/way substations","sourceLicense":"ODbL 1.0","osmTimestamp":"2026-04-02T21:49:35Z"},"geometry":{"type":"Point","coordinates":[-8.46471819944641,41.6367566]}},{"type":"Feature","properties":{"assetId":"PT-substation-way-403905629","countryCode":"PT","assetType":"substation","powerType":"substation","osmType":"way","osmId":"403905629","actualVoltagesKv":[25,60],"actualVoltageKv":60,"gridClass":"154","displayClass":"154 kV sınıfı","name":"Subestação de Tração de Vila Franca de Xira","ref":null,"operator":"Infraestruturas de Portugal","from":null,"to":null,"displayLabel":"Subestação de Tração de Vila Franca de Xira","labelSource":"osm-name","voltageRaw":"60000;25000","circuits":null,"cables":null,"frequency":"50","location":"outdoor","sourceProvider":"OpenStreetMap Overpass API","sourceFallback":"ArcGIS structures layer omits polygon/way substations","sourceLicense":"ODbL 1.0","osmTimestamp":"2026-05-04T13:49:33Z"},"geometry":{"type":"Point","coordinates":[-8.973249750164044,38.9769815]}},{"type":"Feature","properties":{"assetId":"PT-substation-way-403916025","countryCode":"PT","assetType":"substation","powerType":"substation","osmType":"way","osmId":"403916025","actualVoltagesKv":[30,60],"actualVoltageKv":60,"gridClass":"154","displayClass":"154 kV sınıfı","name":"Subestação Cadaval","ref":"1104S5672000","operator":"E-REDES","from":null,"to":null,"displayLabel":"Subestação Cadaval","labelSource":"osm-name","voltageRaw":"60000;30000","circuits":null,"cables":null,"frequency":"50","location":"outdoor","sourceProvider":"OpenStreetMap Overpass API","sourceFallback":"ArcGIS structures layer omits polygon/way substations","sourceLicense":"ODbL 1.0","osmTimestamp":"2026-02-24T12:29:51Z"},"geometry":{"type":"Point","coordinates":[-9.050246402437427,39.28120705]}},{"type":"Feature","properties":{"assetId":"PT-substation-way-405876264","countryCode":"PT","assetType":"substation","powerType":"substation","osmType":"way","osmId":"405876264","actualVoltagesKv":[10,60],"actualVoltageKv":60,"gridClass":"154","displayClass":"154 kV sınıfı","name":"Subestação de Ranholas","ref":"1111S5900300","operator":"E-REDES","from":null,"to":null,"displayLabel":"Subestação de Ranholas","labelSource":"osm-name","voltageRaw":"60000;10000","circuits":null,"cables":null,"frequency":null,"location":null,"sourceProvider":"OpenStreetMap Overpass API","sourceFallback":"ArcGIS structures layer omits polygon/way substations","sourceLicense":"ODbL 1.0","osmTimestamp":"2025-06-28T12:53:56Z"},"geometry":{"type":"Point","coordinates":[-9.36085505,38.78420785]}},{"type":"Feature","properties":{"assetId":"PT-substation-way-406520751","countryCode":"PT","assetType":"substation","powerType":"substation","osmType":"way","osmId":"406520751","actualVoltagesKv":[15,60],"actualVoltageKv":60,"gridClass":"154","displayClass":"154 kV sınıfı","name":"Subestação de Vouzela","ref":"1824S5009400","operator":"E-REDES","from":null,"to":null,"displayLabel":"Subestação de Vouzela","labelSource":"osm-name","voltageRaw":"60000;15000","circuits":null,"cables":null,"frequency":null,"location":null,"sourceProvider":"OpenStreetMap Overpass API","sourceFallback":"ArcGIS structures layer omits polygon/way substations","sourceLicense":"ODbL 1.0","osmTimestamp":"2026-04-10T23:32:20Z"},"geometry":{"type":"Point","coordinates":[-8.121686170862311,40.726187949999996]}},{"type":"Feature","properties":{"assetId":"PT-substation-way-409053236","countryCode":"PT","assetType":"substation","powerType":"substation","osmType":"way","osmId":"409053236","actualVoltagesKv":[30,60],"actualVoltageKv":60,"gridClass":"154","displayClass":"154 kV sınıfı","name":"Subestação Casal da Lebre","ref":"1010S5011000","operator":"E-REDES","from":null,"to":null,"displayLabel":"Subestação Casal da Lebre","labelSource":"osm-name","voltageRaw":"60000;30000","circuits":null,"cables":null,"frequency":null,"location":null,"sourceProvider":"OpenStreetMap Overpass API","sourceFallback":"ArcGIS structures layer omits polygon/way substations","sourceLicense":"ODbL 1.0","osmTimestamp":"2026-02-24T12:29:51Z"},"geometry":{"type":"Point","coordinates":[-8.927231332130848,39.7215377]}},{"type":"Feature","properties":{"assetId":"PT-substation-way-410892466","countryCode":"PT","assetType":"substation","powerType":"substation","osmType":"way","osmId":"410892466","actualVoltagesKv":[60],"actualVoltageKv":60,"gridClass":"154","displayClass":"154 kV sınıfı","name":"Subestação do Metropolitano Sul do Tejo","ref":null,"operator":"Metropolitano Sul do Tejo","from":null,"to":null,"displayLabel":"Subestação do Metropolitano Sul do Tejo","labelSource":"osm-name","voltageRaw":"60000","circuits":null,"cables":null,"frequency":null,"location":null,"sourceProvider":"OpenStreetMap Overpass API","sourceFallback":"ArcGIS structures layer omits polygon/way substations","sourceLicense":"ODbL 1.0","osmTimestamp":"2025-11-05T16:33:44Z"},"geometry":{"type":"Point","coordinates":[-9.176223892164366,38.668352150000004]}},{"type":"Feature","properties":{"assetId":"PT-substation-way-412485710","countryCode":"PT","assetType":"substation","powerType":"substation","osmType":"way","osmId":"412485710","actualVoltagesKv":[10,60],"actualVoltageKv":60,"gridClass":"154","displayClass":"154 kV sınıfı","name":"Subestação da Luz","ref":"1106S5375000","operator":"E-REDES","from":null,"to":null,"displayLabel":"Subestação da Luz","labelSource":"osm-name","voltageRaw":"60000;10000","circuits":null,"cables":null,"frequency":"50","location":"indoor","sourceProvider":"OpenStreetMap Overpass API","sourceFallback":"ArcGIS structures layer omits polygon/way substations","sourceLicense":"ODbL 1.0","osmTimestamp":"2026-02-24T12:29:51Z"},"geometry":{"type":"Point","coordinates":[-9.188643599999999,38.7495466]}},{"type":"Feature","properties":{"assetId":"PT-substation-way-430533357","countryCode":"PT","assetType":"substation","powerType":"substation","osmType":"way","osmId":"430533357","actualVoltagesKv":[15,60],"actualVoltageKv":60,"gridClass":"154","displayClass":"154 kV sınıfı","name":"Subestação de Entre-os-Rios","ref":"1311S5006900","operator":"E-REDES","from":null,"to":null,"displayLabel":"Subestação de Entre-os-Rios","labelSource":"osm-name","voltageRaw":"60000;15000","circuits":null,"cables":null,"frequency":null,"location":"outdoor","sourceProvider":"OpenStreetMap Overpass API","sourceFallback":"ArcGIS structures layer omits polygon/way substations","sourceLicense":"ODbL 1.0","osmTimestamp":"2026-02-24T12:29:51Z"},"geometry":{"type":"Point","coordinates":[-8.293456175656146,41.1072318]}},{"type":"Feature","properties":{"assetId":"PT-substation-way-431006695","countryCode":"PT","assetType":"substation","powerType":"substation","osmType":"way","osmId":"431006695","actualVoltagesKv":[30,60],"actualVoltageKv":60,"gridClass":"154","displayClass":"154 kV sınıfı","name":"Subestação das Caldas da Rainha","ref":"1006S5003000","operator":"E-REDES","from":null,"to":null,"displayLabel":"Subestação das Caldas da Rainha","labelSource":"osm-name","voltageRaw":"60000;30000","circuits":null,"cables":null,"frequency":null,"location":"outdoor","sourceProvider":"OpenStreetMap Overpass API","sourceFallback":"ArcGIS structures layer omits polygon/way substations","sourceLicense":"ODbL 1.0","osmTimestamp":"2026-02-24T12:29:51Z"},"geometry":{"type":"Point","coordinates":[-9.132157600000001,39.3974029]}},{"type":"Feature","properties":{"assetId":"PT-substation-way-440374373","countryCode":"PT","assetType":"substation","powerType":"substation","osmType":"way","osmId":"440374373","actualVoltagesKv":[30,60],"actualVoltageKv":60,"gridClass":"154","displayClass":"154 kV sınıfı","name":"Subestação do Pinhão","ref":"1701S5003400","operator":"E-REDES","from":null,"to":null,"displayLabel":"Subestação do Pinhão","labelSource":"osm-name","voltageRaw":"60000;30000","circuits":null,"cables":null,"frequency":"50","location":"outdoor","sourceProvider":"OpenStreetMap Overpass API","sourceFallback":"ArcGIS structures layer omits polygon/way substations","sourceLicense":"ODbL 1.0","osmTimestamp":"2025-06-14T23:11:44Z"},"geometry":{"type":"Point","coordinates":[-7.541962789665272,41.1930761]}},{"type":"Feature","properties":{"assetId":"PT-substation-way-440386697","countryCode":"PT","assetType":"substation","powerType":"substation","osmType":"way","osmId":"440386697","actualVoltagesKv":[60],"actualVoltageKv":60,"gridClass":"154","displayClass":"154 kV sınıfı","name":"Posto de Corte Barbosa e Almeida","ref":null,"operator":null,"from":null,"to":null,"displayLabel":"Posto de Corte Barbosa e Almeida","labelSource":"osm-name","voltageRaw":"60000","circuits":null,"cables":null,"frequency":null,"location":null,"sourceProvider":"OpenStreetMap Overpass API","sourceFallback":"ArcGIS structures layer omits polygon/way substations","sourceLicense":"ODbL 1.0","osmTimestamp":"2024-02-26T12:02:40Z"},"geometry":{"type":"Point","coordinates":[-8.530769632373472,41.0861604]}},{"type":"Feature","properties":{"assetId":"PT-substation-way-440922844","countryCode":"PT","assetType":"substation","powerType":"substation","osmType":"way","osmId":"440922844","actualVoltagesKv":[60],"actualVoltageKv":60,"gridClass":"154","displayClass":"154 kV sınıfı","name":"Subestação Cordex","ref":null,"operator":null,"from":null,"to":null,"displayLabel":"Subestação Cordex","labelSource":"osm-name","voltageRaw":"60000","circuits":null,"cables":null,"frequency":null,"location":"outdoor","sourceProvider":"OpenStreetMap Overpass API","sourceFallback":"ArcGIS structures layer omits polygon/way substations","sourceLicense":"ODbL 1.0","osmTimestamp":"2026-04-14T22:09:42Z"},"geometry":{"type":"Point","coordinates":[-8.614258543977897,40.96406385]}},{"type":"Feature","properties":{"assetId":"PT-substation-way-440935964","countryCode":"PT","assetType":"substation","powerType":"substation","osmType":"way","osmId":"440935964","actualVoltagesKv":[15,30,60],"actualVoltageKv":60,"gridClass":"154","displayClass":"154 kV sınıfı","name":"Subestação Sobreda","ref":"1503S5020400","operator":"E-REDES","from":null,"to":null,"displayLabel":"Subestação Sobreda","labelSource":"osm-name","voltageRaw":"60000;30000;15000","circuits":null,"cables":null,"frequency":null,"location":null,"sourceProvider":"OpenStreetMap Overpass API","sourceFallback":"ArcGIS structures layer omits polygon/way substations","sourceLicense":"ODbL 1.0","osmTimestamp":"2025-02-03T19:22:11Z"},"geometry":{"type":"Point","coordinates":[-9.176452852584168,38.64873205]}},{"type":"Feature","properties":{"assetId":"PT-substation-way-443390915","countryCode":"PT","assetType":"substation","powerType":"substation","osmType":"way","osmId":"443390915","actualVoltagesKv":[60],"actualVoltageKv":60,"gridClass":"154","displayClass":"154 kV sınıfı","name":"Subestação do Parque Eólico de Malhanito","ref":null,"operator":"Nadara","from":null,"to":null,"displayLabel":"Subestação do Parque Eólico de Malhanito","labelSource":"osm-name","voltageRaw":"60000","circuits":null,"cables":null,"frequency":null,"location":null,"sourceProvider":"OpenStreetMap Overpass API","sourceFallback":"ArcGIS structures layer omits polygon/way substations","sourceLicense":"ODbL 1.0","osmTimestamp":"2026-05-18T13:30:16Z"},"geometry":{"type":"Point","coordinates":[-7.78639137439769,37.32591]}},{"type":"Feature","properties":{"assetId":"PT-substation-way-443493677","countryCode":"PT","assetType":"substation","powerType":"substation","osmType":"way","osmId":"443493677","actualVoltagesKv":[30,60],"actualVoltageKv":60,"gridClass":"154","displayClass":"154 kV sınıfı","name":"Subestação do Parque Eólico do Malhanito","ref":null,"operator":"Nadara","from":null,"to":null,"displayLabel":"Subestação do Parque Eólico do Malhanito","labelSource":"osm-name","voltageRaw":"60000;30000","circuits":null,"cables":null,"frequency":null,"location":null,"sourceProvider":"OpenStreetMap Overpass API","sourceFallback":"ArcGIS structures layer omits polygon/way substations","sourceLicense":"ODbL 1.0","osmTimestamp":"2026-05-18T13:30:16Z"},"geometry":{"type":"Point","coordinates":[-7.848799529995412,37.30671965]}},{"type":"Feature","properties":{"assetId":"PT-substation-way-469684362","countryCode":"PT","assetType":"substation","powerType":"substation","osmType":"way","osmId":"469684362","actualVoltagesKv":[60],"actualVoltageKv":60,"gridClass":"154","displayClass":"154 kV sınıfı","name":"Posto de Corte de Maceira","ref":null,"operator":"E-REDES","from":null,"to":null,"displayLabel":"Posto de Corte de Maceira","labelSource":"osm-name","voltageRaw":"60000","circuits":null,"cables":null,"frequency":null,"location":null,"sourceProvider":"OpenStreetMap Overpass API","sourceFallback":"ArcGIS structures layer omits polygon/way substations","sourceLicense":"ODbL 1.0","osmTimestamp":"2026-02-24T12:29:51Z"},"geometry":{"type":"Point","coordinates":[-8.896358630242036,39.68300055]}},{"type":"Feature","properties":{"assetId":"PT-substation-way-471513653","countryCode":"PT","assetType":"substation","powerType":"substation","osmType":"way","osmId":"471513653","actualVoltagesKv":[60],"actualVoltageKv":60,"gridClass":"154","displayClass":"154 kV sınıfı","name":"Posto de Seccionamento da Circunvalação","ref":null,"operator":"E-REDES","from":null,"to":null,"displayLabel":"Posto de Seccionamento da Circunvalação","labelSource":"osm-name","voltageRaw":"60000","circuits":null,"cables":null,"frequency":"50","location":"outdoor","sourceProvider":"OpenStreetMap Overpass API","sourceFallback":"ArcGIS structures layer omits polygon/way substations","sourceLicense":"ODbL 1.0","osmTimestamp":"2023-11-29T17:02:19Z"},"geometry":{"type":"Point","coordinates":[-8.655350584909801,41.175413750000004]}},{"type":"Feature","properties":{"assetId":"PT-substation-way-47199173","countryCode":"PT","assetType":"substation","powerType":"substation","osmType":"way","osmId":"47199173","actualVoltagesKv":[10,60],"actualVoltageKv":60,"gridClass":"154","displayClass":"154 kV sınıfı","name":"Subestação Arroja","ref":"1116S5340000","operator":"E-REDES","from":null,"to":null,"displayLabel":"Subestação Arroja","labelSource":"osm-name","voltageRaw":"60000;10000","circuits":null,"cables":null,"frequency":"50","location":"outdoor","sourceProvider":"OpenStreetMap Overpass API","sourceFallback":"ArcGIS structures layer omits polygon/way substations","sourceLicense":"ODbL 1.0","osmTimestamp":"2026-02-24T12:29:46Z"},"geometry":{"type":"Point","coordinates":[-9.19103805264007,38.79559705]}},{"type":"Feature","properties":{"assetId":"PT-substation-way-473022201","countryCode":"PT","assetType":"substation","powerType":"substation","osmType":"way","osmId":"473022201","actualVoltagesKv":[60],"actualVoltageKv":60,"gridClass":"154","displayClass":"154 kV sınıfı","name":"Posto de Corte de Carvalhais","ref":null,"operator":"E-REDES","from":null,"to":null,"displayLabel":"Posto de Corte de Carvalhais","labelSource":"osm-name","voltageRaw":"60000","circuits":null,"cables":null,"frequency":null,"location":null,"sourceProvider":"OpenStreetMap Overpass API","sourceFallback":"ArcGIS structures layer omits polygon/way substations","sourceLicense":"ODbL 1.0","osmTimestamp":"2026-04-10T17:56:27Z"},"geometry":{"type":"Point","coordinates":[-8.849815203010154,40.067045199999995]}},{"type":"Feature","properties":{"assetId":"PT-substation-way-473022204","countryCode":"PT","assetType":"substation","powerType":"substation","osmType":"way","osmId":"473022204","actualVoltagesKv":[10,60],"actualVoltageKv":60,"gridClass":"154","displayClass":"154 kV sınıfı","name":"Subestação Celbi","ref":null,"operator":"Celbi","from":null,"to":null,"displayLabel":"Subestação Celbi","labelSource":"osm-name","voltageRaw":"60000;10000","circuits":null,"cables":null,"frequency":null,"location":null,"sourceProvider":"OpenStreetMap Overpass API","sourceFallback":"ArcGIS structures layer omits polygon/way substations","sourceLicense":"ODbL 1.0","osmTimestamp":"2024-09-24T21:03:11Z"},"geometry":{"type":"Point","coordinates":[-8.875491246774367,40.0541905]}},{"type":"Feature","properties":{"assetId":"PT-substation-way-473233706","countryCode":"PT","assetType":"substation","powerType":"substation","osmType":"way","osmId":"473233706","actualVoltagesKv":[60],"actualVoltageKv":60,"gridClass":"154","displayClass":"154 kV sınıfı","name":"Subestação Santos Barosa","ref":null,"operator":null,"from":null,"to":null,"displayLabel":"Subestação Santos Barosa","labelSource":"osm-name","voltageRaw":"60000","circuits":null,"cables":null,"frequency":null,"location":null,"sourceProvider":"OpenStreetMap Overpass API","sourceFallback":"ArcGIS structures layer omits polygon/way substations","sourceLicense":"ODbL 1.0","osmTimestamp":"2023-12-24T20:32:35Z"},"geometry":{"type":"Point","coordinates":[-8.921503387412589,39.736829400000005]}},{"type":"Feature","properties":{"assetId":"PT-substation-way-477559350","countryCode":"PT","assetType":"substation","powerType":"substation","osmType":"way","osmId":"477559350","actualVoltagesKv":[15,60],"actualVoltageKv":60,"gridClass":"154","displayClass":"154 kV sınıfı","name":"Subestação Fogueteiro","ref":"1510S5021200","operator":"E-REDES","from":null,"to":null,"displayLabel":"Subestação Fogueteiro","labelSource":"osm-name","voltageRaw":"60000;15000","circuits":null,"cables":null,"frequency":null,"location":"outdoor","sourceProvider":"OpenStreetMap Overpass API","sourceFallback":"ArcGIS structures layer omits polygon/way substations","sourceLicense":"ODbL 1.0","osmTimestamp":"2026-02-24T12:29:51Z"},"geometry":{"type":"Point","coordinates":[-9.113433849950955,38.61474115]}},{"type":"Feature","properties":{"assetId":"PT-substation-way-482537556","countryCode":"PT","assetType":"substation","powerType":"substation","osmType":"way","osmId":"482537556","actualVoltagesKv":[15,30,60],"actualVoltageKv":60,"gridClass":"154","displayClass":"154 kV sınıfı","name":"Subestação Alcains","ref":"0502S5010400","operator":"E-REDES","from":null,"to":null,"displayLabel":"Subestação Alcains","labelSource":"osm-name","voltageRaw":"60000;30000;15000","circuits":null,"cables":null,"frequency":null,"location":"outdoor","sourceProvider":"OpenStreetMap Overpass API","sourceFallback":"ArcGIS structures layer omits polygon/way substations","sourceLicense":"ODbL 1.0","osmTimestamp":"2026-04-15T12:09:26Z"},"geometry":{"type":"Point","coordinates":[-7.467844876836285,39.919872850000004]}},{"type":"Feature","properties":{"assetId":"PT-substation-way-488221076","countryCode":"PT","assetType":"substation","powerType":"substation","osmType":"way","osmId":"488221076","actualVoltagesKv":[30,60],"actualVoltageKv":60,"gridClass":"154","displayClass":"154 kV sınıfı","name":"Subestação de São Vicente","ref":"1214S5681500","operator":"E-REDES","from":null,"to":null,"displayLabel":"Subestação de São Vicente","labelSource":"osm-name","voltageRaw":"60000;30000","circuits":null,"cables":null,"frequency":null,"location":null,"sourceProvider":"OpenStreetMap Overpass API","sourceFallback":"ArcGIS structures layer omits polygon/way substations","sourceLicense":"ODbL 1.0","osmTimestamp":"2026-04-16T10:38:51Z"},"geometry":{"type":"Point","coordinates":[-7.446157220897604,39.3192213]}},{"type":"Feature","properties":{"assetId":"PT-substation-way-488844357","countryCode":"PT","assetType":"substation","powerType":"substation","osmType":"way","osmId":"488844357","actualVoltagesKv":[15,60],"actualVoltageKv":60,"gridClass":"154","displayClass":"154 kV sınıfı","name":"Subestação da Serra do Pilar","ref":"1317S5009600","operator":"E-REDES","from":null,"to":null,"displayLabel":"Subestação da Serra do Pilar","labelSource":"osm-name","voltageRaw":"60000;15000","circuits":null,"cables":null,"frequency":"50","location":null,"sourceProvider":"OpenStreetMap Overpass API","sourceFallback":"ArcGIS structures layer omits polygon/way substations","sourceLicense":"ODbL 1.0","osmTimestamp":"2026-02-24T12:29:51Z"},"geometry":{"type":"Point","coordinates":[-8.604274670333332,41.13210325]}},{"type":"Feature","properties":{"assetId":"PT-substation-way-493136788","countryCode":"PT","assetType":"substation","powerType":"substation","osmType":"way","osmId":"493136788","actualVoltagesKv":[15,60],"actualVoltageKv":60,"gridClass":"154","displayClass":"154 kV sınıfı","name":"Subestação Braciais","ref":"0805S5060100","operator":"E-REDES","from":null,"to":null,"displayLabel":"Subestação Braciais","labelSource":"osm-name","voltageRaw":"60000;15000","circuits":null,"cables":null,"frequency":null,"location":null,"sourceProvider":"OpenStreetMap Overpass API","sourceFallback":"ArcGIS structures layer omits polygon/way substations","sourceLicense":"ODbL 1.0","osmTimestamp":"2026-02-24T12:29:51Z"},"geometry":{"type":"Point","coordinates":[-7.945990374394144,37.06004055]}},{"type":"Feature","properties":{"assetId":"PT-substation-way-493140855","countryCode":"PT","assetType":"substation","powerType":"substation","osmType":"way","osmId":"493140855","actualVoltagesKv":[15,60],"actualVoltageKv":60,"gridClass":"154","displayClass":"154 kV sınıfı","name":"Subestação de Almancil","ref":"0808S5903600","operator":"E-REDES","from":null,"to":null,"displayLabel":"Subestação de Almancil","labelSource":"osm-name","voltageRaw":"60000;15000","circuits":null,"cables":null,"frequency":null,"location":"outdoor","sourceProvider":"OpenStreetMap Overpass API","sourceFallback":"ArcGIS structures layer omits polygon/way substations","sourceLicense":"ODbL 1.0","osmTimestamp":"2026-02-24T12:29:51Z"},"geometry":{"type":"Point","coordinates":[-7.99174369116969,37.072540599999996]}},{"type":"Feature","properties":{"assetId":"PT-substation-way-493142387","countryCode":"PT","assetType":"substation","powerType":"substation","osmType":"way","osmId":"493142387","actualVoltagesKv":[15,60],"actualVoltageKv":60,"gridClass":"154","displayClass":"154 kV sınıfı","name":"Subestação de Vilamoura","ref":"0808S5063400","operator":"E-REDES","from":null,"to":null,"displayLabel":"Subestação de Vilamoura","labelSource":"osm-name","voltageRaw":"60000;15000","circuits":null,"cables":null,"frequency":null,"location":null,"sourceProvider":"OpenStreetMap Overpass API","sourceFallback":"ArcGIS structures layer omits polygon/way substations","sourceLicense":"ODbL 1.0","osmTimestamp":"2026-02-24T12:29:51Z"},"geometry":{"type":"Point","coordinates":[-8.140560908656923,37.1159662]}},{"type":"Feature","properties":{"assetId":"PT-substation-way-493142388","countryCode":"PT","assetType":"substation","powerType":"substation","osmType":"way","osmId":"493142388","actualVoltagesKv":[15,60],"actualVoltageKv":60,"gridClass":"154","displayClass":"154 kV sınıfı","name":"Subestação de Quarteira","ref":"0808S5063300","operator":"E-REDES","from":null,"to":null,"displayLabel":"Subestação de Quarteira","labelSource":"osm-name","voltageRaw":"60000;15000","circuits":null,"cables":null,"frequency":null,"location":null,"sourceProvider":"OpenStreetMap Overpass API","sourceFallback":"ArcGIS structures layer omits polygon/way substations","sourceLicense":"ODbL 1.0","osmTimestamp":"2026-02-24T12:29:56Z"},"geometry":{"type":"Point","coordinates":[-8.076600781097994,37.0832954]}},{"type":"Feature","properties":{"assetId":"PT-substation-way-502198551","countryCode":"PT","assetType":"substation","powerType":"substation","osmType":"way","osmId":"502198551","actualVoltagesKv":[60],"actualVoltageKv":60,"gridClass":"154","displayClass":"154 kV sınıfı","name":"Subestação do Parque Eólico de Malhadizes","ref":null,"operator":"Nadara","from":null,"to":null,"displayLabel":"Subestação do Parque Eólico de Malhadizes","labelSource":"osm-name","voltageRaw":"60000","circuits":null,"cables":null,"frequency":null,"location":null,"sourceProvider":"OpenStreetMap Overpass API","sourceFallback":"ArcGIS structures layer omits polygon/way substations","sourceLicense":"ODbL 1.0","osmTimestamp":"2026-05-18T13:48:18Z"},"geometry":{"type":"Point","coordinates":[-8.2949623,40.01708345]}},{"type":"Feature","properties":{"assetId":"PT-substation-way-502198555","countryCode":"PT","assetType":"substation","powerType":"substation","osmType":"way","osmId":"502198555","actualVoltagesKv":[60],"actualVoltageKv":60,"gridClass":"154","displayClass":"154 kV sınıfı","name":"Posto de Corte de Vila Nova","ref":null,"operator":"E-REDES","from":null,"to":null,"displayLabel":"Posto de Corte de Vila Nova","labelSource":"osm-name","voltageRaw":"60000","circuits":null,"cables":null,"frequency":null,"location":null,"sourceProvider":"OpenStreetMap Overpass API","sourceFallback":"ArcGIS structures layer omits polygon/way substations","sourceLicense":"ODbL 1.0","osmTimestamp":"2026-04-22T18:07:31Z"},"geometry":{"type":"Point","coordinates":[-8.282877568465183,40.04456475]}},{"type":"Feature","properties":{"assetId":"PT-substation-way-502198584","countryCode":"PT","assetType":"substation","powerType":"substation","osmType":"way","osmId":"502198584","actualVoltagesKv":[60],"actualVoltageKv":60,"gridClass":"154","displayClass":"154 kV sınıfı","name":"Subestação do Sub-parque Eólico de São João I","ref":null,"operator":"EDP Renováveis","from":null,"to":null,"displayLabel":"Subestação do Sub-parque Eólico de São João I","labelSource":"osm-name","voltageRaw":"60000","circuits":null,"cables":null,"frequency":null,"location":null,"sourceProvider":"OpenStreetMap Overpass API","sourceFallback":"ArcGIS structures layer omits polygon/way substations","sourceLicense":"ODbL 1.0","osmTimestamp":"2026-04-15T10:21:38Z"},"geometry":{"type":"Point","coordinates":[-8.28878522010932,40.0216859]}},{"type":"Feature","properties":{"assetId":"PT-substation-way-502200825","countryCode":"PT","assetType":"substation","powerType":"substation","osmType":"way","osmId":"502200825","actualVoltagesKv":[60],"actualVoltageKv":60,"gridClass":"154","displayClass":"154 kV sınıfı","name":"Subestação do Parque Eólico de Ortiga","ref":null,"operator":null,"from":null,"to":null,"displayLabel":"Subestação do Parque Eólico de Ortiga","labelSource":"osm-name","voltageRaw":"60000","circuits":null,"cables":null,"frequency":null,"location":null,"sourceProvider":"OpenStreetMap Overpass API","sourceFallback":"ArcGIS structures layer omits polygon/way substations","sourceLicense":"ODbL 1.0","osmTimestamp":"2026-04-15T10:21:38Z"},"geometry":{"type":"Point","coordinates":[-8.233693857769275,40.0101597]}},{"type":"Feature","properties":{"assetId":"PT-substation-way-502203084","countryCode":"PT","assetType":"substation","powerType":"substation","osmType":"way","osmId":"502203084","actualVoltagesKv":[60],"actualVoltageKv":60,"gridClass":"154","displayClass":"154 kV sınıfı","name":"Subestação do Parque Eólico de Picos / Vale do Chão","ref":null,"operator":"Finerge","from":null,"to":null,"displayLabel":"Subestação do Parque Eólico de Picos / Vale do Chão","labelSource":"osm-name","voltageRaw":"60000","circuits":null,"cables":null,"frequency":null,"location":null,"sourceProvider":"OpenStreetMap Overpass API","sourceFallback":"ArcGIS structures layer omits polygon/way substations","sourceLicense":"ODbL 1.0","osmTimestamp":"2026-04-15T10:21:38Z"},"geometry":{"type":"Point","coordinates":[-8.145585578302434,40.07330545000001]}},{"type":"Feature","properties":{"assetId":"PT-substation-way-502509202","countryCode":"PT","assetType":"substation","powerType":"substation","osmType":"way","osmId":"502509202","actualVoltagesKv":[30,60],"actualVoltageKv":60,"gridClass":"154","displayClass":"154 kV sınıfı","name":"Subestação de Pracana","ref":"1413S5632800","operator":"E-REDES","from":null,"to":null,"displayLabel":"Subestação de Pracana","labelSource":"osm-name","voltageRaw":"60000;30000","circuits":null,"cables":null,"frequency":null,"location":"outdoor","sourceProvider":"OpenStreetMap Overpass API","sourceFallback":"ArcGIS structures layer omits polygon/way substations","sourceLicense":"ODbL 1.0","osmTimestamp":"2026-02-24T12:29:56Z"},"geometry":{"type":"Point","coordinates":[-7.814523562887858,39.56687595]}},{"type":"Feature","properties":{"assetId":"PT-substation-way-504665057","countryCode":"PT","assetType":"substation","powerType":"substation","osmType":"way","osmId":"504665057","actualVoltagesKv":[15,60],"actualVoltageKv":60,"gridClass":"154","displayClass":"154 kV sınıfı","name":"Subestação de Évora","ref":"0705S5042000","operator":"E-REDES","from":null,"to":null,"displayLabel":"Subestação de Évora","labelSource":"osm-name","voltageRaw":"60000;15000","circuits":null,"cables":null,"frequency":null,"location":null,"sourceProvider":"OpenStreetMap Overpass API","sourceFallback":"ArcGIS structures layer omits polygon/way substations","sourceLicense":"ODbL 1.0","osmTimestamp":"2026-02-24T12:29:56Z"},"geometry":{"type":"Point","coordinates":[-7.906237433028901,38.57661025]}},{"type":"Feature","properties":{"assetId":"PT-substation-way-505156436","countryCode":"PT","assetType":"substation","powerType":"substation","osmType":"way","osmId":"505156436","actualVoltagesKv":[30,60],"actualVoltageKv":60,"gridClass":"154","displayClass":"154 kV sınıfı","name":"Subestação Almourol","ref":"1420S5664400","operator":"E-REDES","from":null,"to":null,"displayLabel":"Subestação Almourol","labelSource":"osm-name","voltageRaw":"60000;30000","circuits":null,"cables":null,"frequency":"50","location":"outdoor","sourceProvider":"OpenStreetMap Overpass API","sourceFallback":"ArcGIS structures layer omits polygon/way substations","sourceLicense":"ODbL 1.0","osmTimestamp":"2026-02-24T12:29:56Z"},"geometry":{"type":"Point","coordinates":[-8.3849546,39.4650321]}},{"type":"Feature","properties":{"assetId":"PT-substation-way-505679690","countryCode":"PT","assetType":"substation","powerType":"substation","osmType":"way","osmId":"505679690","actualVoltagesKv":[60],"actualVoltageKv":60,"gridClass":"154","displayClass":"154 kV sınıfı","name":"Subestação da Central Fotovoltaica de Ferreira do Alentejo","ref":null,"operator":"Capwatt","from":null,"to":null,"displayLabel":"Subestação da Central Fotovoltaica de Ferreira do Alentejo","labelSource":"osm-name","voltageRaw":"60000","circuits":null,"cables":null,"frequency":null,"location":"outdoor","sourceProvider":"OpenStreetMap Overpass API","sourceFallback":"ArcGIS structures layer omits polygon/way substations","sourceLicense":"ODbL 1.0","osmTimestamp":"2026-04-13T18:51:23Z"},"geometry":{"type":"Point","coordinates":[-8.129762961994363,38.05376965]}},{"type":"Feature","properties":{"assetId":"PT-substation-way-508300999","countryCode":"PT","assetType":"substation","powerType":"substation","osmType":"way","osmId":"508300999","actualVoltagesKv":[30,60],"actualVoltageKv":60,"gridClass":"154","displayClass":"154 kV sınıfı","name":"Subestação Amareleja","ref":"0210S5050700","operator":"E-REDES","from":null,"to":null,"displayLabel":"Subestação Amareleja","labelSource":"osm-name","voltageRaw":"60000;30000","circuits":null,"cables":null,"frequency":null,"location":null,"sourceProvider":"OpenStreetMap Overpass API","sourceFallback":"ArcGIS structures layer omits polygon/way substations","sourceLicense":"ODbL 1.0","osmTimestamp":"2025-06-14T12:52:41Z"},"geometry":{"type":"Point","coordinates":[-7.2256618658191645,38.21448455]}},{"type":"Feature","properties":{"assetId":"PT-substation-way-511846806","countryCode":"PT","assetType":"substation","powerType":"substation","osmType":"way","osmId":"511846806","actualVoltagesKv":[15,60],"actualVoltageKv":60,"gridClass":"154","displayClass":"154 kV sınıfı","name":"Subestação de Mortágua","ref":"1808S5009500","operator":"E-REDES","from":null,"to":null,"displayLabel":"Subestação de Mortágua","labelSource":"osm-name","voltageRaw":"60000;15000","circuits":null,"cables":null,"frequency":null,"location":null,"sourceProvider":"OpenStreetMap Overpass API","sourceFallback":"ArcGIS structures layer omits polygon/way substations","sourceLicense":"ODbL 1.0","osmTimestamp":"2026-02-24T12:29:56Z"},"geometry":{"type":"Point","coordinates":[-8.223433680892049,40.4027301]}},{"type":"Feature","properties":{"assetId":"PT-substation-way-515560617","countryCode":"PT","assetType":"substation","powerType":"substation","osmType":"way","osmId":"515560617","actualVoltagesKv":[15,60],"actualVoltageKv":60,"gridClass":"154","displayClass":"154 kV sınıfı","name":"Subestação de São Bartolomeu de Messines","ref":"0813S5061900","operator":"E-REDES","from":null,"to":null,"displayLabel":"Subestação de São Bartolomeu de Messines","labelSource":"osm-name","voltageRaw":"60000;15000","circuits":null,"cables":null,"frequency":null,"location":null,"sourceProvider":"OpenStreetMap Overpass API","sourceFallback":"ArcGIS structures layer omits polygon/way substations","sourceLicense":"ODbL 1.0","osmTimestamp":"2026-02-24T12:29:56Z"},"geometry":{"type":"Point","coordinates":[-8.259325503742048,37.256133750000004]}},{"type":"Feature","properties":{"assetId":"PT-substation-way-524021397","countryCode":"PT","assetType":"substation","powerType":"substation","osmType":"way","osmId":"524021397","actualVoltagesKv":[15,30,60],"actualVoltageKv":60,"gridClass":"154","displayClass":"154 kV sınıfı","name":"Subestação de Santo Onofre","ref":"1006S5005000","operator":"E-REDES","from":null,"to":null,"displayLabel":"Subestação de Santo Onofre","labelSource":"osm-name","voltageRaw":"60000;30000;15000","circuits":null,"cables":null,"frequency":null,"location":null,"sourceProvider":"OpenStreetMap Overpass API","sourceFallback":"ArcGIS structures layer omits polygon/way substations","sourceLicense":"ODbL 1.0","osmTimestamp":"2026-02-24T12:29:56Z"},"geometry":{"type":"Point","coordinates":[-9.158099891401669,39.4172362]}},{"type":"Feature","properties":{"assetId":"PT-substation-way-539470509","countryCode":"PT","assetType":"substation","powerType":"substation","osmType":"way","osmId":"539470509","actualVoltagesKv":[220],"actualVoltageKv":220,"gridClass":"154","displayClass":"154 kV sınıfı","name":"Posto de Transição de Valongo","ref":"PTVLG","operator":"REN","from":null,"to":null,"displayLabel":"Posto de Transição de Valongo","labelSource":"osm-name","voltageRaw":"220000","circuits":null,"cables":null,"frequency":null,"location":null,"sourceProvider":"OpenStreetMap Overpass API","sourceFallback":"ArcGIS structures layer omits polygon/way substations","sourceLicense":"ODbL 1.0","osmTimestamp":"2024-11-18T11:33:37Z"},"geometry":{"type":"Point","coordinates":[-8.528282944770027,41.211472650000005]}},{"type":"Feature","properties":{"assetId":"PT-substation-way-541015627","countryCode":"PT","assetType":"substation","powerType":"substation","osmType":"way","osmId":"541015627","actualVoltagesKv":[15,60],"actualVoltageKv":60,"gridClass":"154","displayClass":"154 kV sınıfı","name":"Subestação de Cachopo","ref":"0814S5060300","operator":"E-REDES","from":null,"to":null,"displayLabel":"Subestação de Cachopo","labelSource":"osm-name","voltageRaw":"60000;15000","circuits":null,"cables":null,"frequency":null,"location":null,"sourceProvider":"OpenStreetMap Overpass API","sourceFallback":"ArcGIS structures layer omits polygon/way substations","sourceLicense":"ODbL 1.0","osmTimestamp":"2026-02-24T12:29:56Z"},"geometry":{"type":"Point","coordinates":[-7.819878369246168,37.3567027]}},{"type":"Feature","properties":{"assetId":"PT-substation-way-541036600","countryCode":"PT","assetType":"substation","powerType":"substation","osmType":"way","osmId":"541036600","actualVoltagesKv":[60,150],"actualVoltageKv":150,"gridClass":"154","displayClass":"154 kV sınıfı","name":"Subestação de Fafe","ref":"SFAF","operator":"REN","from":null,"to":null,"displayLabel":"Subestação de Fafe","labelSource":"osm-name","voltageRaw":"150000;60000","circuits":null,"cables":null,"frequency":null,"location":"outdoor","sourceProvider":"OpenStreetMap Overpass API","sourceFallback":"ArcGIS structures layer omits polygon/way substations","sourceLicense":"ODbL 1.0","osmTimestamp":"2024-02-29T22:25:57Z"},"geometry":{"type":"Point","coordinates":[-8.202359073114353,41.425294300000004]}},{"type":"Feature","properties":{"assetId":"PT-substation-way-542145772","countryCode":"PT","assetType":"substation","powerType":"substation","osmType":"way","osmId":"542145772","actualVoltagesKv":[60,400],"actualVoltageKv":400,"gridClass":"400","displayClass":"400 kV sınıfı","name":"Subestação do Sub-parque Eólico de Moimenta","ref":null,"operator":"Finerge","from":null,"to":null,"displayLabel":"Subestação do Sub-parque Eólico de Moimenta","labelSource":"osm-name","voltageRaw":"400000;60000","circuits":null,"cables":null,"frequency":null,"location":"outdoor","sourceProvider":"OpenStreetMap Overpass API","sourceFallback":"ArcGIS structures layer omits polygon/way substations","sourceLicense":"ODbL 1.0","osmTimestamp":"2025-10-25T20:45:07Z"},"geometry":{"type":"Point","coordinates":[-7.688815691191076,40.973744749999994]}},{"type":"Feature","properties":{"assetId":"PT-substation-way-544250916","countryCode":"PT","assetType":"substation","powerType":"substation","osmType":"way","osmId":"544250916","actualVoltagesKv":[30,60],"actualVoltageKv":60,"gridClass":"154","displayClass":"154 kV sınıfı","name":"Subestação de Ponte de Sor","ref":"1213S5566900","operator":"E-REDES","from":null,"to":null,"displayLabel":"Subestação de Ponte de Sor","labelSource":"osm-name","voltageRaw":"60000;30000","circuits":null,"cables":null,"frequency":null,"location":"outdoor","sourceProvider":"OpenStreetMap Overpass API","sourceFallback":"ArcGIS structures layer omits polygon/way substations","sourceLicense":"ODbL 1.0","osmTimestamp":"2026-02-24T12:29:56Z"},"geometry":{"type":"Point","coordinates":[-8.000538026804508,39.234474899999995]}},{"type":"Feature","properties":{"assetId":"PT-substation-way-545039801","countryCode":"PT","assetType":"substation","powerType":"substation","osmType":"way","osmId":"545039801","actualVoltagesKv":[15,60],"actualVoltageKv":60,"gridClass":"154","displayClass":"154 kV sınıfı","name":"Subestação do Campo 24 de Agosto","ref":"1312S5013800","operator":"E-REDES","from":null,"to":null,"displayLabel":"Subestação do Campo 24 de Agosto","labelSource":"osm-name","voltageRaw":"60000;15000","circuits":null,"cables":null,"frequency":"50","location":"outdoor","sourceProvider":"OpenStreetMap Overpass API","sourceFallback":"ArcGIS structures layer omits polygon/way substations","sourceLicense":"ODbL 1.0","osmTimestamp":"2023-11-29T14:09:11Z"},"geometry":{"type":"Point","coordinates":[-8.597408907521736,41.14987525]}},{"type":"Feature","properties":{"assetId":"PT-substation-way-558134378","countryCode":"PT","assetType":"substation","powerType":"substation","osmType":"way","osmId":"558134378","actualVoltagesKv":[10,60],"actualVoltageKv":60,"gridClass":"154","displayClass":"154 kV sınıfı","name":"Subestação de Rio de Mouro","ref":"1111S5850000","operator":"E-REDES","from":null,"to":null,"displayLabel":"Subestação de Rio de Mouro","labelSource":"osm-name","voltageRaw":"60000;10000","circuits":null,"cables":null,"frequency":null,"location":null,"sourceProvider":"OpenStreetMap Overpass API","sourceFallback":"ArcGIS structures layer omits polygon/way substations","sourceLicense":"ODbL 1.0","osmTimestamp":"2025-06-28T12:53:56Z"},"geometry":{"type":"Point","coordinates":[-9.323747141115273,38.77865305]}},{"type":"Feature","properties":{"assetId":"PT-substation-way-558547443","countryCode":"PT","assetType":"substation","powerType":"substation","osmType":"way","osmId":"558547443","actualVoltagesKv":[10,60],"actualVoltageKv":60,"gridClass":"154","displayClass":"154 kV sınıfı","name":"Subestação de Queluz","ref":"1111S5377000","operator":"E-REDES","from":null,"to":null,"displayLabel":"Subestação de Queluz","labelSource":"osm-name","voltageRaw":"60000;10000","circuits":null,"cables":null,"frequency":null,"location":null,"sourceProvider":"OpenStreetMap Overpass API","sourceFallback":"ArcGIS structures layer omits polygon/way substations","sourceLicense":"ODbL 1.0","osmTimestamp":"2026-02-24T12:29:56Z"},"geometry":{"type":"Point","coordinates":[-9.256305944501552,38.75572835]}},{"type":"Feature","properties":{"assetId":"PT-substation-way-569063827","countryCode":"PT","assetType":"substation","powerType":"substation","osmType":"way","osmId":"569063827","actualVoltagesKv":[15,60],"actualVoltageKv":60,"gridClass":"154","displayClass":"154 kV sınıfı","name":"Subestação da Conceição","ref":"0814S5413300","operator":"E-REDES","from":null,"to":null,"displayLabel":"Subestação da Conceição","labelSource":"osm-name","voltageRaw":"60000;15000","circuits":null,"cables":null,"frequency":"50","location":"outdoor","sourceProvider":"OpenStreetMap Overpass API","sourceFallback":"ArcGIS structures layer omits polygon/way substations","sourceLicense":"ODbL 1.0","osmTimestamp":"2026-02-24T12:29:56Z"},"geometry":{"type":"Point","coordinates":[-7.572432195682794,37.1860054]}},{"type":"Feature","properties":{"assetId":"PT-substation-way-585674702","countryCode":"PT","assetType":"substation","powerType":"substation","osmType":"way","osmId":"585674702","actualVoltagesKv":[30,60],"actualVoltageKv":60,"gridClass":"154","displayClass":"154 kV sınıfı","name":"Subestação do Sub-parque Eólico de Alvelos","ref":null,"operator":"Generventos do Pinhal Interior - Energias Renováveis, S. A.","from":null,"to":null,"displayLabel":"Subestação do Sub-parque Eólico de Alvelos","labelSource":"osm-name","voltageRaw":"60000;30000","circuits":null,"cables":null,"frequency":null,"location":null,"sourceProvider":"OpenStreetMap Overpass API","sourceFallback":"ArcGIS structures layer omits polygon/way substations","sourceLicense":"ODbL 1.0","osmTimestamp":"2026-03-31T19:03:25Z"},"geometry":{"type":"Point","coordinates":[-7.9629273000000005,39.939253]}},{"type":"Feature","properties":{"assetId":"PT-substation-way-585674792","countryCode":"PT","assetType":"substation","powerType":"substation","osmType":"way","osmId":"585674792","actualVoltagesKv":[15,60],"actualVoltageKv":60,"gridClass":"154","displayClass":"154 kV sınıfı","name":"Subestação da Sertã","ref":"0509S5003300","operator":"E-REDES","from":null,"to":null,"displayLabel":"Subestação da Sertã","labelSource":"osm-name","voltageRaw":"60000;15000","circuits":null,"cables":null,"frequency":null,"location":null,"sourceProvider":"OpenStreetMap Overpass API","sourceFallback":"ArcGIS structures layer omits polygon/way substations","sourceLicense":"ODbL 1.0","osmTimestamp":"2026-02-24T12:29:56Z"},"geometry":{"type":"Point","coordinates":[-8.090875272826217,39.801360849999995]}},{"type":"Feature","properties":{"assetId":"PT-substation-way-594722036","countryCode":"PT","assetType":"substation","powerType":"substation","osmType":"way","osmId":"594722036","actualVoltagesKv":[30,60],"actualVoltageKv":60,"gridClass":"154","displayClass":"154 kV sınıfı","name":"Subestação Mexeeiro","ref":"1415S5840100","operator":"E-REDES","from":null,"to":null,"displayLabel":"Subestação Mexeeiro","labelSource":"osm-name","voltageRaw":"60000;30000","circuits":null,"cables":null,"frequency":null,"location":"outdoor","sourceProvider":"OpenStreetMap Overpass API","sourceFallback":"ArcGIS structures layer omits polygon/way substations","sourceLicense":"ODbL 1.0","osmTimestamp":"2026-02-24T12:29:56Z"},"geometry":{"type":"Point","coordinates":[-8.765514736444537,39.02596145]}},{"type":"Feature","properties":{"assetId":"PT-substation-way-608434480","countryCode":"PT","assetType":"substation","powerType":"substation","osmType":"way","osmId":"608434480","actualVoltagesKv":[60],"actualVoltageKv":60,"gridClass":"154","displayClass":"154 kV sınıfı","name":"Subestação do Parque Eólico de Videmonte","ref":null,"operator":"Engie","from":null,"to":null,"displayLabel":"Subestação do Parque Eólico de Videmonte","labelSource":"osm-name","voltageRaw":"60000","circuits":null,"cables":null,"frequency":null,"location":null,"sourceProvider":"OpenStreetMap Overpass API","sourceFallback":"ArcGIS structures layer omits polygon/way substations","sourceLicense":"ODbL 1.0","osmTimestamp":"2026-04-14T21:36:36Z"},"geometry":{"type":"Point","coordinates":[-7.3903344902006936,40.594049049999995]}},{"type":"Feature","properties":{"assetId":"PT-substation-way-608915366","countryCode":"PT","assetType":"substation","powerType":"substation","osmType":"way","osmId":"608915366","actualVoltagesKv":[60],"actualVoltageKv":60,"gridClass":"154","displayClass":"154 kV sınıfı","name":"Subestação do Parque Eólico de Prados","ref":null,"operator":"Engie","from":null,"to":null,"displayLabel":"Subestação do Parque Eólico de Prados","labelSource":"osm-name","voltageRaw":"60000","circuits":null,"cables":null,"frequency":null,"location":"outdoor","sourceProvider":"OpenStreetMap Overpass API","sourceFallback":"ArcGIS structures layer omits polygon/way substations","sourceLicense":"ODbL 1.0","osmTimestamp":"2026-04-14T21:36:36Z"},"geometry":{"type":"Point","coordinates":[-7.367067800769271,40.5468384]}},{"type":"Feature","properties":{"assetId":"PT-substation-way-609529020","countryCode":"PT","assetType":"substation","powerType":"substation","osmType":"way","osmId":"609529020","actualVoltagesKv":[15,60],"actualVoltageKv":60,"gridClass":"154","displayClass":"154 kV sınıfı","name":"Subestação de Gouveia","ref":"0906S5008600","operator":"E-REDES","from":null,"to":null,"displayLabel":"Subestação de Gouveia","labelSource":"osm-name","voltageRaw":"60000;15000","circuits":null,"cables":null,"frequency":null,"location":null,"sourceProvider":"OpenStreetMap Overpass API","sourceFallback":"ArcGIS structures layer omits polygon/way substations","sourceLicense":"ODbL 1.0","osmTimestamp":"2026-02-24T12:29:56Z"},"geometry":{"type":"Point","coordinates":[-7.601968649999998,40.496315949999996]}},{"type":"Feature","properties":{"assetId":"PT-substation-way-609589110","countryCode":"PT","assetType":"substation","powerType":"substation","osmType":"way","osmId":"609589110","actualVoltagesKv":[60],"actualVoltageKv":60,"gridClass":"154","displayClass":"154 kV sınıfı","name":"Posto de Seccionamento do Sado","ref":null,"operator":"E-REDES","from":null,"to":null,"displayLabel":"Posto de Seccionamento do Sado","labelSource":"osm-name","voltageRaw":"60000","circuits":null,"cables":null,"frequency":null,"location":null,"sourceProvider":"OpenStreetMap Overpass API","sourceFallback":"ArcGIS structures layer omits polygon/way substations","sourceLicense":"ODbL 1.0","osmTimestamp":"2026-02-24T12:29:56Z"},"geometry":{"type":"Point","coordinates":[-8.83269998654232,38.508711000000005]}},{"type":"Feature","properties":{"assetId":"PT-substation-way-617179450","countryCode":"PT","assetType":"substation","powerType":"substation","osmType":"way","osmId":"617179450","actualVoltagesKv":[15,60],"actualVoltageKv":60,"gridClass":"154","displayClass":"154 kV sınıfı","name":"Subestação de Taveiro","ref":"0603S5006100","operator":"E-REDES","from":null,"to":null,"displayLabel":"Subestação de Taveiro","labelSource":"osm-name","voltageRaw":"60000;15000","circuits":null,"cables":null,"frequency":null,"location":null,"sourceProvider":"OpenStreetMap Overpass API","sourceFallback":"ArcGIS structures layer omits polygon/way substations","sourceLicense":"ODbL 1.0","osmTimestamp":"2026-02-24T12:29:56Z"},"geometry":{"type":"Point","coordinates":[-8.508363283448425,40.1969393]}},{"type":"Feature","properties":{"assetId":"PT-substation-way-618228916","countryCode":"PT","assetType":"substation","powerType":"substation","osmType":"way","osmId":"618228916","actualVoltagesKv":[60],"actualVoltageKv":60,"gridClass":"154","displayClass":"154 kV sınıfı","name":"Subestação do Parque Eólico de Teixeiró / Sedielos","ref":null,"operator":"GESFINU","from":null,"to":null,"displayLabel":"Subestação do Parque Eólico de Teixeiró / Sedielos","labelSource":"osm-name","voltageRaw":"60000","circuits":null,"cables":null,"frequency":null,"location":"outdoor","sourceProvider":"OpenStreetMap Overpass API","sourceFallback":"ArcGIS structures layer omits polygon/way substations","sourceLicense":"ODbL 1.0","osmTimestamp":"2026-04-01T21:37:41Z"},"geometry":{"type":"Point","coordinates":[-7.8903108500000005,41.20232035]}},{"type":"Feature","properties":{"assetId":"PT-substation-way-624144728","countryCode":"PT","assetType":"substation","powerType":"substation","osmType":"way","osmId":"624144728","actualVoltagesKv":[15,60],"actualVoltageKv":60,"gridClass":"154","displayClass":"154 kV sınıfı","name":"Subestação de Viseu","ref":"1823S5009600","operator":"E-REDES","from":null,"to":null,"displayLabel":"Subestação de Viseu","labelSource":"osm-name","voltageRaw":"60000;15000","circuits":null,"cables":null,"frequency":null,"location":null,"sourceProvider":"OpenStreetMap Overpass API","sourceFallback":"ArcGIS structures layer omits polygon/way substations","sourceLicense":"ODbL 1.0","osmTimestamp":"2026-02-24T12:29:56Z"},"geometry":{"type":"Point","coordinates":[-7.919413445697765,40.64841895]}},{"type":"Feature","properties":{"assetId":"PT-substation-way-628902742","countryCode":"PT","assetType":"substation","powerType":"substation","osmType":"way","osmId":"628902742","actualVoltagesKv":[6,30,60],"actualVoltageKv":60,"gridClass":"154","displayClass":"154 kV sınıfı","name":"Subestação de Vale do Gaio","ref":"1501S5053900","operator":"E-REDES","from":null,"to":null,"displayLabel":"Subestação de Vale do Gaio","labelSource":"osm-name","voltageRaw":"60000;30000;6000","circuits":null,"cables":null,"frequency":null,"location":"outdoor","sourceProvider":"OpenStreetMap Overpass API","sourceFallback":"ArcGIS structures layer omits polygon/way substations","sourceLicense":"ODbL 1.0","osmTimestamp":"2026-02-24T12:29:56Z"},"geometry":{"type":"Point","coordinates":[-8.315315616579177,38.26637315]}},{"type":"Feature","properties":{"assetId":"PT-substation-way-637956727","countryCode":"PT","assetType":"substation","powerType":"substation","osmType":"way","osmId":"637956727","actualVoltagesKv":[15,60],"actualVoltageKv":60,"gridClass":"154","displayClass":"154 kV sınıfı","name":"Subestação de Arouca","ref":"0104S5000900","operator":"E-REDES","from":null,"to":null,"displayLabel":"Subestação de Arouca","labelSource":"osm-name","voltageRaw":"60000;15000","circuits":null,"cables":null,"frequency":null,"location":"outdoor","sourceProvider":"OpenStreetMap Overpass API","sourceFallback":"ArcGIS structures layer omits polygon/way substations","sourceLicense":"ODbL 1.0","osmTimestamp":"2026-04-14T22:17:06Z"},"geometry":{"type":"Point","coordinates":[-8.278824200230778,40.92411645]}},{"type":"Feature","properties":{"assetId":"PT-substation-way-638783056","countryCode":"PT","assetType":"substation","powerType":"substation","osmType":"way","osmId":"638783056","actualVoltagesKv":[60],"actualVoltageKv":60,"gridClass":"154","displayClass":"154 kV sınıfı","name":"Posto de Seccionamento Maxoqueira","ref":null,"operator":"E-REDES","from":null,"to":null,"displayLabel":"Posto de Seccionamento Maxoqueira","labelSource":"osm-name","voltageRaw":"60000","circuits":null,"cables":null,"frequency":null,"location":null,"sourceProvider":"OpenStreetMap Overpass API","sourceFallback":"ArcGIS structures layer omits polygon/way substations","sourceLicense":"ODbL 1.0","osmTimestamp":"2026-02-24T12:29:56Z"},"geometry":{"type":"Point","coordinates":[-8.774765850619016,38.9607075]}},{"type":"Feature","properties":{"assetId":"PT-substation-way-639858820","countryCode":"PT","assetType":"substation","powerType":"substation","osmType":"way","osmId":"639858820","actualVoltagesKv":[60],"actualVoltageKv":60,"gridClass":"154","displayClass":"154 kV sınıfı","name":"Posto de Corte de Paderne","ref":"0801P5906200","operator":"E-REDES","from":null,"to":null,"displayLabel":"Posto de Corte de Paderne","labelSource":"osm-name","voltageRaw":"60000","circuits":null,"cables":null,"frequency":null,"location":null,"sourceProvider":"OpenStreetMap Overpass API","sourceFallback":"ArcGIS structures layer omits polygon/way substations","sourceLicense":"ODbL 1.0","osmTimestamp":"2026-06-09T20:46:59Z"},"geometry":{"type":"Point","coordinates":[-8.21027530803467,37.148911350000006]}},{"type":"Feature","properties":{"assetId":"PT-substation-way-641202319","countryCode":"PT","assetType":"substation","powerType":"substation","osmType":"way","osmId":"641202319","actualVoltagesKv":[15,60],"actualVoltageKv":60,"gridClass":"154","displayClass":"154 kV sınıfı","name":"Subestação do Pinhal Novo","ref":"1508S5902400","operator":"E-REDES","from":null,"to":null,"displayLabel":"Subestação do Pinhal Novo","labelSource":"osm-name","voltageRaw":"60000;15000","circuits":null,"cables":null,"frequency":null,"location":null,"sourceProvider":"OpenStreetMap Overpass API","sourceFallback":"ArcGIS structures layer omits polygon/way substations","sourceLicense":"ODbL 1.0","osmTimestamp":"2026-02-24T12:29:56Z"},"geometry":{"type":"Point","coordinates":[-8.904037225,38.659395849999996]}},{"type":"Feature","properties":{"assetId":"PT-substation-way-648169311","countryCode":"PT","assetType":"substation","powerType":"substation","osmType":"way","osmId":"648169311","actualVoltagesKv":[15,400],"actualVoltageKv":400,"gridClass":"400","displayClass":"400 kV sınıfı","name":"Subestação da Central Hidroelétrica de Alqueva 2","ref":null,"operator":null,"from":null,"to":null,"displayLabel":"Subestação da Central Hidroelétrica de Alqueva 2","labelSource":"osm-name","voltageRaw":"400000;15000","circuits":null,"cables":null,"frequency":null,"location":"overground","sourceProvider":"OpenStreetMap Overpass API","sourceFallback":"ArcGIS structures layer omits polygon/way substations","sourceLicense":"ODbL 1.0","osmTimestamp":"2025-09-06T00:22:28Z"},"geometry":{"type":"Point","coordinates":[-7.497026978098241,38.193800249999995]}},{"type":"Feature","properties":{"assetId":"PT-substation-way-648592537","countryCode":"PT","assetType":"substation","powerType":"substation","osmType":"way","osmId":"648592537","actualVoltagesKv":[15,30,60],"actualVoltageKv":60,"gridClass":"154","displayClass":"154 kV sınıfı","name":"Subestação de Pegões","ref":"1507S5030900","operator":"E-REDES","from":null,"to":null,"displayLabel":"Subestação de Pegões","labelSource":"osm-name","voltageRaw":"60000;30000;15000","circuits":null,"cables":null,"frequency":null,"location":null,"sourceProvider":"OpenStreetMap Overpass API","sourceFallback":"ArcGIS structures layer omits polygon/way substations","sourceLicense":"ODbL 1.0","osmTimestamp":"2025-01-23T21:40:12Z"},"geometry":{"type":"Point","coordinates":[-8.613323590263803,38.68949945]}},{"type":"Feature","properties":{"assetId":"PT-substation-way-648593040","countryCode":"PT","assetType":"substation","powerType":"substation","osmType":"way","osmId":"648593040","actualVoltagesKv":[15,60],"actualVoltageKv":60,"gridClass":"154","displayClass":"154 kV sınıfı","name":"Subestação Terroa","ref":"1512S5031900","operator":"E-REDES","from":null,"to":null,"displayLabel":"Subestação Terroa","labelSource":"osm-name","voltageRaw":"60000;15000","circuits":null,"cables":null,"frequency":null,"location":null,"sourceProvider":"OpenStreetMap Overpass API","sourceFallback":"ArcGIS structures layer omits polygon/way substations","sourceLicense":"ODbL 1.0","osmTimestamp":"2025-06-14T23:11:44Z"},"geometry":{"type":"Point","coordinates":[-8.86140109900736,38.5234715]}},{"type":"Feature","properties":{"assetId":"PT-substation-way-648593041","countryCode":"PT","assetType":"substation","powerType":"substation","osmType":"way","osmId":"648593041","actualVoltagesKv":[15,30,60],"actualVoltageKv":60,"gridClass":"154","displayClass":"154 kV sınıfı","name":"Subestação de Carrascas","ref":"1508S5031800","operator":"E-REDES","from":null,"to":null,"displayLabel":"Subestação de Carrascas","labelSource":"osm-name","voltageRaw":"60000;30000;15000","circuits":null,"cables":null,"frequency":null,"location":null,"sourceProvider":"OpenStreetMap Overpass API","sourceFallback":"ArcGIS structures layer omits polygon/way substations","sourceLicense":"ODbL 1.0","osmTimestamp":"2026-02-24T12:29:56Z"},"geometry":{"type":"Point","coordinates":[-8.898954933696016,38.5956343]}},{"type":"Feature","properties":{"assetId":"PT-substation-way-648730419","countryCode":"PT","assetType":"substation","powerType":"substation","osmType":"way","osmId":"648730419","actualVoltagesKv":[15,30,60],"actualVoltageKv":60,"gridClass":"154","displayClass":"154 kV sınıfı","name":"Subestação de Reguengos de Monsaraz","ref":"0711S5042400","operator":"E-REDES","from":null,"to":null,"displayLabel":"Subestação de Reguengos de Monsaraz","labelSource":"osm-name","voltageRaw":"60000;30000;15000","circuits":null,"cables":null,"frequency":null,"location":"outdoor","sourceProvider":"OpenStreetMap Overpass API","sourceFallback":"ArcGIS structures layer omits polygon/way substations","sourceLicense":"ODbL 1.0","osmTimestamp":"2026-02-24T12:29:56Z"},"geometry":{"type":"Point","coordinates":[-7.530438355585773,38.445597649999996]}},{"type":"Feature","properties":{"assetId":"PT-substation-way-648891924","countryCode":"PT","assetType":"substation","powerType":"substation","osmType":"way","osmId":"648891924","actualVoltagesKv":[15,60],"actualVoltageKv":60,"gridClass":"154","displayClass":"154 kV sınıfı","name":"Subestação do Montijo","ref":"1507S5900600","operator":"E-REDES","from":null,"to":null,"displayLabel":"Subestação do Montijo","labelSource":"osm-name","voltageRaw":"60000;15000","circuits":null,"cables":null,"frequency":null,"location":null,"sourceProvider":"OpenStreetMap Overpass API","sourceFallback":"ArcGIS structures layer omits polygon/way substations","sourceLicense":"ODbL 1.0","osmTimestamp":"2026-02-24T12:29:56Z"},"geometry":{"type":"Point","coordinates":[-8.937633026570047,38.7031678]}},{"type":"Feature","properties":{"assetId":"PT-substation-way-648891926","countryCode":"PT","assetType":"substation","powerType":"substation","osmType":"way","osmId":"648891926","actualVoltagesKv":[15,30,60],"actualVoltageKv":60,"gridClass":"154","displayClass":"154 kV sınıfı","name":"Subestação de São Francisco","ref":"1502S5030600","operator":"E-REDES","from":null,"to":null,"displayLabel":"Subestação de São Francisco","labelSource":"osm-name","voltageRaw":"60000;30000;15000","circuits":null,"cables":null,"frequency":null,"location":null,"sourceProvider":"OpenStreetMap Overpass API","sourceFallback":"ArcGIS structures layer omits polygon/way substations","sourceLicense":"ODbL 1.0","osmTimestamp":"2026-02-24T12:29:56Z"},"geometry":{"type":"Point","coordinates":[-8.972198167277826,38.72695815]}},{"type":"Feature","properties":{"assetId":"PT-substation-way-650268765","countryCode":"PT","assetType":"substation","powerType":"substation","osmType":"way","osmId":"650268765","actualVoltagesKv":[15,60],"actualVoltageKv":60,"gridClass":"154","displayClass":"154 kV sınıfı","name":"Subestação de Borba","ref":"0703S5040900","operator":"E-REDES","from":null,"to":null,"displayLabel":"Subestação de Borba","labelSource":"osm-name","voltageRaw":"60000;15000","circuits":null,"cables":null,"frequency":null,"location":null,"sourceProvider":"OpenStreetMap Overpass API","sourceFallback":"ArcGIS structures layer omits polygon/way substations","sourceLicense":"ODbL 1.0","osmTimestamp":"2026-02-24T12:29:56Z"},"geometry":{"type":"Point","coordinates":[-7.466763225936862,38.79258595]}},{"type":"Feature","properties":{"assetId":"PT-substation-way-650268769","countryCode":"PT","assetType":"substation","powerType":"substation","osmType":"way","osmId":"650268769","actualVoltagesKv":[15,60],"actualVoltageKv":60,"gridClass":"154","displayClass":"154 kV sınıfı","name":"Subestação de Vila Viçosa","ref":"0714S5042700","operator":"E-REDES","from":null,"to":null,"displayLabel":"Subestação de Vila Viçosa","labelSource":"osm-name","voltageRaw":"60000;15000","circuits":null,"cables":null,"frequency":null,"location":null,"sourceProvider":"OpenStreetMap Overpass API","sourceFallback":"ArcGIS structures layer omits polygon/way substations","sourceLicense":"ODbL 1.0","osmTimestamp":"2026-02-24T12:29:56Z"},"geometry":{"type":"Point","coordinates":[-7.426051084505579,38.77185255]}},{"type":"Feature","properties":{"assetId":"PT-substation-way-652340990","countryCode":"PT","assetType":"substation","powerType":"substation","osmType":"way","osmId":"652340990","actualVoltagesKv":[15,30,60],"actualVoltageKv":60,"gridClass":"154","displayClass":"154 kV sınıfı","name":"Subestação de Beja","ref":"0205S5050100","operator":"E-REDES","from":null,"to":null,"displayLabel":"Subestação de Beja","labelSource":"osm-name","voltageRaw":"60000;30000;15000","circuits":null,"cables":null,"frequency":"50","location":"outdoor","sourceProvider":"OpenStreetMap Overpass API","sourceFallback":"ArcGIS structures layer omits polygon/way substations","sourceLicense":"ODbL 1.0","osmTimestamp":"2026-02-24T12:29:56Z"},"geometry":{"type":"Point","coordinates":[-7.872798680156091,38.01150235]}},{"type":"Feature","properties":{"assetId":"PT-substation-way-653799772","countryCode":"PT","assetType":"substation","powerType":"substation","osmType":"way","osmId":"653799772","actualVoltagesKv":[15,60],"actualVoltageKv":60,"gridClass":"154","displayClass":"154 kV sınıfı","name":"Subestação do Cartaxo Norte","ref":"1406S5900900","operator":"E-REDES","from":null,"to":null,"displayLabel":"Subestação do Cartaxo Norte","labelSource":"osm-name","voltageRaw":"60000;15000","circuits":null,"cables":null,"frequency":null,"location":null,"sourceProvider":"OpenStreetMap Overpass API","sourceFallback":"ArcGIS structures layer omits polygon/way substations","sourceLicense":"ODbL 1.0","osmTimestamp":"2026-02-24T12:29:56Z"},"geometry":{"type":"Point","coordinates":[-8.802176500000002,39.18062175]}},{"type":"Feature","properties":{"assetId":"PT-substation-way-655479893","countryCode":"PT","assetType":"substation","powerType":"substation","osmType":"way","osmId":"655479893","actualVoltagesKv":[30,60],"actualVoltageKv":60,"gridClass":"154","displayClass":"154 kV sınıfı","name":"Subestação Glória","ref":"1415S5636100","operator":"E-REDES","from":null,"to":null,"displayLabel":"Subestação Glória","labelSource":"osm-name","voltageRaw":"60000;30000","circuits":null,"cables":null,"frequency":null,"location":"outdoor","sourceProvider":"OpenStreetMap Overpass API","sourceFallback":"ArcGIS structures layer omits polygon/way substations","sourceLicense":"ODbL 1.0","osmTimestamp":"2026-02-24T12:29:56Z"},"geometry":{"type":"Point","coordinates":[-8.662469565152467,39.03968225]}},{"type":"Feature","properties":{"assetId":"PT-substation-way-656338584","countryCode":"PT","assetType":"substation","powerType":"substation","osmType":"way","osmId":"656338584","actualVoltagesKv":[30,60],"actualVoltageKv":60,"gridClass":"154","displayClass":"154 kV sınıfı","name":"Subestação de Viana do Alentejo","ref":"0713S5900400","operator":"E-REDES","from":null,"to":null,"displayLabel":"Subestação de Viana do Alentejo","labelSource":"osm-name","voltageRaw":"60000;30000","circuits":null,"cables":null,"frequency":null,"location":null,"sourceProvider":"OpenStreetMap Overpass API","sourceFallback":"ArcGIS structures layer omits polygon/way substations","sourceLicense":"ODbL 1.0","osmTimestamp":"2026-04-13T19:26:43Z"},"geometry":{"type":"Point","coordinates":[-7.97712641642106,38.33004645]}},{"type":"Feature","properties":{"assetId":"PT-substation-way-656602009","countryCode":"PT","assetType":"substation","powerType":"substation","osmType":"way","osmId":"656602009","actualVoltagesKv":[15,30,60],"actualVoltageKv":60,"gridClass":"154","displayClass":"154 kV sınıfı","name":"Subestação de Vila Nova de Milfontes","ref":"0211S5053400","operator":"E-REDES","from":null,"to":null,"displayLabel":"Subestação de Vila Nova de Milfontes","labelSource":"osm-name","voltageRaw":"60000;30000;15000","circuits":null,"cables":null,"frequency":null,"location":null,"sourceProvider":"OpenStreetMap Overpass API","sourceFallback":"ArcGIS structures layer omits polygon/way substations","sourceLicense":"ODbL 1.0","osmTimestamp":"2026-02-24T12:29:56Z"},"geometry":{"type":"Point","coordinates":[-8.766177064374311,37.7355595]}},{"type":"Feature","properties":{"assetId":"PT-substation-way-657029405","countryCode":"PT","assetType":"substation","powerType":"substation","osmType":"way","osmId":"657029405","actualVoltagesKv":[30,60],"actualVoltageKv":60,"gridClass":"154","displayClass":"154 kV sınıfı","name":"Subestação da Senhora da Graça","ref":"0505S5006800","operator":"E-REDES","from":null,"to":null,"displayLabel":"Subestação da Senhora da Graça","labelSource":"osm-name","voltageRaw":"60000;30000","circuits":null,"cables":null,"frequency":"50","location":"outdoor","sourceProvider":"OpenStreetMap Overpass API","sourceFallback":"ArcGIS structures layer omits polygon/way substations","sourceLicense":"ODbL 1.0","osmTimestamp":"2026-02-24T12:29:56Z"},"geometry":{"type":"Point","coordinates":[-7.225588913976564,39.9125693]}},{"type":"Feature","properties":{"assetId":"PT-substation-way-657448391","countryCode":"PT","assetType":"substation","powerType":"substation","osmType":"way","osmId":"657448391","actualVoltagesKv":[15,60],"actualVoltageKv":60,"gridClass":"154","displayClass":"154 kV sınıfı","name":"Subestação da Lapa","ref":"1312S5012600","operator":"E-REDES","from":null,"to":null,"displayLabel":"Subestação da Lapa","labelSource":"osm-name","voltageRaw":"60000;15000","circuits":null,"cables":null,"frequency":"50","location":"indoor","sourceProvider":"OpenStreetMap Overpass API","sourceFallback":"ArcGIS structures layer omits polygon/way substations","sourceLicense":"ODbL 1.0","osmTimestamp":"2023-11-29T14:09:11Z"},"geometry":{"type":"Point","coordinates":[-8.612589515488413,41.16014335]}},{"type":"Feature","properties":{"assetId":"PT-substation-way-662757427","countryCode":"PT","assetType":"substation","powerType":"substation","osmType":"way","osmId":"662757427","actualVoltagesKv":[15,30,60],"actualVoltageKv":60,"gridClass":"154","displayClass":"154 kV sınıfı","name":"Subestação de São Bento","ref":"1416S5902600","operator":"E-REDES","from":null,"to":null,"displayLabel":"Subestação de São Bento","labelSource":"osm-name","voltageRaw":"60000;30000;15000","circuits":null,"cables":null,"frequency":null,"location":null,"sourceProvider":"OpenStreetMap Overpass API","sourceFallback":"ArcGIS structures layer omits polygon/way substations","sourceLicense":"ODbL 1.0","osmTimestamp":"2026-02-24T12:29:56Z"},"geometry":{"type":"Point","coordinates":[-8.686214434161311,39.24665535]}},{"type":"Feature","properties":{"assetId":"PT-substation-way-663634334","countryCode":"PT","assetType":"substation","powerType":"substation","osmType":"way","osmId":"663634334","actualVoltagesKv":[15,30,60],"actualVoltageKv":60,"gridClass":"154","displayClass":"154 kV sınıfı","name":"Subestação de Serpa","ref":"0213S5050300","operator":"E-REDES","from":null,"to":null,"displayLabel":"Subestação de Serpa","labelSource":"osm-name","voltageRaw":"60000;30000;15000","circuits":null,"cables":null,"frequency":null,"location":null,"sourceProvider":"OpenStreetMap Overpass API","sourceFallback":"ArcGIS structures layer omits polygon/way substations","sourceLicense":"ODbL 1.0","osmTimestamp":"2026-02-24T12:29:56Z"},"geometry":{"type":"Point","coordinates":[-7.598423598713886,37.9502495]}},{"type":"Feature","properties":{"assetId":"PT-substation-way-673000899","countryCode":"PT","assetType":"substation","powerType":"substation","osmType":"way","osmId":"673000899","actualVoltagesKv":[15,60],"actualVoltageKv":60,"gridClass":"154","displayClass":"154 kV sınıfı","name":"Subestação de Inha","ref":"0109S5007900","operator":"E-REDES","from":null,"to":null,"displayLabel":"Subestação de Inha","labelSource":"osm-name","voltageRaw":"60000;15000","circuits":null,"cables":null,"frequency":"50","location":"outdoor","sourceProvider":"OpenStreetMap Overpass API","sourceFallback":"ArcGIS structures layer omits polygon/way substations","sourceLicense":"ODbL 1.0","osmTimestamp":"2026-02-24T12:29:56Z"},"geometry":{"type":"Point","coordinates":[-8.43589366048035,41.017273349999996]}},{"type":"Feature","properties":{"assetId":"PT-substation-way-682969680","countryCode":"PT","assetType":"substation","powerType":"substation","osmType":"way","osmId":"682969680","actualVoltagesKv":[60],"actualVoltageKv":60,"gridClass":"154","displayClass":"154 kV sınıfı","name":"Subestação Fortissue","ref":null,"operator":null,"from":null,"to":null,"displayLabel":"Subestação Fortissue","labelSource":"osm-name","voltageRaw":"60000","circuits":null,"cables":null,"frequency":null,"location":"outdoor","sourceProvider":"OpenStreetMap Overpass API","sourceFallback":"ArcGIS structures layer omits polygon/way substations","sourceLicense":"ODbL 1.0","osmTimestamp":"2026-04-13T15:20:31Z"},"geometry":{"type":"Point","coordinates":[-8.764112,41.63811245]}},{"type":"Feature","properties":{"assetId":"PT-substation-way-683300915","countryCode":"PT","assetType":"substation","powerType":"substation","osmType":"way","osmId":"683300915","actualVoltagesKv":[15,60],"actualVoltageKv":60,"gridClass":"154","displayClass":"154 kV sınıfı","name":"Subestação de Vila Nova de Gaia","ref":"1317S5002800","operator":"E-REDES","from":null,"to":null,"displayLabel":"Subestação de Vila Nova de Gaia","labelSource":"osm-name","voltageRaw":"60000;15000","circuits":null,"cables":null,"frequency":"50","location":null,"sourceProvider":"OpenStreetMap Overpass API","sourceFallback":"ArcGIS structures layer omits polygon/way substations","sourceLicense":"ODbL 1.0","osmTimestamp":"2026-04-05T17:13:52Z"},"geometry":{"type":"Point","coordinates":[-8.599130166115973,41.12014055]}},{"type":"Feature","properties":{"assetId":"PT-substation-way-684809088","countryCode":"PT","assetType":"substation","powerType":"substation","osmType":"way","osmId":"684809088","actualVoltagesKv":[15,60],"actualVoltageKv":60,"gridClass":"154","displayClass":"154 kV sınıfı","name":"Subestação de Celorico","ref":"0903S5008700","operator":"E-REDES","from":null,"to":null,"displayLabel":"Subestação de Celorico","labelSource":"osm-name","voltageRaw":"60000;15000","circuits":null,"cables":null,"frequency":null,"location":null,"sourceProvider":"OpenStreetMap Overpass API","sourceFallback":"ArcGIS structures layer omits polygon/way substations","sourceLicense":"ODbL 1.0","osmTimestamp":"2026-02-24T12:29:56Z"},"geometry":{"type":"Point","coordinates":[-7.388805830940685,40.643063850000004]}},{"type":"Feature","properties":{"assetId":"PT-substation-way-686659398","countryCode":"PT","assetType":"substation","powerType":"substation","osmType":"way","osmId":"686659398","actualVoltagesKv":[15,60],"actualVoltageKv":60,"gridClass":"154","displayClass":"154 kV sınıfı","name":"Subestação de Aveiro","ref":"0105S5001500","operator":"E-REDES","from":null,"to":null,"displayLabel":"Subestação de Aveiro","labelSource":"osm-name","voltageRaw":"60000;15000","circuits":null,"cables":null,"frequency":null,"location":null,"sourceProvider":"OpenStreetMap Overpass API","sourceFallback":"ArcGIS structures layer omits polygon/way substations","sourceLicense":"ODbL 1.0","osmTimestamp":"2026-02-24T12:29:56Z"},"geometry":{"type":"Point","coordinates":[-8.643256279222994,40.63605405]}},{"type":"Feature","properties":{"assetId":"PT-substation-way-690916535","countryCode":"PT","assetType":"substation","powerType":"substation","osmType":"way","osmId":"690916535","actualVoltagesKv":[60],"actualVoltageKv":60,"gridClass":"154","displayClass":"154 kV sınıfı","name":"Subestação Petrogal","ref":null,"operator":"Petrogal","from":null,"to":null,"displayLabel":"Subestação Petrogal","labelSource":"osm-name","voltageRaw":"60000","circuits":null,"cables":null,"frequency":null,"location":null,"sourceProvider":"OpenStreetMap Overpass API","sourceFallback":"ArcGIS structures layer omits polygon/way substations","sourceLicense":"ODbL 1.0","osmTimestamp":"2025-07-21T22:39:02Z"},"geometry":{"type":"Point","coordinates":[-8.69877580930421,41.20560625]}},{"type":"Feature","properties":{"assetId":"PT-substation-way-690916554","countryCode":"PT","assetType":"substation","powerType":"substation","osmType":"way","osmId":"690916554","actualVoltagesKv":[15,60],"actualVoltageKv":60,"gridClass":"154","displayClass":"154 kV sınıfı","name":"Subestação de Santa Cruz do Bispo","ref":"1308S5005900","operator":"E-REDES","from":null,"to":null,"displayLabel":"Subestação de Santa Cruz do Bispo","labelSource":"osm-name","voltageRaw":"60000;15000","circuits":null,"cables":null,"frequency":null,"location":null,"sourceProvider":"OpenStreetMap Overpass API","sourceFallback":"ArcGIS structures layer omits polygon/way substations","sourceLicense":"ODbL 1.0","osmTimestamp":"2026-02-24T12:29:56Z"},"geometry":{"type":"Point","coordinates":[-8.677371546929809,41.21224525]}},{"type":"Feature","properties":{"assetId":"PT-substation-way-690953979","countryCode":"PT","assetType":"substation","powerType":"substation","osmType":"way","osmId":"690953979","actualVoltagesKv":[60,220],"actualVoltageKv":220,"gridClass":"154","displayClass":"154 kV sınıfı","name":"Subestação de Valpaços","ref":"SVPC","operator":"REN","from":null,"to":null,"displayLabel":"Subestação de Valpaços","labelSource":"osm-name","voltageRaw":"220000;60000","circuits":null,"cables":null,"frequency":null,"location":null,"sourceProvider":"OpenStreetMap Overpass API","sourceFallback":"ArcGIS structures layer omits polygon/way substations","sourceLicense":"ODbL 1.0","osmTimestamp":"2026-04-07T17:05:55Z"},"geometry":{"type":"Point","coordinates":[-7.40914346609517,41.67602785]}},{"type":"Feature","properties":{"assetId":"PT-substation-way-691310909","countryCode":"PT","assetType":"substation","powerType":"substation","osmType":"way","osmId":"691310909","actualVoltagesKv":[60],"actualVoltageKv":60,"gridClass":"154","displayClass":"154 kV sınıfı","name":"Subestação Solidal","ref":null,"operator":"Solidal","from":null,"to":null,"displayLabel":"Subestação Solidal","labelSource":"osm-name","voltageRaw":"60000","circuits":null,"cables":null,"frequency":"50","location":null,"sourceProvider":"OpenStreetMap Overpass API","sourceFallback":"ArcGIS structures layer omits polygon/way substations","sourceLicense":"ODbL 1.0","osmTimestamp":"2024-09-30T16:31:22Z"},"geometry":{"type":"Point","coordinates":[-8.772918373783604,41.526051100000004]}},{"type":"Feature","properties":{"assetId":"PT-substation-way-692490648","countryCode":"PT","assetType":"substation","powerType":"substation","osmType":"way","osmId":"692490648","actualVoltagesKv":[60],"actualVoltageKv":60,"gridClass":"154","displayClass":"154 kV sınıfı","name":"Subestação Lipor II","ref":null,"operator":"Lipor","from":null,"to":null,"displayLabel":"Subestação Lipor II","labelSource":"osm-name","voltageRaw":"60000","circuits":null,"cables":null,"frequency":null,"location":null,"sourceProvider":"OpenStreetMap Overpass API","sourceFallback":"ArcGIS structures layer omits polygon/way substations","sourceLicense":"ODbL 1.0","osmTimestamp":"2026-04-15T12:09:26Z"},"geometry":{"type":"Point","coordinates":[-8.650278149347827,41.2274678]}},{"type":"Feature","properties":{"assetId":"PT-substation-way-692517784","countryCode":"PT","assetType":"substation","powerType":"substation","osmType":"way","osmId":"692517784","actualVoltagesKv":[15,60],"actualVoltageKv":60,"gridClass":"154","displayClass":"154 kV sınıfı","name":"Subestação Caniçada","ref":"0311S5023400","operator":"E-REDES","from":null,"to":null,"displayLabel":"Subestação Caniçada","labelSource":"osm-name","voltageRaw":"60000;15000","circuits":null,"cables":null,"frequency":"50","location":null,"sourceProvider":"OpenStreetMap Overpass API","sourceFallback":"ArcGIS structures layer omits polygon/way substations","sourceLicense":"ODbL 1.0","osmTimestamp":"2026-02-24T12:29:56Z"},"geometry":{"type":"Point","coordinates":[-8.171668769505306,41.6538681]}},{"type":"Feature","properties":{"assetId":"PT-substation-way-692517794","countryCode":"PT","assetType":"substation","powerType":"substation","osmType":"way","osmId":"692517794","actualVoltagesKv":[15,60],"actualVoltageKv":60,"gridClass":"154","displayClass":"154 kV sınıfı","name":"Subestação de Matosinhos Sul","ref":"1308S5009500","operator":"E-REDES","from":null,"to":null,"displayLabel":"Subestação de Matosinhos Sul","labelSource":"osm-name","voltageRaw":"60000;15000","circuits":null,"cables":null,"frequency":null,"location":null,"sourceProvider":"OpenStreetMap Overpass API","sourceFallback":"ArcGIS structures layer omits polygon/way substations","sourceLicense":"ODbL 1.0","osmTimestamp":"2026-02-24T12:29:56Z"},"geometry":{"type":"Point","coordinates":[-8.674766170808708,41.17606285]}},{"type":"Feature","properties":{"assetId":"PT-substation-way-692876643","countryCode":"PT","assetType":"substation","powerType":"substation","osmType":"way","osmId":"692876643","actualVoltagesKv":[15,60],"actualVoltageKv":60,"gridClass":"154","displayClass":"154 kV sınıfı","name":"Subestação da Palmilheira","ref":"1315S5021000","operator":"E-REDES","from":null,"to":null,"displayLabel":"Subestação da Palmilheira","labelSource":"osm-name","voltageRaw":"60000;15000","circuits":null,"cables":null,"frequency":null,"location":null,"sourceProvider":"OpenStreetMap Overpass API","sourceFallback":"ArcGIS structures layer omits polygon/way substations","sourceLicense":"ODbL 1.0","osmTimestamp":"2025-01-10T18:14:02Z"},"geometry":{"type":"Point","coordinates":[-8.5563719525111,41.20236525]}},{"type":"Feature","properties":{"assetId":"PT-substation-way-693590312","countryCode":"PT","assetType":"substation","powerType":"substation","osmType":"way","osmId":"693590312","actualVoltagesKv":[15,60],"actualVoltageKv":60,"gridClass":"154","displayClass":"154 kV sınıfı","name":"Subestação da Carregosa","ref":"0113S5011100","operator":"E-REDES","from":null,"to":null,"displayLabel":"Subestação da Carregosa","labelSource":"osm-name","voltageRaw":"60000;15000","circuits":null,"cables":null,"frequency":null,"location":null,"sourceProvider":"OpenStreetMap Overpass API","sourceFallback":"ArcGIS structures layer omits polygon/way substations","sourceLicense":"ODbL 1.0","osmTimestamp":"2026-04-14T22:24:09Z"},"geometry":{"type":"Point","coordinates":[-8.434930535294118,40.8938997]}},{"type":"Feature","properties":{"assetId":"PT-substation-way-693590384","countryCode":"PT","assetType":"substation","powerType":"substation","osmType":"way","osmId":"693590384","actualVoltagesKv":[15,60],"actualVoltageKv":60,"gridClass":"154","displayClass":"154 kV sınıfı","name":"Subestação Devesa Velha","ref":"0116S5002800","operator":"E-REDES","from":null,"to":null,"displayLabel":"Subestação Devesa Velha","labelSource":"osm-name","voltageRaw":"60000;15000","circuits":null,"cables":null,"frequency":null,"location":null,"sourceProvider":"OpenStreetMap Overpass API","sourceFallback":"ArcGIS structures layer omits polygon/way substations","sourceLicense":"ODbL 1.0","osmTimestamp":"2026-02-24T12:29:56Z"},"geometry":{"type":"Point","coordinates":[-8.47818676765226,40.8867261]}},{"type":"Feature","properties":{"assetId":"PT-substation-way-694016335","countryCode":"PT","assetType":"substation","powerType":"substation","osmType":"way","osmId":"694016335","actualVoltagesKv":[60,400],"actualVoltageKv":400,"gridClass":"400","displayClass":"400 kV sınıfı","name":"Subestação de Vila Nova de Famalicão","ref":"SVNF","operator":"REN","from":null,"to":null,"displayLabel":"Subestação de Vila Nova de Famalicão","labelSource":"osm-name","voltageRaw":"400000;60000","circuits":null,"cables":null,"frequency":null,"location":null,"sourceProvider":"OpenStreetMap Overpass API","sourceFallback":"ArcGIS structures layer omits polygon/way substations","sourceLicense":"ODbL 1.0","osmTimestamp":"2026-04-07T19:47:43Z"},"geometry":{"type":"Point","coordinates":[-8.612884571208378,41.3586211]}},{"type":"Feature","properties":{"assetId":"PT-substation-way-700433922","countryCode":"PT","assetType":"substation","powerType":"substation","osmType":"way","osmId":"700433922","actualVoltagesKv":[15,60],"actualVoltageKv":60,"gridClass":"154","displayClass":"154 kV sınıfı","name":"Subestação da Feira","ref":"0109S5014500","operator":"E-REDES","from":null,"to":null,"displayLabel":"Subestação da Feira","labelSource":"osm-name","voltageRaw":"60000;15000","circuits":null,"cables":null,"frequency":null,"location":null,"sourceProvider":"OpenStreetMap Overpass API","sourceFallback":"ArcGIS structures layer omits polygon/way substations","sourceLicense":"ODbL 1.0","osmTimestamp":"2025-06-10T21:45:28Z"},"geometry":{"type":"Point","coordinates":[-8.529088341662073,40.94634495]}},{"type":"Feature","properties":{"assetId":"PT-substation-way-704521605","countryCode":"PT","assetType":"substation","powerType":"substation","osmType":"way","osmId":"704521605","actualVoltagesKv":[25,60],"actualVoltageKv":60,"gridClass":"154","displayClass":"154 kV sınıfı","name":"Subestação de Tração de Alfarelos","ref":null,"operator":"Infraestruturas de Portugal","from":null,"to":null,"displayLabel":"Subestação de Tração de Alfarelos","labelSource":"osm-name","voltageRaw":"60000;25000","circuits":null,"cables":null,"frequency":null,"location":null,"sourceProvider":"OpenStreetMap Overpass API","sourceFallback":"ArcGIS structures layer omits polygon/way substations","sourceLicense":"ODbL 1.0","osmTimestamp":"2026-05-04T13:49:33Z"},"geometry":{"type":"Point","coordinates":[-8.62023203137576,40.17280715]}},{"type":"Feature","properties":{"assetId":"PT-substation-way-708525585","countryCode":"PT","assetType":"substation","powerType":"substation","osmType":"way","osmId":"708525585","actualVoltagesKv":[10,60],"actualVoltageKv":60,"gridClass":"154","displayClass":"154 kV sınıfı","name":"Subestação de Entecampos","ref":"1106S5431000","operator":"E-REDES","from":null,"to":null,"displayLabel":"Subestação de Entecampos","labelSource":"osm-name","voltageRaw":"60000;10000","circuits":null,"cables":null,"frequency":"50","location":"indoor","sourceProvider":"OpenStreetMap Overpass API","sourceFallback":"ArcGIS structures layer omits polygon/way substations","sourceLicense":"ODbL 1.0","osmTimestamp":"2026-02-24T12:29:56Z"},"geometry":{"type":"Point","coordinates":[-9.14614192779548,38.74520695]}},{"type":"Feature","properties":{"assetId":"PT-substation-way-712435877","countryCode":"PT","assetType":"substation","powerType":"substation","osmType":"way","osmId":"712435877","actualVoltagesKv":[30,60],"actualVoltageKv":60,"gridClass":"154","displayClass":"154 kV sınıfı","name":"Subestação de Macedo de Cavaleiros","ref":"0405S5002200","operator":"E-REDES","from":null,"to":null,"displayLabel":"Subestação de Macedo de Cavaleiros","labelSource":"osm-name","voltageRaw":"60000;30000","circuits":null,"cables":null,"frequency":null,"location":null,"sourceProvider":"OpenStreetMap Overpass API","sourceFallback":"ArcGIS structures layer omits polygon/way substations","sourceLicense":"ODbL 1.0","osmTimestamp":"2026-02-24T12:29:56Z"},"geometry":{"type":"Point","coordinates":[-6.96698826905199,41.53777105]}},{"type":"Feature","properties":{"assetId":"PT-substation-way-712514399","countryCode":"PT","assetType":"substation","powerType":"substation","osmType":"way","osmId":"712514399","actualVoltagesKv":[10,60],"actualVoltageKv":60,"gridClass":"154","displayClass":"154 kV sınıfı","name":"Subestação Leião","ref":"1110S5810700","operator":"E-REDES","from":null,"to":null,"displayLabel":"Subestação Leião","labelSource":"osm-name","voltageRaw":"60000;10000","circuits":null,"cables":null,"frequency":null,"location":null,"sourceProvider":"OpenStreetMap Overpass API","sourceFallback":"ArcGIS structures layer omits polygon/way substations","sourceLicense":"ODbL 1.0","osmTimestamp":"2025-06-28T12:53:56Z"},"geometry":{"type":"Point","coordinates":[-9.294201711048553,38.7319618]}},{"type":"Feature","properties":{"assetId":"PT-substation-way-715840601","countryCode":"PT","assetType":"substation","powerType":"substation","osmType":"way","osmId":"715840601","actualVoltagesKv":[60],"actualVoltageKv":60,"gridClass":"154","displayClass":"154 kV sınıfı","name":"Subestação Luso Finsa","ref":null,"operator":null,"from":null,"to":null,"displayLabel":"Subestação Luso Finsa","labelSource":"osm-name","voltageRaw":"60000","circuits":null,"cables":null,"frequency":null,"location":null,"sourceProvider":"OpenStreetMap Overpass API","sourceFallback":"ArcGIS structures layer omits polygon/way substations","sourceLicense":"ODbL 1.0","osmTimestamp":"2025-07-21T22:00:25Z"},"geometry":{"type":"Point","coordinates":[-7.835616204525582,40.5516569]}},{"type":"Feature","properties":{"assetId":"PT-substation-way-715840602","countryCode":"PT","assetType":"substation","powerType":"substation","osmType":"way","osmId":"715840602","actualVoltagesKv":[15,60],"actualVoltageKv":60,"gridClass":"154","displayClass":"154 kV sınıfı","name":"Subestação de Nelas","ref":"1809S5004900","operator":"E-REDES","from":null,"to":null,"displayLabel":"Subestação de Nelas","labelSource":"osm-name","voltageRaw":"60000;15000","circuits":null,"cables":null,"frequency":null,"location":null,"sourceProvider":"OpenStreetMap Overpass API","sourceFallback":"ArcGIS structures layer omits polygon/way substations","sourceLicense":"ODbL 1.0","osmTimestamp":"2026-04-16T10:04:41Z"},"geometry":{"type":"Point","coordinates":[-7.832184649363452,40.552478199999996]}},{"type":"Feature","properties":{"assetId":"PT-substation-way-716752587","countryCode":"PT","assetType":"substation","powerType":"substation","osmType":"way","osmId":"716752587","actualVoltagesKv":[15,60],"actualVoltageKv":60,"gridClass":"154","displayClass":"154 kV sınıfı","name":"Subestação de Touvedo","ref":"1606S5011500","operator":"E-REDES","from":null,"to":null,"displayLabel":"Subestação de Touvedo","labelSource":"osm-name","voltageRaw":"60000;15000","circuits":null,"cables":null,"frequency":null,"location":null,"sourceProvider":"OpenStreetMap Overpass API","sourceFallback":"ArcGIS structures layer omits polygon/way substations","sourceLicense":"ODbL 1.0","osmTimestamp":"2026-02-24T12:29:56Z"},"geometry":{"type":"Point","coordinates":[-8.354419091069062,41.81211175]}},{"type":"Feature","properties":{"assetId":"PT-substation-way-716752594","countryCode":"PT","assetType":"substation","powerType":"substation","osmType":"way","osmId":"716752594","actualVoltagesKv":[15,60],"actualVoltageKv":60,"gridClass":"154","displayClass":"154 kV sınıfı","name":"Subestação de Mogueiras","ref":"1601S5024900","operator":"E-REDES","from":null,"to":null,"displayLabel":"Subestação de Mogueiras","labelSource":"osm-name","voltageRaw":"60000;15000","circuits":null,"cables":null,"frequency":null,"location":"outdoor","sourceProvider":"OpenStreetMap Overpass API","sourceFallback":"ArcGIS structures layer omits polygon/way substations","sourceLicense":"ODbL 1.0","osmTimestamp":"2026-02-24T12:29:56Z"},"geometry":{"type":"Point","coordinates":[-8.44108637731341,41.8236557]}},{"type":"Feature","properties":{"assetId":"PT-substation-way-722558824","countryCode":"PT","assetType":"substation","powerType":"substation","osmType":"way","osmId":"722558824","actualVoltagesKv":[60],"actualVoltageKv":60,"gridClass":"154","displayClass":"154 kV sınıfı","name":"Subestação do Sub-parque Eólico de Sendim","ref":null,"operator":"Finerge","from":null,"to":null,"displayLabel":"Subestação do Sub-parque Eólico de Sendim","labelSource":"osm-name","voltageRaw":"60000","circuits":null,"cables":null,"frequency":null,"location":null,"sourceProvider":"OpenStreetMap Overpass API","sourceFallback":"ArcGIS structures layer omits polygon/way substations","sourceLicense":"ODbL 1.0","osmTimestamp":"2025-10-25T20:45:07Z"},"geometry":{"type":"Point","coordinates":[-7.5442328834970525,41.064241100000004]}},{"type":"Feature","properties":{"assetId":"PT-substation-way-722558827","countryCode":"PT","assetType":"substation","powerType":"substation","osmType":"way","osmId":"722558827","actualVoltagesKv":[60],"actualVoltageKv":60,"gridClass":"154","displayClass":"154 kV sınıfı","name":"Subestação do Sub-parque Eólico da Serra de Chavães","ref":null,"operator":"Finerge","from":null,"to":null,"displayLabel":"Subestação do Sub-parque Eólico da Serra de Chavães","labelSource":"osm-name","voltageRaw":"60000","circuits":null,"cables":null,"frequency":null,"location":null,"sourceProvider":"OpenStreetMap Overpass API","sourceFallback":"ArcGIS structures layer omits polygon/way substations","sourceLicense":"ODbL 1.0","osmTimestamp":"2026-04-13T16:51:05Z"},"geometry":{"type":"Point","coordinates":[-7.580365812134261,41.076131149999995]}},{"type":"Feature","properties":{"assetId":"PT-substation-way-742612300","countryCode":"PT","assetType":"substation","powerType":"substation","osmType":"way","osmId":"742612300","actualVoltagesKv":[25,400],"actualVoltageKv":400,"gridClass":"400","displayClass":"400 kV sınıfı","name":"Subestação de Tração do Alandroal","ref":null,"operator":"Infraestruturas de Portugal","from":null,"to":null,"displayLabel":"Subestação de Tração do Alandroal","labelSource":"osm-name","voltageRaw":"400000;25000","circuits":null,"cables":null,"frequency":null,"location":null,"sourceProvider":"OpenStreetMap Overpass API","sourceFallback":"ArcGIS structures layer omits polygon/way substations","sourceLicense":"ODbL 1.0","osmTimestamp":"2026-05-04T13:49:33Z"},"geometry":{"type":"Point","coordinates":[-7.276547995766288,38.738843]}},{"type":"Feature","properties":{"assetId":"PT-substation-way-747480810","countryCode":"PT","assetType":"substation","powerType":"substation","osmType":"way","osmId":"747480810","actualVoltagesKv":[15,30,60],"actualVoltageKv":60,"gridClass":"154","displayClass":"154 kV sınıfı","name":"Subestação Cerâmica","ref":"0702S5040700","operator":"E-REDES","from":null,"to":null,"displayLabel":"Subestação Cerâmica","labelSource":"osm-name","voltageRaw":"60000;30000;15000","circuits":null,"cables":null,"frequency":null,"location":null,"sourceProvider":"OpenStreetMap Overpass API","sourceFallback":"ArcGIS structures layer omits polygon/way substations","sourceLicense":"ODbL 1.0","osmTimestamp":"2026-04-13T20:07:13Z"},"geometry":{"type":"Point","coordinates":[-7.949937505970635,38.74156045]}},{"type":"Feature","properties":{"assetId":"PT-substation-way-747916402","countryCode":"PT","assetType":"substation","powerType":"substation","osmType":"way","osmId":"747916402","actualVoltagesKv":[15,60],"actualVoltageKv":60,"gridClass":"154","displayClass":"154 kV sınıfı","name":"Subestação Mindelo","ref":"1316S5022100","operator":"E-REDES","from":null,"to":null,"displayLabel":"Subestação Mindelo","labelSource":"osm-name","voltageRaw":"60000;15000","circuits":null,"cables":null,"frequency":null,"location":"outdoor","sourceProvider":"OpenStreetMap Overpass API","sourceFallback":"ArcGIS structures layer omits polygon/way substations","sourceLicense":"ODbL 1.0","osmTimestamp":"2026-02-24T12:29:56Z"},"geometry":{"type":"Point","coordinates":[-8.70810913487973,41.30340925]}},{"type":"Feature","properties":{"assetId":"PT-substation-way-747921577","countryCode":"PT","assetType":"substation","powerType":"substation","osmType":"way","osmId":"747921577","actualVoltagesKv":[60],"actualVoltageKv":60,"gridClass":"154","displayClass":"154 kV sınıfı","name":"Subestação Neoplástica","ref":null,"operator":"Neoplástica","from":null,"to":null,"displayLabel":"Subestação Neoplástica","labelSource":"osm-name","voltageRaw":"60000","circuits":null,"cables":null,"frequency":null,"location":null,"sourceProvider":"OpenStreetMap Overpass API","sourceFallback":"ArcGIS structures layer omits polygon/way substations","sourceLicense":"ODbL 1.0","osmTimestamp":"2026-04-15T12:09:26Z"},"geometry":{"type":"Point","coordinates":[-8.48484558768972,41.2618705]}},{"type":"Feature","properties":{"assetId":"PT-substation-way-747937834","countryCode":"PT","assetType":"substation","powerType":"substation","osmType":"way","osmId":"747937834","actualVoltagesKv":[15,60],"actualVoltageKv":60,"gridClass":"154","displayClass":"154 kV sınıfı","name":"Subestação Santiago de Subarrifana","ref":"1311S5023500","operator":"E-REDES","from":null,"to":null,"displayLabel":"Subestação Santiago de Subarrifana","labelSource":"osm-name","voltageRaw":"60000;15000","circuits":null,"cables":null,"frequency":"50","location":null,"sourceProvider":"OpenStreetMap Overpass API","sourceFallback":"ArcGIS structures layer omits polygon/way substations","sourceLicense":"ODbL 1.0","osmTimestamp":"2026-02-24T12:29:56Z"},"geometry":{"type":"Point","coordinates":[-8.304702733125133,41.21560785]}},{"type":"Feature","properties":{"assetId":"PT-substation-way-747960317","countryCode":"PT","assetType":"substation","powerType":"substation","osmType":"way","osmId":"747960317","actualVoltagesKv":[15,60],"actualVoltageKv":60,"gridClass":"154","displayClass":"154 kV sınıfı","name":"Subestação de Serzedo","ref":"1317S5020400","operator":"E-REDES","from":null,"to":null,"displayLabel":"Subestação de Serzedo","labelSource":"osm-name","voltageRaw":"60000;15000","circuits":null,"cables":null,"frequency":"50","location":null,"sourceProvider":"OpenStreetMap Overpass API","sourceFallback":"ArcGIS structures layer omits polygon/way substations","sourceLicense":"ODbL 1.0","osmTimestamp":"2026-04-04T13:07:36Z"},"geometry":{"type":"Point","coordinates":[-8.60903637305347,41.04837465]}},{"type":"Feature","properties":{"assetId":"PT-substation-way-747960318","countryCode":"PT","assetType":"substation","powerType":"substation","osmType":"way","osmId":"747960318","actualVoltagesKv":[15,60],"actualVoltageKv":60,"gridClass":"154","displayClass":"154 kV sınıfı","name":"Subestação do Campo Alegre","ref":"1312S5013200","operator":"E-REDES","from":null,"to":null,"displayLabel":"Subestação do Campo Alegre","labelSource":"osm-name","voltageRaw":"60000;15000","circuits":null,"cables":null,"frequency":"50","location":null,"sourceProvider":"OpenStreetMap Overpass API","sourceFallback":"ArcGIS structures layer omits polygon/way substations","sourceLicense":"ODbL 1.0","osmTimestamp":"2023-11-29T14:09:11Z"},"geometry":{"type":"Point","coordinates":[-8.634859885734677,41.1540229]}},{"type":"Feature","properties":{"assetId":"PT-substation-way-748554295","countryCode":"PT","assetType":"substation","powerType":"substation","osmType":"way","osmId":"748554295","actualVoltagesKv":[30,60],"actualVoltageKv":60,"gridClass":"154","displayClass":"154 kV sınıfı","name":"Subestação Maranhão","ref":"1203S5650400","operator":"E-REDES","from":null,"to":null,"displayLabel":"Subestação Maranhão","labelSource":"osm-name","voltageRaw":"60000;30000","circuits":null,"cables":null,"frequency":null,"location":null,"sourceProvider":"OpenStreetMap Overpass API","sourceFallback":"ArcGIS structures layer omits polygon/way substations","sourceLicense":"ODbL 1.0","osmTimestamp":"2026-02-24T12:29:56Z"},"geometry":{"type":"Point","coordinates":[-7.977079794646681,39.0152193]}},{"type":"Feature","properties":{"assetId":"PT-substation-way-748895562","countryCode":"PT","assetType":"substation","powerType":"substation","osmType":"way","osmId":"748895562","actualVoltagesKv":[15,60],"actualVoltageKv":60,"gridClass":"154","displayClass":"154 kV sınıfı","name":"Subestação de Santa Marinha","ref":"1317S5011900","operator":"E-REDES","from":null,"to":null,"displayLabel":"Subestação de Santa Marinha","labelSource":"osm-name","voltageRaw":"60000;15000","circuits":null,"cables":null,"frequency":"50","location":"outdoor","sourceProvider":"OpenStreetMap Overpass API","sourceFallback":"ArcGIS structures layer omits polygon/way substations","sourceLicense":"ODbL 1.0","osmTimestamp":"2026-02-24T12:29:56Z"},"geometry":{"type":"Point","coordinates":[-8.618290184129506,41.12322455]}},{"type":"Feature","properties":{"assetId":"PT-substation-way-748919823","countryCode":"PT","assetType":"substation","powerType":"substation","osmType":"way","osmId":"748919823","actualVoltagesKv":[30,60],"actualVoltageKv":60,"gridClass":"154","displayClass":"154 kV sınıfı","name":"Subestação de Ferreira do Alentejo","ref":"0208S5052500","operator":"E-REDES","from":null,"to":null,"displayLabel":"Subestação de Ferreira do Alentejo","labelSource":"osm-name","voltageRaw":"60000;30000","circuits":null,"cables":null,"frequency":null,"location":"outdoor","sourceProvider":"OpenStreetMap Overpass API","sourceFallback":"ArcGIS structures layer omits polygon/way substations","sourceLicense":"ODbL 1.0","osmTimestamp":"2026-02-24T12:29:56Z"},"geometry":{"type":"Point","coordinates":[-8.099771139223812,38.05933505]}},{"type":"Feature","properties":{"assetId":"PT-substation-way-748972724","countryCode":"PT","assetType":"substation","powerType":"substation","osmType":"way","osmId":"748972724","actualVoltagesKv":[15,30,60],"actualVoltageKv":60,"gridClass":"154","displayClass":"154 kV sınıfı","name":"Subestação de São Teotónio","ref":"0211S5053600","operator":"E-REDES","from":null,"to":null,"displayLabel":"Subestação de São Teotónio","labelSource":"osm-name","voltageRaw":"60000;30000;15000","circuits":null,"cables":null,"frequency":null,"location":null,"sourceProvider":"OpenStreetMap Overpass API","sourceFallback":"ArcGIS structures layer omits polygon/way substations","sourceLicense":"ODbL 1.0","osmTimestamp":"2026-04-13T18:41:25Z"},"geometry":{"type":"Point","coordinates":[-8.70213045584649,37.489128050000005]}},{"type":"Feature","properties":{"assetId":"PT-substation-way-748977056","countryCode":"PT","assetType":"substation","powerType":"substation","osmType":"way","osmId":"748977056","actualVoltagesKv":[15,60],"actualVoltageKv":60,"gridClass":"154","displayClass":"154 kV sınıfı","name":"Subestação de Monchique","ref":"0809S5060500","operator":"E-REDES","from":null,"to":null,"displayLabel":"Subestação de Monchique","labelSource":"osm-name","voltageRaw":"60000;15000","circuits":null,"cables":null,"frequency":null,"location":null,"sourceProvider":"OpenStreetMap Overpass API","sourceFallback":"ArcGIS structures layer omits polygon/way substations","sourceLicense":"ODbL 1.0","osmTimestamp":"2026-02-24T12:29:56Z"},"geometry":{"type":"Point","coordinates":[-8.569399121374046,37.2968111]}},{"type":"Feature","properties":{"assetId":"PT-substation-way-749683044","countryCode":"PT","assetType":"substation","powerType":"substation","osmType":"way","osmId":"749683044","actualVoltagesKv":[15,60],"actualVoltageKv":60,"gridClass":"154","displayClass":"154 kV sınıfı","name":"Subestação de Portimão","ref":"0811S5063200","operator":"E-REDES","from":null,"to":null,"displayLabel":"Subestação de Portimão","labelSource":"osm-name","voltageRaw":"60000;15000","circuits":null,"cables":null,"frequency":null,"location":null,"sourceProvider":"OpenStreetMap Overpass API","sourceFallback":"ArcGIS structures layer omits polygon/way substations","sourceLicense":"ODbL 1.0","osmTimestamp":"2026-02-24T12:29:56Z"},"geometry":{"type":"Point","coordinates":[-8.559034175916175,37.12544175]}},{"type":"Feature","properties":{"assetId":"PT-substation-way-749716446","countryCode":"PT","assetType":"substation","powerType":"substation","osmType":"way","osmId":"749716446","actualVoltagesKv":[15,60],"actualVoltageKv":60,"gridClass":"154","displayClass":"154 kV sınıfı","name":"Subestação de Silves","ref":"0813S5062000","operator":"E-REDES","from":null,"to":null,"displayLabel":"Subestação de Silves","labelSource":"osm-name","voltageRaw":"60000;15000","circuits":null,"cables":null,"frequency":null,"location":null,"sourceProvider":"OpenStreetMap Overpass API","sourceFallback":"ArcGIS structures layer omits polygon/way substations","sourceLicense":"ODbL 1.0","osmTimestamp":"2026-02-24T12:30:02Z"},"geometry":{"type":"Point","coordinates":[-8.423933755340975,37.17765785]}},{"type":"Feature","properties":{"assetId":"PT-substation-way-749720779","countryCode":"PT","assetType":"substation","powerType":"substation","osmType":"way","osmId":"749720779","actualVoltagesKv":[15,60],"actualVoltageKv":60,"gridClass":"154","displayClass":"154 kV sınıfı","name":"Subestação de Lagoa","ref":"0806S5060700","operator":"E-REDES","from":null,"to":null,"displayLabel":"Subestação de Lagoa","labelSource":"osm-name","voltageRaw":"60000;15000","circuits":null,"cables":null,"frequency":null,"location":null,"sourceProvider":"OpenStreetMap Overpass API","sourceFallback":"ArcGIS structures layer omits polygon/way substations","sourceLicense":"ODbL 1.0","osmTimestamp":"2026-02-24T12:30:02Z"},"geometry":{"type":"Point","coordinates":[-8.467716456475642,37.11904835]}},{"type":"Feature","properties":{"assetId":"PT-substation-way-749733410","countryCode":"PT","assetType":"substation","powerType":"substation","osmType":"way","osmId":"749733410","actualVoltagesKv":[15,60],"actualVoltageKv":60,"gridClass":"154","displayClass":"154 kV sınıfı","name":"Subestação de Montechoro","ref":"0801S5900800","operator":"E-REDES","from":null,"to":null,"displayLabel":"Subestação de Montechoro","labelSource":"osm-name","voltageRaw":"60000;15000","circuits":null,"cables":null,"frequency":null,"location":null,"sourceProvider":"OpenStreetMap Overpass API","sourceFallback":"ArcGIS structures layer omits polygon/way substations","sourceLicense":"ODbL 1.0","osmTimestamp":"2026-02-24T12:30:02Z"},"geometry":{"type":"Point","coordinates":[-8.222915011515912,37.111463]}},{"type":"Feature","properties":{"assetId":"PT-substation-way-749761488","countryCode":"PT","assetType":"substation","powerType":"substation","osmType":"way","osmId":"749761488","actualVoltagesKv":[15,60],"actualVoltageKv":60,"gridClass":"154","displayClass":"154 kV sınıfı","name":"Subestação de Vilamoura B","ref":"0808S5904800","operator":"E-REDES","from":null,"to":null,"displayLabel":"Subestação de Vilamoura B","labelSource":"osm-name","voltageRaw":"60000;15000","circuits":null,"cables":null,"frequency":null,"location":null,"sourceProvider":"OpenStreetMap Overpass API","sourceFallback":"ArcGIS structures layer omits polygon/way substations","sourceLicense":"ODbL 1.0","osmTimestamp":"2026-02-24T12:30:02Z"},"geometry":{"type":"Point","coordinates":[-8.10161516693385,37.08743455]}},{"type":"Feature","properties":{"assetId":"PT-substation-way-749766756","countryCode":"PT","assetType":"substation","powerType":"substation","osmType":"way","osmId":"749766756","actualVoltagesKv":[60],"actualVoltageKv":60,"gridClass":"154","displayClass":"154 kV sınıfı","name":"Subestação da Cimpor","ref":null,"operator":"Cimpor","from":null,"to":null,"displayLabel":"Subestação da Cimpor","labelSource":"osm-name","voltageRaw":"60000","circuits":null,"cables":null,"frequency":null,"location":null,"sourceProvider":"OpenStreetMap Overpass API","sourceFallback":"ArcGIS structures layer omits polygon/way substations","sourceLicense":"ODbL 1.0","osmTimestamp":"2026-04-15T22:50:46Z"},"geometry":{"type":"Point","coordinates":[-8.102256832050958,37.134902]}},{"type":"Feature","properties":{"assetId":"PT-substation-way-749773452","countryCode":"PT","assetType":"substation","powerType":"substation","osmType":"way","osmId":"749773452","actualVoltagesKv":[15,60],"actualVoltageKv":60,"gridClass":"154","displayClass":"154 kV sınıfı","name":"Subestação de Faro","ref":"0805S5063500","operator":"E-REDES","from":null,"to":null,"displayLabel":"Subestação de Faro","labelSource":"osm-name","voltageRaw":"60000;15000","circuits":null,"cables":null,"frequency":null,"location":"indoor","sourceProvider":"OpenStreetMap Overpass API","sourceFallback":"ArcGIS structures layer omits polygon/way substations","sourceLicense":"ODbL 1.0","osmTimestamp":"2026-02-24T12:30:02Z"},"geometry":{"type":"Point","coordinates":[-7.9412449968756516,37.0278907]}},{"type":"Feature","properties":{"assetId":"PT-substation-way-749784127","countryCode":"PT","assetType":"substation","powerType":"substation","osmType":"way","osmId":"749784127","actualVoltagesKv":[15,60],"actualVoltageKv":60,"gridClass":"154","displayClass":"154 kV sınıfı","name":"Subestação de São Brás de Alportel","ref":"0812S5062100","operator":"E-REDES","from":null,"to":null,"displayLabel":"Subestação de São Brás de Alportel","labelSource":"osm-name","voltageRaw":"60000;15000","circuits":null,"cables":null,"frequency":null,"location":null,"sourceProvider":"OpenStreetMap Overpass API","sourceFallback":"ArcGIS structures layer omits polygon/way substations","sourceLicense":"ODbL 1.0","osmTimestamp":"2026-02-24T12:30:02Z"},"geometry":{"type":"Point","coordinates":[-7.892754947706296,37.149367749999996]}},{"type":"Feature","properties":{"assetId":"PT-substation-way-750053713","countryCode":"PT","assetType":"substation","powerType":"substation","osmType":"way","osmId":"750053713","actualVoltagesKv":[60],"actualVoltageKv":60,"gridClass":"154","displayClass":"154 kV sınıfı","name":"Subestação IFAP","ref":null,"operator":null,"from":null,"to":null,"displayLabel":"Subestação IFAP","labelSource":"osm-name","voltageRaw":"60000","circuits":null,"cables":null,"frequency":null,"location":null,"sourceProvider":"OpenStreetMap Overpass API","sourceFallback":"ArcGIS structures layer omits polygon/way substations","sourceLicense":"ODbL 1.0","osmTimestamp":"2024-02-28T18:12:05Z"},"geometry":{"type":"Point","coordinates":[-8.77477003920782,37.94460215]}},{"type":"Feature","properties":{"assetId":"PT-substation-way-750603042","countryCode":"PT","assetType":"substation","powerType":"substation","osmType":"way","osmId":"750603042","actualVoltagesKv":[60],"actualVoltageKv":60,"gridClass":"154","displayClass":"154 kV sınıfı","name":"Subestação Efacec","ref":null,"operator":"Efacec","from":null,"to":null,"displayLabel":"Subestação Efacec","labelSource":"osm-name","voltageRaw":"60000","circuits":null,"cables":null,"frequency":null,"location":null,"sourceProvider":"OpenStreetMap Overpass API","sourceFallback":"ArcGIS structures layer omits polygon/way substations","sourceLicense":"ODbL 1.0","osmTimestamp":"2025-11-23T19:26:23Z"},"geometry":{"type":"Point","coordinates":[-8.63131881768895,41.19832715]}},{"type":"Feature","properties":{"assetId":"PT-substation-way-750972519","countryCode":"PT","assetType":"substation","powerType":"substation","osmType":"way","osmId":"750972519","actualVoltagesKv":[60],"actualVoltageKv":60,"gridClass":"154","displayClass":"154 kV sınıfı","name":"Subestação da Sociedade Portuguesa Oxigénio","ref":null,"operator":"Sociedade Portuguesa Oxigénio","from":null,"to":null,"displayLabel":"Subestação da Sociedade Portuguesa Oxigénio","labelSource":"osm-name","voltageRaw":"60000","circuits":null,"cables":null,"frequency":"50","location":null,"sourceProvider":"OpenStreetMap Overpass API","sourceFallback":"ArcGIS structures layer omits polygon/way substations","sourceLicense":"ODbL 1.0","osmTimestamp":"2024-09-30T16:22:25Z"},"geometry":{"type":"Point","coordinates":[-8.56036357551524,41.2601858]}},{"type":"Feature","properties":{"assetId":"PT-substation-way-751560789","countryCode":"PT","assetType":"substation","powerType":"substation","osmType":"way","osmId":"751560789","actualVoltagesKv":[60,400],"actualVoltageKv":400,"gridClass":"400","displayClass":"400 kV sınıfı","name":"Subestação da Feira","ref":"SFRA","operator":"REN","from":null,"to":null,"displayLabel":"Subestação da Feira","labelSource":"osm-name","voltageRaw":"400000;60000","circuits":null,"cables":null,"frequency":null,"location":"outdoor","sourceProvider":"OpenStreetMap Overpass API","sourceFallback":"ArcGIS structures layer omits polygon/way substations","sourceLicense":"ODbL 1.0","osmTimestamp":"2024-02-29T21:19:07Z"},"geometry":{"type":"Point","coordinates":[-8.460373854914582,40.959900250000004]}},{"type":"Feature","properties":{"assetId":"PT-substation-way-751750517","countryCode":"PT","assetType":"substation","powerType":"substation","osmType":"way","osmId":"751750517","actualVoltagesKv":[60],"actualVoltageKv":60,"gridClass":"154","displayClass":"154 kV sınıfı","name":"Subestação Gás Ermidas","ref":null,"operator":null,"from":null,"to":null,"displayLabel":"Subestação Gás Ermidas","labelSource":"osm-name","voltageRaw":"60000","circuits":null,"cables":null,"frequency":null,"location":null,"sourceProvider":"OpenStreetMap Overpass API","sourceFallback":"ArcGIS structures layer omits polygon/way substations","sourceLicense":"ODbL 1.0","osmTimestamp":"2026-04-14T20:57:26Z"},"geometry":{"type":"Point","coordinates":[-8.391266752120897,38.00223535]}},{"type":"Feature","properties":{"assetId":"PT-substation-way-753357958","countryCode":"PT","assetType":"substation","powerType":"substation","osmType":"way","osmId":"753357958","actualVoltagesKv":[15,60],"actualVoltageKv":60,"gridClass":"154","displayClass":"154 kV sınıfı","name":"Subestação de Vila da Ponte","ref":"1706S5021200","operator":"E-REDES","from":null,"to":null,"displayLabel":"Subestação de Vila da Ponte","labelSource":"osm-name","voltageRaw":"60000;15000","circuits":null,"cables":null,"frequency":null,"location":null,"sourceProvider":"OpenStreetMap Overpass API","sourceFallback":"ArcGIS structures layer omits polygon/way substations","sourceLicense":"ODbL 1.0","osmTimestamp":"2026-02-24T12:30:02Z"},"geometry":{"type":"Point","coordinates":[-7.89521063302457,41.7139327]}},{"type":"Feature","properties":{"assetId":"PT-substation-way-753364578","countryCode":"PT","assetType":"substation","powerType":"substation","osmType":"way","osmId":"753364578","actualVoltagesKv":[400],"actualVoltageKv":400,"gridClass":"400","displayClass":"400 kV sınıfı","name":"Posto de Corte de Vieira do Minho","ref":"PCVRM","operator":"REN","from":null,"to":null,"displayLabel":"Posto de Corte de Vieira do Minho","labelSource":"osm-name","voltageRaw":"400000","circuits":null,"cables":null,"frequency":null,"location":null,"sourceProvider":"OpenStreetMap Overpass API","sourceFallback":"ArcGIS structures layer omits polygon/way substations","sourceLicense":"ODbL 1.0","osmTimestamp":"2024-02-29T21:19:07Z"},"geometry":{"type":"Point","coordinates":[-8.030405052906941,41.670612649999995]}},{"type":"Feature","properties":{"assetId":"PT-substation-way-754137795","countryCode":"PT","assetType":"substation","powerType":"substation","osmType":"way","osmId":"754137795","actualVoltagesKv":[60],"actualVoltageKv":60,"gridClass":"154","displayClass":"154 kV sınıfı","name":"Subestação do Sub-parque Eólico de Falperra-Rechãzinha","ref":null,"operator":"EDP Renováveis","from":null,"to":null,"displayLabel":"Subestação do Sub-parque Eólico de Falperra-Rechãzinha","labelSource":"osm-name","voltageRaw":"60000","circuits":null,"cables":null,"frequency":null,"location":null,"sourceProvider":"OpenStreetMap Overpass API","sourceFallback":"ArcGIS structures layer omits polygon/way substations","sourceLicense":"ODbL 1.0","osmTimestamp":"2025-10-26T13:53:12Z"},"geometry":{"type":"Point","coordinates":[-7.642368029189944,41.4428557]}},{"type":"Feature","properties":{"assetId":"PT-substation-way-754137798","countryCode":"PT","assetType":"substation","powerType":"substation","osmType":"way","osmId":"754137798","actualVoltagesKv":[60,220],"actualVoltageKv":220,"gridClass":"154","displayClass":"154 kV sınıfı","name":"Subestação de Montenegrelo","ref":null,"operator":"EDP Renováveis","from":null,"to":null,"displayLabel":"Subestação de Montenegrelo","labelSource":"osm-name","voltageRaw":"220000;60000","circuits":null,"cables":null,"frequency":null,"location":null,"sourceProvider":"OpenStreetMap Overpass API","sourceFallback":"ArcGIS structures layer omits polygon/way substations","sourceLicense":"ODbL 1.0","osmTimestamp":"2025-10-26T13:53:12Z"},"geometry":{"type":"Point","coordinates":[-7.624316219843161,41.47153945]}},{"type":"Feature","properties":{"assetId":"PT-substation-way-754167626","countryCode":"PT","assetType":"substation","powerType":"substation","osmType":"way","osmId":"754167626","actualVoltagesKv":[15,60],"actualVoltageKv":60,"gridClass":"154","displayClass":"154 kV sınıfı","name":"Subestação Quinta do Anjo","ref":"1508S5903500","operator":"E-REDES","from":null,"to":null,"displayLabel":"Subestação Quinta do Anjo","labelSource":"osm-name","voltageRaw":"60000;15000","circuits":null,"cables":null,"frequency":null,"location":"outdoor","sourceProvider":"OpenStreetMap Overpass API","sourceFallback":"ArcGIS structures layer omits polygon/way substations","sourceLicense":"ODbL 1.0","osmTimestamp":"2026-02-24T12:30:02Z"},"geometry":{"type":"Point","coordinates":[-8.968460896658842,38.5795332]}},{"type":"Feature","properties":{"assetId":"PT-substation-way-767739003","countryCode":"PT","assetType":"substation","powerType":"substation","osmType":"way","osmId":"767739003","actualVoltagesKv":[60],"actualVoltageKv":60,"gridClass":"154","displayClass":"154 kV sınıfı","name":"Posto de Seccionamento da Fonte do Mouro","ref":null,"operator":"E-REDES","from":null,"to":null,"displayLabel":"Posto de Seccionamento da Fonte do Mouro","labelSource":"osm-name","voltageRaw":"60000","circuits":null,"cables":null,"frequency":null,"location":null,"sourceProvider":"OpenStreetMap Overpass API","sourceFallback":"ArcGIS structures layer omits polygon/way substations","sourceLicense":"ODbL 1.0","osmTimestamp":"2026-02-24T12:30:02Z"},"geometry":{"type":"Point","coordinates":[-7.765232950444582,41.53685695]}},{"type":"Feature","properties":{"assetId":"PT-substation-way-767739005","countryCode":"PT","assetType":"substation","powerType":"substation","osmType":"way","osmId":"767739005","actualVoltagesKv":[400],"actualVoltageKv":400,"gridClass":"400","displayClass":"400 kV sınıfı","name":"Subestação de Gouvães","ref":null,"operator":"Iberdrola","from":null,"to":null,"displayLabel":"Subestação de Gouvães","labelSource":"osm-name","voltageRaw":"400000","circuits":null,"cables":null,"frequency":null,"location":null,"sourceProvider":"OpenStreetMap Overpass API","sourceFallback":"ArcGIS structures layer omits polygon/way substations","sourceLicense":"ODbL 1.0","osmTimestamp":"2026-04-06T16:49:09Z"},"geometry":{"type":"Point","coordinates":[-7.765956093750881,41.53768805]}},{"type":"Feature","properties":{"assetId":"PT-substation-way-768087809","countryCode":"PT","assetType":"substation","powerType":"substation","osmType":"way","osmId":"768087809","actualVoltagesKv":[400],"actualVoltageKv":400,"gridClass":"400","displayClass":"400 kV sınıfı","name":"Posto de Corte do Alto Tâmega","ref":null,"operator":"Iberdrola","from":null,"to":null,"displayLabel":"Posto de Corte do Alto Tâmega","labelSource":"osm-name","voltageRaw":"400000","circuits":null,"cables":null,"frequency":null,"location":null,"sourceProvider":"OpenStreetMap Overpass API","sourceFallback":"ArcGIS structures layer omits polygon/way substations","sourceLicense":"ODbL 1.0","osmTimestamp":"2026-04-06T16:49:09Z"},"geometry":{"type":"Point","coordinates":[-7.729104207127808,41.5711191]}},{"type":"Feature","properties":{"assetId":"PT-substation-way-768289053","countryCode":"PT","assetType":"substation","powerType":"substation","osmType":"way","osmId":"768289053","actualVoltagesKv":[60],"actualVoltageKv":60,"gridClass":"154","displayClass":"154 kV sınıfı","name":"Subestação do Parque Eólico da Bulgueira","ref":null,"operator":null,"from":null,"to":null,"displayLabel":"Subestação do Parque Eólico da Bulgueira","labelSource":"osm-name","voltageRaw":"60000","circuits":null,"cables":null,"frequency":null,"location":null,"sourceProvider":"OpenStreetMap Overpass API","sourceFallback":"ArcGIS structures layer omits polygon/way substations","sourceLicense":"ODbL 1.0","osmTimestamp":"2026-04-13T14:41:52Z"},"geometry":{"type":"Point","coordinates":[-7.718979740006631,41.528526049999996]}},{"type":"Feature","properties":{"assetId":"PT-substation-way-771616113","countryCode":"PT","assetType":"substation","powerType":"substation","osmType":"way","osmId":"771616113","actualVoltagesKv":[220],"actualVoltageKv":220,"gridClass":"154","displayClass":"154 kV sınıfı","name":"Subestação da Central Hidroelétrica do Baixo Sabor - Escalão de Montante","ref":null,"operator":"Movhera","from":null,"to":null,"displayLabel":"Subestação da Central Hidroelétrica do Baixo Sabor - Escalão de Montante","labelSource":"osm-name","voltageRaw":"220000","circuits":null,"cables":null,"frequency":null,"location":"outdoor","sourceProvider":"OpenStreetMap Overpass API","sourceFallback":"ArcGIS structures layer omits polygon/way substations","sourceLicense":"ODbL 1.0","osmTimestamp":"2025-09-25T14:24:05Z"},"geometry":{"type":"Point","coordinates":[-7.014891163695246,41.2279312]}},{"type":"Feature","properties":{"assetId":"PT-substation-way-776556627","countryCode":"PT","assetType":"substation","powerType":"substation","osmType":"way","osmId":"776556627","actualVoltagesKv":[15,60],"actualVoltageKv":60,"gridClass":"154","displayClass":"154 kV sınıfı","name":"Subestação de Mangualde","ref":"1806S5008500","operator":"E-REDES","from":null,"to":null,"displayLabel":"Subestação de Mangualde","labelSource":"osm-name","voltageRaw":"60000;15000","circuits":null,"cables":null,"frequency":null,"location":null,"sourceProvider":"OpenStreetMap Overpass API","sourceFallback":"ArcGIS structures layer omits polygon/way substations","sourceLicense":"ODbL 1.0","osmTimestamp":"2026-04-15T10:02:43Z"},"geometry":{"type":"Point","coordinates":[-7.775725020030689,40.60650165]}},{"type":"Feature","properties":{"assetId":"PT-substation-way-791358190","countryCode":"PT","assetType":"substation","powerType":"substation","osmType":"way","osmId":"791358190","actualVoltagesKv":[400],"actualVoltageKv":400,"gridClass":"400","displayClass":"400 kV sınıfı","name":"Subestação da Central Solar de Alcoutim","ref":null,"operator":"WElink Energy/Solara4","from":null,"to":null,"displayLabel":"Subestação da Central Solar de Alcoutim","labelSource":"osm-name","voltageRaw":"400000","circuits":null,"cables":null,"frequency":null,"location":"outdoor","sourceProvider":"OpenStreetMap Overpass API","sourceFallback":"ArcGIS structures layer omits polygon/way substations","sourceLicense":"ODbL 1.0","osmTimestamp":"2025-09-24T19:46:09Z"},"geometry":{"type":"Point","coordinates":[-7.6994546479111605,37.38239495]}},{"type":"Feature","properties":{"assetId":"PT-substation-way-804319098","countryCode":"PT","assetType":"substation","powerType":"substation","osmType":"way","osmId":"804319098","actualVoltagesKv":[60],"actualVoltageKv":60,"gridClass":"154","displayClass":"154 kV sınıfı","name":"Posto de Corte de Mundão","ref":null,"operator":"E-REDES","from":null,"to":null,"displayLabel":"Posto de Corte de Mundão","labelSource":"osm-name","voltageRaw":"60000","circuits":null,"cables":null,"frequency":null,"location":null,"sourceProvider":"OpenStreetMap Overpass API","sourceFallback":"ArcGIS structures layer omits polygon/way substations","sourceLicense":"ODbL 1.0","osmTimestamp":"2026-02-24T12:30:02Z"},"geometry":{"type":"Point","coordinates":[-7.847289021689211,40.68814515]}},{"type":"Feature","properties":{"assetId":"PT-substation-way-810172047","countryCode":"PT","assetType":"substation","powerType":"substation","osmType":"way","osmId":"810172047","actualVoltagesKv":[25,220],"actualVoltageKv":220,"gridClass":"154","displayClass":"154 kV sınıfı","name":"Subestação de Tração de Fatela","ref":null,"operator":"Infraestruturas de Portugal","from":null,"to":null,"displayLabel":"Subestação de Tração de Fatela","labelSource":"osm-name","voltageRaw":"220000;25000","circuits":null,"cables":null,"frequency":null,"location":"outdoor","sourceProvider":"OpenStreetMap Overpass API","sourceFallback":"ArcGIS structures layer omits polygon/way substations","sourceLicense":"ODbL 1.0","osmTimestamp":"2026-05-04T13:49:33Z"},"geometry":{"type":"Point","coordinates":[-7.418605738805104,40.145769599999994]}},{"type":"Feature","properties":{"assetId":"PT-substation-way-813954335","countryCode":"PT","assetType":"substation","powerType":"substation","osmType":"way","osmId":"813954335","actualVoltagesKv":[60,400],"actualVoltageKv":400,"gridClass":"400","displayClass":"400 kV sınıfı","name":"Subestação de Alcochete","ref":"SACT","operator":"REN","from":null,"to":null,"displayLabel":"Subestação de Alcochete","labelSource":"osm-name","voltageRaw":"400000;60000","circuits":null,"cables":null,"frequency":null,"location":"outdoor","sourceProvider":"OpenStreetMap Overpass API","sourceFallback":"ArcGIS structures layer omits polygon/way substations","sourceLicense":"ODbL 1.0","osmTimestamp":"2024-02-29T21:30:47Z"},"geometry":{"type":"Point","coordinates":[-8.899435358315971,38.70222565]}},{"type":"Feature","properties":{"assetId":"PT-substation-way-823666910","countryCode":"PT","assetType":"substation","powerType":"substation","osmType":"way","osmId":"823666910","actualVoltagesKv":[10,60],"actualVoltageKv":60,"gridClass":"154","displayClass":"154 kV sınıfı","name":"Subestação da Boavista","ref":"1106S5907000","operator":"E-REDES","from":null,"to":null,"displayLabel":"Subestação da Boavista","labelSource":"osm-name","voltageRaw":"60000;10000","circuits":null,"cables":null,"frequency":"50","location":"indoor","sourceProvider":"OpenStreetMap Overpass API","sourceFallback":"ArcGIS structures layer omits polygon/way substations","sourceLicense":"ODbL 1.0","osmTimestamp":"2026-02-24T12:30:02Z"},"geometry":{"type":"Point","coordinates":[-9.148240511942674,38.708494]}},{"type":"Feature","properties":{"assetId":"PT-substation-way-828220315","countryCode":"PT","assetType":"substation","powerType":"substation","osmType":"way","osmId":"828220315","actualVoltagesKv":[15,60],"actualVoltageKv":60,"gridClass":"154","displayClass":"154 kV sınıfı","name":"Subestação Águeda","ref":"0101S5000600","operator":"E-REDES","from":null,"to":null,"displayLabel":"Subestação Águeda","labelSource":"osm-name","voltageRaw":"60000;15000","circuits":null,"cables":null,"frequency":"50","location":"outdoor","sourceProvider":"OpenStreetMap Overpass API","sourceFallback":"ArcGIS structures layer omits polygon/way substations","sourceLicense":"ODbL 1.0","osmTimestamp":"2026-02-24T12:30:02Z"},"geometry":{"type":"Point","coordinates":[-8.45679103006458,40.59302035]}},{"type":"Feature","properties":{"assetId":"PT-substation-way-839918075","countryCode":"PT","assetType":"substation","powerType":"substation","osmType":"way","osmId":"839918075","actualVoltagesKv":[30,60],"actualVoltageKv":60,"gridClass":"154","displayClass":"154 kV sınıfı","name":"Subestação de Soure","ref":"0615S5010500","operator":"E-REDES","from":null,"to":null,"displayLabel":"Subestação de Soure","labelSource":"osm-name","voltageRaw":"60000;30000","circuits":null,"cables":null,"frequency":null,"location":null,"sourceProvider":"OpenStreetMap Overpass API","sourceFallback":"ArcGIS structures layer omits polygon/way substations","sourceLicense":"ODbL 1.0","osmTimestamp":"2026-02-24T12:30:02Z"},"geometry":{"type":"Point","coordinates":[-8.632391968052247,40.04385365]}},{"type":"Feature","properties":{"assetId":"PT-substation-way-849893156","countryCode":"PT","assetType":"substation","powerType":"substation","osmType":"way","osmId":"849893156","actualVoltagesKv":[10,60],"actualVoltageKv":60,"gridClass":"154","displayClass":"154 kV sınıfı","name":"Subestação da Venda Nova (Amadora)","ref":"1115S5191000","operator":"E-REDES","from":null,"to":null,"displayLabel":"Subestação da Venda Nova (Amadora)","labelSource":"osm-name","voltageRaw":"60000;10000","circuits":null,"cables":null,"frequency":"50","location":"indoor","sourceProvider":"OpenStreetMap Overpass API","sourceFallback":"ArcGIS structures layer omits polygon/way substations","sourceLicense":"ODbL 1.0","osmTimestamp":"2026-02-24T12:30:02Z"},"geometry":{"type":"Point","coordinates":[-9.214812222484472,38.75284575]}},{"type":"Feature","properties":{"assetId":"PT-substation-way-852790318","countryCode":"PT","assetType":"substation","powerType":"substation","osmType":"way","osmId":"852790318","actualVoltagesKv":[10,60],"actualVoltageKv":60,"gridClass":"154","displayClass":"154 kV sınıfı","name":"Subestação Expo Norte","ref":"1107S5800800","operator":"E-REDES","from":null,"to":null,"displayLabel":"Subestação Expo Norte","labelSource":"osm-name","voltageRaw":"60000;10000","circuits":null,"cables":null,"frequency":null,"location":null,"sourceProvider":"OpenStreetMap Overpass API","sourceFallback":"ArcGIS structures layer omits polygon/way substations","sourceLicense":"ODbL 1.0","osmTimestamp":"2026-02-24T12:30:02Z"},"geometry":{"type":"Point","coordinates":[-9.098946017145751,38.785605000000004]}},{"type":"Feature","properties":{"assetId":"PT-substation-way-860753750","countryCode":"PT","assetType":"substation","powerType":"substation","osmType":"way","osmId":"860753750","actualVoltagesKv":[10,60],"actualVoltageKv":60,"gridClass":"154","displayClass":"154 kV sınıfı","name":"Subestação do Casal de São Brás","ref":"1115S5528500","operator":"E-REDES","from":null,"to":null,"displayLabel":"Subestação do Casal de São Brás","labelSource":"osm-name","voltageRaw":"60000;10000","circuits":null,"cables":null,"frequency":null,"location":"indoor","sourceProvider":"OpenStreetMap Overpass API","sourceFallback":"ArcGIS structures layer omits polygon/way substations","sourceLicense":"ODbL 1.0","osmTimestamp":"2026-04-10T17:00:18Z"},"geometry":{"type":"Point","coordinates":[-9.225209621040023,38.7687818]}},{"type":"Feature","properties":{"assetId":"PT-substation-way-869059645","countryCode":"PT","assetType":"substation","powerType":"substation","osmType":"way","osmId":"869059645","actualVoltagesKv":[15,60],"actualVoltageKv":60,"gridClass":"154","displayClass":"154 kV sınıfı","name":"Subestação de Carneiro","ref":"1301S5020200","operator":"E-REDES","from":null,"to":null,"displayLabel":"Subestação de Carneiro","labelSource":"osm-name","voltageRaw":"60000;15000","circuits":null,"cables":null,"frequency":null,"location":null,"sourceProvider":"OpenStreetMap Overpass API","sourceFallback":"ArcGIS structures layer omits polygon/way substations","sourceLicense":"ODbL 1.0","osmTimestamp":"2026-03-01T17:38:47Z"},"geometry":{"type":"Point","coordinates":[-7.968953807681172,41.2071935]}},{"type":"Feature","properties":{"assetId":"PT-substation-way-884424381","countryCode":"PT","assetType":"substation","powerType":"substation","osmType":"way","osmId":"884424381","actualVoltagesKv":[15,60],"actualVoltageKv":60,"gridClass":"154","displayClass":"154 kV sınıfı","name":"Subestação de Marco de Canaveses","ref":"1307S5007700","operator":"E-REDES","from":null,"to":null,"displayLabel":"Subestação de Marco de Canaveses","labelSource":"osm-name","voltageRaw":"60000;15000","circuits":null,"cables":null,"frequency":null,"location":"outdoor","sourceProvider":"OpenStreetMap Overpass API","sourceFallback":"ArcGIS structures layer omits polygon/way substations","sourceLicense":"ODbL 1.0","osmTimestamp":"2026-02-24T12:30:02Z"},"geometry":{"type":"Point","coordinates":[-8.136465462156014,41.18349585]}},{"type":"Feature","properties":{"assetId":"PT-substation-way-886406698","countryCode":"PT","assetType":"substation","powerType":"substation","osmType":"way","osmId":"886406698","actualVoltagesKv":[10,60],"actualVoltageKv":60,"gridClass":"154","displayClass":"154 kV sınıfı","name":"Subestação Arco do Carvalhão","ref":"1106S5716600","operator":"E-REDES","from":null,"to":null,"displayLabel":"Subestação Arco do Carvalhão","labelSource":"osm-name","voltageRaw":"60000;10000","circuits":null,"cables":null,"frequency":"50","location":"indoor","sourceProvider":"OpenStreetMap Overpass API","sourceFallback":"ArcGIS structures layer omits polygon/way substations","sourceLicense":"ODbL 1.0","osmTimestamp":"2026-04-09T21:50:02Z"},"geometry":{"type":"Point","coordinates":[-9.16655898307393,38.7225523]}},{"type":"Feature","properties":{"assetId":"PT-substation-way-887605607","countryCode":"PT","assetType":"substation","powerType":"substation","osmType":"way","osmId":"887605607","actualVoltagesKv":[15,60],"actualVoltageKv":60,"gridClass":"154","displayClass":"154 kV sınıfı","name":"Subestação de Amarante","ref":"1301S5008700","operator":"E-REDES","from":null,"to":null,"displayLabel":"Subestação de Amarante","labelSource":"osm-name","voltageRaw":"60000;15000","circuits":null,"cables":null,"frequency":"50","location":"outdoor","sourceProvider":"OpenStreetMap Overpass API","sourceFallback":"ArcGIS structures layer omits polygon/way substations","sourceLicense":"ODbL 1.0","osmTimestamp":"2026-03-01T12:51:49Z"},"geometry":{"type":"Point","coordinates":[-8.097420247274002,41.293375]}},{"type":"Feature","properties":{"assetId":"PT-substation-way-889961249","countryCode":"PT","assetType":"substation","powerType":"substation","osmType":"way","osmId":"889961249","actualVoltagesKv":[15,60],"actualVoltageKv":60,"gridClass":"154","displayClass":"154 kV sınıfı","name":"Subestação Bustelo","ref":"1311S5012400","operator":"E-REDES","from":null,"to":null,"displayLabel":"Subestação Bustelo","labelSource":"osm-name","voltageRaw":"60000;15000","circuits":null,"cables":null,"frequency":null,"location":"outdoor","sourceProvider":"OpenStreetMap Overpass API","sourceFallback":"ArcGIS structures layer omits polygon/way substations","sourceLicense":"ODbL 1.0","osmTimestamp":"2026-02-24T12:30:02Z"},"geometry":{"type":"Point","coordinates":[-8.25936948885765,41.226772350000005]}},{"type":"Feature","properties":{"assetId":"PT-substation-way-895618760","countryCode":"PT","assetType":"substation","powerType":"substation","osmType":"way","osmId":"895618760","actualVoltagesKv":[10,60],"actualVoltageKv":60,"gridClass":"154","displayClass":"154 kV sınıfı","name":"Subestação Gago Coutinho","ref":"1106S5900100","operator":"E-REDES","from":null,"to":null,"displayLabel":"Subestação Gago Coutinho","labelSource":"osm-name","voltageRaw":"60000;10000","circuits":null,"cables":null,"frequency":"50","location":"indoor","sourceProvider":"OpenStreetMap Overpass API","sourceFallback":"ArcGIS structures layer omits polygon/way substations","sourceLicense":"ODbL 1.0","osmTimestamp":"2026-02-24T12:30:02Z"},"geometry":{"type":"Point","coordinates":[-9.129978991274815,38.74983295]}},{"type":"Feature","properties":{"assetId":"PT-substation-way-896147942","countryCode":"PT","assetType":"substation","powerType":"substation","osmType":"way","osmId":"896147942","actualVoltagesKv":[60,220],"actualVoltageKv":220,"gridClass":"154","displayClass":"154 kV sınıfı","name":"Subestação do Alto de São João","ref":"SASJ","operator":"REN","from":null,"to":null,"displayLabel":"Subestação do Alto de São João","labelSource":"osm-name","voltageRaw":"220000;60000","circuits":null,"cables":null,"frequency":null,"location":null,"sourceProvider":"OpenStreetMap Overpass API","sourceFallback":"ArcGIS structures layer omits polygon/way substations","sourceLicense":"ODbL 1.0","osmTimestamp":"2025-06-17T12:37:10Z"},"geometry":{"type":"Point","coordinates":[-9.1238487,38.7316518]}},{"type":"Feature","properties":{"assetId":"PT-substation-way-90646619","countryCode":"PT","assetType":"substation","powerType":"substation","osmType":"way","osmId":"90646619","actualVoltagesKv":[15,60],"actualVoltageKv":60,"gridClass":"154","displayClass":"154 kV sınıfı","name":"Subestação de Fafe","ref":"0307S5004400","operator":"E-REDES","from":null,"to":null,"displayLabel":"Subestação de Fafe","labelSource":"osm-name","voltageRaw":"60000;15000","circuits":null,"cables":null,"frequency":"50","location":"outdoor","sourceProvider":"OpenStreetMap Overpass API","sourceFallback":"ArcGIS structures layer omits polygon/way substations","sourceLicense":"ODbL 1.0","osmTimestamp":"2026-04-04T21:57:07Z"},"geometry":{"type":"Point","coordinates":[-8.177145263141293,41.44592925]}},{"type":"Feature","properties":{"assetId":"PT-substation-way-914504608","countryCode":"PT","assetType":"substation","powerType":"substation","osmType":"way","osmId":"914504608","actualVoltagesKv":[60],"actualVoltageKv":60,"gridClass":"154","displayClass":"154 kV sınıfı","name":"Posto de Corte de Vale de Moura","ref":null,"operator":"E-REDES","from":null,"to":null,"displayLabel":"Posto de Corte de Vale de Moura","labelSource":"osm-name","voltageRaw":"60000","circuits":null,"cables":null,"frequency":null,"location":null,"sourceProvider":"OpenStreetMap Overpass API","sourceFallback":"ArcGIS structures layer omits polygon/way substations","sourceLicense":"ODbL 1.0","osmTimestamp":"2026-02-24T12:30:02Z"},"geometry":{"type":"Point","coordinates":[-7.827683999999996,38.51797795]}},{"type":"Feature","properties":{"assetId":"PT-substation-way-914504610","countryCode":"PT","assetType":"substation","powerType":"substation","osmType":"way","osmId":"914504610","actualVoltagesKv":[60],"actualVoltageKv":60,"gridClass":"154","displayClass":"154 kV sınıfı","name":"Subestação da Central Fotovoltaica de Vale da Moura","ref":null,"operator":null,"from":null,"to":null,"displayLabel":"Subestação da Central Fotovoltaica de Vale da Moura","labelSource":"osm-name","voltageRaw":"60000","circuits":null,"cables":null,"frequency":null,"location":null,"sourceProvider":"OpenStreetMap Overpass API","sourceFallback":"ArcGIS structures layer omits polygon/way substations","sourceLicense":"ODbL 1.0","osmTimestamp":"2026-04-01T18:01:19Z"},"geometry":{"type":"Point","coordinates":[-7.827999301839775,38.5177028]}},{"type":"Feature","properties":{"assetId":"PT-substation-way-915436977","countryCode":"PT","assetType":"substation","powerType":"substation","osmType":"way","osmId":"915436977","actualVoltagesKv":[60],"actualVoltageKv":60,"gridClass":"154","displayClass":"154 kV sınıfı","name":"Subestação da Central Fotovoltaica de Moura","ref":null,"operator":null,"from":null,"to":null,"displayLabel":"Subestação da Central Fotovoltaica de Moura","labelSource":"osm-name","voltageRaw":"60000","circuits":null,"cables":null,"frequency":null,"location":null,"sourceProvider":"OpenStreetMap Overpass API","sourceFallback":"ArcGIS structures layer omits polygon/way substations","sourceLicense":"ODbL 1.0","osmTimestamp":"2026-04-13T18:59:12Z"},"geometry":{"type":"Point","coordinates":[-7.420830668903415,38.18966615]}},{"type":"Feature","properties":{"assetId":"PT-substation-way-923186274","countryCode":"PT","assetType":"substation","powerType":"substation","osmType":"way","osmId":"923186274","actualVoltagesKv":[30,60],"actualVoltageKv":60,"gridClass":"154","displayClass":"154 kV sınıfı","name":"Subestação de Ourém","ref":"1421S5002900","operator":"E-REDES","from":null,"to":null,"displayLabel":"Subestação de Ourém","labelSource":"osm-name","voltageRaw":"60000;30000","circuits":null,"cables":null,"frequency":null,"location":null,"sourceProvider":"OpenStreetMap Overpass API","sourceFallback":"ArcGIS structures layer omits polygon/way substations","sourceLicense":"ODbL 1.0","osmTimestamp":"2026-02-24T12:30:02Z"},"geometry":{"type":"Point","coordinates":[-8.590050355416146,39.6639214]}},{"type":"Feature","properties":{"assetId":"PT-substation-way-935106645","countryCode":"PT","assetType":"substation","powerType":"substation","osmType":"way","osmId":"935106645","actualVoltagesKv":[60],"actualVoltageKv":60,"gridClass":"154","displayClass":"154 kV sınıfı","name":"Subestação Secil","ref":null,"operator":"Secil","from":null,"to":null,"displayLabel":"Subestação Secil","labelSource":"osm-name","voltageRaw":"60000","circuits":null,"cables":null,"frequency":null,"location":null,"sourceProvider":"OpenStreetMap Overpass API","sourceFallback":"ArcGIS structures layer omits polygon/way substations","sourceLicense":"ODbL 1.0","osmTimestamp":"2026-04-01T18:01:19Z"},"geometry":{"type":"Point","coordinates":[-8.934554847292905,38.5005568]}},{"type":"Feature","properties":{"assetId":"PT-substation-way-93512590","countryCode":"PT","assetType":"substation","powerType":"substation","osmType":"way","osmId":"93512590","actualVoltagesKv":[60,150],"actualVoltageKv":150,"gridClass":"154","displayClass":"154 kV sınıfı","name":"Subestação de Estoi","ref":"SET","operator":"REN","from":null,"to":null,"displayLabel":"Subestação de Estoi","labelSource":"osm-name","voltageRaw":"150000;60000","circuits":null,"cables":null,"frequency":"50","location":"outdoor","sourceProvider":"OpenStreetMap Overpass API","sourceFallback":"ArcGIS structures layer omits polygon/way substations","sourceLicense":"ODbL 1.0","osmTimestamp":"2024-03-05T17:30:58Z"},"geometry":{"type":"Point","coordinates":[-7.851900434327584,37.084061950000006]}},{"type":"Feature","properties":{"assetId":"PT-substation-way-939544504","countryCode":"PT","assetType":"substation","powerType":"substation","osmType":"way","osmId":"939544504","actualVoltagesKv":[60],"actualVoltageKv":60,"gridClass":"154","displayClass":"154 kV sınıfı","name":"Subestação da Central Fotovoltaica de Tendeiros","ref":null,"operator":null,"from":null,"to":null,"displayLabel":"Subestação da Central Fotovoltaica de Tendeiros","labelSource":"osm-name","voltageRaw":"60000","circuits":null,"cables":null,"frequency":null,"location":null,"sourceProvider":"OpenStreetMap Overpass API","sourceFallback":"ArcGIS structures layer omits polygon/way substations","sourceLicense":"ODbL 1.0","osmTimestamp":"2026-04-14T14:56:03Z"},"geometry":{"type":"Point","coordinates":[-7.587201599999999,39.4275639]}},{"type":"Feature","properties":{"assetId":"PT-substation-way-942744960","countryCode":"PT","assetType":"substation","powerType":"substation","osmType":"way","osmId":"942744960","actualVoltagesKv":[25,150],"actualVoltageKv":150,"gridClass":"154","displayClass":"154 kV sınıfı","name":"Subestação de Tração de Vila Fria","ref":null,"operator":"Infraestruturas de Portugal","from":null,"to":null,"displayLabel":"Subestação de Tração de Vila Fria","labelSource":"osm-name","voltageRaw":"150000;25000","circuits":null,"cables":null,"frequency":null,"location":null,"sourceProvider":"OpenStreetMap Overpass API","sourceFallback":"ArcGIS structures layer omits polygon/way substations","sourceLicense":"ODbL 1.0","osmTimestamp":"2026-04-30T15:14:16Z"},"geometry":{"type":"Point","coordinates":[-8.750890000990967,41.65399515]}},{"type":"Feature","properties":{"assetId":"PT-substation-way-95759745","countryCode":"PT","assetType":"substation","powerType":"substation","osmType":"way","osmId":"95759745","actualVoltagesKv":[15,60],"actualVoltageKv":60,"gridClass":"154","displayClass":"154 kV sınıfı","name":"Subestação de Porto de Lagos","ref":"0811S5060400","operator":"E-REDES","from":null,"to":null,"displayLabel":"Subestação de Porto de Lagos","labelSource":"osm-name","voltageRaw":"60000;15000","circuits":null,"cables":null,"frequency":"50","location":"outdoor","sourceProvider":"OpenStreetMap Overpass API","sourceFallback":"ArcGIS structures layer omits polygon/way substations","sourceLicense":"ODbL 1.0","osmTimestamp":"2026-02-24T12:29:46Z"},"geometry":{"type":"Point","coordinates":[-8.532262078361345,37.17720705]}},{"type":"Feature","properties":{"assetId":"PT-substation-way-95961486","countryCode":"PT","assetType":"substation","powerType":"substation","osmType":"way","osmId":"95961486","actualVoltagesKv":[15,60],"actualVoltageKv":60,"gridClass":"154","displayClass":"154 kV sınıfı","name":"Subestação de Tavira","ref":"0814S5062600","operator":"E-REDES","from":null,"to":null,"displayLabel":"Subestação de Tavira","labelSource":"osm-name","voltageRaw":"60000;15000","circuits":null,"cables":null,"frequency":"50","location":"outdoor","sourceProvider":"OpenStreetMap Overpass API","sourceFallback":"ArcGIS structures layer omits polygon/way substations","sourceLicense":"ODbL 1.0","osmTimestamp":"2026-04-04T12:38:42Z"},"geometry":{"type":"Point","coordinates":[-7.669987851073419,37.1277882]}},{"type":"Feature","properties":{"assetId":"PT-substation-way-96000738","countryCode":"PT","assetType":"substation","powerType":"substation","osmType":"way","osmId":"96000738","actualVoltagesKv":[15,60],"actualVoltageKv":60,"gridClass":"154","displayClass":"154 kV sınıfı","name":"Subestação de Aldeia Nova","ref":"0804S5060600","operator":"E-REDES","from":null,"to":null,"displayLabel":"Subestação de Aldeia Nova","labelSource":"osm-name","voltageRaw":"60000;15000","circuits":null,"cables":null,"frequency":"50","location":"outdoor","sourceProvider":"OpenStreetMap Overpass API","sourceFallback":"ArcGIS structures layer omits polygon/way substations","sourceLicense":"ODbL 1.0","osmTimestamp":"2025-01-21T15:49:22Z"},"geometry":{"type":"Point","coordinates":[-7.472490919619215,37.1843975]}},{"type":"Feature","properties":{"assetId":"PT-substation-way-96118727","countryCode":"PT","assetType":"substation","powerType":"substation","osmType":"way","osmId":"96118727","actualVoltagesKv":[15,60],"actualVoltageKv":60,"gridClass":"154","displayClass":"154 kV sınıfı","name":"Subestação de Olhão","ref":"0810S5063600","operator":"E-REDES","from":null,"to":null,"displayLabel":"Subestação de Olhão","labelSource":"osm-name","voltageRaw":"60000;15000","circuits":null,"cables":null,"frequency":"50","location":"outdoor","sourceProvider":"OpenStreetMap Overpass API","sourceFallback":"ArcGIS structures layer omits polygon/way substations","sourceLicense":"ODbL 1.0","osmTimestamp":"2026-02-24T12:29:46Z"},"geometry":{"type":"Point","coordinates":[-7.827414113689855,37.04963665]}},{"type":"Feature","properties":{"assetId":"PT-substation-way-96127628","countryCode":"PT","assetType":"substation","powerType":"substation","osmType":"way","osmId":"96127628","actualVoltagesKv":[60],"actualVoltageKv":60,"gridClass":"154","displayClass":"154 kV sınıfı","name":"Subestação da Estação Elevatória 1 de Beliche","ref":null,"operator":"Águas do Algarve","from":null,"to":null,"displayLabel":"Subestação da Estação Elevatória 1 de Beliche","labelSource":"osm-name","voltageRaw":"60000","circuits":null,"cables":null,"frequency":"50","location":"outdoor","sourceProvider":"OpenStreetMap Overpass API","sourceFallback":"ArcGIS structures layer omits polygon/way substations","sourceLicense":"ODbL 1.0","osmTimestamp":"2026-04-13T17:23:41Z"},"geometry":{"type":"Point","coordinates":[-7.505276600000002,37.27368075]}},{"type":"Feature","properties":{"assetId":"PT-substation-way-961719367","countryCode":"PT","assetType":"substation","powerType":"substation","osmType":"way","osmId":"961719367","actualVoltagesKv":[60],"actualVoltageKv":60,"gridClass":"154","displayClass":"154 kV sınıfı","name":"Posto de Seccionamento de Trancoso","ref":"0913P5021500","operator":"E-REDES","from":null,"to":null,"displayLabel":"Posto de Seccionamento de Trancoso","labelSource":"osm-name","voltageRaw":"60000","circuits":null,"cables":null,"frequency":null,"location":null,"sourceProvider":"OpenStreetMap Overpass API","sourceFallback":"ArcGIS structures layer omits polygon/way substations","sourceLicense":"ODbL 1.0","osmTimestamp":"2026-06-09T20:46:59Z"},"geometry":{"type":"Point","coordinates":[-7.355831449999999,40.7615349]}},{"type":"Feature","properties":{"assetId":"PT-substation-way-961731619","countryCode":"PT","assetType":"substation","powerType":"substation","osmType":"way","osmId":"961731619","actualVoltagesKv":[60],"actualVoltageKv":60,"gridClass":"154","displayClass":"154 kV sınıfı","name":"Subestação do Sub-parque Eólico de Aldeia Nova","ref":null,"operator":"Nadara","from":null,"to":null,"displayLabel":"Subestação do Sub-parque Eólico de Aldeia Nova","labelSource":"osm-name","voltageRaw":"60000","circuits":null,"cables":null,"frequency":null,"location":null,"sourceProvider":"OpenStreetMap Overpass API","sourceFallback":"ArcGIS structures layer omits polygon/way substations","sourceLicense":"ODbL 1.0","osmTimestamp":"2026-05-18T13:48:18Z"},"geometry":{"type":"Point","coordinates":[-7.398422784877125,40.73095585]}},{"type":"Feature","properties":{"assetId":"PT-substation-way-964625644","countryCode":"PT","assetType":"substation","powerType":"substation","osmType":"way","osmId":"964625644","actualVoltagesKv":[400],"actualVoltageKv":400,"gridClass":"400","displayClass":"400 kV sınıfı","name":"Subestação de Ribeira de Pena","ref":"SRBP","operator":"REN","from":null,"to":null,"displayLabel":"Subestação de Ribeira de Pena","labelSource":"osm-name","voltageRaw":"400000","circuits":null,"cables":null,"frequency":null,"location":"outdoor","sourceProvider":"OpenStreetMap Overpass API","sourceFallback":"ArcGIS structures layer omits polygon/way substations","sourceLicense":"ODbL 1.0","osmTimestamp":"2024-11-18T11:07:44Z"},"geometry":{"type":"Point","coordinates":[-7.812079660668993,41.5508805]}},{"type":"Feature","properties":{"assetId":"PT-substation-way-966788478","countryCode":"PT","assetType":"substation","powerType":"substation","osmType":"way","osmId":"966788478","actualVoltagesKv":[15,30,60],"actualVoltageKv":60,"gridClass":"154","displayClass":"154 kV sınıfı","name":"Subestação Venda Nova (Tomar)","ref":"1418S5003600","operator":"E-REDES","from":null,"to":null,"displayLabel":"Subestação Venda Nova (Tomar)","labelSource":"osm-name","voltageRaw":"60000;30000;15000","circuits":null,"cables":null,"frequency":null,"location":null,"sourceProvider":"OpenStreetMap Overpass API","sourceFallback":"ArcGIS structures layer omits polygon/way substations","sourceLicense":"ODbL 1.0","osmTimestamp":"2026-02-24T12:30:02Z"},"geometry":{"type":"Point","coordinates":[-8.375977693759218,39.63639935]}},{"type":"Feature","properties":{"assetId":"PT-substation-way-96696542","countryCode":"PT","assetType":"substation","powerType":"substation","osmType":"way","osmId":"96696542","actualVoltagesKv":[10,60],"actualVoltageKv":60,"gridClass":"154","displayClass":"154 kV sınıfı","name":"Subestação Amoreiras","ref":"1106S5478000","operator":"E-REDES","from":null,"to":null,"displayLabel":"Subestação Amoreiras","labelSource":"osm-name","voltageRaw":"60000;10000","circuits":null,"cables":null,"frequency":"50","location":"indoor","sourceProvider":"OpenStreetMap Overpass API","sourceFallback":"ArcGIS structures layer omits polygon/way substations","sourceLicense":"ODbL 1.0","osmTimestamp":"2026-02-24T12:29:46Z"},"geometry":{"type":"Point","coordinates":[-9.15791346241484,38.7219345]}},{"type":"Feature","properties":{"assetId":"PT-substation-way-987944916","countryCode":"PT","assetType":"substation","powerType":"substation","osmType":"way","osmId":"987944916","actualVoltagesKv":[60,400],"actualVoltageKv":400,"gridClass":"400","displayClass":"400 kV sınıfı","name":"Subestação do Divor","ref":"SDVR","operator":"REN","from":null,"to":null,"displayLabel":"Subestação do Divor","labelSource":"osm-name","voltageRaw":"400000;60000","circuits":null,"cables":null,"frequency":null,"location":null,"sourceProvider":"OpenStreetMap Overpass API","sourceFallback":"ArcGIS structures layer omits polygon/way substations","sourceLicense":"ODbL 1.0","osmTimestamp":"2024-02-29T22:25:57Z"},"geometry":{"type":"Point","coordinates":[-7.92059930538894,38.6332647]}},{"type":"Feature","properties":{"assetId":"PT-substation-way-988035260","countryCode":"PT","assetType":"substation","powerType":"substation","osmType":"way","osmId":"988035260","actualVoltagesKv":[400],"actualVoltageKv":400,"gridClass":"400","displayClass":"400 kV sınıfı","name":"Subestação de Pegões","ref":"SPGO","operator":"REN","from":null,"to":null,"displayLabel":"Subestação de Pegões","labelSource":"osm-name","voltageRaw":"400000","circuits":null,"cables":null,"frequency":null,"location":null,"sourceProvider":"OpenStreetMap Overpass API","sourceFallback":"ArcGIS structures layer omits polygon/way substations","sourceLicense":"ODbL 1.0","osmTimestamp":"2024-10-07T16:16:57Z"},"geometry":{"type":"Point","coordinates":[-8.606009428429669,38.6485925]}},{"type":"Feature","properties":{"assetId":"PT-substation-way-996676637","countryCode":"PT","assetType":"substation","powerType":"substation","osmType":"way","osmId":"996676637","actualVoltagesKv":[10,60],"actualVoltageKv":60,"gridClass":"154","displayClass":"154 kV sınıfı","name":"Subestação Abóboda","ref":"1105S5901100","operator":"E-REDES","from":null,"to":null,"displayLabel":"Subestação Abóboda","labelSource":"osm-name","voltageRaw":"60000;10000","circuits":null,"cables":null,"frequency":null,"location":"indoor","sourceProvider":"OpenStreetMap Overpass API","sourceFallback":"ArcGIS structures layer omits polygon/way substations","sourceLicense":"ODbL 1.0","osmTimestamp":"2025-06-28T12:53:56Z"},"geometry":{"type":"Point","coordinates":[-9.324880452129777,38.7321666]}},{"type":"Feature","properties":{"assetId":"PT-substation-way-996726824","countryCode":"PT","assetType":"substation","powerType":"substation","osmType":"way","osmId":"996726824","actualVoltagesKv":[10,60],"actualVoltageKv":60,"gridClass":"154","displayClass":"154 kV sınıfı","name":"Subestação do Cacém","ref":"1111S5221600","operator":"E-REDES","from":null,"to":null,"displayLabel":"Subestação do Cacém","labelSource":"osm-name","voltageRaw":"60000;10000","circuits":null,"cables":null,"frequency":"50","location":"outdoor","sourceProvider":"OpenStreetMap Overpass API","sourceFallback":"ArcGIS structures layer omits polygon/way substations","sourceLicense":"ODbL 1.0","osmTimestamp":"2025-06-28T12:53:56Z"},"geometry":{"type":"Point","coordinates":[-9.288654999999999,38.757570900000005]}},{"type":"Feature","properties":{"assetId":"PT-substation-way-996726826","countryCode":"PT","assetType":"substation","powerType":"substation","osmType":"way","osmId":"996726826","actualVoltagesKv":[10,60],"actualVoltageKv":60,"gridClass":"154","displayClass":"154 kV sınıfı","name":"Subestação de São Marcos","ref":"1111S5903100","operator":"E-REDES","from":null,"to":null,"displayLabel":"Subestação de São Marcos","labelSource":"osm-name","voltageRaw":"60000;10000","circuits":null,"cables":null,"frequency":null,"location":null,"sourceProvider":"OpenStreetMap Overpass API","sourceFallback":"ArcGIS structures layer omits polygon/way substations","sourceLicense":"ODbL 1.0","osmTimestamp":"2025-06-28T12:53:56Z"},"geometry":{"type":"Point","coordinates":[-9.303053890110014,38.75107695]}},{"type":"Feature","properties":{"assetId":"PT-substation-way-996726854","countryCode":"PT","assetType":"substation","powerType":"substation","osmType":"way","osmId":"996726854","actualVoltagesKv":[10,60],"actualVoltageKv":60,"gridClass":"154","displayClass":"154 kV sınıfı","name":"Subestação Capa Rota","ref":"1111S5127800","operator":"E-REDES","from":null,"to":null,"displayLabel":"Subestação Capa Rota","labelSource":"osm-name","voltageRaw":"60000;10000","circuits":null,"cables":null,"frequency":null,"location":null,"sourceProvider":"OpenStreetMap Overpass API","sourceFallback":"ArcGIS structures layer omits polygon/way substations","sourceLicense":"ODbL 1.0","osmTimestamp":"2025-06-28T12:53:56Z"},"geometry":{"type":"Point","coordinates":[-9.363097209894747,38.7607677]}}]}