{"type":"FeatureCollection","metadata":{"countryCode":"GR","countryNameTr":"Yunanistan","coverage":"Yunanistan ana karası, Girit ve büyük adalar","source":"European Commission, Eurostat/GISCO — Countries 2024","sourceUrl":"https://gisco-services.ec.europa.eu/distribution/v2/countries/geojson/CNTR_RG_01M_2024_4326.geojson","scale":"1:1 million","crs":"EPSG:4326","copyright":"© EuroGeographics for the administrative boundaries"},"features":[{"type":"Feature","properties":{"countryCode":"GR","countryNameTr":"Yunanistan","coverage":"Yunanistan ana karası, Girit ve büyük adalar","source":"Eurostat/GISCO Countries 2024","copyright":"© EuroGeographics for the administrative boundaries"},"geometry":{"type":"MultiPolygon","coordinates":[[[[24.111633209000047,34.829884004000064],[24.12348737700006,34.81571557600006],[24.13068755100005,34.80710972900005],[24.120509388000073,34.802873788000056],[24.077564361000043,34.82310110100008],[24.07159395900004,34.82591318900006],[24.06670157700006,34.82913641300007],[24.049918475000027,34.84019354000003],[24.043881851000037,34.84873599800005],[24.03891010700005,34.855771539000045],[24.060362333000057,34.85838218500004],[24.064109189000078,34.86929043900005],[24.06455720300005,34.87059474800003],[24.06871601100005,34.872082877000025],[24.070433386000047,34.87183754300003],[24.076840437000044,34.87092226800007],[24.10290419200004,34.86719894700008],[24.106530287000055,34.863495571000044],[24.10953346100007,34.860428392000074],[24.115605650000077,34.860023872000056],[24.120202624000058,34.859717628000055],[24.12351556400006,34.85377424300003],[24.11778216600004,34.847788266000066],[24.113840565000032,34.843673022000075],[24.111633209000047,34.829884004000064]]],[[[25.739169052000022,34.87495461700007],[25.74306507800003,34.87859255800004],[25.74727837900008,34.87690938700007],[25.744773913000074,34.874028907000024],[25.739169052000022,34.87495461700007]]],[[[25.68389496700007,34.87781452100006],[25.69141529600006,34.880401961000075],[25.69557661700003,34.87910895400006],[25.707301578000056,34.875465768000026],[25.71127959300003,34.876278220000074],[25.730769933000033,34.88025884000007],[25.732653214000038,34.875420130000066],[25.720184806000077,34.870564228000035],[25.70878745500005,34.86612545600008],[25.706778437000025,34.865343031000066],[25.706366971000023,34.86540680300004],[25.70132275000003,34.866188590000036],[25.68429364900004,34.86882787300004],[25.68039810500005,34.872006369000076],[25.682375703000048,34.87529108200005],[25.682499850000056,34.87549728600004],[25.68389496700007,34.87781452100006]]],[[[26.12737394900006,34.919445877000044],[26.131740209000043,34.92409078400004],[26.13435706100006,34.924322559000075],[26.13241099100003,34.918781214000035],[26.12737394900006,34.919445877000044]]],[[[24.00443419900006,34.93288590000003],[24.009802854000043,34.929798910000045],[24.013018215000045,34.92030680200003],[24.007527650000043,34.91951715000005],[23.995629965000035,34.931396380000024],[23.98897011200006,34.938045903000045],[23.993568844000038,34.93913350500003],[24.00443419900006,34.93288590000003]]],[[[26.15262430000007,34.93484523600006],[26.138345419000075,34.927530553000054],[26.13435580600003,34.93100956600006],[26.131338648000053,34.93364058100008],[26.124598782000078,34.93369284000005],[26.12372620000008,34.93369960600006],[26.124442185000078,34.938092881000046],[26.125620855000022,34.945325180000054],[26.132604197000035,34.94955209600005],[26.150588218000053,34.94272431100006],[26.156715534000057,34.94039802300006],[26.15262430000007,34.93484523600006]]],[[[26.130700142000023,34.96065317000006],[26.134058279000044,34.962730597000075],[26.13731148900007,34.958387592000065],[26.133383440000046,34.956858932000046],[26.130700142000023,34.96065317000006]]],[[[24.58686604600007,35.00243539200005],[24.586461602000043,35.00216732100006],[24.57698804200004,35.00510035900004],[24.587262838000072,35.00911344000008],[24.587389521000034,35.00906191000007],[24.593260572000077,35.006673773000045],[24.58686604600007,35.00243539200005]]],[[[24.59640696300005,35.00775049200007],[24.598951514000078,35.01239115300007],[24.608165391000057,35.011606690000065],[24.606773841000063,35.004857095000034],[24.59640696300005,35.00775049200007]]],[[[25.902260359000024,35.18640361700005],[25.905453158000057,35.18955615900006],[25.910483243000044,35.18807749800004],[25.907176941000046,35.185000202000026],[25.902260359000024,35.18640361700005]]],[[[25.86132635900003,35.18184217000004],[25.85609850700007,35.18076115200006],[25.851080050000064,35.18345948800004],[25.857708290000062,35.191950156000075],[25.863229884000077,35.195402785000056],[25.867075630000045,35.19780751400003],[25.87108024400004,35.19722238700007],[25.86580523400005,35.188904593000075],[25.86132635900003,35.18184217000004]]],[[[25.72533077500003,35.19581475800004],[25.730657051000037,35.20116249200004],[25.73426545600006,35.20032199100007],[25.73190027800007,35.19411781800005],[25.72533077500003,35.19581475800004]]],[[[26.29799420200004,35.20349788800007],[26.297277836000035,35.202445827000076],[26.291137673000037,35.20307040900008],[26.291609494000056,35.20349788800007],[26.29685588700005,35.208251216000065],[26.30082709800007,35.20765829800007],[26.29799420200004,35.20349788800007]]],[[[25.761479674000043,35.26250111300004],[25.759791541000027,35.261736377000034],[25.75822904900008,35.26353333700007],[25.76036625200004,35.26791070100006],[25.762500681000063,35.268404684000075],[25.763347758000066,35.26587021900008],[25.761479674000043,35.26250111300004]]],[[[23.53578884600006,35.26941609100004],[23.53143663700007,35.26813259100004],[23.52826735800005,35.26788542300005],[23.527184060000025,35.26828133200007],[23.52476474100007,35.26609130700007],[23.520822271000043,35.26909413300007],[23.523509114000035,35.270339775000025],[23.52658129100007,35.268578724000065],[23.528488281000023,35.27012906900006],[23.532316364000053,35.27178836100006],[23.535464106000063,35.27209404700005],[23.536851797000054,35.270942826000066],[23.53578884600006,35.26941609100004]]],[[[26.34944570700003,35.26961116200005],[26.34192792400006,35.26764979100005],[26.335680457000024,35.26933130200007],[26.332276085000046,35.27217120000006],[26.33106186300006,35.27721976300006],[26.330348436000065,35.280186091000076],[26.334488501000067,35.28148270500003],[26.33878920500007,35.27928594700006],[26.344155688000058,35.27654480000007],[26.35023821200008,35.27343790600003],[26.35174771000004,35.270211749000055],[26.34944570700003,35.26961116200005]]],[[[25.73487222600005,35.295645497000066],[25.736348031000034,35.30014827400004],[25.73971483400004,35.30015060100004],[25.740041809000047,35.295252635000054],[25.73487222600005,35.295645497000066]]],[[[26.18542816200005,35.32476937800004],[26.181735795000066,35.32246888000003],[26.17217540000007,35.324564774000066],[26.17129804900003,35.32475711300003],[26.159081616000037,35.32743528100008],[26.167406236000033,35.33093179100007],[26.174981407000075,35.33411351800004],[26.185923930000058,35.32984839100004],[26.190633692000063,35.32801264100004],[26.185909560000027,35.32506931000006],[26.18542816200005,35.32476937800004]]],[[[26.185956180000062,35.34057460200006],[26.165054703000067,35.33603898500007],[26.166572691000056,35.34043990600003],[26.170135929000025,35.350770375000025],[26.187239005000038,35.35427613400003],[26.189002668000057,35.34867442800004],[26.186535480000032,35.340700310000045],[26.185956180000062,35.34057460200006]]],[[[26.822316578000027,35.362428531000035],[26.82659301500007,35.364014842000074],[26.83123058800004,35.36081932800005],[26.827549839000028,35.35931569500008],[26.822316578000027,35.362428531000035]]],[[[26.170149626000068,35.37529842300006],[26.173609012000043,35.38529303900003],[26.176186434000044,35.38246551100008],[26.176440203000027,35.375135854000064],[26.170149626000068,35.37529842300006]]],[[[27.000595563000047,35.41829689300005],[26.999458203000074,35.41041913400005],[26.98937786500005,35.40059146300007],[26.980237162000037,35.39662257600003],[26.97253228900007,35.393277125000054],[26.959266695000053,35.39290879400005],[26.93816582200003,35.37609248900003],[26.93603332400005,35.37245141000005],[26.935897090000026,35.37226216300007],[26.931397809000032,35.36601209500003],[26.920997646000046,35.364076417000035],[26.90682606100006,35.361438802000066],[26.886841824000044,35.345311226000035],[26.883028652000064,35.34223394000003],[26.87607814200004,35.344535982000025],[26.873801482000033,35.34529002200003],[26.86972409400005,35.344416264000074],[26.86651627400005,35.34372884800007],[26.86564931500004,35.34433949000004],[26.847588995000024,35.35706025400003],[26.846439953000072,35.36017313200006],[26.84774414000003,35.36364596100003],[26.85105094100004,35.37245141000005],[26.857065694000028,35.37660114500005],[26.86524686000007,35.38255503000005],[26.871444358000076,35.392483783000046],[26.887276126000074,35.401859270000045],[26.88728154100005,35.401862476000076],[26.889357129000075,35.40309162800003],[26.89309091900003,35.40748009600003],[26.90533594200008,35.42187214900008],[26.912724452000077,35.420840190000035],[26.93284361900004,35.41803013100008],[26.959841564000044,35.42482348500005],[26.998954796000078,35.43466534600003],[27.013320727000064,35.43165075600007],[27.010799391000035,35.42735778300005],[27.005005332000053,35.42527234100004],[27.00141613900007,35.423980491000066],[27.000595563000047,35.41829689300005]]],[[[26.866306997000038,35.43149154100007],[26.863532302000067,35.430023798000036],[26.84591327100003,35.438689544000056],[26.86689530600006,35.44449281200008],[26.86887835400006,35.44375234200004],[26.873940402000073,35.44186217500004],[26.87674667500005,35.43701386300006],[26.866306997000038,35.43149154100007]]],[[[26.89444923700006,35.45348830800003],[26.897983311000075,35.45661483500004],[26.902791255000068,35.45678389200003],[26.899654175000023,35.45238253800005],[26.89444923700006,35.45348830800003]]],[[[25.242142475000037,35.44237035500004],[25.24014119900005,35.43540683700007],[25.237955999000064,35.42780335000003],[25.232359218000056,35.43305812500006],[25.232180431000074,35.43322598700007],[25.22916587900005,35.43209433000004],[25.22638536200003,35.43105052900006],[25.226187932000073,35.43119554300006],[25.217396223000037,35.43765312000005],[25.210513974000037,35.435077625000076],[25.20868635100004,35.435642191000056],[25.186193289000073,35.44259045500007],[25.183343668000077,35.44585580000006],[25.185814097000048,35.446862674000045],[25.20664558200008,35.455352977000075],[25.209845337000047,35.45870420000006],[25.216057609000075,35.46521054500005],[25.24412664700003,35.449274358000025],[25.242142475000037,35.44237035500004]]],[[[24.148867617000064,35.48842903900004],[24.15187364700006,35.49150862000005],[24.15471320100005,35.49148057300005],[24.153087017000075,35.48523963500003],[24.148867617000064,35.48842903900004]]],[[[24.176930466000044,35.49956529600007],[24.18185237000006,35.50226100800006],[24.183933482000043,35.49762049900005],[24.18091099800006,35.49676084400005],[24.176930466000044,35.49956529600007]]],[[[23.930187579000062,35.53152506400005],[23.92294226300004,35.53090784800003],[23.928059620000056,35.540871770000024],[23.936865325000042,35.540117889000044],[23.930187579000062,35.53152506400005]]],[[[23.473097752000058,35.58451703000003],[23.476660293000066,35.58936796000006],[23.481764600000076,35.58684774300008],[23.477792659000045,35.58337237500007],[23.473097752000058,35.58451703000003]]],[[[23.574149243000022,35.59119732000005],[23.58450485900005,35.59045617400005],[23.584622370000034,35.59044776400003],[23.588933809000025,35.583350074000066],[23.582755379000048,35.583469757000046],[23.580081965000034,35.583521544000064],[23.574149243000022,35.59119732000005]]],[[[27.05375698100005,35.597970959000065],[27.05741743300007,35.59914818500005],[27.06118592200005,35.59665688000007],[27.056600995000053,35.593861341000036],[27.05375698100005,35.597970959000065]]],[[[25.573702187000038,35.60193989600003],[25.57802052200003,35.60061654200007],[25.580135443000074,35.60017646400007],[25.580045665000057,35.59832649700007],[25.576698216000068,35.598502702000076],[25.571234566000044,35.60026510500006],[25.571147996000036,35.60211504700004],[25.573702187000038,35.60193989600003]]],[[[23.57312544100006,35.61176482400003],[23.579153444000042,35.61671522100005],[23.586207796000053,35.609816883000065],[23.576887525000075,35.60633594600006],[23.57312544100006,35.61176482400003]]],[[[23.57750485200006,35.64627920200007],[23.58768617000004,35.64564709200005],[23.592799773000024,35.637650776000044],[23.58733150300003,35.63709470300006],[23.57750485200006,35.64627920200007]]],[[[23.80508997900006,35.53691084700006],[23.808029185000066,35.53657148900004],[23.813226360000044,35.53532784400005],[23.816147141000044,35.53506083700006],[23.818510177000064,35.53564090000003],[23.818743177000044,35.53569809500004],[23.821323465000035,35.53747530700008],[23.826195076000033,35.53614800400004],[23.830206330000067,35.536189861000025],[23.834572066000078,35.53318936200003],[23.841855638000027,35.52818348200003],[23.863055016000033,35.52469958100005],[23.866315362000023,35.52420042700004],[23.889287117000038,35.52169931800006],[23.91364302100004,35.519653418000075],[23.91968574400005,35.52019840100007],[23.93186279400004,35.52129663000005],[23.93894890400003,35.51725825200003],[23.939762049000024,35.516794840000045],[23.942291762000025,35.51579966500003],[23.945373260000054,35.514587422000034],[23.953232153000044,35.51332839400004],[23.970525571000053,35.51257345600004],[23.98056262700004,35.51562336600006],[23.987189602000058,35.51763707200007],[23.988311036000027,35.516143458000045],[23.99072118600003,35.51293343100008],[23.996992411000065,35.51208802800005],[24.010165721000078,35.517610397000055],[24.012316528000042,35.518512034000025],[24.016560430000027,35.51803962500003],[24.029415586000027,35.51660865700006],[24.045743240000036,35.52227979400004],[24.04886480600004,35.52735552000007],[24.04819479500003,35.53495187500005],[24.051613271000065,35.53691480900005],[24.051950813000076,35.54277231900005],[24.052376724000055,35.55016333400005],[24.05838929500004,35.55071834300003],[24.059265804000063,35.55451588900007],[24.063554251000028,35.55098219700005],[24.066263165000066,35.54875004400003],[24.086290130000066,35.55452587600007],[24.084338333000062,35.56265916600006],[24.07985671600005,35.56665824500004],[24.07762219800003,35.56865217200004],[24.070744863000073,35.583198683000035],[24.082514999000068,35.593005307000055],[24.094578599000045,35.59133479900004],[24.095871094000074,35.59115582100003],[24.098014867000074,35.59129201600007],[24.098600331000057,35.59251520000004],[24.10099107900004,35.597510079000074],[24.122954208000067,35.601451102000055],[24.172222804000057,35.58793510500004],[24.19033786800003,35.56577297900003],[24.19424784100005,35.551501855000026],[24.200708718000044,35.53706371100003],[24.189391899000043,35.523278669000035],[24.186945025000057,35.520298127000046],[24.185821866000026,35.51641211900005],[24.182466188000035,35.50480184300005],[24.177658681000025,35.504437350000046],[24.171720509000068,35.50398713300007],[24.164469633000067,35.49954331200007],[24.164595718000044,35.49884256400003],[24.165240940000047,35.49525658300007],[24.13812563500005,35.497344757000064],[24.128161164000062,35.500356443000044],[24.12138370200006,35.50240488000003],[24.106416644000035,35.507417564000036],[24.091356810000036,35.50573357800005],[24.089682190000076,35.50554632300003],[24.08805135600005,35.50621650700003],[24.081299040000033,35.50899134300005],[24.067414985000028,35.50094195600008],[24.061488091000058,35.49758825400005],[24.06410253000007,35.490576506000025],[24.079414453000027,35.48746558900007],[24.091779720000034,35.48495334300003],[24.10888181300004,35.478267870000025],[24.112868972000058,35.474680817000035],[24.11479872800004,35.472944709000046],[24.133569513000054,35.469766478000054],[24.14174663500006,35.47092469900008],[24.149768236000057,35.47206089100007],[24.154634817000044,35.467625473000055],[24.15600420100003,35.46637741200004],[24.17278179500005,35.45395993400007],[24.187238773000047,35.449416908000046],[24.18991120100003,35.45148451000006],[24.201831069000036,35.450793264000026],[24.205570213000044,35.45714833000005],[24.20860717200003,35.46230996000003],[24.216762608000067,35.461558644000036],[24.217811013000073,35.46145675200006],[24.221239832000037,35.461123515000054],[24.226620998000044,35.464557623000076],[24.240062229000046,35.473135435000074],[24.258830961000058,35.450831924000056],[24.25905509300003,35.43880453700007],[24.257585926000047,35.43689767400008],[24.255203445000063,35.43380539800006],[24.25646336500006,35.428712604000054],[24.25794863400006,35.42781561500004],[24.262408551000078,35.42512216600005],[24.26180363000003,35.39508465000006],[24.259567295000068,35.38728496700003],[24.257428495000056,35.379825459000074],[24.26008558600006,35.37430716400007],[24.260979142000053,35.37245141000005],[24.261912515000063,35.370512965000046],[24.260577867000052,35.36720206000007],[24.25948173200004,35.36448284100004],[24.266897275000076,35.36242135700007],[24.28905309000004,35.35626215100007],[24.29119868600003,35.35543445600007],[24.29537200900006,35.35460634400005],[24.301662459000056,35.354122020000034],[24.30725768800005,35.35401244500002],[24.310622917000046,35.353946456000074],[24.312589712000033,35.35348168000007],[24.315520927000023,35.35326415900005],[24.317410809000023,35.35377496600006],[24.333960886000057,35.352592360000074],[24.347048594000057,35.35165716300003],[24.357547483000076,35.35225636800004],[24.368673277000028,35.35841400500004],[24.375199854000073,35.362026178000065],[24.388143144000026,35.36097094300004],[24.394488927000054,35.36242135700007],[24.401404220000074,35.36400194000004],[24.40559606200003,35.36242135700007],[24.407020473000046,35.36188426600006],[24.410151622000058,35.360703630000046],[24.412080006000053,35.36234213300003],[24.412173246000066,35.36242135700007],[24.417804483000054,35.367206088000046],[24.44069323000008,35.36824470400006],[24.445727927000064,35.370292464000045],[24.45184514600004,35.36668012400003],[24.456553040000074,35.36636675700004],[24.463647482000056,35.36589453600004],[24.464787708000074,35.367111960000045],[24.46978857700003,35.37245141000005],[24.47307881100005,35.37245141000005],[24.48067416400005,35.36854961800003],[24.48336622900007,35.36716668300005],[24.53113653400004,35.37245141000005],[24.53510483900004,35.37289041500003],[24.55410604000008,35.37655840200006],[24.577093277000074,35.381999165000025],[24.589334662000056,35.38551353400004],[24.602353967000056,35.38948434800005],[24.622127471000056,35.40091243300003],[24.643638751000026,35.41334486400007],[24.644688348000045,35.41299187900006],[24.647142452000026,35.41216655200003],[24.647032013000057,35.41424671400006],[24.64688963800006,35.41692840300004],[24.65152880000005,35.419674231000045],[24.65924398900006,35.419509334000054],[24.691351578000024,35.41882309600004],[24.696701933000043,35.42350294200003],[24.69893663600004,35.425457591000054],[24.706387375000077,35.42604682600006],[24.73348792300004,35.425389351000035],[24.736996874000056,35.422685698000066],[24.74039569300004,35.42006690300008],[24.751596853000024,35.420890427000074],[24.758463274000064,35.42139525600004],[24.765630524000073,35.41916479100007],[24.77019255600004,35.417745076000074],[24.782978547000027,35.419891360000065],[24.785427450000043,35.41772254000006],[24.784570046000056,35.41211728900004],[24.784194984000067,35.40966533400007],[24.787556063000068,35.40742809100004],[24.793758997000054,35.409655255000075],[24.795883206000042,35.410417953000035],[24.81194497200005,35.40905218800003],[24.817325863000065,35.40859464000005],[24.81809030000005,35.40884840200005],[24.82275399400004,35.410396562000074],[24.827866208000046,35.41331405600005],[24.830768034000073,35.408742920000066],[24.831593226000052,35.408400630000074],[24.835792063000042,35.40665895300003],[24.85262251000006,35.41050301300004],[24.872427306000077,35.41035293700003],[24.87621275600003,35.41556273200007],[24.876090909000027,35.41828735100006],[24.87599321600004,35.42047185200005],[24.88590935800005,35.422103813000035],[24.889688592000027,35.41946117100008],[24.894443926000065,35.416135988000065],[24.909188064000034,35.41173864700005],[24.918718128000023,35.40412603600004],[24.92567729500007,35.40767217400003],[24.92637322400003,35.40802679400008],[24.92800350500005,35.406910166000046],[24.954011110000067,35.40485078100005],[24.958376931000032,35.404505080000035],[24.963230791000058,35.40931214500006],[24.966046851000044,35.417865377000055],[24.969295228000078,35.42773168900004],[24.98085139500006,35.42032364200003],[24.990388130000042,35.41421014600007],[24.99524951500007,35.416946293000024],[25.00200912500003,35.42075082400004],[25.018327717000034,35.419748662000075],[25.01877606100004,35.41252334700005],[25.019196025000042,35.405755397000064],[25.026857608000057,35.400161913000034],[25.03362390700005,35.40124534700004],[25.04471779800008,35.40302172400004],[25.044079688000068,35.399152643000036],[25.04375925000005,35.397209718000056],[25.04469938400007,35.39630200400006],[25.048133345000053,35.39298646100008],[25.043941966000034,35.38867022100004],[25.04068372100005,35.38531491500004],[25.038064035000048,35.37245141000005],[25.040752775000044,35.36242135700007],[25.044467143000077,35.348565310000026],[25.04974317600005,35.34336980900008],[25.06428127500004,35.34008389200005],[25.066083755000022,35.33948133000007],[25.069868014000065,35.339405148000026],[25.071866774000057,35.33898143300007],[25.075804111000025,35.33868401800004],[25.09656159800005,35.338497016000076],[25.100873765000074,35.338897487000054],[25.153553226000042,35.34323881300003],[25.155469066000023,35.34485742700008],[25.156902538000054,35.34606850800003],[25.183841793000056,35.34516317200007],[25.191694693000045,35.34113664000006],[25.192118137000023,35.337643668000055],[25.192565504000072,35.333953361000056],[25.199249655000074,35.332588024000074],[25.208499807000067,35.33337447500003],[25.223517568000034,35.33465129000007],[25.232018003000064,35.332357570000056],[25.235468739000055,35.33142643800005],[25.23753410200004,35.332119058000046],[25.24309544500005,35.333984058000055],[25.254466499000046,35.332872569000074],[25.25602288600004,35.332720436000045],[25.258742867000024,35.333086458000025],[25.277864140000077,35.33565956500007],[25.290746098000056,35.334687150000036],[25.292516482000053,35.334553509000045],[25.33168200500006,35.33632319800006],[25.343451577000053,35.33732329600008],[25.371139369000048,35.339676017000045],[25.386478597000064,35.33712925700007],[25.39057608400003,35.32662260400008],[25.393870581000044,35.318174955000075],[25.40606499200004,35.30902386300005],[25.420402358000047,35.30379595900007],[25.42431827300004,35.302368080000065],[25.42528862200004,35.30005640400003],[25.42721885000003,35.295457991000035],[25.441709283000023,35.29232867600007],[25.471870600000045,35.29580443200007],[25.490698016000067,35.29833177300003],[25.514149392000036,35.30863318000007],[25.517780849000076,35.30919838500006],[25.527898039000036,35.31077304000007],[25.539481119000072,35.31790531900003],[25.544980535000036,35.32129158300006],[25.550593813000035,35.321411486000045],[25.573842419000073,35.32190809000008],[25.58404474500003,35.32911500600005],[25.587520081000036,35.33156997900005],[25.589279430000033,35.33281278100003],[25.597359916000073,35.332181397000056],[25.598110749000057,35.33212272900005],[25.60370927200006,35.333643610000024],[25.608605848000025,35.33497380100005],[25.622237964000078,35.33867706700005],[25.630620773000032,35.33984114300006],[25.64716280300007,35.34213824500006],[25.65441415300006,35.34532059400004],[25.661043137000036,35.34822980900003],[25.67531990300006,35.342550552000034],[25.683735046000038,35.33920303200006],[25.69923563900005,35.336520816000075],[25.70519980100005,35.337394164000045],[25.71703821600005,35.33912769500006],[25.729922776000024,35.339073101000054],[25.740896688000078,35.33776003300005],[25.752707318000034,35.33634684800006],[25.75606973300006,35.33791554600003],[25.76149363500008,35.34044600900006],[25.771063768000033,35.340046537000035],[25.763855394000075,35.32181921100005],[25.748175133000075,35.31148111600004],[25.742290731000026,35.30936201600008],[25.729189835000057,35.30464409900003],[25.728488883000068,35.299026506000075],[25.72914219100005,35.294870599000035],[25.729916868000032,35.289942618000055],[25.726880143000074,35.28486039300003],[25.724779005000073,35.28134395400008],[25.722109230000058,35.26363136300006],[25.726642609000066,35.26102308600008],[25.73053126800005,35.25878574800004],[25.73490399800005,35.259021207000046],[25.735750753000048,35.25906680200006],[25.74077432400003,35.26760964400006],[25.737482611000075,35.27292344400007],[25.741952366000078,35.27909680600004],[25.73699629200007,35.28156440600003],[25.73684158900005,35.28164143200007],[25.737193707000074,35.28369143200007],[25.738230274000045,35.289726236000035],[25.738658904000033,35.29222168600006],[25.741822914000068,35.29465036300007],[25.747306811000044,35.293417727000076],[25.750055409000026,35.29279991400006],[25.750435155000048,35.29246986600003],[25.75829000600004,35.28564298500004],[25.75199260100004,35.27919893700005],[25.749094917000036,35.276233776000026],[25.75237916100008,35.27590507800005],[25.75693036000007,35.27544957900005],[25.753632546000063,35.265225041000065],[25.75230323100004,35.26110363400005],[25.754280795000057,35.25970134000005],[25.758977177000077,35.25637112900006],[25.758423469000036,35.250453658000026],[25.756427751000047,35.250453658000026],[25.75529918600006,35.25102368000006],[25.74337728200004,35.25704526200008],[25.73680188900005,35.25604787800006],[25.73482053600003,35.25574733800005],[25.730931045000034,35.250453658000026],[25.731016209000074,35.24999301100007],[25.731599411000047,35.24683851700007],[25.73228682200005,35.24312036300006],[25.73411129300007,35.240384006000056],[25.738740893000056,35.23344048900003],[25.731674072000033,35.226248242000054],[25.723183257000073,35.22243941600004],[25.714638179000076,35.21860625000005],[25.71377517700006,35.21198371100007],[25.716071656000054,35.208424611000055],[25.71925058200003,35.20349788800007],[25.71481146900004,35.19802798000006],[25.71465377900006,35.19783367300005],[25.714771667000036,35.19769960900004],[25.721762478000073,35.189749541000026],[25.715347699000063,35.186380134000046],[25.712896142000034,35.18222639500004],[25.709922191000032,35.17718755300007],[25.714379492000035,35.16430064000008],[25.718583100000046,35.15823421500005],[25.72390678000005,35.150551363000034],[25.729182792000074,35.14789415900003],[25.727184994000027,35.13774571000005],[25.72636176700007,35.13356386600003],[25.733355423000035,35.128168661000075],[25.73822965000005,35.13095813000007],[25.739980772000024,35.131960279000054],[25.741815393000024,35.12992860400004],[25.744578835000027,35.12686834400006],[25.746788045000073,35.128500873000064],[25.74927586000007,35.13033928100003],[25.75398189200007,35.12670312900008],[25.75980326000007,35.129133109000065],[25.772856881000052,35.121016077000036],[25.772983517000057,35.12093733200004],[25.773161264000066,35.120928684000035],[25.78150746600005,35.12052260200005],[25.785148563000064,35.11748693100003],[25.788523294000072,35.11467333600007],[25.81053784900007,35.10988958200005],[25.81532106900005,35.111286032000066],[25.825253102000033,35.11982674700005],[25.83215945300003,35.13058867600006],[25.836645786000076,35.13757957400003],[25.837639230000036,35.13800097300003],[25.842736831000025,35.14016327300004],[25.845465085000058,35.14789415900003],[25.845932728000037,35.149219291000065],[25.84815847400006,35.15552625000004],[25.856937911000045,35.15910376100004],[25.859810131000074,35.15626236400004],[25.86308810400004,35.15301956900004],[25.86934243500008,35.157698941000035],[25.869441988000062,35.15777342500007],[25.87435566000005,35.158454465000034],[25.877632283000025,35.15890860900004],[25.886001329000067,35.17009858900008],[25.894477934000065,35.172489890000065],[25.892542641000034,35.178228517000036],[25.89181379400003,35.18038972900007],[25.895311135000043,35.185987142000045],[25.89827562200003,35.184173420000036],[25.900729100000035,35.182672342000046],[25.90261620700005,35.18380913400006],[25.904399829000056,35.18488358700006],[25.905595465000033,35.183559098000046],[25.907768960000055,35.18115136700004],[25.91647670100008,35.179636078000044],[25.925733826000055,35.18022186800005],[25.935038898000073,35.18052843600003],[25.952344228000072,35.18459666700005],[25.95453872400003,35.190189399000076],[25.955818759000067,35.191710396000076],[25.962899762000063,35.20012437300005],[25.96910339200008,35.199920693000024],[25.97365065100007,35.19608677700006],[25.974384517000033,35.19546803500003],[25.98006343800006,35.196341473000075],[25.994049763000078,35.19870045000005],[26.00324357900007,35.20349788800007],[26.005133622000074,35.20448413400004],[26.00511070700003,35.20865542000007],[26.00508645000008,35.213071021000076],[26.02521000400003,35.228787691000036],[26.034541942000033,35.23052766700005],[26.037798233000046,35.22786692600005],[26.043365270000038,35.226866666000035],[26.050494898000068,35.22558564600007],[26.051469404000045,35.226542607000056],[26.061371946000065,35.236266863000026],[26.064655861000062,35.23462862400004],[26.060288293000042,35.23001011100007],[26.062773418000063,35.22609059500007],[26.064094761000035,35.22400658400005],[26.069515109000065,35.220854906000056],[26.07813458000004,35.22208036200004],[26.081341653000038,35.219612133000055],[26.09008921800006,35.22079330200006],[26.09844009400007,35.224664397000026],[26.105833537000024,35.22809166800005],[26.111515247000057,35.22805221300007],[26.11632243200006,35.223733293000066],[26.111436301000026,35.21516635800003],[26.108145903000036,35.20939724800007],[26.109494045000076,35.20600252500003],[26.116442120000045,35.20349788800007],[26.135314423000068,35.19669481200003],[26.151371780000034,35.196730735000074],[26.164552830000048,35.20126333300004],[26.168418850000023,35.20349788800007],[26.184848766000073,35.212994362000074],[26.186248920000025,35.21866993300006],[26.184384213000044,35.22207466200007],[26.182831742000076,35.224909285000024],[26.190150336000045,35.226407177000056],[26.19842309200004,35.22810035700007],[26.207116296000038,35.23658516900008],[26.206877475000056,35.23897551300007],[26.20658574400005,35.241895432000035],[26.20957967000004,35.24100587200007],[26.214252069000054,35.23961760200007],[26.21999692600008,35.24683851700007],[26.225441525000065,35.253682026000035],[26.224694627000076,35.25588354800004],[26.221925974000044,35.264044297000055],[26.233427595000023,35.26911033400006],[26.236116781000078,35.27029482100005],[26.234969050000075,35.271444992000056],[26.231472005000057,35.274949469000035],[26.233499179000034,35.278174927000066],[26.24514257000004,35.281842751000056],[26.246352933000026,35.27850422000006],[26.247818007000035,35.27446312100005],[26.254890732000035,35.27339398400005],[26.260891146000063,35.28066162400006],[26.287080322000065,35.286190315000056],[26.287651037000046,35.28993494100007],[26.279562987000077,35.291630188000056],[26.277579306000064,35.29204596500006],[26.27552540100004,35.29577508600005],[26.28368353700006,35.297772500000065],[26.29962080400003,35.30167453300004],[26.297125227000038,35.30433782500006],[26.28847846900004,35.304920081000034],[26.284532373000047,35.305185804000075],[26.284833049000042,35.30844887100005],[26.29060925300007,35.31230480000005],[26.311592956000027,35.316106191000074],[26.31193487200005,35.30607237100003],[26.303397052000037,35.30231796400005],[26.306800484000064,35.29454413600007],[26.298740370000075,35.29203552600006],[26.296111420000045,35.29121729800005],[26.29377080000006,35.28728532700006],[26.28719816800003,35.27624406100006],[26.280871399000034,35.27495533900003],[26.273608547000038,35.27347594300005],[26.26563796000005,35.26844193100004],[26.265420377000055,35.253682026000035],[26.269444847000045,35.25068157900006],[26.27015890200005,35.24795862700006],[26.270452635000026,35.24683851700007],[26.27664832100004,35.223212115000024],[26.273707341000033,35.218690768000044],[26.268593046000035,35.210828251000066],[26.271986527000024,35.205499359000044],[26.27591200100005,35.20349788800007],[26.278692543000034,35.20208018000005],[26.279624599000044,35.19569192600005],[26.30239898600007,35.18746199200007],[26.305897626000046,35.19076666900003],[26.31320153400003,35.19766565100008],[26.317422719000035,35.19492881600007],[26.317280624000034,35.18150301600008],[26.313722797000025,35.17739972100003],[26.302227746000028,35.17150580800006],[26.294613492000053,35.17219095000007],[26.29152599400004,35.172468768000044],[26.28026399600003,35.16656880600004],[26.28128262900003,35.15584885100003],[26.277043140000046,35.149885776000076],[26.278133789000037,35.14789415900003],[26.281164579000063,35.14235968300005],[26.28515039900003,35.13508124100008],[26.280935423000074,35.12425690400005],[26.28157595500005,35.113808145000064],[26.274476863000075,35.10531471300004],[26.27271567500003,35.10320760800005],[26.26531218100007,35.09899111500005],[26.26762848900006,35.09417911000003],[26.270945443000073,35.08728831900004],[26.25988241600004,35.07729847300004],[26.251429681000047,35.06783949800007],[26.243934711000065,35.05945230400005],[26.243675428000074,35.05523091600003],[26.243581638000023,35.05370392100008],[26.241466543000058,35.05053982900006],[26.230461785000045,35.034077178000075],[26.223433415000045,35.03465538100005],[26.218271706000053,35.035080020000066],[26.210988864000058,35.02914423800007],[26.210551758000065,35.02753962500003],[26.209281873000066,35.02287788900003],[26.201112958000067,35.022325684000066],[26.197209100000066,35.022061790000066],[26.19410117700005,35.01845241500007],[26.19057110500006,35.014352779000035],[26.184616637000033,35.01496449000007],[26.175610230000075,35.01588973100007],[26.15338369400007,35.011524130000055],[26.142996593000078,35.00771276200004],[26.14083856700006,35.00468706200007],[26.138269467000043,35.00108500700003],[26.12002226000004,34.99919166400008],[26.111341061000076,34.99586068100007],[26.095937153000023,34.99731645400004],[26.093971958000054,35.00056866400007],[26.095439748000047,35.00484521800007],[26.09612655600006,35.00684630300003],[26.09225032300003,35.01262219000006],[26.081924395000044,35.018340909000074],[26.066641445000073,35.02182220200007],[26.035556719000056,35.01856460700003],[26.030374352000024,35.016476443000045],[26.024275388000035,35.01401894800006],[26.018834724000044,35.018658937000055],[26.016967242000078,35.02025159200008],[26.01507459000004,35.02028188300005],[26.00181772800005,35.020494056000075],[25.996176185000024,35.028438797000035],[25.99246314100003,35.033667715000036],[25.97645983900003,35.03896150800006],[25.97137323800007,35.03697022700004],[25.962461664000045,35.03348156100003],[25.95369826800004,35.031172189000074],[25.943559376000053,35.03276196100006],[25.933823957000072,35.03428846800006],[25.917804213000068,35.03179298900005],[25.90885127000007,35.02925087800003],[25.876260771000034,35.021995392000065],[25.873463010000023,35.02024544000005],[25.871342850000076,35.01891931600005],[25.86669432000008,35.01819112800007],[25.844340816000056,35.01468947500007],[25.820086650000064,35.004045603000066],[25.81053784900007,34.99985513900003],[25.801917590000073,34.99964866800008],[25.772866832000034,35.000119991000076],[25.756260722000036,35.00594979300007],[25.74662530300003,35.00933243800006],[25.742705584000078,35.00742966100006],[25.735781521000035,35.004068464000056],[25.70335256000004,35.011725987000034],[25.694106799000053,35.013909209000076],[25.675770465000028,35.01193400600005],[25.668362170000023,35.00786676800004],[25.662656656000024,35.004734375000055],[25.65092215800007,35.005195499000024],[25.641370019000078,35.00557086400005],[25.608605848000025,35.006284003000076],[25.596206825000024,35.006553878000034],[25.587520081000036,35.00351208100005],[25.56893340000005,34.997003670000026],[25.564802076000035,34.99706258200007],[25.56230163200007,34.99636460200003],[25.55990581800006,34.996467704000054],[25.557850121000058,34.995971421000036],[25.555185608000045,34.994930159000035],[25.55442595900007,34.99312213700006],[25.550567783000076,34.99075679600003],[25.54320368200007,34.98874891000003],[25.53947882600005,34.989159709000035],[25.52392743300004,34.99087480800006],[25.508128197000076,34.984644435000064],[25.501786799000058,34.98214372700005],[25.486901843000055,34.98313937300003],[25.482563282000058,34.98507577500004],[25.478963032000024,34.986682651000024],[25.473219027000027,34.98788443900003],[25.456144605000077,34.99060008600003],[25.445603593000044,34.989387710000074],[25.434461406000025,34.98810619000005],[25.416552245000048,34.986621393000064],[25.409000940000055,34.98902069600007],[25.395050748000074,34.99528550300005],[25.394303782000065,34.99562095400006],[25.378375763000065,34.998089926000034],[25.34830340900004,34.98841414900005],[25.329607279000072,34.982398671000055],[25.309280302000047,34.982544235000034],[25.304533741000057,34.98365095200006],[25.294805921000034,34.985919110000054],[25.285388975000046,34.98455854900004],[25.279937648000043,34.982872877000034],[25.275749604000055,34.976952306000044],[25.269158943000036,34.96763519500007],[25.258989480000025,34.965842714000075],[25.247196776000067,34.95793640200003],[25.23952540600004,34.957465194000065],[25.235050018000038,34.95719029700007],[25.21241582500005,34.951014601000054],[25.19348481000003,34.94584931000003],[25.18716822300007,34.94772191800007],[25.18698395000007,34.949274450000075],[25.186482368000043,34.95350035700005],[25.176607389000026,34.95223765800006],[25.163539796000066,34.955246061000025],[25.156120480000027,34.953614053000024],[25.151937618000034,34.95269396000003],[25.14741907900003,34.95278455000005],[25.136334264000027,34.95300678500007],[25.123432680000064,34.947571141000026],[25.11066416400007,34.93974465900004],[25.104046210000035,34.93568817400006],[25.096428479000053,34.93350427200005],[25.091355773000032,34.93752236900008],[25.090795573000037,34.937966104000054],[25.089498003000074,34.93767623900004],[25.085409036000044,34.93676280400007],[25.067312311000023,34.939513774000034],[25.058824526000024,34.94080404300007],[25.05798405200005,34.94028638900005],[25.055420549000075,34.93870751000003],[25.04817328200005,34.94100399200005],[25.045216527000036,34.94194091500003],[25.041888810000046,34.94008807500006],[25.029200483000068,34.933023339000044],[25.02080021300003,34.93532779100008],[25.015186589000052,34.92907080400005],[25.003501936000077,34.93261327500005],[24.99432255100004,34.93315563300007],[24.98045372200005,34.93397506400004],[24.96752239600005,34.931966759000034],[24.96595246100003,34.929020895000065],[24.964293749000035,34.925908449000076],[24.957282817000078,34.926470005000056],[24.954656684000042,34.92926741800005],[24.954011110000067,34.92995509700006],[24.95115330400006,34.932999292000034],[24.934450620000064,34.93111883500006],[24.924582893000036,34.930007886000055],[24.919836039000074,34.92610575700007],[24.904691642000046,34.931976520000035],[24.89568722200005,34.93078581700007],[24.89164197300005,34.929514039000026],[24.87824395100006,34.93558657800003],[24.865819990000034,34.93740724000003],[24.847725973000024,34.94005881700008],[24.811522361000073,34.93613528100008],[24.803906082000026,34.930641200000025],[24.802878817000078,34.927822753000044],[24.80049598000005,34.921285101000024],[24.796174758000063,34.92457751200004],[24.77616960100005,34.92332365100003],[24.77268396000005,34.92587416300006],[24.770265653000024,34.92764368600007],[24.76563052100005,34.926312008000025],[24.756005595000033,34.923546757000054],[24.734159308000073,34.923453377000044],[24.733610931000044,34.931661433000045],[24.74243828500005,34.93696670800006],[24.746657938000055,34.939502736000065],[24.75312477400007,34.94878341300006],[24.750015365000024,34.956402024000056],[24.746848963000048,34.964160278000065],[24.748917464000044,34.96995023000005],[24.75001915400003,34.97303397700006],[24.749956284000064,34.98500245100007],[24.747475860000065,34.98773976000007],[24.745468259000063,34.989955278000025],[24.746484327000076,35.00058558100005],[24.748806608000052,35.004843641000036],[24.751153203000058,35.00576567200005],[24.759483682000052,35.00903890700005],[24.759196876000033,35.02727843900004],[24.757639132000065,35.034981182000024],[24.752634666000063,35.05053982900006],[24.745840706000024,35.07166193000006],[24.739135849000036,35.08164060900003],[24.722516918000053,35.09254457500003],[24.708605894000073,35.09297733400007],[24.706371456000056,35.09371754000006],[24.693933643000037,35.09783783300003],[24.68753353900007,35.09508611100006],[24.686833254000078,35.09478502400003],[24.682710548000045,35.09543650000006],[24.665860957000064,35.098099099000024],[24.65743582700003,35.097272704000034],[24.640354889000037,35.09559728800008],[24.623103229000037,35.09852306400006],[24.60596354200004,35.100335725000036],[24.586733495000033,35.09780916700004],[24.57703066700003,35.10311412500005],[24.573389493000036,35.10510491300005],[24.56757420200006,35.103801135000026],[24.56036969200005,35.10218589700003],[24.556574282000042,35.10965261100006],[24.556325752000078,35.110141543000054],[24.539795342000048,35.12676980200007],[24.52922642300007,35.138168585000074],[24.517285151000067,35.14456017300006],[24.477787096000043,35.15372118800008],[24.469913912000038,35.15121670700006],[24.46346501100004,35.149165296000035],[24.452764638000076,35.151973858000076],[24.44069323000008,35.15625977800005],[24.420700771000043,35.165052985000045],[24.420558826000047,35.16530515100004],[24.415339059000075,35.17457810700006],[24.40536136700007,35.17192194100005],[24.404890040000055,35.17179646900007],[24.394110615000045,35.173912546000054],[24.393317051000054,35.17794642600006],[24.39507739800007,35.179140887000074],[24.399383218000025,35.182062546000054],[24.394352087000073,35.190773139000044],[24.381924296000022,35.194583109000064],[24.363558091000073,35.19181433000006],[24.35671019700004,35.186051054000075],[24.35285143300007,35.18280346800003],[24.34309153600003,35.184994549000066],[24.333960886000057,35.18704436500008],[24.323505260000047,35.18939163500005],[24.306450058000053,35.185914370000035],[24.287523305000036,35.176006536000045],[24.248279957000022,35.18345741600007],[24.23970277500007,35.182101128000056],[24.23564557000003,35.18145957200005],[24.23058560100003,35.18194837100003],[24.220020315000056,35.188449400000025],[24.212889449000045,35.192837163000036],[24.20022937500005,35.20042544700004],[24.190801703000034,35.200328840000054],[24.183248224000067,35.19935801400004],[24.178306706000058,35.19872289600005],[24.15010326500004,35.19271575100004],[24.139857751000022,35.19526182800007],[24.137234362000072,35.198234426000056],[24.133770172000027,35.20215974800004],[24.12398177600005,35.20291133300003],[24.102052984000068,35.19912615100003],[24.086852907000036,35.20281008500007],[24.08004197300005,35.19995516800003],[24.07720555700007,35.196768614000064],[24.073969160000047,35.19313270500004],[24.071858736000024,35.19663805300007],[24.06975519200006,35.200131973000055],[24.062916621000056,35.19986391900005],[24.05889270600005,35.196321443000045],[24.05826224300006,35.19576641100008],[24.043341430000055,35.194388513000035],[24.026261373000068,35.19722602000007],[24.01502150400006,35.20380799700007],[24.01351655700006,35.20576370600003],[24.00770342800007,35.21331798500006],[24.00055542000007,35.22260696700005],[23.991470331000073,35.22823581200004],[23.97818082200007,35.23134258700003],[23.963750713000024,35.22876735700004],[23.953878668000073,35.22940530200003],[23.946261336000077,35.22546073800004],[23.945537328000057,35.225085817000036],[23.942291762000025,35.22460965100004],[23.93186279400004,35.22307958600004],[23.92328109500005,35.22182053900008],[23.914827326000022,35.22537311600007],[23.883495648000064,35.238539813000045],[23.87209513600004,35.23669081500003],[23.869268815000055,35.23623242600007],[23.85871179700007,35.240235416000075],[23.845235185000035,35.24534545300003],[23.82556266200004,35.24899018700006],[23.806675969000025,35.246770420000075],[23.798238423000043,35.23913988400005],[23.78767349800006,35.23957863500004],[23.785984920000033,35.23493963000004],[23.785188197000025,35.23275080600007],[23.78001828300006,35.233113494000065],[23.776344863000077,35.23337119800004],[23.77280503700007,35.23171134200004],[23.76971545200007,35.23026260700004],[23.764802144000043,35.229922206000026],[23.76178018300004,35.23497458600008],[23.760332437000045,35.23739505400005],[23.751528203000078,35.24054214100005],[23.746952922000048,35.23936330300006],[23.742014918000052,35.238091008000026],[23.73851670600004,35.23881694700003],[23.730686243000036,35.24044190300003],[23.71863072900004,35.23773520100008],[23.704670106000037,35.23975069100004],[23.693440579000026,35.23614618300007],[23.68665341800005,35.23396760700007],[23.684639358000027,35.231500796000034],[23.679134076000025,35.22475795100007],[23.676597901000036,35.22548852800003],[23.678026964000026,35.230226910000056],[23.676940735000073,35.23180892900007],[23.675859950000074,35.23338301900003],[23.664161086000036,35.238226859000065],[23.649711812000078,35.23671074900005],[23.64221401700007,35.23592403200007],[23.636285831000066,35.22983216400007],[23.633684323000068,35.233437656000035],[23.606580563000023,35.23198706900007],[23.599532646000057,35.23499435300005],[23.59640290300007,35.236329787000045],[23.59338916200005,35.23478421300007],[23.588784390000058,35.23242269100007],[23.576450813000065,35.24039763700006],[23.574750255000026,35.24780962900007],[23.575901385000066,35.249993009000036],[23.579889387000037,35.25755716300006],[23.574768223000035,35.264198847000046],[23.557717128000036,35.26786419100006],[23.542118215000073,35.271217370000045],[23.53197811000007,35.28371810500005],[23.529517198000065,35.28675192000003],[23.52888540300006,35.28695569700005],[23.51694110300008,35.29080817700003],[23.519541177000065,35.29623622400004],[23.519229352000025,35.297064110000065],[23.518109123000045,35.30003829000003],[23.516538,35.30420957900003],[23.525336338000045,35.312762521000025],[23.537479287000053,35.31833971700007],[23.54672866100003,35.32258790800006],[23.546233226000027,35.328923830000065],[23.540957013000025,35.330843436000066],[23.53830971600007,35.33180658300006],[23.532268828000042,35.33829864100005],[23.534785473000056,35.34364276600007],[23.537679671000035,35.349788629000045],[23.534635855000033,35.355745099000046],[23.53122422000007,35.36242135700007],[23.53445301200003,35.370534891000034],[23.535215694000044,35.37245141000005],[23.536855397000068,35.376571769000066],[23.534349047000035,35.37894447300005],[23.53131733400005,35.38181452600003],[23.537245684000027,35.38550856400008],[23.543136595000078,35.389179273000025],[23.549833801000034,35.39648137900008],[23.54763625000004,35.40051131800004],[23.543817945000058,35.40751344900008],[23.55278030000005,35.41279959000008],[23.55305843600007,35.41596214300006],[23.559037509000063,35.416973392000045],[23.561710520000076,35.417425483000045],[23.567179510000074,35.42564106800006],[23.56848916100006,35.43380539800006],[23.568544443000064,35.44610296900004],[23.559750439000027,35.448641991000045],[23.558217252000077,35.449084656000025],[23.553618810000046,35.46231093600005],[23.556283515000075,35.46982148400008],[23.561747669000056,35.470744608000075],[23.562817775000042,35.47092539300007],[23.563442163000047,35.472897911000075],[23.56492256200005,35.477574670000024],[23.56970285700004,35.480853781000064],[23.578304239000033,35.486754021000024],[23.57803308900003,35.501234397000076],[23.574757325000064,35.50397209100004],[23.565804383000057,35.51145444300005],[23.57195566400003,35.51692373100008],[23.572378526000023,35.51729971100008],[23.571430160000034,35.51935305200004],[23.568194147000042,35.52635945800006],[23.57024325900005,35.536575182000036],[23.575334659000077,35.54318231700006],[23.575273679000077,35.550628549000066],[23.58131196900007,35.55880126400007],[23.58468595100004,35.56336788700003],[23.584330394000062,35.56680981000005],[23.583482896000078,35.57501390400006],[23.583941968000033,35.575604197000075],[23.591660603000037,35.58552913400007],[23.595838151000066,35.60056910600008],[23.59891211200005,35.611635954000064],[23.596071175000077,35.62349868500007],[23.597887424000078,35.62549936800008],[23.608606184000053,35.60312272800007],[23.60579240000004,35.596760165000035],[23.603109148000044,35.59069276400004],[23.606020410000042,35.57047323100005],[23.611658567000063,35.56178765800007],[23.612194456000054,35.560962122000035],[23.612213481000026,35.558479411000064],[23.612485941000045,35.52292366800003],[23.624002302000065,35.51658959800005],[23.625514054000064,35.516404188000024],[23.63761916800007,35.51491955000006],[23.638585814000066,35.50967551900004],[23.63878154500003,35.50861368000005],[23.644711715000028,35.50222241600005],[23.66907910900005,35.49978355200005],[23.67560759400004,35.49987788000004],[23.684327820000078,35.500721173000045],[23.693440579000026,35.502683045000026],[23.71661221000005,35.50767162900007],[23.718038684000078,35.50918771700003],[23.722383018000073,35.517647227000054],[23.723316276000048,35.53367951700005],[23.72789285600004,35.54444855300005],[23.726657145000047,35.54815006800004],[23.724767643000064,35.55380998600003],[23.724680329000023,35.55481597700003],[23.72322549000006,35.57157803900003],[23.719733761000043,35.57714626600006],[23.712413126000058,35.590596481000034],[23.70895732500003,35.59694583000004],[23.708726702000035,35.608154882000065],[23.70916370900005,35.60881595300003],[23.71551332200005,35.618421168000054],[23.709592542000053,35.62653830100004],[23.70992911600007,35.63226840200008],[23.707772610000063,35.63668103200007],[23.70573360800006,35.640853227000036],[23.709213607000038,35.65971987700004],[23.713179757000034,35.66351945100007],[23.716241851000063,35.66645293900007],[23.718016748000025,35.670827658000064],[23.719733761000043,35.67505970700006],[23.723450032000073,35.67612803800006],[23.725432329000057,35.676697896000064],[23.728420150000034,35.68097658100004],[23.73706144700003,35.69335127800008],[23.759665615000074,35.68083076400006],[23.772168687000033,35.66936715200006],[23.767332732000057,35.661775445000046],[23.76384992100003,35.65630796500005],[23.76283096900005,35.649154459000044],[23.765511051000033,35.64478588600008],[23.770922445000053,35.635965233000036],[23.768217195000034,35.63342112500004],[23.772130030000028,35.626025077000065],[23.775972611000043,35.60079213400007],[23.778354442000023,35.56338706400004],[23.77873856700006,35.55788893700003],[23.779556082000056,35.54618755400003],[23.799392864000026,35.53847431100007],[23.802868456000056,35.53752050200006],[23.80508997900006,35.53691084700006]]],[[[26.449369054000044,35.822611609000035],[26.45480732900006,35.826614318000054],[26.45807398000005,35.82532578200005],[26.453838877000067,35.82092330200004],[26.449369054000044,35.822611609000035]]],[[[27.197062478000078,35.575483632000044],[27.202522189000035,35.57389626100007],[27.203159277000054,35.568180881000046],[27.204277497000078,35.55814921100006],[27.213401587000078,35.550458287000026],[27.218489240000054,35.546169777000046],[27.20972377700008,35.53422710900003],[27.204931806000047,35.53239257000007],[27.200553584000033,35.53071642900005],[27.198871492000023,35.51998512200004],[27.20703382000005,35.50946572300006],[27.213195986000073,35.50845537200007],[27.218548516000055,35.51050666500004],[27.221026675000076,35.511456390000035],[27.229368617000034,35.50855579700004],[27.237880844000074,35.50366944800004],[27.24154143800007,35.49633912100006],[27.229606859000057,35.47440486600004],[27.225619059000053,35.474691137000036],[27.222848013000032,35.477846087000046],[27.219634679000023,35.48150459900006],[27.209045590000073,35.481594133000044],[27.198483890000034,35.47776410300003],[27.196195988000056,35.472951167000076],[27.19174604400007,35.46359006000006],[27.183843241000034,35.46433292100005],[27.182859912000026,35.46396556800005],[27.17403858600005,35.46067008600005],[27.16879090900005,35.45529648400003],[27.16760774200003,35.45114073600007],[27.167263453000032,35.44993145600006],[27.16667887400007,35.44959212200007],[27.16107908600003,35.44634158300005],[27.157818681000037,35.44114628600005],[27.153933377000044,35.424332648000075],[27.161595636000072,35.424680747000025],[27.16646315400004,35.42490188000005],[27.169184269000027,35.42237725800004],[27.139266699000075,35.39845158400004],[27.136452571000063,35.40131115200006],[27.143600586000048,35.40922926300004],[27.140692801000057,35.41565990200007],[27.138827486000025,35.419785094000076],[27.127952082000036,35.42808435000006],[27.119112931000075,35.42651665400007],[27.11285085000003,35.42540602200006],[27.109806348000063,35.428163805000054],[27.102809817000036,35.43450143200005],[27.093157150000025,35.44050814900004],[27.082849444000033,35.44692248700005],[27.09346538500006,35.455592574000036],[27.10946186800004,35.468656976000034],[27.10856258800004,35.47572066400005],[27.116861106000044,35.479606697000065],[27.118435634000036,35.48681790400008],[27.11376804200006,35.49301539100003],[27.112997996000047,35.49403783400004],[27.11313037000008,35.49492716200007],[27.113922346000038,35.500247897000065],[27.108524215000045,35.50873664400007],[27.10588176600004,35.51289198600006],[27.10800877400004,35.520753685000045],[27.108930202000067,35.52415940100008],[27.10842406100005,35.52625447100007],[27.106194240000036,35.53548436900007],[27.10928135100005,35.537609932000066],[27.11124892400005,35.53896466100008],[27.11268997700006,35.54559263500005],[27.10126974800005,35.560308418000034],[27.092361200000028,35.559583135000025],[27.09074966700007,35.55945193300005],[27.088977059000058,35.56204994400008],[27.086805189000074,35.56523313300005],[27.07871024800005,35.569834084000036],[27.074974068000074,35.57195763000004],[27.07577968000004,35.57469946400005],[27.077643858000044,35.58104403900006],[27.068812698000045,35.587676431000034],[27.06253675800008,35.59695703800003],[27.062642115000074,35.59716897800007],[27.066687982000076,35.60530782300003],[27.07829645000004,35.610780712000064],[27.086148070000036,35.61448241000005],[27.08561943600006,35.61714818300004],[27.08478355400007,35.62136333500007],[27.10126974800005,35.63348808100005],[27.11052362600003,35.638802836000025],[27.12004593900008,35.64427176100003],[27.124744444000044,35.66289636000005],[27.121160626000062,35.66348292400005],[27.11857517900006,35.66390608200004],[27.117439278000063,35.666883735000056],[27.12363446100005,35.68111791700005],[27.13076453700006,35.68966327000004],[27.136402145000034,35.69641991000003],[27.13748006700007,35.69909246200007],[27.138068817000033,35.700552181000035],[27.142715933000034,35.71081520200005],[27.150380427000073,35.71720569400003],[27.159212695000065,35.72456985100007],[27.163441155000044,35.73158083900006],[27.162805879000075,35.74092872700004],[27.16174815900007,35.75649276200005],[27.165850602000035,35.79966081300006],[27.175763975000052,35.80577258400007],[27.18021886300005,35.80650149200005],[27.192591459000027,35.80852589600005],[27.207238174000054,35.819835494000074],[27.210262967000062,35.82452564700003],[27.212422158000038,35.82787362500005],[27.223983093000072,35.82827193800006],[27.230929781000043,35.82175979800007],[27.230628942000067,35.805195920000074],[27.22447125000008,35.79645233400004],[27.21470929000003,35.78259088200008],[27.21090665500003,35.77006946000006],[27.212915095000028,35.76028944400008],[27.215425653000068,35.74806438300004],[27.215692490000038,35.72965600500004],[27.20249655400005,35.712654378000025],[27.193103347000033,35.700552181000035],[27.19241928200006,35.697705005000046],[27.188663828000074,35.682074270000044],[27.17973911400003,35.67086810400008],[27.170503285000052,35.664642351000055],[27.169046682000044,35.663032358000066],[27.16162152800007,35.65482528500007],[27.161064501000055,35.64404560000003],[27.16050937700004,35.63330275000004],[27.15776642800006,35.63012821900003],[27.15711435000003,35.62937354200005],[27.15747499300005,35.628898407000065],[27.16147828800007,35.62362420200003],[27.154987061000043,35.618399698000076],[27.15117684300003,35.615333021000026],[27.155276850000064,35.60547991400006],[27.16571514900005,35.60208972300006],[27.177362884000047,35.59830672700008],[27.179857895000055,35.59470693600008],[27.17929749900003,35.59056168400008],[27.178840441000034,35.587180828000044],[27.188012816000025,35.57811475700004],[27.197062478000078,35.575483632000044]]],[[[26.460769264000078,35.82720978300006],[26.465564543000028,35.828531085000066],[26.469947310000066,35.823426331000064],[26.46662277100006,35.82300773600008],[26.460769264000078,35.82720978300006]]],[[[26.22036467500004,35.85389997900006],[26.220877452000025,35.857882819000054],[26.224175243000047,35.859280787000046],[26.225139397000078,35.853312422000045],[26.22036467500004,35.85389997900006]]],[[[26.228307391000044,35.86368550200007],[26.235144303000027,35.866698891000055],[26.24078795400004,35.86447588900006],[26.236066211000036,35.861434606000046],[26.228307391000044,35.86368550200007]]],[[[26.820650518000036,35.87434801100005],[26.82472613500005,35.87775988000004],[26.828654716000074,35.87613314600003],[26.82420355100004,35.87260241100006],[26.820650518000036,35.87434801100005]]],[[[27.748713690000045,35.88356737600003],[27.760156704000053,35.88846061600003],[27.770108741000058,35.88458871700004],[27.757625379000046,35.87610973400007],[27.751316960000054,35.87794391700004],[27.748713690000045,35.88356737600003]]],[[[26.824496629000066,35.884452174000046],[26.82408057400005,35.88056996700004],[26.817091857000037,35.881710111000075],[26.81548791800003,35.884452174000046],[26.81243905900004,35.88966444400006],[26.825430554000036,35.89316660000003],[26.824496629000066,35.884452174000046]]],[[[27.231795848000047,35.87596102800006],[27.23748733700006,35.86029543500007],[27.24055243600003,35.85185887500006],[27.23817481800006,35.83082622500007],[27.232555785000045,35.831141460000026],[27.23142571900007,35.83557818200006],[27.23040935100005,35.83956851800008],[27.22049544500004,35.83748451400004],[27.216128638000043,35.836566566000045],[27.207009302000074,35.83983661000008],[27.206958747000044,35.83985473800004],[27.202367001000027,35.841501263000055],[27.199412392000056,35.846974799000066],[27.19730551600003,35.85087787400005],[27.185679048000054,35.86047976000003],[27.18616310300007,35.86095286500006],[27.18919214500005,35.863913385000046],[27.19152549900008,35.86395390500007],[27.20045975200003,35.86410905200006],[27.20454759000006,35.87047670000004],[27.210122093000052,35.874361401000044],[27.21094868600005,35.87493742800007],[27.21472392000004,35.877568274000055],[27.215018548000046,35.884452174000046],[27.21505559700006,35.88531781000006],[27.215375187000063,35.89278497300006],[27.22003986900006,35.90071629600004],[27.229790566000077,35.90463512800005],[27.240072600000076,35.90140275600004],[27.237059230000057,35.892140023000024],[27.234558204000052,35.884452174000046],[27.231795848000047,35.87596102800006]]],[[[23.270499391000044,35.905843505000064],[23.275343375000034,35.90295589100003],[23.290065557000048,35.88416663500004],[23.290234419000058,35.88395112400008],[23.290359640000077,35.88410602600004],[23.296539451000058,35.89175058300003],[23.314500976000033,35.88381455000007],[23.31664118300006,35.87868953000003],[23.327199003000032,35.853407375000074],[23.327999223000063,35.83560293000005],[23.328438918000074,35.82581995100003],[23.323951690000058,35.82545476900003],[23.31716465200003,35.83463175000003],[23.300057680000066,35.845405579000044],[23.290796323000052,35.85123830500004],[23.278735981000068,35.87462033300005],[23.27391302500007,35.88749559200005],[23.267743143000075,35.90396657500003],[23.270499391000044,35.905843505000064]]],[[[23.250798415000077,35.97307021600005],[23.24487538300008,35.97167248100004],[23.240414418000057,35.97565595300006],[23.250113987000077,35.97795631300005],[23.252167839000037,35.97605316100004],[23.250798415000077,35.97307021600005]]],[[[26.406095952000044,36.04746699000003],[26.409244518000037,36.04986844000007],[26.412718098000028,36.04402366800008],[26.409208669000066,36.043794114000036],[26.406095952000044,36.04746699000003]]],[[[26.403645379000068,36.078211622000026],[26.40472916400006,36.075256857000056],[26.40716152600004,36.06862541800007],[26.408555384000067,36.064825290000044],[26.402635297000074,36.06631787500004],[26.400168952000058,36.06693969600008],[26.399118405000024,36.06720456200003],[26.39865536600007,36.067623422000054],[26.392582265000044,36.073117085000035],[26.395198121000078,36.079445693000025],[26.395283370000072,36.07965193600006],[26.395457562000047,36.079621932000066],[26.40257003800008,36.07839684400005],[26.403645379000068,36.078211622000026]]],[[[22.99324875900004,36.09672554400004],[22.998750692000044,36.09794100100004],[23.00021769800003,36.091682356000035],[22.997128960000055,36.091387277000024],[22.99324875900004,36.09672554400004]]],[[[23.096686328000033,36.111064087000045],[23.100734491000026,36.114456064000024],[23.104906567000057,36.11215615700007],[23.10099499200004,36.10958223600005],[23.096686328000033,36.111064087000045]]],[[[27.698226103000025,36.11222997400006],[27.702811989000054,36.114543894000064],[27.70532128800005,36.11123973300005],[27.70037032500005,36.10919791900005],[27.698226103000025,36.11222997400006]]],[[[29.634869999000045,36.10868528300006],[29.633978220000074,36.10806226100004],[29.630470691000028,36.109274742000025],[29.628414744000054,36.10998544000006],[29.637530622000043,36.12012651800006],[29.643805834000034,36.11812885100005],[29.643482362000043,36.11470212100005],[29.634869999000045,36.10868528300006]]],[[[29.492633306000073,36.15989196100003],[29.496832614000027,36.158562378000056],[29.507068815000025,36.15532139800007],[29.498405509000065,36.14940677100003],[29.497160622000024,36.14963328600004],[29.48209845200006,36.152373942000054],[29.492633306000073,36.15989196100003]]],[[[29.57169599300005,36.12380644000007],[29.560665338000035,36.12239377900005],[29.566076503000033,36.135674884000025],[29.57287578300003,36.15236296300003],[29.57455866400005,36.15384895100004],[29.576446451000038,36.155515871000034],[29.588406605000046,36.16607671300005],[29.595781401000067,36.16443080300007],[29.596264103000067,36.16432307400004],[29.59899247800007,36.16371415400005],[29.597099883000055,36.16076696300007],[29.590497984000024,36.15048633600003],[29.60025507900008,36.147342113000036],[29.604940535000026,36.14583222500005],[29.603577253000026,36.14181004000005],[29.594306050000057,36.137056415000075],[29.587006209000037,36.13331356700007],[29.579116544000044,36.125420931000065],[29.57835515800008,36.124659258000065],[29.57169599300005,36.12380644000007]]],[[[27.623654687000055,36.219962604000045],[27.628148887000066,36.22243036100008],[27.63278163700005,36.217875254000035],[27.627073093000035,36.21594564700007],[27.623654687000055,36.219962604000045]]],[[[27.708811729000047,36.22152446600006],[27.704437278000057,36.21953733200007],[27.701732191000076,36.21989767500003],[27.700374684000053,36.22244296700006],[27.70992192700004,36.22470281400007],[27.708811729000047,36.22152446600006]]],[[[23.10460413800007,36.22356489900005],[23.11138410500007,36.225649958000076],[23.115963907000037,36.22088886600005],[23.111228306000044,36.21972216000006],[23.10460413800007,36.22356489900005]]],[[[25.208754543000055,36.23452137800007],[25.214215257000035,36.23679782700003],[25.217498719000048,36.23427521800005],[25.213762977000044,36.23219622800008],[25.208754543000055,36.23452137800007]]],[[[23.108688823000023,36.23531473400004],[23.112242153000068,36.238313480000045],[23.11695760400005,36.23514494700004],[23.113177303000043,36.233414657000026],[23.108688823000023,36.23531473400004]]],[[[27.76666811800004,36.243876845000045],[27.771614503000023,36.245493260000046],[27.775102811000068,36.24214721800007],[27.771365068000023,36.240760772000044],[27.76666811800004,36.243876845000045]]],[[[27.587020428000073,36.24573990600004],[27.59870575900004,36.24829525200005],[27.619529364000073,36.242702208000026],[27.62426378400005,36.225700723000045],[27.61577393400006,36.223355662000074],[27.613785759000052,36.22280649000004],[27.614436072000046,36.22162628500007],[27.616734989000065,36.21745414900005],[27.615197944000045,36.215004613000076],[27.60911318600006,36.21565248500008],[27.607318986000053,36.217579844000056],[27.604035837000026,36.22110665800005],[27.599733006000065,36.21721857600005],[27.586994283000024,36.21629431800005],[27.586718776000055,36.215815202000044],[27.58204127500005,36.20768088800003],[27.57753132000005,36.21085006800007],[27.58044948400004,36.215278166000076],[27.580982463000055,36.216086923000034],[27.55671602600006,36.21870925300004],[27.531823436000025,36.21315809500004],[27.52690074800006,36.21069110900004],[27.520456712000055,36.20746170600006],[27.516275767000025,36.223648154000045],[27.520940925000048,36.23273433900005],[27.518564921000063,36.23632224900007],[27.52126194300007,36.238291712000034],[27.534196950000023,36.23851633100003],[27.54453479400007,36.23869584900007],[27.547108973000036,36.24028204100006],[27.55190129700003,36.24323504000006],[27.553911652000068,36.241212303000054],[27.556126324000047,36.238983990000065],[27.587020428000073,36.24573990600004]]],[[[27.656047684000043,36.250633132000075],[27.657532425000056,36.250982763000025],[27.65887785700005,36.246033415000056],[27.653142100000025,36.246011700000054],[27.654138296000042,36.249130284000046],[27.65450210100005,36.25026917400004],[27.656047684000043,36.250633132000075]]],[[[25.194983372000024,36.24508478100006],[25.203168659000028,36.25864555100003],[25.210742367000023,36.249136030000045],[25.207007143000055,36.244608808000066],[25.194983372000024,36.24508478100006]]],[[[27.647776949000047,36.25918113000006],[27.65772289100005,36.260589707000065],[27.660119847000033,36.256557317000045],[27.653216585000052,36.251088278000054],[27.647776949000047,36.25918113000006]]],[[[27.76273072600003,36.25964559800008],[27.769080261000056,36.264968992000036],[27.774903496000036,36.264574424000045],[27.771093515000075,36.258722671000044],[27.76273072600003,36.25964559800008]]],[[[27.67270639800006,36.26378925200004],[27.677445961000046,36.267272158000026],[27.679692585000055,36.266194331000065],[27.677729699000054,36.26159436700004],[27.67270639800006,36.26378925200004]]],[[[23.076117631000045,36.27055511100008],[23.079798849000042,36.27400797900003],[23.08441289600006,36.27044041500005],[23.083444444000065,36.264776064000046],[23.076117631000045,36.27055511100008]]],[[[25.886967620000064,36.271522865000065],[25.89004256000004,36.27420432900004],[25.891930358000025,36.27360745300007],[25.886227378000058,36.26670480300004],[25.882581035000044,36.26696470100006],[25.879418156000042,36.27038998100005],[25.88229889200005,36.27254746600005],[25.886967620000064,36.271522865000065]]],[[[25.82542498500004,36.278080497000076],[25.836354241000038,36.27724516100005],[25.83977197300004,36.272745486000076],[25.82931828900007,36.265902684000025],[25.819947268000078,36.27298121600006],[25.82542498500004,36.278080497000076]]],[[[27.720453160000034,36.27683041900008],[27.720694197000057,36.27587072100005],[27.722197691000076,36.26988449100003],[27.713148688000047,36.25690977200003],[27.71135047100006,36.256559709000044],[27.708973230000026,36.256096927000044],[27.70789612300007,36.255887244000064],[27.70751998000003,36.25018865200008],[27.70335579600004,36.24487296900003],[27.696802863000073,36.25513362200007],[27.705210342000044,36.25638665200006],[27.704999025000063,36.25719872800005],[27.70397966400003,36.261116067000046],[27.708311012000024,36.268557232000035],[27.697835251000072,36.26736101600005],[27.68896898500003,36.261642867000035],[27.687928276000036,36.26097167900008],[27.684054625000044,36.26241804800003],[27.684224377000078,36.26295825300008],[27.686088787000074,36.26889140600008],[27.69194563800005,36.27714114200006],[27.694447854000032,36.28066566700005],[27.695999268000037,36.28111545100006],[27.70347436700007,36.28328262100007],[27.712763835000032,36.285975810000025],[27.722723909000024,36.28243157600008],[27.722109842000066,36.28091688300003],[27.720453160000034,36.27683041900008]]],[[[26.74662921600003,36.28339797800004],[26.74577694000004,36.28288408100008],[26.745154254000056,36.28311801800004],[26.738085910000052,36.28577352900004],[26.745964936000064,36.28920007600004],[26.75106536900006,36.28607284700007],[26.74662921600003,36.28339797800004]]],[[[26.75497103400005,36.30030094500006],[26.760366048000037,36.30272332900006],[26.76365774800007,36.30023531300003],[26.759961110000063,36.29808153400006],[26.75497103400005,36.30030094500006]]],[[[26.73778774300007,36.30421861100007],[26.741414356000064,36.30407089100004],[26.743848055000058,36.296713037000075],[26.74177320800004,36.296031724000045],[26.733524189000036,36.30064641200005],[26.73778774300007,36.30421861100007]]],[[[25.79575932000006,36.31091266400006],[25.799295719000042,36.313658487000055],[25.80371935200003,36.31263021400008],[25.80201868100005,36.30917713600007],[25.79575932000006,36.31091266400006]]],[[[26.692870673000073,36.337419443000044],[26.686327257000073,36.32787327700004],[26.685103473000026,36.32608790300003],[26.683614023000075,36.328475092000076],[26.67865019800007,36.336430773000075],[26.673330451000027,36.330756063000024],[26.672678164000047,36.33006025200007],[26.669033298000045,36.33000823800006],[26.66155960800006,36.33614819300004],[26.663411551000024,36.33813923100007],[26.66657026000007,36.341535185000055],[26.65454184500004,36.35551694600008],[26.66026166900008,36.35769219300005],[26.67007086800004,36.361422627000024],[26.68041166200004,36.36033753600003],[26.680540069000074,36.36018984700007],[26.68142079300003,36.359176871000045],[26.69616235700005,36.342221669000025],[26.692870673000073,36.337419443000044]]],[[[27.453791056000057,36.36340987700004],[27.45628223700004,36.36413983700004],[27.457419515000026,36.35928725600007],[27.451632243000063,36.358303103000026],[27.453791056000057,36.36340987700004]]],[[[27.462526307000076,36.365558030000045],[27.456891822000046,36.365379580000024],[27.45999093200004,36.369699543000024],[27.463966758000026,36.36973695700004],[27.462526307000076,36.365558030000045]]],[[[27.468295501000057,36.371945667000034],[27.46365724900005,36.371907606000036],[27.466903122000076,36.376671550000026],[27.470842254000047,36.37649904600005],[27.468295501000057,36.371945667000034]]],[[[23.089168318000077,36.25276429500008],[23.09194731300005,36.25177840600003],[23.099956811000027,36.24893691900007],[23.103324545000078,36.24285443700006],[23.10248125000004,36.23438062900004],[23.091214938000064,36.220034517000045],[23.080058809000036,36.223962190000066],[23.072152329000062,36.226745779000055],[23.05552303500008,36.219293082000036],[23.052522234000037,36.20988110500008],[23.049879860000033,36.20699915200004],[23.047555465000073,36.19884336900003],[23.045371587000034,36.18814263300004],[23.046667959000047,36.17067788700007],[23.049069677000034,36.166559214000074],[23.049311429000056,36.16614463700006],[23.048020463000057,36.15745463800005],[23.047912970000027,36.15673106300005],[23.047934002000034,36.15670437500006],[23.052522234000037,36.15088237700007],[23.056996235000042,36.14725752800007],[23.055808799000033,36.14572817000004],[23.052522234000037,36.14603598200006],[23.051089012000034,36.14481239300005],[23.04939887200004,36.13540264200003],[23.046877771000027,36.13039061100005],[23.035247367000068,36.133659513000055],[23.032753264000064,36.13540264200003],[23.031604639000022,36.13619708700003],[23.02263503300003,36.142400906000034],[23.010792224000056,36.138421280000045],[23.006694648000064,36.137044341000035],[23.00465726500005,36.13907691400004],[22.998639256000047,36.14508071300003],[22.991525636000063,36.14048027200005],[22.98876480200005,36.138694816000054],[22.98485413800006,36.142076348000046],[22.973798071000033,36.15163647500003],[22.968152530000054,36.150943778000055],[22.96125764800007,36.150097790000075],[22.95522882800003,36.157805394000036],[22.952639227000077,36.16111609600006],[22.951146665000067,36.159972749000076],[22.94619900200007,36.15618269000004],[22.941157291000025,36.160545400000046],[22.938025233000076,36.163315744000045],[22.937297795000063,36.167325567000034],[22.93590333000003,36.175012208000055],[22.93015694500008,36.17502063500007],[22.92520259500003,36.18407296600003],[22.91941858200005,36.188264848000074],[22.916129432000048,36.190648613000064],[22.914940024000032,36.19423900400005],[22.913858941000058,36.197502400000076],[22.91197885100007,36.198485504000075],[22.908710314000075,36.200194631000045],[22.91071542800006,36.20301992000003],[22.916573466000045,36.21127414000006],[22.909482206000064,36.22080405200006],[22.90401578500007,36.22721264300003],[22.90144935400008,36.23022141400003],[22.90190026700003,36.23605884500006],[22.914119094000057,36.24320040900005],[22.915721060000067,36.244136713000046],[22.921388998000054,36.24402130200008],[22.92444141900006,36.24848111500006],[22.919450787000073,36.25636853900005],[22.914869447000058,36.263609099000064],[22.91500871100004,36.27222441600003],[22.918843854000045,36.281080786000075],[22.921735712000043,36.287758860000054],[22.911926966000067,36.30661341500007],[22.89155657300006,36.32028965600006],[22.898151167000037,36.33363953800006],[22.907978935000074,36.35353455100005],[22.913999858000068,36.35904853000005],[22.92246195200005,36.36679814100006],[22.921573420000072,36.371190643000034],[22.920963311000037,36.37420674700007],[22.923004983000055,36.37694160900003],[22.940599700000064,36.378693627000075],[22.951471516000026,36.38406056600007],[22.96842044500005,36.35357895400006],[22.977965366000035,36.34537086900008],[22.97736868100003,36.34031233700006],[22.97696357800004,36.336877978000075],[22.98595728500004,36.32186053400005],[22.997475189000056,36.31522986900006],[23.003979301000072,36.307857065000064],[23.010526914000025,36.306770527000026],[23.014405211000053,36.30612694600006],[23.03662246400006,36.294154785000046],[23.080658365000033,36.260391526000035],[23.085133808000023,36.25638031300008],[23.089168318000077,36.25276429500008]]],[[[25.34441041100007,36.383205274000034],[25.34872080200006,36.385890853000035],[25.352963854000052,36.38529751300007],[25.349253109000074,36.38130383400005],[25.34441041100007,36.383205274000034]]],[[[25.379803537000043,36.40138029000008],[25.384409404000053,36.395248293000066],[25.38606844900005,36.393039532000046],[25.38219194900006,36.39283783800005],[25.378516687000058,36.395248293000066],[25.37268244100005,36.399074738000024],[25.379803537000043,36.40138029000008]]],[[[25.824219678000077,36.371417155000074],[25.832826669000042,36.35877192300006],[25.854766219000055,36.356435676000046],[25.857423278000056,36.35375560800003],[25.853074067000023,36.34840068900007],[25.84356821800003,36.34517791500008],[25.834842200000026,36.346436218000065],[25.821461292000038,36.35377979400005],[25.78278606300006,36.34406516700005],[25.77998898900006,36.34336258500008],[25.74518321200003,36.351608945000066],[25.73206575000006,36.35702979400003],[25.72775107700005,36.364740908000044],[25.735160334000057,36.37575378400004],[25.74518321200003,36.38121534100003],[25.750518200000045,36.38956571600005],[25.75694803400006,36.395155190000025],[25.75705513500003,36.395248293000066],[25.76653692600007,36.403490841000064],[25.777528714000027,36.397656752000046],[25.779049894000025,36.395248293000066],[25.78094164500004,36.39225311400003],[25.781906726000045,36.390725116000056],[25.783681923000074,36.39040302600006],[25.79475718900005,36.38839353900005],[25.801138224000056,36.38150696400004],[25.824219678000077,36.371417155000074]]],[[[25.396627054000078,36.394315446000064],[25.395367889000056,36.39388138900006],[25.392181836000077,36.395248293000066],[25.38820099900005,36.396956181000064],[25.387037639000027,36.401195105000056],[25.385882667000033,36.40540346700004],[25.390444796000054,36.413593863000074],[25.390696328000047,36.41404544000005],[25.390937836000035,36.41400257600003],[25.39766704300007,36.412808254000026],[25.40761201400005,36.411043187000075],[25.410560060000023,36.40765333200005],[25.410206065000068,36.40700299300005],[25.40700829800005,36.40112824600004],[25.40484121800006,36.39714701400004],[25.399695162000057,36.395373077000045],[25.39933317300006,36.395248293000066],[25.396627054000078,36.394315446000064]]],[[[26.59437560200007,36.41745100300005],[26.597777222000047,36.42152062700006],[26.602510688000052,36.42034612600003],[26.598317981000037,36.41675325800003],[26.59437560200007,36.41745100300005]]],[[[26.617803279000043,36.421199960000024],[26.62325060200004,36.42352626700006],[26.626606131000074,36.421039533000055],[26.622916583000062,36.41894878100004],[26.617803279000043,36.421199960000024]]],[[[27.396716370000036,36.440227668000034],[27.399129214000027,36.441655731000026],[27.400528552000026,36.43812862000004],[27.397209490000023,36.435199201000046],[27.394819786000028,36.43583006400007],[27.396716370000036,36.440227668000034]]],[[[28.233997136000028,36.42681814600007],[28.23229623000003,36.419425241000056],[28.23220652300006,36.419035336000036],[28.23004175400007,36.409626272000025],[28.229412422000053,36.40361461600003],[28.23218343600007,36.399089606000075],[28.234658383000067,36.39683794500007],[28.245845875000043,36.386659775000055],[28.237641231000055,36.37576018800007],[28.231972924000047,36.373266889000035],[28.22377400700003,36.369660460000034],[28.20967216500003,36.35284854900004],[28.205033585000024,36.34022840100005],[28.210810411000068,36.33343746300005],[28.215161398000077,36.328322668000055],[28.210340097000028,36.323160320000056],[28.212591789000044,36.32119045200005],[28.206204924000076,36.31970168200007],[28.202749940000047,36.31651057300007],[28.189080743000034,36.30388536500004],[28.18347362800006,36.29355215500004],[28.174364108000077,36.276764453000055],[28.167187429000023,36.263538735000054],[28.168246644000078,36.25631326300004],[28.170850529000063,36.25528328200005],[28.17526054900003,36.25353887600005],[28.174950805000037,36.24971269900004],[28.169060755000032,36.24842538200005],[28.16605109300008,36.24776759700006],[28.161634502000027,36.24173543200004],[28.160978847000024,36.23934264900004],[28.159629359000064,36.23441776000004],[28.152332219000073,36.22962526500004],[28.147926192000057,36.22673154700004],[28.14789607800003,36.224639774000025],[28.147828057000027,36.21991488100008],[28.14338638600003,36.212659692000045],[28.140586537000047,36.20808631700004],[28.141198786000075,36.205732341000044],[28.142173983000077,36.20198290600007],[28.139002186000027,36.198615191000044],[28.13727430600005,36.185839662000035],[28.12840426500003,36.18629781100003],[28.122096471000077,36.18662361600008],[28.113387574000058,36.182725170000026],[28.09957375700003,36.17625292400004],[28.100031917000024,36.17293459200005],[28.10088040000005,36.16678925700006],[28.094246118000058,36.16541963900005],[28.09108506900003,36.16476705400004],[28.07702395000007,36.14451230100008],[28.073155662000033,36.13386057900004],[28.069505073000073,36.119995981000045],[28.066976587000056,36.10968054800003],[28.073499519000052,36.105808102000026],[28.080309912000075,36.10601649000006],[28.08529534200005,36.10616903600004],[28.09468752500004,36.103169147000074],[28.09037083800007,36.09922781800003],[28.088599190000025,36.09761022300006],[28.088895612000044,36.09353140400003],[28.08950748700005,36.08511191500003],[28.085839028000066,36.081728757000064],[28.077663780000023,36.074189310000065],[28.081279633000065,36.06412318400004],[28.083471752000037,36.05802057200003],[28.05633491900005,36.06404307200006],[28.05368360400007,36.067451893000054],[28.04772716100007,36.07511014800008],[28.018802555000036,36.07556769200005],[28.003051671000037,36.06761343900007],[27.991411275000075,36.06173499800008],[27.987320786000055,36.059355795000045],[27.96868814100003,36.04851825600008],[27.956391422000024,36.04498427500005],[27.951087888000075,36.043460081000035],[27.93883469900004,36.03150447500008],[27.927992792000055,36.01575300700006],[27.916275042000052,35.99872908700007],[27.90390884100003,35.98076307500003],[27.891899368000054,35.95972295000007],[27.883764636000024,35.95629642100005],[27.876283108000052,35.94817741500003],[27.869595331000028,35.940919794000024],[27.867345545000035,35.936879919000035],[27.86263201400004,35.928415968000024],[27.858583604000046,35.92839974200007],[27.856938592000063,35.92796978500007],[27.85194209100007,35.92666385100006],[27.84561425700008,35.92111995700003],[27.84061519000005,35.916740213000026],[27.83739059900006,35.91614565700007],[27.826014574000055,35.91404812400003],[27.811566906000053,35.90052550200005],[27.80994865100007,35.89901086000003],[27.795464336000066,35.88941726300004],[27.772238842000036,35.88738865500005],[27.765470709000056,35.895505479000064],[27.759381478000023,35.90280811500003],[27.752067417000035,35.90663155500005],[27.747001427000043,35.909279810000044],[27.734595397000078,35.91576508600008],[27.73444315300003,35.921730926000066],[27.734425851000026,35.922408938000046],[27.72532762000003,35.93668277800003],[27.723909881000054,35.93763379600006],[27.719747298000073,35.94042605300007],[27.73234019000006,35.95990107500006],[27.735154071000068,35.966264928000044],[27.747283571000025,35.99369692200003],[27.752067417000035,36.00609528700005],[27.754806314000064,36.01319372700004],[27.755028761000062,36.01524225500003],[27.756030791000057,36.024470019000034],[27.75609226100005,36.024766973000055],[27.760182403000044,36.04452587000003],[27.759741629000075,36.08481549800007],[27.759732304000067,36.08566786700004],[27.759727747000056,36.086084378000066],[27.759689406000064,36.08958894800003],[27.75706826100003,36.098107457000026],[27.752067417000035,36.10345703100006],[27.750391336000064,36.10418387500005],[27.744730050000044,36.10456885600007],[27.738801460000047,36.104972015000044],[27.71225480000004,36.11367375000003],[27.70804041300005,36.119511454000076],[27.71166396700005,36.12374062300006],[27.71418449500004,36.12668241400007],[27.712768061000077,36.13488889100006],[27.704833492000034,36.14513946200003],[27.698076722000053,36.145304761000034],[27.68953887600003,36.145513632000075],[27.68453620500003,36.15290194700003],[27.68667156300006,36.15657099600003],[27.701263888000028,36.16333823800005],[27.712483459000055,36.16570742300007],[27.734526180000046,36.170362082000054],[27.748373986000047,36.182457992000025],[27.752067417000035,36.185684164000065],[27.75619434400005,36.18610785300007],[27.75640470700006,36.18612945000007],[27.766609281000058,36.188758337000024],[27.770037142000035,36.19256846500008],[27.770149442000047,36.192693287000054],[27.78025762200008,36.20392870500007],[27.78846887800006,36.21926401500008],[27.78907470000007,36.23072394900004],[27.789668230000075,36.241951382000025],[27.796236575000023,36.25461116200006],[27.802817078000032,36.25948428300006],[27.805908781000028,36.26997044500007],[27.809909170000026,36.27133911300007],[27.813051116000054,36.27383221100007],[27.81885777800005,36.27355476400004],[27.826921552000044,36.27316947000003],[27.843774293000024,36.283265990000075],[27.845157321000045,36.28409456500003],[27.848294475000046,36.28597404200008],[27.872048215000063,36.31152265600008],[27.87452627600004,36.31562088600003],[27.878658375000043,36.32245457400006],[27.91427809000004,36.34220727500008],[27.92424262000003,36.344314144000066],[27.926390661000028,36.344768319000025],[27.952678868000078,36.35151141600005],[27.976120563000052,36.364187634000075],[27.982793967000077,36.36779631200005],[27.992418645000043,36.37043113100003],[28.003051671000037,36.373341992000064],[28.00642861600005,36.374266453000075],[28.012139646000037,36.37798588600003],[28.01777434400003,36.38165560500005],[28.038574941000036,36.38967207600007],[28.055941786000062,36.399067337000076],[28.100691835000077,36.41233154500003],[28.117893621000064,36.419425241000056],[28.121911021000074,36.42004189100004],[28.12771501700007,36.420342908000066],[28.133641531000023,36.42149228200003],[28.15420255300006,36.424207942000066],[28.17363165000006,36.421421277000036],[28.182402637000052,36.42016327700003],[28.19893632900005,36.43001454400007],[28.213117579000027,36.44803658400008],[28.22000566400004,36.45679020800003],[28.226690192000035,36.45282809200006],[28.22828630500004,36.44558500100004],[28.238417178000077,36.44255075900003],[28.238231090000056,36.43105186900004],[28.233997136000028,36.42681814600007]]],[[[25.34825541200007,36.43324198900007],[25.349555115000044,36.41619848100004],[25.34984315300005,36.41242133000003],[25.326565901000038,36.41936024200004],[25.325934606000033,36.42013409700007],[25.32335915400006,36.42329114200004],[25.32423228500005,36.42936878100005],[25.324818624000045,36.433450132000075],[25.331241248000026,36.44566868600003],[25.336676166000075,36.45600820400006],[25.337465681000026,36.457510196000044],[25.341868658000067,36.458513691000064],[25.345377864000056,36.45335219300006],[25.345542092000073,36.453110639000045],[25.35427547100005,36.449071728000035],[25.35442299300007,36.449003504000075],[25.357026063000035,36.44041638200008],[25.352501135000068,36.43671499100003],[25.34825541200007,36.43324198900007]]],[[[22.976631954000027,36.46706902400007],[22.978458678000038,36.46607615200003],[22.980361129000073,36.46504212000008],[22.977147158000037,36.46242579700004],[22.97170563700007,36.46473331300007],[22.97480579000006,36.46620318600003],[22.976631954000027,36.46706902400007]]],[[[25.422623303000023,36.47213287100004],[25.42558381500004,36.46634081600007],[25.42612674700007,36.46527860500004],[25.434948605000045,36.45657179800003],[25.443888341000047,36.44774865100004],[25.457082554000067,36.43415467700004],[25.464828373000046,36.42427410700003],[25.471959880000043,36.41906006100004],[25.479827191000027,36.41397864100003],[25.48269202000006,36.41212827600003],[25.487417057000073,36.40338888800005],[25.486228389000075,36.39576418100006],[25.486300309000057,36.38442885200004],[25.484547846000055,36.37876087800004],[25.481615614000077,36.36927718600003],[25.485138995000057,36.36310287500004],[25.486112519000073,36.36139688900005],[25.482230870000024,36.35831037600008],[25.477110658000072,36.354973167000026],[25.455167290000077,36.340671102000044],[25.442939804000048,36.332701574000055],[25.429113500000028,36.34125202700005],[25.41295836100005,36.34708840400003],[25.40817636500003,36.34881599800008],[25.40344672200007,36.34853452100003],[25.38423491900005,36.34739116000003],[25.37475914500004,36.354605004000064],[25.36284687600005,36.35318248300007],[25.356532250000043,36.35762810600005],[25.36563754200006,36.36532619800005],[25.380339762000062,36.366895845000045],[25.399692136000056,36.36152726100005],[25.404674405000037,36.36164421500007],[25.41324068800003,36.36184530100007],[25.422042591000036,36.37179596000004],[25.427383838000026,36.38523380500004],[25.43435314800007,36.39177680200004],[25.432977023000035,36.395248293000066],[25.431104814000037,36.399971235000066],[25.426747168000077,36.40315705300003],[25.428635128000053,36.41170328100003],[25.42606809700004,36.419425241000056],[25.423483342000054,36.42720051600003],[25.41712234700003,36.42961547600004],[25.414470084000072,36.43062241100006],[25.41612585400003,36.43338759400007],[25.42297583100003,36.44482725300003],[25.41644468900006,36.45550906300008],[25.41101141300004,36.45949871400006],[25.399115961000064,36.457335380000075],[25.39890246500005,36.45729655300005],[25.37249107300005,36.458577400000024],[25.368664565000074,36.46376707300004],[25.36984354200007,36.471889101000045],[25.373439735000034,36.473877008000045],[25.38663131900006,36.48116906300004],[25.416258174000063,36.47534303700007],[25.416350627000043,36.47532485600004],[25.422623303000023,36.47213287100004]]],[[[27.34160898400006,36.477450059000034],[27.350020991000065,36.48272046200003],[27.351991808000037,36.47938707900005],[27.352757050000037,36.478092772000025],[27.353608738000048,36.478493349000075],[27.358383305000075,36.48073898400003],[27.37636502400005,36.45657179800003],[27.38265552100006,36.448117456000034],[27.39195618100007,36.435653853000076],[27.393594135000058,36.428658546000065],[27.392579690000048,36.427176839000026],[27.387272591000055,36.419425241000056],[27.389505900000074,36.41349375100003],[27.397136217000025,36.410975294000025],[27.40300703300005,36.41387778100005],[27.40963378500004,36.417153996000025],[27.417568536000033,36.41047609900005],[27.42649020700003,36.40296760800004],[27.42947749800004,36.40769407200003],[27.433979644000033,36.41481732500006],[27.438601661000064,36.41582164600004],[27.448248506000027,36.40555314200003],[27.445081349000077,36.399427080000066],[27.434554356000035,36.39162684400003],[27.429725033000068,36.38953495800007],[27.423403875000076,36.386796864000075],[27.412626534000026,36.382128514000044],[27.406535604000055,36.38277126200006],[27.400717949000068,36.38338517300008],[27.397478701000068,36.380609839000044],[27.393225852000057,36.37696606700007],[27.39036961100004,36.381543398000076],[27.38862438800004,36.384340243000054],[27.387091062000025,36.38386776700003],[27.382225363000032,36.38236845900008],[27.38102546600004,36.38816804600003],[27.380697689000044,36.38975232700005],[27.372920957000076,36.399859943000024],[27.36812966800005,36.39731068200007],[27.364643611000076,36.39545588500005],[27.360109029000057,36.41006801800006],[27.357205202000046,36.419425241000056],[27.356838054000036,36.42984511000003],[27.349982647000047,36.43280262300004],[27.341920019000042,36.431953907000036],[27.335364620000064,36.421941454000034],[27.324598967000043,36.42238675700003],[27.323371338000072,36.419425241000056],[27.322822358000053,36.41810089100005],[27.319961934000048,36.411200446000066],[27.317855243000054,36.41419284500006],[27.313386947000026,36.413471697000034],[27.311945652000077,36.417895748000035],[27.31144736500005,36.419425241000056],[27.30903863800006,36.422571782000034],[27.29972328300005,36.42292965300004],[27.29736678100005,36.42302018300006],[27.295422763000033,36.424700864000044],[27.293395744000065,36.42645330400006],[27.297888860000057,36.44652862100003],[27.296925378000026,36.455616950000035],[27.296824152000056,36.45657179800003],[27.296014203000027,36.46421187900006],[27.299851731000047,36.469408506000036],[27.312655515000074,36.46254561100005],[27.31830993500006,36.459514812000066],[27.330612810000048,36.45885444700008],[27.33745314600003,36.466344442000036],[27.339249210000048,36.47114405200006],[27.34160898400006,36.477450059000034]]],[[[27.280928388000063,36.48149671300007],[27.288974325000027,36.48462840500008],[27.296513540000035,36.48079811400004],[27.29018630400003,36.47795934900006],[27.280928388000063,36.48149671300007]]],[[[22.925011565000034,36.49076523900004],[22.92945885000006,36.49136207400005],[22.932667534000075,36.48793390800006],[22.927830361000076,36.48669411900005],[22.925011565000034,36.49076523900004]]],[[[22.935270525000078,36.49601923300003],[22.93870183200005,36.49925544800004],[22.94184245200006,36.49638797100005],[22.938308968000058,36.49309387900007],[22.935270525000078,36.49601923300003]]],[[[26.96756242200007,36.50751913200003],[26.967591681000044,36.50751717900005],[26.98087199200006,36.506630768000036],[26.972890026000073,36.498043119000044],[26.972009970000045,36.49815688500007],[26.958107231000042,36.49995410300005],[26.96143044300004,36.50261298100003],[26.967514735000066,36.507480978000046],[26.96756242200007,36.50751913200003]]],[[[22.982145752000065,36.48025945300003],[22.98314448900004,36.476470429000074],[22.984635229000048,36.475373588000025],[22.991559712000026,36.47027876800007],[22.987352644000055,36.45626660600004],[22.98336186100005,36.45865596900006],[22.982481887000063,36.46558768400007],[22.981998075000035,36.465953064000075],[22.96805424400003,36.47648360900007],[22.949763886000028,36.47402041500004],[22.94195744900003,36.46734553300007],[22.937921668000058,36.46389474600005],[22.93164845600006,36.462407308000024],[22.926572563000036,36.467357621000076],[22.92658650000004,36.46788008000004],[22.92670804000005,36.472436326000036],[22.92691672500007,36.48025945300003],[22.93360433600003,36.48731065100003],[22.93894361200006,36.489142221000066],[22.943539970000074,36.49071894200006],[22.946891352000023,36.499993704000076],[22.947189967000043,36.50082010500006],[22.947625665000032,36.50099630200003],[22.96993741400007,36.510019199000055],[22.97121512900003,36.510535908000065],[22.979161430000033,36.509694136000064],[22.981935622000037,36.50655470300006],[22.982417764000047,36.504124328000046],[22.98262926600006,36.50305819000005],[22.986415668000063,36.48397175000008],[22.98415465900007,36.482006012000056],[22.982145752000065,36.48025945300003]]],[[[27.865224604000048,36.51552416000004],[27.869962471000065,36.51777497300003],[27.874132234000058,36.51530300100006],[27.870636701000024,36.51322857500003],[27.865224604000048,36.51552416000004]]],[[[27.85956860700003,36.517044320000025],[27.859251972000038,36.51692159500004],[27.85490260200004,36.51793199700006],[27.854215837000027,36.519284593000066],[27.85282798000003,36.52201800200004],[27.853762720000077,36.52486661100005],[27.854862082000068,36.52821690500008],[27.86079850400006,36.53015506400004],[27.861328752000077,36.530062086000044],[27.863892640000074,36.529612514000064],[27.868444191000037,36.52881441000005],[27.871263610000028,36.52571790300004],[27.873844836000046,36.52288299700007],[27.87405032500004,36.522657313000025],[27.870714731000078,36.52136446500003],[27.85956860700003,36.517044320000025]]],[[[26.472025461000044,36.53200854500005],[26.475139848000026,36.53483238000007],[26.479846916000042,36.534398914000064],[26.47711773000003,36.530278157000055],[26.472025461000044,36.53200854500005]]],[[[26.139619439000057,36.536069018000035],[26.145699320000062,36.53787016900003],[26.144602038000073,36.52508136100005],[26.141516202000048,36.52788439100004],[26.139619439000057,36.536069018000035]]],[[[26.466181757000072,36.52720348200006],[26.46577992700003,36.527181461000055],[26.465686534000042,36.527393448000055],[26.45900092900007,36.542568628000026],[26.462434832000042,36.543647226000076],[26.46598455800006,36.54476220500004],[26.469041478000065,36.54211705800003],[26.47146508700007,36.54001991500007],[26.469940274000066,36.52740945200003],[26.466181757000072,36.52720348200006]]],[[[26.40121149400005,36.550924219000024],[26.406004951000057,36.550391845000036],[26.407887651000067,36.54739274900004],[26.40173610200003,36.545590041000025],[26.40009356300004,36.550924219000024],[26.40121149400005,36.550924219000024]]],[[[24.143597662000047,36.55278500600008],[24.14644286600003,36.55396045300006],[24.149163389000023,36.550924219000024],[24.14587087900003,36.548447821000025],[24.144166935000044,36.550924219000024],[24.143597662000047,36.55278500600008]]],[[[26.452103822000026,36.550924219000024],[26.448263354000062,36.547954281000045],[26.443956676000028,36.548657097000046],[26.444391304000078,36.550924219000024],[26.448078138000028,36.55401066100006],[26.45417737500003,36.55368783500006],[26.452103822000026,36.550924219000024]]],[[[26.146524901000078,36.54744584400004],[26.145501058000036,36.54528972400004],[26.136065006000024,36.550924219000024],[26.13059624300007,36.554189750000035],[26.14750506200005,36.561850581000044],[26.146761585000036,36.550924219000024],[26.146524901000078,36.54744584400004]]],[[[26.39306114200008,36.56124097000003],[26.397894158000042,36.562218872000074],[26.400360766000063,36.55836369300005],[26.396799540000075,36.557122856000035],[26.39306114200008,36.56124097000003]]],[[[26.229697129000044,36.550924219000024],[26.22775963400005,36.54847816300003],[26.224982676000025,36.550924219000024],[26.221321541000066,36.554149092000046],[26.22403677400007,36.56353650900007],[26.23380676900007,36.55611256700007],[26.229697129000044,36.550924219000024]]],[[[26.404962725000075,36.56264416000005],[26.40248984300007,36.56155109000008],[26.395955660000027,36.564800380000065],[26.403176314000063,36.566687055000045],[26.403185052000026,36.56668933800006],[26.403211615000032,36.56667040900004],[26.406113554000058,36.56460249500003],[26.407369068000037,36.56370781900006],[26.404962725000075,36.56264416000005]]],[[[26.38711735100003,36.570921869000074],[26.392710728000054,36.57052815900005],[26.39393988000006,36.567774744000076],[26.38993922800006,36.56589259700007],[26.38711735100003,36.570921869000074]]],[[[27.062286277000055,36.56898846900003],[27.072217264000074,36.57405497000008],[27.082039364000025,36.57020167200005],[27.074144731000047,36.56579278800007],[27.062286277000055,36.56898846900003]]],[[[27.754551588000027,36.572007373000076],[27.751978460000032,36.57109981600007],[27.749320471000033,36.57117560000006],[27.751978460000032,36.57550585400003],[27.756541017000075,36.576025842000035],[27.754551588000027,36.572007373000076]]],[[[26.25399841500007,36.57806954100005],[26.25764594800006,36.58088637100008],[26.261366245000033,36.57785320600004],[26.258316145000038,36.57539038400006],[26.25399841500007,36.57806954100005]]],[[[26.444492554000078,36.580493759000035],[26.449747122000076,36.58284879900003],[26.45349755500007,36.58015911700005],[26.44823273700007,36.57842439700005],[26.444492554000078,36.580493759000035]]],[[[27.759641875000057,36.58103708500005],[27.767305118000024,36.58621558500005],[27.770540622000055,36.58556888700008],[27.76514484200004,36.579773181000064],[27.759641875000057,36.58103708500005]]],[[[27.029355863000035,36.59108287400005],[27.032573735000028,36.59403447500006],[27.04290241600006,36.59298078300003],[27.04330398600007,36.58157515200003],[27.038512469000068,36.58176121100007],[27.029355863000035,36.59108287400005]]],[[[26.33815950500008,36.615577417000054],[26.345076422000034,36.61688193900005],[26.349452391000057,36.61052398100003],[26.345735061000028,36.60991705600003],[26.33815950500008,36.615577417000054]]],[[[27.166343450000056,36.61796212100006],[27.168594406000068,36.61997464600006],[27.187483273000055,36.61975605600003],[27.198072800000034,36.608330831000046],[27.20494949600004,36.59764777300006],[27.213496935000023,36.58436918700005],[27.205339743000025,36.56999162000005],[27.191377034000027,36.557773144000066],[27.183436306000033,36.55976826500006],[27.182853282000053,36.559914751000065],[27.176358280000045,36.55912699400005],[27.167850561000023,36.558095122000054],[27.158000827000023,36.561687652000046],[27.144928381000057,36.565346110000064],[27.135110153000028,36.56373080100008],[27.13402760500003,36.57081317400008],[27.133913909000057,36.57155700800007],[27.13045599900005,36.57179918300005],[27.123804023000048,36.57226505600005],[27.127556107000032,36.58348799600003],[27.129066696000052,36.58800635100005],[27.12696122400007,36.59764777300006],[27.12650300400003,36.59974606500003],[27.126261526000064,36.60085184700006],[27.128341311000042,36.60882421100007],[27.133225526000047,36.61284508400007],[27.14147844300004,36.61282891500008],[27.15385242600007,36.61280467300003],[27.16495049400004,36.61738698000005],[27.166343450000056,36.61796212100006]]],[[[25.678569195000023,36.62760291500007],[25.685122680000063,36.62936424700007],[25.69211945400008,36.62401559600005],[25.68317871200003,36.62083441300007],[25.675466200000074,36.625578046000044],[25.674118753000073,36.626406803000066],[25.678569195000023,36.62760291500007]]],[[[24.312355230000037,36.63202409000007],[24.317338078000034,36.63435067200004],[24.320221166000067,36.63232613100007],[24.317779366000025,36.62923809200004],[24.312355230000037,36.63202409000007]]],[[[25.05347426800006,36.634491455000045],[25.057309651000025,36.634491455000045],[25.059234847000027,36.63379948900007],[25.055186287000026,36.62943106600005],[25.05185001700005,36.63360997400008],[25.05347426800006,36.634491455000045]]],[[[25.02286570800004,36.630632723000076],[25.01382570000004,36.62383150000005],[25.003960749000044,36.62630642500005],[25.02154009000003,36.63697551900003],[25.027625262000072,36.63551544000006],[25.028937261000067,36.63520063800007],[25.02286570800004,36.630632723000076]]],[[[26.429248890000054,36.62153697300005],[26.449411964000035,36.608450137000034],[26.450184499000045,36.60794872300005],[26.46882395800003,36.58511068400003],[26.45755150800005,36.58134496200006],[26.44902371300003,36.585802982000075],[26.443681903000027,36.58859548600003],[26.433520759000032,36.58535290000003],[26.429735985000036,36.58207983300008],[26.426676500000042,36.579433995000045],[26.420543268000074,36.580167552000034],[26.412940991000028,36.57431920300007],[26.391633741000078,36.57472487900003],[26.36839916100007,36.57516725000005],[26.364762615000075,36.56718632400003],[26.35648173100003,36.56316074500006],[26.35699861200004,36.55397934000007],[26.357170604000032,36.550924219000024],[26.355988677000028,36.54489208800004],[26.350577186000066,36.543559010000024],[26.345248291000075,36.54224628000003],[26.342660140000078,36.53915637800003],[26.346107284000027,36.53274835700006],[26.35221385600005,36.52860715800006],[26.357396406000078,36.525092588000064],[26.362601385000062,36.51389539500008],[26.35158238400004,36.509755796000036],[26.34323246300005,36.51138633700003],[26.337741622000067,36.512458568000056],[26.330720175000067,36.50990260300006],[26.32552491100006,36.50801141000005],[26.30703947300003,36.51724587100006],[26.298010254000076,36.516794667000056],[26.290244518000065,36.52080805600008],[26.278348546000075,36.546337634000054],[26.273207221000064,36.550924219000024],[26.26981077000005,36.555267265000055],[26.27074469300004,36.56336127900005],[26.27133106200006,36.56844315200004],[26.262391663000074,36.58218083700007],[26.261849744000074,36.583013634000054],[26.264472804000036,36.59191359500005],[26.271106119000024,36.596469795000075],[26.275330561000033,36.59587552900007],[26.27773356800003,36.59324298200005],[26.280142541000032,36.59060389800004],[26.28482017700003,36.59390513200003],[26.287614235000035,36.59587703500006],[26.305332925000073,36.59464751200005],[26.334899704000065,36.580523124000024],[26.33585563500003,36.58006646500007],[26.347452384000064,36.57158904900007],[26.355416314000024,36.57287860900004],[26.35990438500005,36.57868459800005],[26.364376710000045,36.584470217000046],[26.376294333000033,36.58974501500006],[26.38725827600007,36.58883092700006],[26.39826966000004,36.58791288300006],[26.391334544000074,36.60970550700006],[26.38881593700006,36.61194663200007],[26.381733265000037,36.61824898400005],[26.37425743400007,36.63177514200004],[26.375143991000073,36.63706443800004],[26.384583731000077,36.642788745000075],[26.387540627000078,36.64208046300007],[26.391188859000067,36.64120658000007],[26.40347963200003,36.63826250000005],[26.429248890000054,36.62153697300005]]],[[[27.114010923000023,36.640955586000075],[27.108125999000038,36.639909862000025],[27.110466614000075,36.64475564700007],[27.11424904000006,36.644729022000035],[27.114010923000023,36.640955586000075]]],[[[27.808477336000067,36.64843192300003],[27.811532636000038,36.64948115900006],[27.81429139100004,36.64634255400006],[27.808477336000067,36.64363930400003],[27.808477336000067,36.64843192300003]]],[[[27.815920823000056,36.652350580000075],[27.820513781000045,36.656369909000034],[27.821520297000063,36.650905230000035],[27.81872366700003,36.649921232000054],[27.81584391000007,36.651876910000055],[27.815582452000058,36.65205447000005],[27.815920823000056,36.652350580000075]]],[[[27.822119599000075,36.627322520000064],[27.839658671000052,36.621454466000046],[27.85041158300004,36.62307576500007],[27.86727729000006,36.625618736000035],[27.86862801500007,36.618557716000055],[27.87662768900003,36.60836046800006],[27.875602505000074,36.59757738500008],[27.875052648000064,36.59179387900008],[27.867824894000023,36.58236325800004],[27.873229295000044,36.574692594000055],[27.873646972000074,36.57409977000003],[27.872836388000053,36.571997587000055],[27.869801496000036,36.56412683900004],[27.87062713200004,36.55684396100003],[27.87129823300006,36.550924219000024],[27.853735253000025,36.538928344000055],[27.833946914000023,36.541140701000074],[27.83515699900005,36.54675376900008],[27.839393636000068,36.54920993400003],[27.842350604000046,36.550924219000024],[27.84480465200005,36.554165513000044],[27.844025809000073,36.56016772100003],[27.82828422700004,36.56814857400008],[27.810329292000063,36.568997713000044],[27.802860917000032,36.56935091400004],[27.806497516000036,36.575186710000025],[27.809775440000067,36.580446927000025],[27.80885614300007,36.58654613900006],[27.79620871800006,36.58612327900005],[27.78995755400007,36.58591427400006],[27.776116772000023,36.589344261000065],[27.772210148000056,36.59833269500007],[27.77110213000003,36.60088204500005],[27.769721985000047,36.60405750700005],[27.777256025000042,36.606591851000076],[27.787158176000048,36.609922794000056],[27.793657159000077,36.61673150100006],[27.795195143000058,36.62323641300003],[27.79652531100004,36.628862370000036],[27.806022678000033,36.63328259200006],[27.826559317000033,36.642840662000026],[27.832679618000043,36.65211441900004],[27.835826544000042,36.65688278500005],[27.854842192000035,36.66279504800008],[27.85941791500005,36.65177202900003],[27.84880297600006,36.64725321200007],[27.834463364000044,36.641148790000045],[27.82547218700006,36.63431678300003],[27.822119599000075,36.627322520000064]]],[[[24.901197721000074,36.64194127600007],[24.902881394000076,36.63887002000007],[24.905318916000056,36.634423636000065],[24.91858956300007,36.63235518400006],[24.921814030000064,36.63315334600003],[24.927952421000043,36.63467279900004],[24.93723106500005,36.62951447000006],[24.940251242000045,36.62783544500007],[24.94468430200004,36.62537094900006],[24.948631668000075,36.62129830300006],[24.949458072000027,36.61348527600006],[24.956727495000052,36.60507815400007],[24.95643430900003,36.60103923200006],[24.954726910000034,36.59981437400006],[24.95097097200005,36.597119930000076],[24.94568349700006,36.59332678800007],[24.920397496000078,36.59759095800007],[24.913633134000065,36.59873168300004],[24.91283988500004,36.598865455000066],[24.895994014000053,36.61551238800007],[24.895041580000054,36.62139857100004],[24.893440329000043,36.631294541000045],[24.884126593000076,36.62991333700006],[24.881048486000054,36.62945686200004],[24.861264841000036,36.63180938800008],[24.858985743000062,36.634423636000065],[24.85741336600006,36.63643452500003],[24.85381579600005,36.64103540000008],[24.841374149000046,36.65694682700007],[24.84194211500005,36.65784081800007],[24.843504562000078,36.660300146000054],[24.854470597000045,36.663773896000066],[24.859812477000048,36.66546606300005],[24.901197721000074,36.64194127600007]]],[[[27.140892773000076,36.66857016600005],[27.137291333000064,36.66149072300004],[27.13484623100004,36.663263105000055],[27.13089191800003,36.666129470000044],[27.127326887000038,36.66593164400007],[27.123443027000064,36.66571612600006],[27.117334234000054,36.652671016000056],[27.115438039000026,36.64862175700006],[27.114501235000034,36.64662124600005],[27.112226066000062,36.64650063800008],[27.107352554000045,36.65138062900007],[27.104600365000067,36.654136477000065],[27.104569178000077,36.66449105700008],[27.11106716300003,36.66574880600007],[27.121712047000074,36.667809229000056],[27.121790480000072,36.667896459000076],[27.127725052000073,36.67449661200004],[27.133186726000076,36.68057083000008],[27.13825514800004,36.67893294300006],[27.14232694800006,36.672679308000056],[27.142695340000046,36.67211351700007],[27.140892773000076,36.66857016600005]]],[[[27.175486517000024,36.68143381300007],[27.17942028500005,36.683620389000055],[27.182875246000037,36.68040330500003],[27.179122720000066,36.67779860200005],[27.175486517000024,36.68143381300007]]],[[[23.045595372000037,36.68770465800003],[23.053591809000068,36.69117957000003],[23.05902029400005,36.688801804000036],[23.053574698000034,36.68542974600007],[23.045595372000037,36.68770465800003]]],[[[21.889343945000064,36.69021751100007],[21.882234366000034,36.68977711300005],[21.881204135000075,36.693353960000024],[21.884587485000054,36.70478741000005],[21.89036130900007,36.70149785500007],[21.89084989400004,36.70121949000003],[21.89039444100007,36.69789209400005],[21.889343945000064,36.69021751100007]]],[[[25.07966027200007,36.63710424800007],[25.077931987000056,36.63629685300003],[25.071440747000054,36.63664272700004],[25.060614346000023,36.637219593000054],[25.064237810000066,36.643904699000075],[25.06954084800003,36.653688533000036],[25.073958144000073,36.658032726000044],[25.083960326000067,36.66786938000007],[25.087904614000024,36.678303234000055],[25.090278996000052,36.68458420400003],[25.097312916000078,36.69343396200003],[25.09872115400003,36.69402454300007],[25.127391974000034,36.70604838400004],[25.13629826600004,36.712006159000055],[25.14015739900003,36.71458768700006],[25.142140100000063,36.71478854900005],[25.14637593200007,36.71521767100006],[25.152467384000033,36.71583478100007],[25.16600909400006,36.716798220000044],[25.180089053000074,36.71268393200006],[25.175622185000066,36.69893195900005],[25.17323162300005,36.69726987100006],[25.159567009000057,36.687769263000064],[25.15699042700004,36.683775885000045],[25.152467384000033,36.67676573800003],[25.146028873000034,36.67466848600003],[25.141879104000054,36.673316758000055],[25.132101829000078,36.663097210000046],[25.129528248000042,36.66040721400003],[25.127998641000033,36.65968808000008],[25.127391974000034,36.65940285900007],[25.07966027200007,36.63710424800007]]],[[[25.246442067000032,36.72384476900004],[25.250070442000037,36.725718733000065],[25.25561213800006,36.72372105200003],[25.25162709700004,36.721297710000044],[25.246442067000032,36.72384476900004]]],[[[21.780045690000065,36.729436444000044],[21.77514941800007,36.70917117800008],[21.77643288200005,36.699971248000054],[21.764260101000048,36.70438335400007],[21.764728072000025,36.71417363100005],[21.75067224000003,36.71376449300004],[21.74763883600008,36.72484222700007],[21.760184802000026,36.75770853800003],[21.77214546600004,36.74901846200004],[21.78696049200005,36.743350934000034],[21.780045690000065,36.729436444000044]]],[[[21.736651966000068,36.758975838000026],[21.744202551000058,36.75564624700007],[21.74160942000003,36.747383108000065],[21.737692726000034,36.75015826400005],[21.736651966000068,36.758975838000026]]],[[[24.54125827200005,36.75927386300003],[24.545870190000073,36.75997857100003],[24.547610930000076,36.755388061000076],[24.54403820400006,36.754747724000026],[24.54125827200005,36.75927386300003]]],[[[24.439018005000037,36.75566982400005],[24.439424346000067,36.75565785400005],[24.43956337800006,36.75543876900008],[24.443506391000028,36.74922540100005],[24.449605030000043,36.75118447400007],[24.450816532000033,36.751573646000054],[24.45255391300003,36.74993513600003],[24.45861489400005,36.744219076000036],[24.47623353800003,36.74309106800007],[24.48280303200005,36.74917865300006],[24.506363368000052,36.757483422000064],[24.50869474800004,36.76364345800005],[24.510050595000052,36.76722591300006],[24.51428682100004,36.76631279700007],[24.519710494000037,36.765143728000055],[24.519850555000062,36.76523395500004],[24.524411873000076,36.76817235500005],[24.541732224000043,36.75492348100005],[24.538186538000048,36.750730685000065],[24.531824650000033,36.743207710000036],[24.532441154000026,36.739693567000074],[24.538282709000043,36.735946083000044],[24.536453324000036,36.72865702900003],[24.54328821300004,36.71396157800007],[24.546528247000026,36.70699529800004],[24.545728928000074,36.69895459500003],[24.53961474600004,36.68346190800003],[24.525981495000053,36.67383471200003],[24.52173029900007,36.67412377100004],[24.515696993000063,36.674534004000066],[24.51081847000006,36.67135464200004],[24.50892052200004,36.670117739000034],[24.506283879000023,36.670203885000035],[24.498695145000056,36.67045183000005],[24.496095750000052,36.667618412000024],[24.492951479000055,36.66419106300003],[24.486712917000034,36.66523730200004],[24.48124459400003,36.666154368000036],[24.477306471000077,36.66285019900005],[24.472774836000042,36.65904806100008],[24.468146165000064,36.66310928300004],[24.46365000800006,36.66705423800005],[24.442839261000074,36.668683326000064],[24.440910144000043,36.66694789700006],[24.433781663000048,36.66053513300005],[24.426846660000024,36.66207617600003],[24.381626122000057,36.654138259000035],[24.355744987000037,36.65323888700004],[24.339759369000035,36.652683386000035],[24.333960886000057,36.65002706100006],[24.332968908000055,36.64957262900003],[24.325993235000055,36.64637702400006],[24.32057025000006,36.652587582000024],[24.31946524400007,36.66651592900007],[24.319697735000034,36.66678964300007],[24.331005333000064,36.68010223600004],[24.328030736000073,36.69028597100004],[24.32719701700006,36.69314026700005],[24.330613048000032,36.69756724200005],[24.333960886000057,36.70190584200003],[24.335760623000056,36.70423819500007],[24.33403412100006,36.707213542000034],[24.333960886000057,36.70733975100006],[24.32910997500005,36.71569951300006],[24.333960886000057,36.719138247000046],[24.33829769700003,36.72221254300007],[24.336840073000076,36.72971172900003],[24.341604293000046,36.74217923300006],[24.350394437000034,36.74837109600003],[24.358761435000076,36.74194089100007],[24.371223083000075,36.732363865000025],[24.387702544000035,36.73387306500007],[24.39442331400005,36.73448855700008],[24.39677806000003,36.724499871000035],[24.394936906000055,36.72065722900004],[24.391602592000027,36.71369823600003],[24.398710694000044,36.70405223900008],[24.40808442200006,36.70310470000004],[24.420119397000065,36.70188815100005],[24.426602285000058,36.696918924000045],[24.433862310000052,36.691354011000044],[24.447588126000028,36.690502113000036],[24.456741658000055,36.69519392900003],[24.465773055000057,36.69948643500004],[24.469164418000048,36.70541471400003],[24.460388072000057,36.71868916900007],[24.45257409900006,36.72555821800006],[24.442311665000034,36.72456940400008],[24.439648506000026,36.723016518000065],[24.435826425000073,36.72078786600008],[24.427217823000035,36.727005107000025],[24.41502904500004,36.74033666200006],[24.413117541000076,36.74506741700003],[24.41240605300004,36.74682826800006],[24.41106449700004,36.747893985000076],[24.405877506000024,36.75201447200004],[24.410346073000028,36.75447593400003],[24.411262141000066,36.754980540000076],[24.411364235000065,36.75719797600004],[24.41182836300004,36.76727867900007],[24.428099228000065,36.771891105000066],[24.429309786000033,36.76709583100006],[24.428288554000062,36.76479741300005],[24.42630256800004,36.760327690000054],[24.430794238000033,36.757751375000055],[24.43288122100006,36.75753160100004],[24.432918108000024,36.756087784000044],[24.433481809000057,36.75583290700007],[24.439018005000037,36.75566982400005]]],[[[23.600075282000034,36.770930461000034],[23.604810909000037,36.773043881000035],[23.60895928800005,36.77049582300003],[23.605468422000058,36.768470010000044],[23.600075282000034,36.770930461000034]]],[[[24.578031519000035,36.77521053100003],[24.582420815000035,36.77766025500006],[24.58475164600003,36.77678806900008],[24.58282784800008,36.771751675000075],[24.578031519000035,36.77521053100003]]],[[[24.391465874000062,36.78014116800006],[24.39906614800003,36.78413192700003],[24.404387851000024,36.78275432800007],[24.399318721000043,36.77884604900004],[24.391465874000062,36.78014116800006]]],[[[24.610813048000068,36.78742525400003],[24.616291209000053,36.78898430100003],[24.618676909000044,36.788238130000025],[24.626535457000045,36.78578022800008],[24.632751808000023,36.786430919000054],[24.63690205300003,36.786865342000056],[24.639353682000035,36.784825054000066],[24.642118380000056,36.78252422500003],[24.654832906000024,36.779196468000066],[24.658393899000032,36.778264454000066],[24.662300682000023,36.77242249500006],[24.66382218900003,36.770147328000064],[24.663961920000077,36.76993838300007],[24.66506086800007,36.75334801100007],[24.64557173700007,36.74329359800004],[24.643594404000055,36.74455226400005],[24.638113958000076,36.74804082800006],[24.622667241000045,36.75104112500003],[24.620713198000033,36.75142066900003],[24.61486306000006,36.756129722000026],[24.612888007000038,36.76628108400007],[24.61198156300003,36.770940015000065],[24.607661560000054,36.77442597700008],[24.605319291000058,36.77631603700007],[24.60486402300006,36.77878565900005],[24.604388635000078,36.78136442300007],[24.606824646000064,36.783662571000036],[24.610813048000068,36.78742525400003]]],[[[25.290654967000023,36.78688718700005],[25.308187316000044,36.79161702600004],[25.308919294000077,36.79061670700003],[25.314424216000077,36.78309369900006],[25.31558678600004,36.782374110000035],[25.31860049100004,36.78050873600006],[25.331420739000066,36.76875757900007],[25.330502444000047,36.760830905000034],[25.32984318900003,36.755140254000025],[25.338732567000022,36.75271006600008],[25.345621581000046,36.750826740000036],[25.353556153000056,36.745076648000065],[25.363558501000057,36.74593461200004],[25.36564069700006,36.73708692400004],[25.38668715700004,36.72943950200005],[25.39667578500007,36.71850274900004],[25.399117696000076,36.71582905200006],[25.401101853000057,36.713656558000025],[25.395900591000043,36.71078127100003],[25.390482191000046,36.70778595000007],[25.38225435700008,36.696351486000026],[25.386106195000025,36.69000454400003],[25.384580399000072,36.682937982000055],[25.390958565000062,36.67340063900008],[25.392056155000034,36.67175940100003],[25.39089646000008,36.67155436000007],[25.38473063400005,36.67046420500003],[25.38744246500005,36.66197882500006],[25.387638281000022,36.66136611100006],[25.385729269000024,36.657229322000035],[25.384865974000036,36.65535858000004],[25.384056517000033,36.653604503000054],[25.381264549000036,36.65430596600004],[25.367550420000043,36.65775154900007],[25.357987921000074,36.647502743000075],[25.355590869000025,36.644933654000056],[25.354308864000075,36.646427440000025],[25.347847500000057,36.65395618900004],[25.343582871000024,36.65613667700006],[25.340917182000055,36.65749963400003],[25.339686103000076,36.66017438800003],[25.335549745000037,36.66916141200005],[25.329506793000064,36.671625891000076],[25.31860049100004,36.68268087100006],[25.317552931000023,36.68310809600007],[25.31507425700005,36.68411896900005],[25.313801932000047,36.686994765000065],[25.313044111000067,36.688707642000054],[25.311790631000065,36.68907881200005],[25.304484337000076,36.69124229000005],[25.292939854000053,36.70366515200004],[25.291456840000023,36.70627444200005],[25.293193373000065,36.70834871400007],[25.295309407000047,36.71087629700003],[25.294220747000054,36.71383372300005],[25.28546429900007,36.713545476000036],[25.26862249100003,36.71299107400006],[25.268678987000044,36.71844830100008],[25.26966502600004,36.719271734000074],[25.27402562800006,36.722913240000025],[25.270665449000035,36.726502692000054],[25.263448210000035,36.72211863000007],[25.26316652500003,36.721627038000065],[25.259745552000027,36.71565682900007],[25.256526118000068,36.72403377400008],[25.254602139000042,36.72903995400003],[25.263459949000037,36.74657874700006],[25.260871391000023,36.74957461900004],[25.262835008000025,36.75598424100008],[25.260347396000043,36.757936646000076],[25.259782091000034,36.758380326000065],[25.26003617500004,36.76865198400003],[25.264949202000025,36.77508941000008],[25.270869876000063,36.78284713200003],[25.273816543000066,36.786708082000075],[25.289131648000023,36.78657613000007],[25.289490495000052,36.78657303800003],[25.290654967000023,36.78688718700005]]],[[[21.70081545000005,36.74036016900004],[21.69341514200005,36.739729915000055],[21.691551477000075,36.746828598000036],[21.690412817000038,36.75116574200007],[21.695891610000047,36.75927233900006],[21.693600939000078,36.76894559100003],[21.692814859000066,36.77226512000004],[21.69396826600007,36.78038933500005],[21.69739531700003,36.784711274000074],[21.70019551300004,36.788242671000035],[21.704026945000066,36.793074586000046],[21.714823270000068,36.78858494800005],[21.719673551000028,36.786567965000074],[21.723708781000028,36.78488992000007],[21.723792763000063,36.78215850400005],[21.71838530800005,36.77865329400004],[21.716713112000036,36.777569346000064],[21.71714687800005,36.77104466800006],[21.71754898300003,36.76499624400003],[21.715215731000058,36.76387993700007],[21.70122834400007,36.75718789200005],[21.703887414000064,36.74936728000006],[21.704333209000026,36.74805614700006],[21.70081545000005,36.74036016900004]]],[[[24.24621982900004,36.77037622300003],[24.240742675000035,36.76882856900005],[24.23054412600004,36.78014198300008],[24.222657209000033,36.781405146000054],[24.219896620000043,36.79486470400008],[24.221653459000038,36.80074072700006],[24.23557881200003,36.805569484000046],[24.252656702000024,36.802321911000035],[24.255233487000055,36.789340682000045],[24.24621982900004,36.77037622300003]]],[[[25.745877884000038,36.81454030000003],[25.74997670700003,36.80684998800007],[25.750934608000023,36.80505275100006],[25.745508701000063,36.80130923200005],[25.741760364000072,36.80684998800007],[25.739583135000032,36.81006834600004],[25.745877884000038,36.81454030000003]]],[[[25.52647726300006,36.83550710700007],[25.52518567900006,36.831445734000056],[25.520823204000067,36.83259998900007],[25.52368610800005,36.83628765100008],[25.524499646000038,36.837335557000074],[25.527105161000065,36.83748152600003],[25.52647726300006,36.83550710700007]]],[[[24.55867601600005,36.84450195000005],[24.569467490000022,36.84008207200003],[24.574759964000066,36.83035773700004],[24.58713522900007,36.83032566000003],[24.592365520000044,36.836108840000065],[24.60386042300007,36.82623748200007],[24.595332202000066,36.82023501700007],[24.591615842000067,36.80684998800007],[24.587662584000043,36.79261173200007],[24.572050583000077,36.777300006000075],[24.540230330000043,36.77319342000004],[24.530558932000076,36.78251408500006],[24.52997319800005,36.79314174600006],[24.520187414000077,36.80045587500007],[24.520444345000044,36.80684998800007],[24.521009303000028,36.82090982100004],[24.530075656000065,36.823196290000055],[24.55867601600005,36.84450195000005]]],[[[23.876558748000036,36.843384796000066],[23.887611373000027,36.846080338000036],[23.894236308000075,36.83766116000004],[23.886188030000028,36.83694386600007],[23.876558748000036,36.843384796000066]]],[[[25.665862606000076,36.847391092000066],[25.666334031000076,36.84753920400004],[25.672178788000053,36.83792910500006],[25.672908026000073,36.83673007300007],[25.671093454000072,36.83689003100005],[25.665931965000027,36.83734502600004],[25.662960953000038,36.837606926000035],[25.66027345200007,36.839958144000036],[25.656558120000057,36.843208583000035],[25.655499090000035,36.84413509800004],[25.665862606000076,36.847391092000066]]],[[[25.674172361000046,36.848685336000074],[25.68144305000004,36.84989359200006],[25.691458064000074,36.84598876200005],[25.691458064000074,36.843867999000054],[25.688156771000024,36.84143900200007],[25.68249667300006,36.844004503000065],[25.677433472000075,36.84295982100008],[25.673542545000032,36.842157013000076],[25.67067559000003,36.84503673100005],[25.67382092500003,36.84862693400004],[25.674172361000046,36.848685336000074]]],[[[25.516049190000047,36.848574953000025],[25.52180007000004,36.851194408000026],[25.526234440000053,36.841312248000065],[25.52144172900006,36.83897900900007],[25.516049190000047,36.848574953000025]]],[[[25.481070068000065,36.85627730900006],[25.48515316000004,36.858327829000075],[25.488271404000045,36.855711788000065],[25.485631136000052,36.853280426000026],[25.481070068000065,36.85548182600007],[25.481070068000065,36.85627730900006]]],[[[25.475137215000075,36.827315257000066],[25.443588927000064,36.81946921100007],[25.42511913800007,36.82267753200006],[25.41408031700007,36.83102784100004],[25.42044343200007,36.83519537700005],[25.430701055000043,36.836853707000046],[25.43554010500003,36.84836903000007],[25.45254791600007,36.855879360000074],[25.464865685000063,36.86819326300008],[25.47123678400004,36.86883053300005],[25.474995019000062,36.854353563000075],[25.480552080000052,36.847502202000044],[25.479944182000054,36.83311355700005],[25.475137215000075,36.827315257000066]]],[[[25.539658281000072,36.865842507000025],[25.541815833000044,36.869616231000066],[25.546211803000062,36.86984369100003],[25.544753919000073,36.86525328000005],[25.539658281000072,36.865842507000025]]],[[[25.63893405700003,36.869317065000075],[25.635814829000026,36.86877059400007],[25.634225100000037,36.87016447800005],[25.63542886700003,36.87270900200008],[25.639740922000044,36.87484970500003],[25.63893405700003,36.869317065000075]]],[[[25.682757716000026,36.87844928800007],[25.686990568000056,36.88123186800004],[25.691160608000075,36.88017302500003],[25.68764736600008,36.87656485900004],[25.682757716000026,36.87844928800007]]],[[[25.931055137000044,36.886125664000076],[25.93194902600004,36.88502381600006],[25.93481464100006,36.88149152700004],[25.931394106000027,36.881153426000026],[25.928231697000058,36.88356426300004],[25.926466858000026,36.884909675000074],[25.931055137000044,36.886125664000076]]],[[[26.917511606000062,36.889537174000054],[26.922674205000078,36.88892739600004],[26.922627809000062,36.883894663000035],[26.919324052000036,36.88473576200005],[26.917511606000062,36.889537174000054]]],[[[25.90604534000005,36.89094427900005],[25.921350580000023,36.884677500000066],[25.922590530000036,36.88416979800007],[25.914828189000048,36.879345304000026],[25.904338519000078,36.880298166000046],[25.897220399000048,36.88094476300006],[25.89104280600003,36.87693073600008],[25.88699459700007,36.87951457500003],[25.892077020000045,36.88263824100005],[25.889997651000044,36.88740823200004],[25.90604534000005,36.89094427900005]]],[[[25.524361574000068,36.892517257000065],[25.52995556600007,36.88292334600004],[25.532838881000032,36.87170094900006],[25.534094552000056,36.866813645000036],[25.53507684400006,36.86642207500006],[25.537692493000065,36.86537940000005],[25.537137985000072,36.85898373200007],[25.542254816000025,36.85663056800007],[25.537620463000053,36.85287481800003],[25.526779386000044,36.85760887300006],[25.52250820200004,36.85557490600007],[25.52317970100006,36.86145300900006],[25.511610099000052,36.865962446000026],[25.51053058800005,36.86848973700006],[25.509350953000023,36.87125143600008],[25.50616754200007,36.86947672700006],[25.503402486000027,36.86793524600006],[25.50163634100005,36.870501757000056],[25.499358302000076,36.873812136000026],[25.505519982000067,36.883188956000026],[25.511148048000052,36.88434353200006],[25.51013976400003,36.88778413500006],[25.52362540300004,36.892272254000034],[25.524361574000068,36.892517257000065]]],[[[24.726826987000038,36.899279499000045],[24.717694510000058,36.89876797100004],[24.72323559700004,36.90644762800008],[24.73253739100005,36.906350846000066],[24.726826987000038,36.899279499000045]]],[[[25.654651428000022,36.90661248300006],[25.662047146000077,36.90090586700006],[25.671738092000055,36.90019872000005],[25.67403112100004,36.88971264500003],[25.67506098800004,36.88942601700006],[25.68301014000008,36.88721364100007],[25.68061970900004,36.87510727100005],[25.668141192000064,36.878116085000045],[25.653554384000074,36.875828],[25.649475876000054,36.87518824600005],[25.63255805600005,36.883768031000045],[25.61559498500003,36.88036960300008],[25.61111465500005,36.87947200200006],[25.60550784900005,36.88067767200005],[25.608542337000074,36.892053470000064],[25.616398469000046,36.89613748700003],[25.627620688000036,36.89555359000008],[25.628653904000032,36.89549983100005],[25.629850090000048,36.89669280000004],[25.639853887000072,36.90666968800008],[25.646227401000033,36.908730207000076],[25.651039555000068,36.90752047500007],[25.654651428000022,36.90661248300006]]],[[[26.16086216900004,36.90686178300007],[26.16478230000007,36.91189206900003],[26.16954078400005,36.909463894000055],[26.167025540000054,36.904929340000024],[26.16086216900004,36.90686178300007]]],[[[27.28383612700003,36.90595609400003],[27.287871,36.895964364000065],[27.307665667000038,36.887209436000035],[27.32124437400006,36.88517783100008],[27.33328285700003,36.888957987000026],[27.339144615000066,36.89079861500005],[27.351279781000073,36.874378583000066],[27.354610424000043,36.85982517600007],[27.33949562400005,36.85187148000006],[27.276412107000056,36.83365155800004],[27.263481066000054,36.831630216000065],[27.247816139000065,36.829181522000056],[27.229650074000062,36.82528080000003],[27.222328697000023,36.82411992100003],[27.206848053000044,36.81895844400003],[27.170367073000023,36.80684998800007],[27.15622707400007,36.79409567600004],[27.127561608000065,36.76823936000005],[27.112576156000046,36.758462071000054],[27.100289607000036,36.756928834000064],[27.078781480000032,36.76272697300004],[27.068511090000072,36.76549565500005],[27.065339765000033,36.765820070000075],[27.045305901000063,36.76786946200008],[27.020944456000052,36.765064034000034],[27.003990182000052,36.757960850000075],[26.974535384000035,36.74562043100008],[26.971568896000065,36.73669910900003],[26.977015815000073,36.730993789000024],[26.98149610200005,36.726300958000024],[26.983788295000068,36.71733357900007],[26.977827509000065,36.714327386000036],[26.97306365000003,36.711924837000026],[26.967421406000028,36.70500634900003],[26.96752278300005,36.68294638100008],[26.96815977500006,36.68143965300004],[26.971910370000046,36.67256806600005],[26.954618879000066,36.67729134600006],[26.93115128900007,36.69907617100006],[26.923249807000047,36.707121881000035],[26.918052740000064,36.72062879500004],[26.917947597000023,36.72090205600006],[26.92259824200005,36.73989906200006],[26.92216496800006,36.74201263000003],[26.919873297000038,36.75319170500006],[26.922976838000068,36.76145066600003],[26.93115128900007,36.766776606000064],[26.940720369000076,36.76694929200005],[26.960691776000033,36.77461086000005],[26.97133173900005,36.77345421200005],[26.99358810800004,36.77103476900004],[27.003990182000052,36.78225670200004],[27.006350910000037,36.78480349500006],[27.02678671800004,36.80684998800007],[27.035810886000036,36.81658541200005],[27.042214477000073,36.81910887300006],[27.053555496000058,36.83127678900007],[27.065339765000033,36.841024806000064],[27.075892495000062,36.849754088000054],[27.084840495000037,36.852059120000035],[27.10126974800005,36.856291345000045],[27.123109899000042,36.86713804900006],[27.15126497700004,36.88153652800003],[27.160448613000028,36.886233031000074],[27.172411173000057,36.88985911900005],[27.206206438000038,36.891586129000075],[27.220760475000077,36.89232987100007],[27.24811524000006,36.900171998000076],[27.264019520000033,36.90805666500006],[27.27982387900005,36.91589179600004],[27.28383612700003,36.90595609400003]]],[[[26.93320721300006,36.91361449300007],[26.939357767000047,36.91612660000004],[26.944429846000048,36.91341562500003],[26.939750968000055,36.91111876600007],[26.93320721300006,36.91361449300007]]],[[[25.600574728000026,36.91528330800003],[25.604542928000058,36.91894632800006],[25.607061529000077,36.91832979600008],[25.605129865000038,36.91300188500003],[25.600574728000026,36.91528330800003]]],[[[25.58098530500007,36.906040983000025],[25.573807458000033,36.900384906000056],[25.571537681000052,36.90059006000007],[25.560094348000064,36.90166830800007],[25.558710259000065,36.90284560500004],[25.566364263000025,36.90928317000004],[25.571537681000052,36.91363438500008],[25.574834630000055,36.916182642000024],[25.57970593700003,36.91845081400004],[25.58966908000008,36.923089839000056],[25.596113505000062,36.922348010000064],[25.594053823000024,36.91633885400006],[25.582849314000043,36.90750980400003],[25.58098530500007,36.906040983000025]]],[[[23.45548780200005,36.92599965000005],[23.461479471000075,36.921063176000075],[23.465522444000044,36.91773221100004],[23.466862564000053,36.906838927000024],[23.458775674000037,36.91006052200004],[23.453300635000062,36.921428313000035],[23.449201018000053,36.929940325000075],[23.454048818000047,36.93274175200003],[23.45548780200005,36.92599965000005]]],[[[26.005749326000057,36.937185182000064],[26.01779328500004,36.93404669100005],[26.01973980300005,36.93199357900005],[26.027093673000024,36.924237],[26.044077947000062,36.91452782500005],[26.05696688000006,36.91057172200004],[26.06629120200006,36.90770973300005],[26.087196413000072,36.89628969600005],[26.080793366000023,36.89291878600005],[26.068298343000038,36.892114967000055],[26.05600133200005,36.89762548900006],[26.05083776300006,36.89972311100007],[26.02770830000003,36.895930262000036],[26.007426336000037,36.89260435500006],[25.991630909000037,36.88290059800005],[25.984533997000028,36.883122970000045],[25.97323197700007,36.87843842800004],[25.951957037000057,36.858665536000046],[25.941271912000047,36.85590234700004],[25.93480074000007,36.85297451100007],[25.92645869200004,36.840982335000035],[25.925962886000036,36.840269585000044],[25.922047365000026,36.838046974000065],[25.91012049400007,36.83127678900007],[25.909490988000073,36.82969177600006],[25.904301735000047,36.81662592600003],[25.890282266000042,36.80915499200006],[25.888233161000073,36.80684998800007],[25.87818336400005,36.795545134000065],[25.863958353000044,36.78759764000006],[25.843050994000066,36.78482515700006],[25.842195952000054,36.784912674000054],[25.828420408000056,36.78632266500006],[25.819832012000063,36.78262712000003],[25.81479342600005,36.77826612400003],[25.803797303000067,36.76874876100004],[25.78483661100006,36.76793042000003],[25.770784957000046,36.771688116000064],[25.76461794100004,36.77333730000004],[25.758334181000066,36.77501770400005],[25.756696016000035,36.77665881000007],[25.74167866700003,36.79170312100007],[25.742370806000054,36.795866656000044],[25.758186756000043,36.79246294400008],[25.76888410300006,36.80382758700006],[25.771729038000046,36.80684998800007],[25.78429179400007,36.81191789300004],[25.787749967000025,36.81018032800006],[25.797218558000054,36.81284534100007],[25.803194188000077,36.80993222700005],[25.80462651600004,36.80923396800006],[25.805920886000024,36.81041737600003],[25.809378646000027,36.81357871200004],[25.815405071000043,36.81210485400004],[25.82994642700004,36.80854853500006],[25.840766251000048,36.81529568800005],[25.84633231300006,36.81052381100005],[25.852473089000057,36.81789614100006],[25.848293941000065,36.827464054000075],[25.862328846000025,36.827155893000054],[25.864868365000063,36.83127678900007],[25.854784315000074,36.83559017700003],[25.84803630500005,36.834400222000056],[25.846840765000024,36.83482441500007],[25.839607915000045,36.837390722000066],[25.846121178000033,36.85165165700005],[25.863154723000036,36.85548261300005],[25.86484794100005,36.85402972000003],[25.86518518400004,36.85374034300003],[25.865490343000033,36.85434236800006],[25.867495623000025,36.858298425000044],[25.88511609300008,36.86436443600007],[25.88641168500004,36.864524467000024],[25.909282098000062,36.867349415000035],[25.920046755000044,36.87273745500005],[25.974222542000064,36.90011724900006],[25.976664409000023,36.90591712500003],[25.968424594000055,36.90715106300007],[25.959730826000055,36.90845298100004],[25.955959969000048,36.911539806000064],[25.959835674000033,36.918261244000064],[25.96891497100006,36.92268766900003],[25.970455523000055,36.92696130200005],[25.981710020000037,36.93005740700005],[25.99415543400005,36.92979096400006],[26.00127514500008,36.92963853900005],[26.000888236000037,36.93179228100007],[26.000095266000073,36.936206381000034],[26.005749326000057,36.937185182000064]]],[[[27.088785777000055,36.93641356300003],[27.096360884000035,36.944232715000055],[27.098098548000053,36.93485417100004],[27.094279053000037,36.933233390000055],[27.088785777000055,36.93641356300003]]],[[[25.620850897000025,36.94719031400007],[25.625958469000068,36.94858804200004],[25.629283728000075,36.944731181000066],[25.624998576000053,36.944083266000064],[25.620850897000025,36.94719031400007]]],[[[27.098579106000045,36.947380112000076],[27.09574901800005,36.94593027500008],[27.09510444400007,36.94661664900008],[27.091813459000036,36.95012105500007],[27.096753602000035,36.95121992600008],[27.097833447000028,36.94943357100004],[27.09836004300007,36.94856243700008],[27.098957556000073,36.94757399000008],[27.098579106000045,36.947380112000076]]],[[[25.605384827000023,36.92996193400006],[25.604697857000076,36.929645031000064],[25.598505600000067,36.93032415400006],[25.594389868000064,36.930775539000024],[25.59169528600006,36.93479599500006],[25.58833751800006,36.93980595800008],[25.58804540600005,36.94024180400004],[25.58833751800006,36.94060125500005],[25.591519681000023,36.94451698200004],[25.59500299900003,36.94880328800008],[25.60156803500007,36.95023810600003],[25.610064391000037,36.95209502300003],[25.611848167000062,36.95248487500004],[25.614646837000066,36.94938998200007],[25.622889163000025,36.940275255000074],[25.624317533000067,36.93869570000004],[25.605384827000023,36.92996193400006]]],[[[24.962982552000028,36.943672701000025],[24.958721801000024,36.94209551400007],[24.955485513000042,36.94337219100004],[24.954011110000067,36.94395382600004],[24.952098299000056,36.944708407000064],[24.954011110000067,36.94805271400003],[24.95752513700006,36.95419654300008],[24.96228517700007,36.957341780000036],[24.963963723000063,36.95845089300008],[24.965505446000066,36.958180140000024],[24.96861308600006,36.95763438500006],[24.968671959000062,36.957624046000035],[24.968086294000045,36.954753080000046],[24.966058192000048,36.94481120000006],[24.962982552000028,36.943672701000025]]],[[[27.106709918000035,36.95587708000005],[27.130371296000078,36.958785645000034],[27.139055029000076,36.95513604100006],[27.144052810000062,36.95303557100004],[27.15542565900006,36.95767606900006],[27.15599098000007,36.957906739000066],[27.16802189400005,36.954245505000074],[27.170273766000037,36.95151705500007],[27.16817823300005,36.946892594000076],[27.165628753000078,36.94459282200006],[27.155132510000044,36.935124631000065],[27.16324516800006,36.93106955500008],[27.169609199000035,36.927888522000046],[27.171429217000025,36.924315834000026],[27.136059970000076,36.92214376900006],[27.13565602700004,36.922899280000024],[27.13152391400007,36.93062774500004],[27.110785141000065,36.94789089200003],[27.110135633000027,36.94916372900008],[27.106709918000035,36.95587708000005]]],[[[25.111791286000027,36.97400450600003],[25.11648146600004,36.97692735700008],[25.123733611000034,36.96972210000007],[25.11767412200004,36.96756366500006],[25.111791286000027,36.97400450600003]]],[[[26.90741396100003,36.976704264000034],[26.912375974000042,36.97884097900004],[26.916028693000044,36.976664302000074],[26.91275577500005,36.97415555200007],[26.90741396100003,36.976704264000034]]],[[[25.112390145000063,36.97817564600007],[25.111228194000034,36.97682938100007],[25.108607035000034,36.977127213000074],[25.106695385000023,36.97734442700005],[25.108444791000068,36.982245861000024],[25.11330824600003,36.97923938100007],[25.112390145000063,36.97817564600007]]],[[[26.322208636000028,36.986292297000034],[26.327607155000067,36.988571042000046],[26.33077975200007,36.98594871700004],[26.327049852000073,36.98388588300003],[26.322208636000028,36.986292297000034]]],[[[25.63461694600005,36.98706095700004],[25.639518063000025,36.989269301000036],[25.64314509600007,36.987166339000055],[25.63989846000004,36.98454278600008],[25.63461694600005,36.98706095700004]]],[[[26.289558665000072,36.98475578800003],[26.30462757500004,36.99124263700003],[26.30984850300007,36.98476508300007],[26.286032418000048,36.96947764200007],[26.272035608000067,36.972470642000076],[26.267086190000043,36.976562915000045],[26.275057125000046,36.985062749000065],[26.289558665000072,36.98475578800003]]],[[[25.235012642000072,36.992681024000035],[25.241273329000023,36.99567209600008],[25.24575561900008,36.993473868000024],[25.242083105000063,36.990455197000074],[25.235012642000072,36.992681024000035]]],[[[26.378047379000066,36.99751178900004],[26.380712274000075,36.99891667900005],[26.384571616000073,36.99566994200006],[26.381268015000046,36.99359780100008],[26.378047379000066,36.99544061800003],[26.378047379000066,36.99751178900004]]],[[[26.91101211800003,37.01670403500003],[26.921367463000024,37.00990138100008],[26.923671967000075,37.00126356900006],[26.918546406000075,36.99520374000008],[26.884929699000054,37.01300539400006],[26.892517852000026,37.01642488700003],[26.91101211800003,37.01670403500003]]],[[[26.45594503700005,37.01811727300003],[26.45677808100004,37.01956779600005],[26.46096170000004,37.015922739000075],[26.46595474000003,37.011572459000035],[26.47061125600004,37.011701552000034],[26.477796784000077,37.011900756000045],[26.48990961900006,37.00839788700006],[26.49630522600006,37.00020497700007],[26.47320183000005,36.99736066600008],[26.46578998500007,37.00007128000004],[26.460478955000042,37.00201359700003],[26.444698826000035,36.99368120500003],[26.443847221000055,36.99323153200004],[26.433358335000037,36.99426044200004],[26.43407237400004,36.99671216000007],[26.43497608000007,36.99981511300007],[26.425293789000023,37.00328258400003],[26.423714184000062,37.00384828000006],[26.427931632000025,37.01034777800004],[26.437546803000032,37.00947213200004],[26.442006468000045,37.009065994000025],[26.452799284000037,37.01263978700007],[26.45594503700005,37.01811727300003]]],[[[26.93115128900007,37.031348937000075],[26.930293352000035,37.030292099000064],[26.925229611000077,37.03166863400003],[26.92928213500005,37.034862445000044],[26.93115128900007,37.034582046000025],[26.933490989000063,37.034231060000025],[26.93115128900007,37.031348937000075]]],[[[24.739243053000052,36.98180392300003],[24.747916916000065,36.974916387000064],[24.75265889700006,36.964046247000056],[24.76243317600006,36.95722677500004],[24.76467687300004,36.949520206000045],[24.754495501000065,36.939817643000026],[24.74984354700007,36.942856034000044],[24.739003672000024,36.92703011700007],[24.733619477000047,36.92977310200007],[24.73043109200006,36.93139742900007],[24.725967145000027,36.927138925000065],[24.72677783100005,36.92424106800007],[24.728058567000062,36.919662978000076],[24.71635420900003,36.91199215100005],[24.716761792000057,36.90674512100003],[24.699396926000077,36.90286071700007],[24.684654804000047,36.92541135600004],[24.68863502800008,36.92678519400005],[24.691269697000052,36.92769459200008],[24.691754936000052,36.93047375900005],[24.68459196400005,36.93183258700003],[24.680930511000042,36.93252717100006],[24.67967703100004,36.93796842800003],[24.676756453000053,36.95064643200004],[24.678272664000076,36.956402171000036],[24.673296836000077,36.96395703500008],[24.670854132000045,36.96384117900004],[24.666393421000066,36.963629609000066],[24.668377037000027,36.97164476300003],[24.668534436000073,36.97228076000005],[24.668073207000077,36.972601918000066],[24.656948957000054,36.98034785200008],[24.663401918000034,36.98731787300005],[24.664943261000076,36.988982720000024],[24.678556248000064,36.99087702600008],[24.65935975700006,37.00005188500006],[24.658919680000054,37.000262217000056],[24.65352848300006,37.01839665400007],[24.65262771500005,37.021426579000035],[24.65143020900007,37.02214907100006],[24.650986,37.02241707500008],[24.643360022000024,37.027018060000046],[24.645046878000073,37.03345179400003],[24.63933509800006,37.03670210100006],[24.64014293300005,37.04001436000004],[24.659210461000043,37.03665308800004],[24.662906200000066,37.03425594200007],[24.664145975000054,37.03345179400003],[24.676099676000035,37.02569833300004],[24.68675139000004,37.02547875300007],[24.697830673000055,37.02525035800005],[24.701910643000076,37.02241707500008],[24.711541606000026,37.01572897700004],[24.71767440900004,37.003970321000054],[24.71943212800005,37.00060017900006],[24.721542575000058,36.999167535000026],[24.736362787000076,36.98910706600003],[24.739243053000052,36.98180392300003]]],[[[25.095702085000028,37.04673408100007],[25.09717206700003,37.04511057700006],[25.09877196000008,37.04334359600006],[25.096608369000023,37.04051385900004],[25.094432506000032,37.04171580900004],[25.092355275000045,37.04286327400007],[25.095702085000028,37.04673408100007]]],[[[25.066705952000063,36.97670050100004],[25.061266292000028,36.96949488800004],[25.06430855900004,36.96376050900005],[25.07312061600004,36.94715063700005],[25.072533087000068,36.94251121000008],[25.051407700000027,36.95716125000007],[25.047844707000024,36.96157777700006],[25.040253448000044,36.97098756200006],[25.02503664900007,36.97592875300006],[25.01909198000004,36.97212304400006],[25.02936684200006,36.964059527000074],[25.02439567600004,36.96054583600005],[25.018243166000047,36.95619715500004],[24.99295485400006,36.951337687000034],[24.976865248000024,36.96183913200008],[24.98868213700007,36.973943990000066],[24.994206450000036,36.97205388300006],[25.000444939000033,36.96991942600005],[25.01441876100006,36.97403021700006],[25.02271246500004,36.98833233200003],[25.02353731100004,37.005123430000026],[25.023896079000053,37.01242674100007],[25.031867172000034,37.01827321500008],[25.036499082000034,37.01973738500004],[25.044976293000047,37.02241707500008],[25.048296894000032,37.02759423400005],[25.05205390100008,37.03345179400003],[25.054744920000076,37.03764737000006],[25.073904398000025,37.043442706000064],[25.07625572200004,37.04853646600003],[25.082006636000074,37.05136706500008],[25.07945024000003,37.05807688900006],[25.084555763000026,37.059891408000055],[25.08991676200003,37.04620743500004],[25.08428112100006,37.04173853700007],[25.08042781200004,37.03345179400003],[25.079505579000056,37.03146848500006],[25.078226372000074,37.02241707500008],[25.072735736000027,36.984687818000054],[25.066705952000063,36.97670050100004]]],[[[21.556834571000024,37.04383963600003],[21.551372681000032,37.03464947300006],[21.54942187000006,37.038855581000064],[21.550310515000035,37.04294549400004],[21.551371824000057,37.04783007900005],[21.543727929000056,37.049859095000045],[21.539495180000074,37.05518561700006],[21.54897785000003,37.06117130700005],[21.554031809000037,37.06436148700004],[21.556007188000024,37.06549916600005],[21.559112603000074,37.06436148700004],[21.560153699000068,37.05681024900008],[21.557893895000063,37.047979302000044],[21.556944481000073,37.044269145000044],[21.556834571000024,37.04383963600003]]],[[[27.084622069000034,37.06634946200006],[27.097445610000022,37.06276429500008],[27.101061494000078,37.05821118000006],[27.091136735000077,37.05625992200004],[27.072692502000052,37.06139687500007],[27.077257407000047,37.06534929500003],[27.084622069000034,37.06634946200006]]],[[[25.699063786000067,37.06979077900007],[25.705539139000052,37.07160171800007],[25.70904871500005,37.06728557800005],[25.703830827000047,37.06639858800003],[25.699063786000067,37.06979077900007]]],[[[26.93115128900007,37.06583037100006],[26.95995975200003,37.05878613300007],[26.962051751000047,37.058274598000025],[26.98670093900006,37.042710603000046],[26.982825817000048,37.03647032200007],[26.980906590000075,37.03337970500007],[27.00737119000007,37.00859490200003],[27.024022811000066,37.01050205700005],[27.031697922000035,37.01138110800008],[27.045421066000074,37.000174678000064],[27.04761479600006,36.99441895500007],[27.04234027800004,36.98345750900006],[27.039700624000034,36.97797180900005],[27.04033592600007,36.96758582100006],[27.037039066000034,36.95987887000007],[27.04137525300007,36.954550236000046],[27.04565329600007,36.949293055000055],[27.017069957000047,36.94846764600004],[26.99116172400005,36.94771948700003],[26.988121138000054,36.94101692100003],[26.983706264000034,36.93128492100004],[26.97486113000008,36.92731160500006],[26.943318533000024,36.92973878500004],[26.93115128900007,36.939044813000066],[26.916316735000066,36.951752412000076],[26.920533961000046,36.957715044000054],[26.928269556000032,36.96865221300004],[26.927790687000027,36.978493049000065],[26.92750258500007,36.98441360500004],[26.93115128900007,36.99254146200008],[26.940725753000038,37.012968724000075],[26.947605542000076,37.01691599500003],[26.958327497000028,37.02306770300004],[26.950835016000042,37.03447543600004],[26.93984288100006,37.04163483700006],[26.93115128900007,37.04365156700004],[26.923058277000052,37.042045908000034],[26.915407171000027,37.04052792400006],[26.913905489000058,37.04846734900008],[26.912911954000037,37.053720189000046],[26.91006639400007,37.05572349800008],[26.883363579000047,37.07452260600007],[26.892498984000042,37.07747473200004],[26.89546553200006,37.076581032000036],[26.93115128900007,37.06583037100006]]],[[[25.701956970000026,37.083420027000045],[25.70583561500007,37.08309753300006],[25.71018219900003,37.07737866400004],[25.70472284500005,37.07751039200008],[25.701956970000026,37.083420027000045]]],[[[26.88533463400006,37.08327894100006],[26.88619347300005,37.08768040600006],[26.89020017300004,37.08770836100007],[26.890112257000055,37.08295521800005],[26.88533463400006,37.08327894100006]]],[[[25.69414346600007,37.09186947400008],[25.698009614000057,37.090290578000065],[25.700390190000064,37.08417867600008],[25.70062917000007,37.083565118000024],[25.69960205800004,37.08364952900007],[25.69414346600007,37.08409812900004],[25.684913677000054,37.08626215700008],[25.69005170300005,37.09181048100004],[25.69414346600007,37.09186947400008]]],[[[26.89955290000006,37.11724916700007],[26.907631366000032,37.11972569200003],[26.910449614000072,37.11577025100007],[26.904478140000037,37.11337733600004],[26.89955290000006,37.11724916700007]]],[[[25.78230372200005,37.11854998200005],[25.78065486500003,37.11806819100008],[25.776541359000078,37.12154723000003],[25.78193003100006,37.122690703000046],[25.78390243000007,37.120163293000076],[25.784630813000035,37.11922995100008],[25.78230372200005,37.11854998200005]]],[[[25.285843228000033,37.12523140400003],[25.28987827000003,37.12757135800007],[25.294159756000056,37.12600809400004],[25.29026792600007,37.12275614200007],[25.285843228000033,37.12523140400003]]],[[[25.83035001500008,37.125900552000076],[25.835220443000026,37.128056523000055],[25.838966153000058,37.125939007000056],[25.835776690000046,37.123376105000034],[25.83035001500008,37.125900552000076]]],[[[25.822246131000043,37.12296314800005],[25.830752053000026,37.115103592000025],[25.836730585000055,37.10957936900007],[25.834687406000057,37.09649122500008],[25.826932336000027,37.08905454300003],[25.82206941800007,37.090401832000055],[25.805006268000056,37.09512924000006],[25.80234407300003,37.094710287000055],[25.79863956300005,37.09412730300005],[25.788590861000046,37.104781682000066],[25.785889245000078,37.11428469800006],[25.784646646000056,37.11865558000005],[25.80019188600005,37.11625420900003],[25.806527238000058,37.12042582600003],[25.810401272000036,37.12792843200003],[25.81244566500004,37.13188768500004],[25.83084152500004,37.134801055000025],[25.831880375000026,37.130248864000066],[25.82805970900006,37.127359557000034],[25.822246131000043,37.12296314800005]]],[[[24.528259889000026,37.13137317500008],[24.53234557500008,37.13493679900006],[24.536192226000026,37.13377107200006],[24.53383569600004,37.13030066700003],[24.528259889000026,37.13137317500008]]],[[[24.558071685000073,37.14064925400004],[24.560679751000066,37.14504038500007],[24.565094816000055,37.14256679500005],[24.561786838000046,37.139506004000054],[24.558071685000073,37.14064925400004]]],[[[26.888839192000034,37.14378894200007],[26.885778366000068,37.139945899000054],[26.885391974000072,37.14038787000004],[26.88252280900008,37.14366973500006],[26.886616891000074,37.146104466000054],[26.88914249900006,37.14416976200005],[26.888839192000034,37.14378894200007]]],[[[25.213083591000043,37.12737525700004],[25.214929479000034,37.123673102000055],[25.224743655000054,37.12010410400006],[25.233569798000076,37.12372525100005],[25.24158663000003,37.12701435900004],[25.256451854000034,37.12740411300007],[25.256644658000027,37.127326984000035],[25.263171421000038,37.12471603200004],[25.265650089000076,37.12690823600008],[25.264200173000063,37.12890314300006],[25.262404,37.13137445600006],[25.268616546000032,37.13146750200008],[25.269627984000067,37.13702979400006],[25.267014540000048,37.139980362000074],[25.263752210000064,37.14035945000006],[25.25839110900006,37.14098241800008],[25.26031849000003,37.14955215600003],[25.263907671000027,37.150917837000065],[25.267899579000073,37.14586224200008],[25.272902697000063,37.149615631000074],[25.28167159700007,37.15052702200006],[25.293166748000033,37.14092793200007],[25.28557574100006,37.13636637900004],[25.27874895700006,37.13226406000007],[25.279810226000052,37.12890314300006],[25.280759550000028,37.125896742000066],[25.281768129000056,37.12270269100003],[25.277250235000054,37.118268045000036],[25.271984297000074,37.11309913800005],[25.26474111500005,37.09734958000007],[25.265887161000023,37.09356651500008],[25.26683440100004,37.09043970300007],[25.26266352300007,37.08655883700004],[25.255731712000056,37.08010901200004],[25.26241122400006,37.07099333600007],[25.264373498000054,37.06975156200008],[25.275570009000035,37.062666137000065],[25.267944331000024,37.05691264500007],[25.26633634800004,37.05569943900008],[25.26760074200007,37.05456918800007],[25.272731358000044,37.049982889000034],[25.26888646900005,37.046772531000045],[25.25740481100007,37.03345179400003],[25.25201227100007,37.02719550100005],[25.25152640300007,37.02241707500008],[25.25092341100003,37.01648675200005],[25.245099868000068,37.009941525000045],[25.237617964000037,37.009437207000076],[25.235717984000075,37.00930913900004],[25.230910567000024,37.005899240000076],[25.22301092600003,37.00029602700005],[25.220214018000036,36.995610889000034],[25.19381162600007,36.98482482800006],[25.183331018000047,36.975474819000056],[25.17271263200007,36.976520211000036],[25.161340388000042,36.979473950000056],[25.156150127000046,36.98481634800004],[25.152467384000033,36.98504245100003],[25.142633588000024,36.98564619800004],[25.136052840000048,36.993209206000074],[25.132270437000045,36.99755618100005],[25.127605454000047,36.99615227900006],[25.127391974000034,36.996088033000035],[25.11810389200008,36.993292833000055],[25.115926565000052,37.00029602700005],[25.112735478000047,37.002980938000064],[25.099314916000026,37.016810158000055],[25.098678052000025,37.02241707500008],[25.09784432600003,37.029757166000024],[25.098943508000048,37.03276866700003],[25.09919284600005,37.03345179400003],[25.10724329800007,37.04369788300005],[25.108903172000055,37.05804608400007],[25.109700493000048,37.06493824700004],[25.127391974000034,37.073237697000025],[25.133559614000035,37.07613106800005],[25.143250874000046,37.08067744500005],[25.153934634000052,37.08872143900004],[25.152880836000065,37.093423002000065],[25.142690507000054,37.09550864600004],[25.14147993100005,37.09575641300006],[25.133511618000057,37.09245924000004],[25.133933563000028,37.097695531000056],[25.16401613100004,37.12492797200008],[25.181933798000045,37.13013416800004],[25.196954726000058,37.134498681000025],[25.20399744300005,37.139754081000035],[25.20743367700004,37.142318260000025],[25.212288430000058,37.14336901300004],[25.220494347000056,37.14514508600007],[25.220976093000047,37.14705790700003],[25.221971633000067,37.15101079500005],[25.226263305000032,37.153108872000075],[25.233338230000072,37.14511955800003],[25.22620681500007,37.14409321100004],[25.225692167000034,37.14401914300004],[25.221428589000027,37.132896036000034],[25.21569693300006,37.12890314300006],[25.213083591000043,37.12737525700004]]],[[[25.292439897000065,37.15150936100008],[25.295871288000058,37.155023251000046],[25.299708052000028,37.15379114500007],[25.296690934000026,37.14972916200003],[25.292439897000065,37.15150936100008]]],[[[25.264655230000074,37.15655155400003],[25.266793087000053,37.15984538300006],[25.271183294000025,37.16044884200005],[25.268037376000052,37.154407451000054],[25.264655230000074,37.15655155400003]]],[[[26.758908699000074,37.19553271400008],[26.764689652000072,37.19395711900006],[26.765632204000042,37.19225972500004],[26.76055866200005,37.189126059000046],[26.758908699000074,37.19553271400008]]],[[[25.059565417000044,37.19709609100005],[25.06212633000007,37.196637176000024],[25.063096703000042,37.19434602700005],[25.06129080900007,37.19232452600005],[25.058567353000058,37.192675343000076],[25.05732821600003,37.194265648000055],[25.057651674000056,37.19617970000007],[25.059565417000044,37.19709609100005]]],[[[26.797161776000053,37.200296148000064],[26.80789593800006,37.201408309000044],[26.811543029000063,37.19759424100005],[26.81921668600006,37.18956925900005],[26.82369367700005,37.19481281700007],[26.824426551000045,37.195671177000065],[26.83607796700005,37.19197790900006],[26.840051819000053,37.19071827700003],[26.85582694800007,37.185717873000044],[26.855734762000054,37.17671147600004],[26.85128041200005,37.17411917600003],[26.839101449000054,37.16703137800005],[26.837491989000057,37.16233142200008],[26.84386801100004,37.15801349800006],[26.858925691000024,37.16046413500004],[26.861002877000033,37.15974656800006],[26.87208644800006,37.15591773400007],[26.871114134000038,37.15177118200006],[26.870146008000063,37.15143934800005],[26.86270039200008,37.14888729200004],[26.861274940000044,37.14395684400006],[26.877998492000074,37.13050454300003],[26.881479657000057,37.12770431900003],[26.89009989400006,37.11383279000006],[26.88646813400004,37.10026089200005],[26.875869797000064,37.10579970500004],[26.87190185000003,37.10787339900003],[26.871111900000074,37.10526874200008],[26.86950454600003,37.099968911000076],[26.85335737300005,37.09645796500007],[26.842721478000044,37.09980318600003],[26.833613954000043,37.110265466000044],[26.84219791000004,37.11342250800004],[26.858061690000056,37.119256954000036],[26.858029978000047,37.129578199000036],[26.84700225000006,37.128871194000055],[26.83006946300003,37.119833466000046],[26.82959231700005,37.11957879400006],[26.824426551000045,37.11392601600005],[26.815952570000036,37.11711329000008],[26.807688023000026,37.13357862200007],[26.813135669000076,37.13408479900005],[26.81539495000004,37.13695811500003],[26.819470677000027,37.14214155700006],[26.824426551000045,37.143874184000026],[26.829015085000037,37.145478386000036],[26.829133007000053,37.15109698500004],[26.824426551000045,37.15251918100006],[26.81523065400006,37.154955864000044],[26.809514317000037,37.154364317000045],[26.799577514000077,37.15333602100003],[26.793657189000044,37.16266159800006],[26.774484032000032,37.16783076300004],[26.768397105000076,37.17626762200007],[26.767571065000027,37.177412564000065],[26.77474538200005,37.185954140000035],[26.781197115000055,37.193635424000036],[26.786494524000034,37.19139089400005],[26.79541675300004,37.187610515000074],[26.80318218700006,37.18873589100008],[26.805891734000056,37.19202370200003],[26.798174404000065,37.19481905600003],[26.797837772000037,37.19663982700007],[26.797161776000053,37.200296148000064]]],[[[25.543779419000032,37.19838215900006],[25.550221623000027,37.184506646000045],[25.551887890000046,37.18091776400007],[25.552364968000063,37.17989021200003],[25.55320577200007,37.17994379800007],[25.55798383700005,37.18024831300005],[25.560651577000044,37.18007976900003],[25.564421108000033,37.172967490000076],[25.571537681000052,37.167389978000074],[25.576953881000065,37.16314510900003],[25.57826360000007,37.15599509800006],[25.585397748000048,37.14681643700004],[25.58780133600004,37.14521868300005],[25.58739930200005,37.139409268000065],[25.591911167000035,37.13687311000007],[25.592648463000046,37.12890314300006],[25.597976301000074,37.11651508500006],[25.596371712000064,37.107009047000076],[25.596111741000072,37.105468906000056],[25.59136183100003,37.09880519400008],[25.59180033900003,37.09127081100007],[25.596307712000055,37.08737779300003],[25.601092282000025,37.083245360000035],[25.59457807700005,37.07914540400003],[25.586987296000075,37.074367865000056],[25.581560810000042,37.04505818000007],[25.579411967000055,37.03345179400003],[25.577747312000042,37.024460617000045],[25.57627161100004,37.02241707500008],[25.571537681000052,37.015861561000065],[25.569193704000043,37.012615639000046],[25.555482074000054,36.96837902900006],[25.54961544400004,36.95873022300003],[25.54310533200004,36.95488989300003],[25.533192136000025,36.95712380700007],[25.52725610300007,36.95623862900004],[25.514040220000027,36.95426788300006],[25.492552399000033,36.94542234200003],[25.487808339000026,36.938330749000045],[25.482895385000063,36.93098668700003],[25.481070068000065,36.93090470300007],[25.478581692000034,36.93079293900007],[25.47602510300004,36.93298157900006],[25.472840184000063,36.935708118000036],[25.466950878000034,36.93405719400005],[25.46065184100007,36.926002665000055],[25.458311088000073,36.92300956400004],[25.449416118000045,36.917585700000075],[25.435579027000074,36.92011742900007],[25.432022475000053,36.92383259400003],[25.433469253000055,36.92728234900005],[25.428852764000055,36.931597913000076],[25.42322679800003,36.93598532200008],[25.424410932000058,36.94692432000005],[25.425977329000034,36.96139465400006],[25.42106098100004,36.96783725200004],[25.41774255000007,36.96837977100006],[25.40892665000007,36.97052277700004],[25.406900371000063,36.971015333000025],[25.397451871000044,36.977237986000034],[25.395705840000062,36.97838789800005],[25.395518725000045,36.978369291000035],[25.386324323000053,36.97745499600006],[25.385539879000078,36.984881836000056],[25.387515376000067,36.987183161000075],[25.39089013100005,36.99111452900007],[25.387764378000043,37.00029602700005],[25.378255229000047,37.01485648700003],[25.371667096000067,37.01939999800004],[25.36729230700007,37.02241707500008],[25.364597693000064,37.02427541800006],[25.37005219300005,37.03003327300007],[25.373290608000048,37.03345179400003],[25.37492363100006,37.035175638000055],[25.376774823000062,37.041509473000076],[25.364793984000073,37.05350899900003],[25.354714521000062,37.06252687400007],[25.35170184800006,37.072576681000044],[25.33631962800007,37.07751061100004],[25.336422549000076,37.077728009000054],[25.343422343000043,37.09251355500004],[25.353112900000042,37.08974785500004],[25.35993422400003,37.087801039000055],[25.365201873000046,37.078997248000064],[25.36719766500005,37.07996123100003],[25.36636045700004,37.08696450800005],[25.37407932800005,37.09648800900004],[25.37364128100006,37.104531724000026],[25.373399900000038,37.10896413300003],[25.386350228000026,37.11368429300006],[25.39199867700006,37.11574305000005],[25.406229546000077,37.12530606800004],[25.408390585000063,37.12890314300006],[25.409083018000047,37.130055705000075],[25.411436845000026,37.13397367700003],[25.41774255000007,37.137062092000065],[25.42106098100004,37.13704441800007],[25.425296935000063,37.137021858000026],[25.432800316000055,37.136981895000076],[25.436052123000024,37.13722840500003],[25.45832675400004,37.14751100700005],[25.47547989900005,37.16504488800007],[25.477410834000068,37.16945892500007],[25.478945667000062,37.172967490000076],[25.481070068000065,37.17629033500003],[25.483381421000047,37.17990559500004],[25.489625887000045,37.184506646000045],[25.496296305000044,37.18942154700005],[25.531012704000034,37.20187517000005],[25.533564907000027,37.202790708000066],[25.535686188000057,37.20187517000005],[25.543779419000032,37.19838215900006]]],[[[26.820843298000057,37.20564135800004],[26.823689366000053,37.20187517000005],[26.824206916000037,37.20119029800003],[26.82024529000006,37.200851460000024],[26.819261566000023,37.20187517000005],[26.81625887000007,37.20499992200007],[26.820843298000057,37.20564135800004]]],[[[24.475527199000055,37.20593747500004],[24.488926265000032,37.20414040700007],[24.49302586400006,37.20839965400006],[24.49908422200008,37.203458031000025],[24.51204616700005,37.205093985000076],[24.528607273000034,37.19599149900006],[24.531987056000048,37.19082411100004],[24.53201953200005,37.178146337000044],[24.531176384000048,37.176511205000054],[24.524151215000074,37.16288717100008],[24.532363171000043,37.156498104000036],[24.533544908000067,37.14254578500004],[24.533705189000045,37.14065341200006],[24.527497372000028,37.13663771300003],[24.523316498000042,37.13954544200004],[24.518511587000035,37.14288717900007],[24.516466942000022,37.131097811000075],[24.514710127000058,37.120968065000056],[24.505021148000026,37.11227164200005],[24.49347842900005,37.10987337700004],[24.486864092000076,37.11264834900004],[24.48903029400003,37.11544338700003],[24.491945757000053,37.11920519200004],[24.489884317000076,37.12357389300007],[24.470833133000042,37.124251222000055],[24.459432417000073,37.12465655300008],[24.45994805400005,37.12951984400007],[24.460483821000025,37.13457298600008],[24.458019569000044,37.13690589200007],[24.450066970000023,37.13231596900005],[24.446873926000023,37.13047307200003],[24.439752362000036,37.13267590400005],[24.430567006000047,37.12778564700005],[24.41551942500007,37.12488266400004],[24.415341756000032,37.13136650800004],[24.418184413000063,37.134277662000045],[24.425025294000022,37.14128338000006],[24.423337782000033,37.151224497000044],[24.422442583000077,37.156498104000036],[24.421816965000062,37.15918498800005],[24.427683126000034,37.16117911900005],[24.43405440500004,37.16334495900003],[24.43111436600003,37.169039647000034],[24.429614378000053,37.17194503700006],[24.43528331600004,37.17493248000005],[24.43935504500007,37.17707821800008],[24.43966419000003,37.17891458100007],[24.44038174900004,37.18317697300006],[24.446223195000073,37.185909062000064],[24.44702142400007,37.19064945900004],[24.453126566000037,37.19115153100006],[24.45747510900003,37.191509144000065],[24.45870665700005,37.194530608000036],[24.460753573000034,37.19955248400004],[24.47262918100006,37.19721676300003],[24.475527199000055,37.20593747500004]]],[[[26.775636355000074,37.19929471300003],[26.775417436000055,37.19909261500004],[26.770675104000077,37.199167257000056],[26.770107120000034,37.195804268000074],[26.767844301000025,37.19469896000004],[26.765197726000054,37.20187517000005],[26.766144101000066,37.20233674700006],[26.77564208900003,37.206969221000065],[26.77780556400006,37.21214617000004],[26.785564289000035,37.21012010900006],[26.778431583000042,37.20187517000005],[26.775636355000074,37.19929471300003]]],[[[26.811053449000042,37.21654270600004],[26.815357668000047,37.217508888000054],[26.817312684000058,37.21401362600005],[26.813791520000052,37.21169546100003],[26.811053449000042,37.21654270600004]]],[[[23.179750226000067,37.217388878000065],[23.179859597000075,37.216883876000054],[23.18003337400006,37.21608149000008],[23.17130770800003,37.214953319000074],[23.169634780000024,37.21623906000008],[23.161873428000035,37.222204101000045],[23.155975013000045,37.226737368000045],[23.15602010500004,37.22680218600004],[23.159275387000037,37.231481571000074],[23.16567686700006,37.23150282900008],[23.168086197000036,37.22944183000004],[23.174242629000048,37.224175468000055],[23.176547179000067,37.222204101000045],[23.179198576000033,37.21993603200008],[23.179750226000067,37.217388878000065]]],[[[25.923360798000033,37.23941909200005],[25.927429224000036,37.24050746000006],[25.932060102000037,37.23623757800004],[25.92908075500003,37.23526532900007],[25.923360798000033,37.23941909200005]]],[[[21.00051196900006,37.246055056000046],[21.01708466100007,37.25186667400004],[21.02230592500007,37.24557406300005],[21.00827172100003,37.24041531000006],[21.00051196900006,37.246055056000046]]],[[[23.44244022500004,37.25375348800003],[23.44820119600007,37.255983540000045],[23.453051493000032,37.25275346900003],[23.44819149800003,37.251053402000025],[23.44244022500004,37.25375348800003]]],[[[26.716316757000072,37.25936950000005],[26.719612367000025,37.25860324400003],[26.721294533000048,37.25201601800006],[26.717395253000063,37.25377277200005],[26.716316757000072,37.25936950000005]]],[[[24.59512461500003,37.251380391000055],[24.593748403000063,37.25055976500005],[24.581990119000068,37.25339196400006],[24.586012151000034,37.255421858000034],[24.598657804000027,37.26180403800004],[24.60670523700003,37.25828583600003],[24.59512461500003,37.251380391000055]]],[[[20.998453605000066,37.25909848600003],[21.001390221000065,37.262632858000075],[21.00594743000005,37.25946070200007],[21.00313324600006,37.25733287200006],[20.998453605000066,37.25909848600003]]],[[[26.745490618000076,37.26636090100004],[26.752385740000022,37.269478304000074],[26.75775399200006,37.26739906000006],[26.752997395000023,37.26387147200006],[26.745490618000076,37.26636090100004]]],[[[26.728991491000045,37.27307693700004],[26.734945997000068,37.274472150000065],[26.73725660100007,37.270435477000035],[26.732148379000023,37.270484457000066],[26.728991491000045,37.27307693700004]]],[[[23.28414082200004,37.26346117200006],[23.27462250700006,37.26114655600003],[23.279143692000048,37.274784397000076],[23.284787377000043,37.27453726500005],[23.28414082200004,37.26346117200006]]],[[[26.74299960700006,37.27419132000006],[26.745059866000076,37.27580808700003],[26.747030782000024,37.274433841000075],[26.74614207600007,37.26841097200003],[26.74397204400003,37.26913541600004],[26.74299960700006,37.27419132000006]]],[[[23.108214945000043,37.276749591000055],[23.114141997000047,37.282268584000064],[23.133064470000022,37.278344591000064],[23.16746689000007,37.26279844600003],[23.16911024500007,37.256475813000066],[23.166298135000034,37.25459385700003],[23.163235978000046,37.252544562000026],[23.163644602000034,37.24818456700007],[23.163972840000042,37.24468228000006],[23.15894352400005,37.23840306500006],[23.13487221500003,37.23552168700007],[23.12757156300006,37.237805226000035],[23.124905573000035,37.241806229000076],[23.12207311800006,37.24605705600004],[23.120326544000022,37.24676402600005],[23.11529117300006,37.24880222000007],[23.114466996000033,37.25310826400005],[23.114186294000035,37.25457483400004],[23.103992900000037,37.264448756000036],[23.09089906500003,37.27713221600004],[23.095947943000056,37.27961938300007],[23.108214945000043,37.276749591000055]]],[[[26.797132721000025,37.28625546400008],[26.800330023000072,37.28658996300004],[26.800663979000035,37.28191892600006],[26.79568046600008,37.280873718000066],[26.797132721000025,37.28625546400008]]],[[[23.365027695000038,37.284618428000044],[23.37008788600008,37.287490407000064],[23.374995029000047,37.28578806200005],[23.370739650000075,37.28273967800004],[23.365027695000038,37.284618428000044]]],[[[26.569375973000035,37.29049485300004],[26.566893848000063,37.29018572600006],[26.56339857100005,37.293896747000076],[26.568327649000025,37.29649447000003],[26.569685411000023,37.29721003800006],[26.57303255200003,37.29095024900005],[26.569375973000035,37.29049485300004]]],[[[27.098194573000058,37.27717391400006],[27.08976506600004,37.274590104000026],[27.082196422000038,37.27817342600008],[27.080946375000053,37.290489422000064],[27.080356064000057,37.29630542500007],[27.08179002600008,37.298225616000025],[27.084249154000076,37.30151858800008],[27.087580296000056,37.305979258000036],[27.09722931400006,37.30280236400006],[27.095897914000034,37.30151858800008],[27.09474425600007,37.30040619600004],[27.090780519000077,37.29658424000007],[27.089426804000027,37.29097688000007],[27.098247677000074,37.28260076300006],[27.102555118000055,37.27851050700008],[27.099251714000047,37.277497948000075],[27.098194573000058,37.27717391400006]]],[[[24.519243275000065,37.30370093000005],[24.526006305000067,37.30631165900007],[24.53150190300005,37.30137102900005],[24.52496627800008,37.299324899000055],[24.519243275000065,37.30370093000005]]],[[[26.598767271000042,37.30899480700003],[26.604272293000065,37.310491470000045],[26.607610932000057,37.307702180000035],[26.603875536000032,37.304676649000044],[26.598767271000042,37.30899480700003]]],[[[23.365668224000046,37.31208152700003],[23.37062353600004,37.31526508200005],[23.374812104000057,37.31426202400007],[23.37126261900005,37.31057983900007],[23.365668224000046,37.31208152700003]]],[[[26.80110207100006,37.31648758500006],[26.804037884000024,37.32029921700007],[26.807148062000067,37.32008927600003],[26.806126290000066,37.314869714000054],[26.80110207100006,37.31648758500006]]],[[[26.74169090600003,37.31750501000005],[26.74309565300007,37.31261011000004],[26.750310545000048,37.30868607800005],[26.762694946000067,37.30454179800006],[26.775106724000068,37.306089893000035],[26.783768821000024,37.307170298000074],[26.78575285000005,37.30504700300003],[26.787417212000037,37.30326581300005],[26.791284722000057,37.299126828000055],[26.790104893000034,37.293625227000064],[26.788821471000063,37.287640569000075],[26.78800303400004,37.286562109000045],[26.781506385000057,37.278001430000074],[26.77488406300006,37.28041270700004],[26.771303231000047,37.28171653700008],[26.768403852000063,37.28104297900006],[26.76416481900003,37.280058205000046],[26.75980118600006,37.28979116700003],[26.762332752000077,37.29102690800005],[26.764603690000058,37.29213542900004],[26.763585699000032,37.29610848100003],[26.75574226200007,37.29764549200007],[26.751437787000043,37.295653163000054],[26.745364083000027,37.29284194400003],[26.73413934100006,37.299126828000055],[26.719587517000036,37.30194588100005],[26.71661134800007,37.30493151600007],[26.715541931000075,37.30774920400006],[26.711672828000076,37.31794347700003],[26.71920392100003,37.31815106400006],[26.719949132000067,37.32200132000003],[26.720269560000077,37.32365686800006],[26.72089068300005,37.32686600300008],[26.726641562000054,37.32606577800004],[26.729637844000024,37.32564885000005],[26.73331577600004,37.325137072000075],[26.737418524000077,37.32200132000003],[26.741238407000026,37.31908176200005],[26.74169090600003,37.31750501000005]]],[[[26.709157016000063,37.331785178000075],[26.71271109500003,37.33535130100006],[26.717160411000066,37.333219248000034],[26.714199707000034,37.33057660900005],[26.709157016000063,37.331785178000075]]],[[[23.342962132000025,37.34695728600008],[23.347849835000034,37.34956194800003],[23.361373067000045,37.340558257000055],[23.354302591000078,37.33074407400005],[23.333109295000042,37.322544237000045],[23.324641713000062,37.32195145000003],[23.30989130000006,37.320918824000046],[23.308563470000024,37.32082586700005],[23.30102141900005,37.321727218000035],[23.295901817000072,37.32639576100007],[23.293304120000073,37.32876458900006],[23.28558238900007,37.33074407400005],[23.283106807000024,37.335240028000044],[23.282572938000044,37.33620959700005],[23.285861969000052,37.34070832500004],[23.294130995000046,37.339934808000066],[23.302517023000064,37.339150346000054],[23.323651722000022,37.346669951000024],[23.33012707900008,37.34313973800005],[23.33117265100003,37.33690808000006],[23.333815420000064,37.33569201600005],[23.33998787200005,37.33869091200006],[23.34131946900004,37.34027652000003],[23.343983481000066,37.343448711000065],[23.342962132000025,37.34695728600008]]],[[[26.752222549000066,37.351525114000026],[26.757369190000077,37.353244620000055],[26.760004663000075,37.350528276000034],[26.756726913000023,37.348142116000076],[26.752222549000066,37.351525114000026]]],[[[26.760884304000058,37.355567464000046],[26.76572036600004,37.358155416000045],[26.77127355700003,37.35662397600004],[26.76515481200005,37.35221556100004],[26.760884304000058,37.355567464000046]]],[[[23.06016917000005,37.36026057000004],[23.064996316000077,37.36276627400008],[23.067138346000036,37.35953182900005],[23.06405301700005,37.357075344000066],[23.06016917000005,37.36026057000004]]],[[[23.53617819400006,37.364376642000025],[23.547813934000033,37.37042506600005],[23.558493079000073,37.37012839800008],[23.574134600000036,37.364091450000046],[23.56609222800006,37.35653552400004],[23.54413637700003,37.35371899000006],[23.522201763000055,37.344184916000074],[23.510621420000064,37.34278826800005],[23.505898182000067,37.342218622000075],[23.50465573500003,37.33774892200006],[23.499390163000044,37.31880604100007],[23.497127504000048,37.31868330400005],[23.48105323300007,37.31781136500007],[23.448642848000077,37.31605328300003],[23.431166162000068,37.30485577700006],[23.41825736100003,37.302879043000075],[23.40214976200008,37.29597483100008],[23.39907973100003,37.294658921000064],[23.389896279000027,37.29856846200005],[23.389273583000033,37.298833554000055],[23.388906012000064,37.29877806700006],[23.37589636900003,37.29681418800004],[23.36614183000006,37.29993650100005],[23.36949336500004,37.302887042000066],[23.369521322000026,37.30291165400007],[23.384287983000036,37.315911561000064],[23.386381852000056,37.316741157000024],[23.39128376000008,37.31868330400005],[23.42275759200004,37.33115331400006],[23.464821052000048,37.352916218000075],[23.482598711000037,37.35527746100007],[23.520304096000075,37.36891999000005],[23.535946737000074,37.36425632700008],[23.53617819400006,37.364376642000025]]],[[[26.69561330700003,37.36529527000005],[26.701861326000028,37.37243914100003],[26.711849296000025,37.366355605000024],[26.70685079900005,37.35617369700003],[26.69561330700003,37.36529527000005]]],[[[26.723398016000033,37.37343400900005],[26.72485447100007,37.37209512100003],[26.726966739000034,37.37015335800004],[26.727078280000057,37.363764013000036],[26.72387559400005,37.365093295000065],[26.721983907000038,37.36913140900003],[26.720736586000044,37.37179401900005],[26.723398016000033,37.37343400900005]]],[[[26.55290583900006,37.370216070000026],[26.560354389000054,37.371791063000046],[26.572037867000063,37.37426153000007],[26.594443891000026,37.36047730000007],[26.607653361000075,37.33994543700004],[26.58250285500003,37.34427110400003],[26.568913589000033,37.346608339000056],[26.564688747000048,37.343162171000074],[26.56478715000003,37.33911112200008],[26.55952349100005,37.33737785300008],[26.554321061000053,37.32470732400003],[26.563418796000065,37.311248926000076],[26.566687243000047,37.306413871000075],[26.56584867400005,37.30394548400005],[26.56209000100006,37.29288156500007],[26.56770440100007,37.283195833000036],[26.569446783000046,37.28018994700005],[26.568341004000047,37.27318467600003],[26.558398410000052,37.27055687600006],[26.54949739600005,37.27383154300003],[26.546293442000035,37.27830793000004],[26.549150912000073,37.28309586600005],[26.55112526000005,37.28640405500005],[26.550187223000023,37.28946881000007],[26.52829203500005,37.29085527700005],[26.53261036200007,37.319464897000046],[26.538880908000067,37.33624732200008],[26.535905628000023,37.351758903000075],[26.53550453300005,37.35385000400004],[26.536595025000054,37.37187179500006],[26.549430185000062,37.37056888700005],[26.55290583900006,37.370216070000026]]],[[[26.71201773000007,37.37253449800005],[26.715942213000062,37.375211497000066],[26.719290865000062,37.37287116600004],[26.716195756000047,37.369675623000035],[26.71201773000007,37.37253449800005]]],[[[23.254062434000048,37.384576277000065],[23.258761024000023,37.38702130300004],[23.263223115000073,37.38563281100005],[23.25884628800003,37.38262660400005],[23.254062434000048,37.384576277000065]]],[[[24.98988979300003,37.392243747000066],[24.99431209200003,37.39577406300003],[24.99770968000007,37.395314272000064],[24.994604568000057,37.39072917400006],[24.98988979300003,37.392243747000066]]],[[[25.241333936000046,37.392785494000066],[25.252463985000077,37.40033102700005],[25.256079613000054,37.39952711800004],[25.253475088000073,37.38050646100004],[25.253076431000068,37.377595099000075],[25.24413264800006,37.37783065900004],[25.239071041000045,37.38352593600007],[25.238358190000042,37.38432803000006],[25.23805203200004,37.38373954700006],[25.232836070000076,37.37371365200005],[25.21844321100008,37.36862562700003],[25.215053444000034,37.372188237000046],[25.22807509200004,37.38583098200007],[25.233328511000025,37.39133497500006],[25.234105730000067,37.394195696000054],[25.235011275000033,37.39752874800007],[25.237266473000034,37.39583690100005],[25.241333936000046,37.392785494000066]]],[[[26.749775972000066,37.36934784400006],[26.75048397300003,37.363134193000064],[26.743716008000035,37.36475496600008],[26.725909897000065,37.38600313500007],[26.717572466000036,37.39103505500003],[26.710312886000054,37.40161103600008],[26.71686621200007,37.40741127500007],[26.72259377200004,37.40619893600007],[26.75222186600007,37.38131317400007],[26.755824695000058,37.37528387500004],[26.749775972000066,37.36934784400006]]],[[[25.274833503000025,37.38014264000003],[25.269220560000065,37.375456428000064],[25.26712958400003,37.37607738100007],[25.26669307800006,37.37833254100008],[25.26404276900007,37.392025068000066],[25.25801968500008,37.393041448000076],[25.261834487000044,37.398811530000046],[25.26896117900003,37.40959101400006],[25.27692530400003,37.41090006200005],[25.275144471000033,37.40337930600003],[25.27634677900005,37.396446609000066],[25.277331826000022,37.39076667300003],[25.27623528400005,37.38610366700004],[25.274833503000025,37.38014264000003]]],[[[26.48925763400007,37.40988938800007],[26.49430355100003,37.41221811500003],[26.49821650900003,37.40891245000006],[26.49419444700004,37.40749798000007],[26.48925763400007,37.40988938800007]]],[[[25.55953309800003,37.41043160000004],[25.565378460000034,37.41296771000003],[25.57129590200003,37.41128264400004],[25.56643407200005,37.40810630300007],[25.55953309800003,37.41043160000004]]],[[[24.36477627200003,37.41174214700004],[24.370466170000043,37.41513326900008],[24.374649978000036,37.41342637200006],[24.37097062600003,37.41024936300005],[24.36477627200003,37.41174214700004]]],[[[25.24033886600006,37.41953250300003],[25.242929497000034,37.42456950800005],[25.246527397000023,37.42286855300006],[25.244473541000048,37.41888196900004],[25.24033886600006,37.41953250300003]]],[[[24.979479628000036,37.42498678900006],[24.984685584000033,37.42783642300003],[24.989763869000058,37.426053445000036],[24.985620010000048,37.42315766100006],[24.979479628000036,37.42498678900006]]],[[[23.11394150800004,37.425974],[23.11900513200004,37.427873985000076],[23.122486206000076,37.424958514000025],[23.11860765600005,37.42319916900004],[23.11394150800004,37.425974]]],[[[24.968763283000044,37.42793601200003],[24.973102566000023,37.42959293300004],[24.977493468000034,37.425821460000066],[24.97280475200006,37.42383659700005],[24.97109007800003,37.42461219300003],[24.966040407000037,37.426896303000035],[24.968763283000044,37.42793601200003]]],[[[26.973947510000073,37.42714379800003],[26.97920245800003,37.43030374400007],[26.982847150000055,37.42963946700007],[26.978385200000048,37.42554084200003],[26.973947510000073,37.42714379800003]]],[[[25.225163743000053,37.437211501000036],[25.226969160000067,37.433249517000036],[25.22866921700006,37.42951874400006],[25.236194500000067,37.42251156900005],[25.239334555000028,37.41958770300005],[25.236933401000044,37.41229367600005],[25.23467979800006,37.40544786600003],[25.233595970000067,37.40215550400006],[25.21446710200007,37.40168217200005],[25.21289103400005,37.40667313300003],[25.21065133700006,37.41376562100004],[25.205384914000035,37.417600486000026],[25.200200101000064,37.42137592600005],[25.198400974000037,37.427767655000025],[25.197753892000037,37.43006653000003],[25.200042498000073,37.43105209300006],[25.205118001000073,37.433237801000075],[25.206271422000043,37.43156042100003],[25.208649208000054,37.42810249000007],[25.217197008000028,37.42698545500008],[25.219926558000054,37.432674786000064],[25.22174022300004,37.43645509400005],[25.225163743000053,37.437211501000036]]],[[[22.974147728000048,37.44238166300005],[22.988347469000075,37.44145386800005],[22.99485199800006,37.43656531400006],[22.971218118000024,37.429666206000036],[22.964302857000064,37.43265368500005],[22.974147728000048,37.44238166300005]]],[[[23.535707896000076,37.43919052700005],[23.540797534000035,37.44299606800007],[23.54548655900004,37.44270786800007],[23.541653714000063,37.43785147500006],[23.535707896000076,37.43919052700005]]],[[[25.300904467000066,37.443441162000056],[25.30542984400006,37.445437180000056],[25.308465194000064,37.44170989200006],[25.30537736900004,37.440112604000035],[25.300904467000066,37.443441162000056]]],[[[25.48731848500006,37.442759711000065],[25.48231925300007,37.44222076800003],[25.481070068000065,37.444196685000065],[25.476914271000055,37.45077018400008],[25.481070068000065,37.454440687000044],[25.48628575500004,37.45904731100006],[25.489986131000023,37.45913284900007],[25.48952496800007,37.455157144000054],[25.48809665500005,37.44284360200004],[25.48731848500006,37.442759711000065]]],[[[27.004730351000035,37.466768423000076],[27.009596765000026,37.46873457600003],[27.01361854700008,37.46609828100003],[27.009961833000034,37.46416748900003],[27.004730351000035,37.466768423000076]]],[[[26.985253510000064,37.47290303900007],[27.001676330000066,37.46408330700007],[27.003990182000052,37.45986290500008],[27.003990182000052,37.457325970000056],[27.000852903000066,37.45571797500003],[26.99027145100007,37.45790690300004],[26.977014152000038,37.44725036700004],[26.968809323000073,37.450849223000034],[26.965761120000025,37.45218624600005],[26.95869738300007,37.44605654700007],[26.958600611000065,37.44597257100003],[26.958499282000048,37.44596265500007],[26.958315834000075,37.44594470200008],[26.95291456800004,37.44541611100004],[26.94433979300004,37.45145999500005],[26.943780316000073,37.45365833200003],[26.94038087200005,37.46701566100006],[26.937382485000057,37.469285557000035],[26.931364118000033,37.47384169500003],[26.94181386500003,37.476432041000066],[26.95841295500003,37.47508354400003],[26.98381814800007,37.47301964700006],[26.985253510000064,37.47290303900007]]],[[[26.98991584600003,37.476081426000064],[26.995283434000044,37.478694193000024],[26.998943007000037,37.477142241000024],[26.995044549000056,37.474133331000075],[26.98991584600003,37.476081426000064]]],[[[24.468520918000024,37.42556568300006],[24.473258259000033,37.418756459000065],[24.484205651000025,37.40302120800004],[24.481332733000045,37.39454364200003],[24.474997723000058,37.39072941300003],[24.469203408000055,37.39678816500003],[24.468345905000035,37.39768480200007],[24.46474819200006,37.395756093000045],[24.461377300000038,37.39394898100005],[24.460149513000033,37.39462472800005],[24.456735665000053,37.39650363700008],[24.45434861600006,37.38797583100006],[24.455411431000073,37.38254410400003],[24.456641111000067,37.37625958000007],[24.44716597400003,37.36152077400004],[24.443218001000048,37.35537960700003],[24.44224716900004,37.34944022900004],[24.441916709000054,37.347418538000056],[24.43971489300003,37.34686839700004],[24.432365524000033,37.34503209700006],[24.42651380700005,37.333860420000065],[24.418098615000076,37.331671552000046],[24.41572941000004,37.32582857400007],[24.408064986000056,37.31868330400005],[24.391442855000037,37.306091267000056],[24.38148989700005,37.30313111300006],[24.374374325000076,37.30101483800007],[24.368229103000033,37.30220556800003],[24.366967247000048,37.30404519100006],[24.36509206900007,37.30677895600007],[24.37122742200006,37.312856845000056],[24.36976773200007,37.31868330400005],[24.36872194600005,37.32150056000006],[24.368402547000073,37.322360994000064],[24.370009838000044,37.33091818200006],[24.373817168000073,37.33348741000003],[24.37565427100003,37.33472710700005],[24.37716061900005,37.33841297600003],[24.38503485700005,37.35768037500003],[24.392889549000074,37.36158480900008],[24.398259436000046,37.36425408900004],[24.395187021000027,37.37064507200006],[24.38996867700007,37.38149983900007],[24.391329006000035,37.38881029200007],[24.396385096000074,37.39237609500003],[24.396795713000074,37.39266568200003],[24.39642482900007,37.39309678300003],[24.391702544000054,37.39858577100006],[24.396787390000043,37.40024146700006],[24.39928455200004,37.40105457800007],[24.39495875600005,37.404581499000074],[24.391514853000047,37.407389393000074],[24.39236041600003,37.410748331000036],[24.393038708000063,37.41344279700007],[24.383580169000027,37.41580952100003],[24.36880754400005,37.41950593900003],[24.36662750000005,37.42324994100005],[24.371278592000067,37.43147979300005],[24.372097766000024,37.43292927700003],[24.374231338000072,37.43670451600008],[24.384920075000025,37.447215010000036],[24.398764399000072,37.460828468000045],[24.41403691800008,37.471155973000066],[24.425013974000024,37.47857882200003],[24.429275090000033,37.47938026400004],[24.432860471000026,37.48005461300005],[24.435881171000062,37.48062275400008],[24.435637933000066,37.46500346000005],[24.431633714000043,37.460011516000066],[24.42983143600003,37.45776466900003],[24.427923322000026,37.44207217200005],[24.440044585000066,37.43902942100004],[24.44241431000006,37.42923528400007],[24.46694261300007,37.42638459500006],[24.468039906000058,37.42625706700005],[24.468520918000024,37.42556568300006]]],[[[26.947716342000035,37.48456170900005],[26.952958129000024,37.48591781600004],[26.955991151000035,37.483715336000046],[26.952280161000033,37.48111109400003],[26.947716342000035,37.48456170900005]]],[[[26.977221846000077,37.487521507000054],[26.980421042000046,37.48753658500004],[26.983756387000028,37.484424631000024],[26.980721655000025,37.48318030100006],[26.976112757000067,37.48523613200007],[26.977221846000077,37.487521507000054]]],[[[23.899777517000075,37.48906905500007],[23.909021041000074,37.49043830800008],[23.927739032000034,37.48280088100006],[23.938572943000054,37.46276856800006],[23.92497510800007,37.46491663200004],[23.899777517000075,37.48906905500007]]],[[[25.358750341000075,37.496183666000036],[25.359940622000067,37.488790882000046],[25.36209744100006,37.47539497100007],[25.373658050000074,37.46192965700004],[25.37852577800004,37.46307527500005],[25.38249933900005,37.46801063300006],[25.381812327000034,37.47684095900007],[25.380821581000077,37.48957526000004],[25.38823364800004,37.49495664600005],[25.40278474400003,37.49426613600008],[25.40496611800006,37.48948185000006],[25.40729465800007,37.48437479000006],[25.411617919000037,37.48179016000006],[25.42106098100004,37.481833513000026],[25.421769592000032,37.48183676600007],[25.428474186000074,37.481867547000036],[25.429153358000065,37.478477371000054],[25.430485231000034,37.47182915900004],[25.442119580000053,37.47257812500004],[25.457587673000035,37.47357388900008],[25.46044491600003,37.47165827200007],[25.46118238500003,37.460475736000035],[25.457123672000023,37.44555301200006],[25.45049791400004,37.44455686900005],[25.423309750000044,37.44046929000007],[25.42106098100004,37.43644759600005],[25.417856106000045,37.43071600400003],[25.41778521200007,37.43058921700003],[25.417562764000024,37.430591621000076],[25.405736474000037,37.43071942000006],[25.403286297000022,37.42453807600003],[25.39978891800007,37.41571483300004],[25.392612306000046,37.42001206300006],[25.39103759300008,37.42095497300005],[25.384698177000075,37.42085291700005],[25.377248352000038,37.41349739900005],[25.376645133000068,37.412901816000044],[25.376029060000064,37.412980391000076],[25.369406151000078,37.413825092000025],[25.367302666000057,37.40928020300004],[25.366362138000056,37.407248055000025],[25.363817504000053,37.40780241600004],[25.358182944000077,37.40902993200007],[25.356918653000037,37.40930536400003],[25.34998790800006,37.406993517000046],[25.342528465000044,37.413137652000046],[25.340522558000032,37.41478986100003],[25.337984567000035,37.414329966000025],[25.337194261000036,37.414186759000074],[25.33574619500007,37.41031064300006],[25.33176648500006,37.411408161000054],[25.32697403800006,37.41721911800005],[25.323216733000038,37.421774940000034],[25.319629118000023,37.415095060000056],[25.31860049100004,37.413179831000036],[25.314658432000044,37.40714304200003],[25.30781617100007,37.40553653300003],[25.30940501200007,37.41064146400004],[25.31165909500004,37.41788380700007],[25.30190614000003,37.431299473000024],[25.30183885200006,37.43139203100003],[25.30451752400006,37.436843949000036],[25.308595741000033,37.43810937200004],[25.31860049100004,37.43147250200008],[25.318739081000047,37.43134846000004],[25.322849765000058,37.427669294000054],[25.324608442000056,37.43786435800007],[25.32581370400004,37.444851275000076],[25.32793908000008,37.447636663000026],[25.329341662000047,37.449474801000065],[25.327583553000068,37.464024133000066],[25.319329499000048,37.46779784700004],[25.31860049100004,37.468131146000076],[25.312337643000035,37.470994491000056],[25.313296002000072,37.475988581000024],[25.309014354000055,37.48180819300006],[25.313007864000042,37.490895591000026],[25.31860049100004,37.49251147900003],[25.33491002900007,37.49722382300007],[25.335099613000068,37.49727860000007],[25.33531239100006,37.497340078000036],[25.34036057900005,37.49879866100008],[25.351435510000044,37.49722382300007],[25.358750341000075,37.496183666000036]]],[[[22.923703958000033,37.497348930000044],[22.926924662000033,37.49576858800003],[22.935347713000056,37.491635546000055],[22.931526985000062,37.48894876600008],[22.923076217000073,37.489395752000064],[22.920906659000025,37.489510506000045],[22.91305463300006,37.493489139000076],[22.911134426000046,37.497348930000044],[22.911344358000065,37.49883850700007],[22.91157356800005,37.50046486800005],[22.91473873900003,37.50169329600004],[22.91742705100006,37.50108419900005],[22.918649912000035,37.50080713300008],[22.923703958000033,37.497348930000044]]],[[[24.936494319000076,37.43366509300006],[24.939307846000077,37.42985638000005],[24.946295005000025,37.43091213500003],[24.952192902000036,37.42948062800008],[24.954011110000067,37.42351601400003],[24.96523344800005,37.41600519600007],[24.964029629000038,37.41032383700008],[24.965026902000034,37.409124345000066],[24.971561181000027,37.401265092000074],[24.956811824000056,37.39574558600003],[24.954011110000067,37.39167582300007],[24.949015463000023,37.38441656600003],[24.94585137300004,37.38432785900005],[24.943136326000058,37.38925695100005],[24.93846850500006,37.38538644800008],[24.932473129000073,37.38602380200007],[24.92735659300007,37.38437669500007],[24.908975330000032,37.37845942900003],[24.903920506000077,37.37496072700003],[24.90077278600006,37.37278203000005],[24.88083950500004,37.36729550100006],[24.881602346000022,37.37904986900003],[24.881842319000043,37.382747531000064],[24.878877713000065,37.386689594000075],[24.88239780200007,37.390300671000034],[24.88247752600006,37.39596599600003],[24.877926899000045,37.397912430000076],[24.87267652500003,37.39469671000006],[24.856363071000033,37.39566865200004],[24.85661115000005,37.399304390000054],[24.857322208000028,37.409725355000035],[24.860016186000053,37.41252160100004],[24.867867051000076,37.41732287000008],[24.875066623000066,37.421725836000064],[24.872342999000068,37.42448798200007],[24.86787718200003,37.42901696200005],[24.876756458000045,37.431553061000045],[24.884080392000044,37.43364492400008],[24.887809736000065,37.43992982300006],[24.897833972000058,37.44974823900003],[24.89330029100006,37.46185315200006],[24.898848185000077,37.489338201000066],[24.89401246500006,37.49639699800008],[24.893360332000043,37.497348930000044],[24.88347202500006,37.50192321000003],[24.880442027000072,37.51005139700004],[24.88219519200004,37.51317671700008],[24.896109693000028,37.50770546000007],[24.926636961000042,37.501773841000045],[24.932702342000027,37.497348930000044],[24.937153803000058,37.49410143100005],[24.947244485000056,37.47971412700008],[24.949128829000074,37.45219814100005],[24.94846583800006,37.44728367600004],[24.947749116000068,37.446468346000074],[24.936494319000076,37.43366509300006]]],[[[23.52651534900008,37.508100643000034],[23.53087825600005,37.512986159000036],[23.533864408000056,37.51364559000007],[23.530992162000075,37.50758180500003],[23.52651534900008,37.508100643000034]]],[[[22.85290141400003,37.508824049000054],[22.860101779000047,37.51259791600006],[22.864084733000027,37.51468546800004],[22.876327935000063,37.50451049700007],[22.865965639000024,37.50161157100007],[22.864843893000057,37.507295922000026],[22.860101779000047,37.505970243000036],[22.857531031000065,37.50525157900006],[22.85290141400003,37.508824049000054]]],[[[26.49706474100003,37.50479362500005],[26.494819930000062,37.50371758800003],[26.492935405000026,37.50479349900007],[26.49445158900005,37.50805989500003],[26.49273179100004,37.51054205200006],[26.49492619700004,37.51281944300007],[26.497448466000037,37.517452312000046],[26.49759883100006,37.51772850100008],[26.497863160000065,37.51757536900004],[26.500501807000035,37.51604674600003],[26.50072650900006,37.51281944300007],[26.49706474100003,37.50479362500005]]],[[[26.537669841000024,37.51787825900004],[26.543302002000075,37.51997578800007],[26.545879244000048,37.518465638000066],[26.541608015000065,37.509854278000034],[26.538630037000075,37.51243422300007],[26.537669841000024,37.51787825900004]]],[[[26.484282585000074,37.51712830500003],[26.487688812000044,37.520066962000044],[26.49077019300006,37.51441402200004],[26.48817935200003,37.513642409000056],[26.484282585000074,37.51712830500003]]],[[[26.490788234000036,37.522786876000055],[26.49348889500004,37.52674743500006],[26.497024800000077,37.52506726400003],[26.496214708000025,37.521274454000036],[26.490788234000036,37.522786876000055]]],[[[26.542576894000035,37.53151971600005],[26.54790273200007,37.53151196400006],[26.548070620000033,37.52702741300004],[26.544754152000053,37.52674213200004],[26.542576894000035,37.53151971600005]]],[[[26.410094724000032,37.530819043000065],[26.41310514500003,37.53442144200005],[26.420778445000053,37.53306710600003],[26.41761753000003,37.52965047500004],[26.410094724000032,37.530819043000065]]],[[[23.478977108000038,37.54913015000005],[23.483777559000032,37.547143918000074],[23.48418489000005,37.541808950000075],[23.484750855000073,37.534396290000075],[23.49468859800004,37.53490013100003],[23.49523161600007,37.53492766200003],[23.496332488000064,37.53381886200003],[23.505318378000027,37.52476825800005],[23.508834953000076,37.52559536000007],[23.513737542000058,37.52674845400003],[23.52290600300006,37.52234025800004],[23.512971101000062,37.50970305800007],[23.498814673000027,37.503360222000026],[23.49257489000007,37.50384855000004],[23.461652530000038,37.50626854800004],[23.45983972600004,37.50438858000007],[23.46130101700004,37.497348930000044],[23.461863312000048,37.49464011800006],[23.45608313400004,37.497348930000044],[23.453109899000026,37.49874230100005],[23.452577457000075,37.50696336200008],[23.43494626100005,37.51463028000006],[23.42455717400003,37.51914797000006],[23.427412359000073,37.52654896200005],[23.437919369000042,37.52596531000006],[23.446284044000038,37.52550066300006],[23.47182599200005,37.535555835000025],[23.47240105800006,37.54375204000007],[23.472970151000027,37.55186312400008],[23.481008461000044,37.55928710300003],[23.483068266000032,37.55791350000004],[23.478977108000038,37.54913015000005]]],[[[26.471225281000045,37.570064812000055],[26.46732037700008,37.560599567000054],[26.464018261000035,37.564452251000034],[26.467226339000035,37.570175275000054],[26.470738410000024,37.570896455000025],[26.471645195000065,37.571082657000034],[26.471225281000045,37.570064812000055]]],[[[26.46005307300004,37.580441499000074],[26.46528636900007,37.579191243000025],[26.466429600000026,37.571908920000055],[26.462408372000027,37.57412100800008],[26.46005307300004,37.580441499000074]]],[[[26.394794584000067,37.57742769600003],[26.397293664000074,37.58090230500005],[26.40047538300007,37.57985755200008],[26.398820799000077,37.574452895000036],[26.394794584000067,37.57742769600003]]],[[[24.748959615000047,37.586650140000074],[24.753344738000067,37.586895284000036],[24.755693391000023,37.580627668000034],[24.752433980000035,37.58171787600003],[24.748959615000047,37.586650140000074]]],[[[26.42558703800006,37.60505984100007],[26.429391990000056,37.60415461600007],[26.432823231000043,37.598591819000035],[26.43319103600004,37.597995526000034],[26.435225375000073,37.59969138200006],[26.437847376000036,37.601877123000065],[26.439788947000068,37.60172490700006],[26.450935766000043,37.59789019700003],[26.451507306000053,37.59508245300003],[26.454288812000073,37.581418058000054],[26.456952976000025,37.57971974800006],[26.458433902000024,37.57877571000006],[26.44842079600005,37.564026983000076],[26.439788947000068,37.56593559100003],[26.43649887400005,37.56698152600006],[26.43735229200007,37.569159316000025],[26.438712837000026,37.572631218000026],[26.43682341600004,37.57665054800003],[26.417426083000066,37.57915000400004],[26.413771594000025,37.577624300000025],[26.409450711000034,37.57582038500004],[26.405288464000023,37.578820230000076],[26.40246981200005,37.58085170900006],[26.408064737000075,37.584991012000046],[26.412503404000063,37.58827487800005],[26.419679849000033,37.59002846200008],[26.42246607800007,37.58929543600004],[26.425905818000047,37.588390478000065],[26.428732661000026,37.595525261000034],[26.428719958000045,37.595563764000076],[26.42558703800006,37.60505984100007]]],[[[26.55190091600008,37.59156699600004],[26.548553679000065,37.58998556300003],[26.539247098000033,37.59201427600004],[26.542538816000047,37.594955061000064],[26.55190091600008,37.60331905700008],[26.556277384000055,37.60722894600008],[26.556927662000078,37.60780989700004],[26.56094281600008,37.607582500000035],[26.566450933000056,37.60727055000007],[26.563440238000055,37.601656207000076],[26.560109623000073,37.59544527700007],[26.55935158500006,37.59508713500003],[26.555727472000058,37.59337488800003],[26.55190091600008,37.59156699600004]]],[[[24.70962729200005,37.627381451000076],[24.71277675500005,37.629421344000036],[24.742970686000035,37.62577460700004],[24.73434588300006,37.59366742800006],[24.698440237000057,37.59421262300003],[24.669991018000076,37.59850128900007],[24.66228041900007,37.602075858000035],[24.68267973600007,37.61081143900003],[24.686706754000056,37.61253592500003],[24.70962729200005,37.627381451000076]]],[[[26.779031820000057,37.634746035000035],[26.78052712500005,37.634870283000055],[26.789661976000048,37.63562931400003],[26.796416400000055,37.62496433000007],[26.788960776000067,37.62541218000007],[26.779317148000075,37.63447780800004],[26.779031820000057,37.634746035000035]]],[[[26.520320706000064,37.58622849200003],[26.514830403000076,37.582980881000026],[26.51055392300003,37.58318956200003],[26.50658674700003,37.58338315000003],[26.497672115000057,37.57621184200008],[26.50157163500006,37.560270657000046],[26.50356791100006,37.55835154000005],[26.512941554000065,37.54934020400003],[26.509232503000078,37.544456549000074],[26.512136730000066,37.53748569600003],[26.51006555500004,37.528800029000024],[26.502805270000067,37.53073707000004],[26.501662158000045,37.53104205200003],[26.496226446000037,37.53455619600004],[26.495519280000053,37.53844683500006],[26.489875878000078,37.54055782700004],[26.48641802900005,37.55779015300004],[26.479008151000073,37.55683073200004],[26.479940714000065,37.56363793000003],[26.476088622000077,37.56543322600004],[26.471321728000078,37.57389927500003],[26.477130432000024,37.577630731000056],[26.47495712500006,37.58441998500007],[26.47860124700003,37.59409981300007],[26.47750634700003,37.596508732000075],[26.47520634600005,37.601569023000025],[26.47702487500004,37.60437073800006],[26.484821622000027,37.603206604000036],[26.487761899000077,37.593484395000075],[26.48912008600007,37.58899346600003],[26.495701260000033,37.58368704900005],[26.503143713000043,37.58705724300006],[26.504179630000067,37.594616736000035],[26.516495186000043,37.59825853600006],[26.51242611500004,37.61230472700004],[26.514130112000032,37.62217283100006],[26.505459822000034,37.626346126000044],[26.497533103000023,37.630161516000044],[26.500392179000073,37.64569024800005],[26.509091758000068,37.65462595500003],[26.515707012000064,37.655033726000056],[26.520592832000034,37.65138366100007],[26.52303449300007,37.649559562000036],[26.532783521000056,37.64227632700005],[26.530429264000077,37.63649441800004],[26.52822156900004,37.63107245600003],[26.530641979000052,37.624142938000034],[26.539184583000065,37.62102544500004],[26.544836778000047,37.618962762000024],[26.53148410500006,37.597431752000034],[26.522971764000033,37.591480138000065],[26.520320706000064,37.58622849200003]]],[[[23.951109022000026,37.657114973000034],[23.961046371000066,37.65110596900007],[23.965433603000065,37.647067218000075],[23.961046371000066,37.643926330000056],[23.94437207200008,37.64447330100006],[23.936487458000045,37.65009032800003],[23.941189102000067,37.65590748000005],[23.951109022000026,37.657114973000034]]],[[[25.06145273900006,37.65940304800006],[25.066148433000023,37.66200782900006],[25.069480465000026,37.660747807000064],[25.066453428000045,37.65703277400007],[25.06145273900006,37.65940304800006]]],[[[24.97569556700006,37.67246377500004],[24.981564647000027,37.67517926900007],[24.987449509000044,37.67305373600004],[24.997095786000045,37.66956963000007],[25.005422339000063,37.673955840000076],[25.007550296000034,37.67507679200003],[25.026884278000068,37.67503307100003],[25.042108017000032,37.67499864500007],[25.04816641800005,37.67498494500006],[25.05855541300008,37.662689586000056],[25.056626940000058,37.65559744300003],[25.05573522700007,37.65231808400006],[25.066129432000025,37.64952479500005],[25.07365065600004,37.647503578000055],[25.075637269000026,37.64485332600003],[25.079578757000036,37.639595163000024],[25.083348525000076,37.64483621000005],[25.084227963000046,37.646058879000066],[25.085849308000036,37.64543339700003],[25.088701554000068,37.644333060000065],[25.090799012000048,37.646615387000054],[25.09232412600005,37.64827492300003],[25.115344307000044,37.652390007000065],[25.12580071600007,37.64712939900005],[25.127724699000055,37.64305735500005],[25.12920566100007,37.63992295000003],[25.13239169800005,37.64050475300007],[25.137377318000063,37.641415179000035],[25.13961730400007,37.63655273000006],[25.142008916000066,37.631361136000066],[25.151180401000033,37.632870095000044],[25.150812839000025,37.63751380900004],[25.15046006400007,37.64197071700005],[25.152467384000033,37.64135508100003],[25.155776470000035,37.640340200000026],[25.169912313000054,37.63600480200006],[25.17489388300004,37.63822520400004],[25.17933546100005,37.64020491900004],[25.18940155000007,37.639671692000036],[25.18875300600007,37.63669194300007],[25.18859487700007,37.635965414000054],[25.20363839600003,37.63401399600008],[25.20430378800006,37.633927683000024],[25.208088521000036,37.63159188900005],[25.229879679000078,37.61814321000003],[25.231535731000065,37.61883007500006],[25.236270114000035,37.620793709000054],[25.23691670100004,37.615901328000064],[25.237578557000063,37.61089341300004],[25.243059720000076,37.61255781500006],[25.24344960600007,37.61267620700005],[25.252766732000055,37.60899470500004],[25.25396147200007,37.59167494600007],[25.253604936000045,37.58950654800003],[25.252616267000064,37.58349360300008],[25.246708643000034,37.57413393300004],[25.232347420000053,37.55840705400004],[25.228664786000024,37.547553968000045],[25.23155545900005,37.54002660800006],[25.232360984000024,37.53792900700006],[25.22937791000004,37.53571754200004],[25.228795775000037,37.53528598300005],[25.228028271000028,37.534717003000026],[25.227050580000025,37.534758286000056],[25.222047948000068,37.53496952200004],[25.207884157000024,37.52901300700006],[25.198821493000025,37.52924364000006],[25.19038003000003,37.52602454200007],[25.18848669600004,37.52530253100008],[25.184054271000036,37.52729358500005],[25.17357505800004,37.53200086900006],[25.166584835000037,37.53083924400005],[25.16356335300003,37.53033713900004],[25.162647030000073,37.53367114800005],[25.161792545000026,37.53678016500004],[25.154403350000052,37.53959965800004],[25.152467384000033,37.540338364000036],[25.149300761000063,37.54154665200008],[25.147722284000054,37.544404401000065],[25.144661304000067,37.549946144000046],[25.130784902000073,37.55285278500003],[25.127927216000046,37.55080161700005],[25.127391974000034,37.55041743500004],[25.124057808000032,37.54802426300006],[25.11538442500006,37.54979560600003],[25.115413166000053,37.55255264700003],[25.115419515000042,37.55316172200003],[25.112206463000064,37.554246730000045],[25.10769936300005,37.55576872300003],[25.109330999000065,37.56183095000006],[25.111372493000033,37.56941597500003],[25.10560593400004,37.57165604700003],[25.103600933000052,37.57243490700006],[25.102469282000072,37.57640979800004],[25.101545542000054,37.57965440500004],[25.09364077200007,37.581705492000026],[25.09232412600005,37.582047128000056],[25.088701554000068,37.580844780000064],[25.085184069000036,37.58157999300005],[25.083541533000073,37.58701085400003],[25.07538050000005,37.58727923500004],[25.06788722300007,37.594751348000045],[25.06189213500005,37.59398477900004],[25.054225244000065,37.603067665000026],[25.047632795000027,37.60930291900007],[25.042075519000036,37.61455908900007],[25.038226873000042,37.61494496800003],[25.030220546000066,37.61574771100004],[25.028854925000076,37.62056663800007],[25.028663970000025,37.62124047100008],[25.02180887700007,37.624793140000065],[25.019083429000034,37.626205610000056],[25.007212994000042,37.63354833500006],[24.995204149000074,37.640976677000026],[24.992286582000077,37.64373905100007],[24.980000781000058,37.655371338000066],[24.975185040000042,37.66131367100007],[24.97357271000004,37.66780552100005],[24.972753818000058,37.671102692000034],[24.97569556700006,37.67246377500004]]],[[[23.31071983000004,37.67945984800008],[23.31540441900006,37.68424180300008],[23.318294845000025,37.68470359600008],[23.317237250000062,37.67827299000004],[23.31071983000004,37.67945984800008]]],[[[24.333960886000057,37.68208818100004],[24.347121467000022,37.68543593900006],[24.348313560000065,37.681679263000035],[24.350048506000064,37.676211882000075],[24.35855219700005,37.681571129000076],[24.361155522000047,37.68321181300007],[24.36651338400003,37.681487049000054],[24.377511953000067,37.67794647000005],[24.37934258100006,37.67729116700008],[24.390953898000078,37.67313470800008],[24.400972465000052,37.66152838100004],[24.406841584000063,37.65472911400008],[24.409036112000024,37.652186793000055],[24.407892392000065,37.645670550000034],[24.402379801000052,37.64431051200006],[24.40191059500006,37.64419475200003],[24.401274042000068,37.641728482000076],[24.396938443000067,37.62493055900006],[24.386985665000054,37.60790151300006],[24.38661434200003,37.60749696900007],[24.37678135300007,37.59678426600004],[24.35543872900007,37.57353221200003],[24.340803445000063,37.56492255500007],[24.333960886000057,37.560897209000075],[24.327612651000038,37.55716266400003],[24.32003667400005,37.54653169000005],[24.317952372000036,37.543606898000064],[24.30368502500005,37.53205081700003],[24.29936725400006,37.52855356500004],[24.293615717000023,37.52697100600005],[24.279625063000026,37.52312142200003],[24.275178504000053,37.52741599900003],[24.273314647000063,37.529216149000035],[24.273010217000035,37.52951017400005],[24.272406903000046,37.54129901500005],[24.275353035000023,37.555869966000046],[24.27956643300007,37.57670854500003],[24.265961336000032,37.585385098000074],[24.26951418400006,37.59527108100008],[24.274769091000053,37.59969158300004],[24.27083703200003,37.60535099100008],[24.271777890000067,37.61385559900003],[24.271854004000033,37.61454361400007],[24.272034132000044,37.61483610200003],[24.279839739000067,37.627510639000036],[24.284980655000027,37.630072523000024],[24.283289807000074,37.63438019100005],[24.287813680000056,37.63860771000003],[24.294219958000042,37.65520065700008],[24.295166308000034,37.65765180400007],[24.307968089000042,37.66129073500008],[24.310295944000075,37.66111771300007],[24.31802654100005,37.660543122000036],[24.325580227000046,37.666078681000045],[24.322472038000058,37.66847934400005],[24.320340645000044,37.670125563000056],[24.32115910300007,37.67313470800008],[24.32755751700006,37.67939987400007],[24.329974941000046,37.68041477400004],[24.333362971000042,37.68183716000004],[24.333960886000057,37.68208818100004]]],[[[20.86469346800004,37.685402891000024],[20.868696413000066,37.688110065000046],[20.873895997000034,37.684977950000075],[20.87469337500005,37.682182537000074],[20.86469346800004,37.685402891000024]]],[[[26.333268959000065,37.68183292200007],[26.344906431000027,37.68890083700006],[26.363620576000073,37.69072893100008],[26.360613535000027,37.67611987600003],[26.352781277000076,37.67313470800008],[26.34560872900005,37.67040098000007],[26.344721840000034,37.67006295300007],[26.343711366000036,37.66754591000006],[26.33843352200006,37.65439905100004],[26.32216051300003,37.632323788000065],[26.31751199400003,37.63108776000007],[26.315022570000053,37.630425829000046],[26.311717400000077,37.627531117000046],[26.290949305000026,37.60934214100007],[26.247106948000066,37.58787410100007],[26.244001636000064,37.58635354000006],[26.230945629000075,37.57795450300006],[26.216436073000068,37.56862038600008],[26.17487060800005,37.56108307400007],[26.162385397000037,37.56054616200004],[26.139922280000064,37.55958016300008],[26.126352790000055,37.559304603000044],[26.10787375800004,37.55327915300006],[26.09603488500005,37.54131062400006],[26.08309446800007,37.528228487000035],[26.06039319200005,37.51571233200008],[26.052357597000025,37.51609942400006],[26.026752393000038,37.51733288100007],[25.99293622700003,37.51281944300007],[25.990688248000026,37.511936035000076],[25.99066933000006,37.51187560100004],[25.98964817500007,37.50861343100007],[25.98121297800003,37.51175831300003],[25.978512728000055,37.510842944000046],[25.977591566000058,37.51281944300007],[25.97622835800007,37.51599367600005],[25.974338241000055,37.520394820000035],[25.974180034000028,37.52076320500004],[25.978371423000056,37.535285688000045],[25.99184709700006,37.55312681200007],[25.996685952000064,37.55953321700008],[25.999592101000076,37.56338081400003],[26.01925850600003,37.58433400500007],[26.042405355000028,37.60899536900007],[26.043330249000064,37.609758011000054],[26.062754191000067,37.62577444300007],[26.082558196000036,37.63633375100005],[26.08748532000004,37.635788314000024],[26.08990833200005,37.63225192400006],[26.092193921000046,37.632170959000064],[26.106303871000023,37.63167112900004],[26.120049160000065,37.63475343500005],[26.121497929000043,37.635078313000065],[26.14950126000008,37.638059240000075],[26.153758736000043,37.63581813900004],[26.160824355000045,37.63209885400005],[26.177047463000065,37.633256853000034],[26.181446795000056,37.62977464000005],[26.199085483000033,37.626579399000036],[26.23513257600007,37.643909644000075],[26.252629714000022,37.656415380000055],[26.253469557000074,37.65701564200003],[26.283931086000052,37.67313470800008],[26.297132014000056,37.680120130000034],[26.319297971000026,37.68324535700003],[26.333268959000065,37.68183292200007]]],[[[23.42184645100008,37.68604139400003],[23.432064495000077,37.69505475600005],[23.440943275000052,37.695043389000034],[23.43307076700006,37.68533122600007],[23.42184645100008,37.68604139400003]]],[[[20.94354641600006,37.70449878900007],[20.948601176000068,37.706098533000045],[20.951495197000042,37.702264109000055],[20.948090382000032,37.701166071000046],[20.94354641600006,37.70449878900007]]],[[[23.262574293000057,37.69871160300005],[23.256708939000077,37.69822912500007],[23.254086185000062,37.70231368800006],[23.263979651000056,37.70906603000003],[23.270274003000054,37.70850507600005],[23.26907344400007,37.703017429000056],[23.262574293000057,37.69871160300005]]],[[[23.352560562000065,37.686341739000056],[23.340544511000076,37.67372441600003],[23.325303245000043,37.67590796700006],[23.321480216000054,37.68471658300007],[23.335746372000074,37.70596409400008],[23.343273606000025,37.71238394900007],[23.36573859600003,37.71053091500005],[23.372906784000065,37.70301845500006],[23.372297097000057,37.69370157100008],[23.352560562000065,37.686341739000056]]],[[[23.89044474800005,37.70945300600005],[23.89838513600006,37.714616102000036],[23.90738871700006,37.71245882200003],[23.900417103000052,37.70570032300003],[23.89044474800005,37.70945300600005]]],[[[23.377262853000047,37.722862761000044],[23.381825220000053,37.72615664400007],[23.38600909300004,37.72505138500003],[23.382954623000046,37.72162488500004],[23.377262853000047,37.722862761000044]]],[[[24.109855425000035,37.65443219100007],[24.106220062000034,37.64867296600005],[24.103451865000068,37.652568476000056],[24.10189805400006,37.654755058000035],[24.10221329600006,37.65773590600003],[24.103841811000052,37.67313470800008],[24.123552501000063,37.72622709800004],[24.127774246000058,37.737598724000065],[24.128976739000052,37.74083773800004],[24.142775280000023,37.75538643400006],[24.14351280900007,37.753567039000075],[24.14776721900006,37.74307192200007],[24.150160464000066,37.74083773800004],[24.152716551000026,37.73892081200006],[24.153024825000045,37.73868962300003],[24.152546802000074,37.73805138200004],[24.14852012800003,37.73267510200003],[24.151089868000042,37.73058916900004],[24.151811200000054,37.73000364200004],[24.150346069000022,37.721452585000065],[24.14702518200005,37.716847622000046],[24.145636009000043,37.716708022000034],[24.14113062200005,37.71625527000003],[24.136292398000023,37.71164177800006],[24.133591601000035,37.697663083000066],[24.125222674000042,37.68859963700004],[24.127337434000026,37.68407111600004],[24.127856165000026,37.682960312000034],[24.12166091000006,37.67313470800008],[24.117588289000025,37.66668276900003],[24.109855425000035,37.65443219100007]]],[[[23.170755325000073,37.76173878800006],[23.173899714000072,37.76483368300006],[23.176992131000077,37.76357111400006],[23.174870915000042,37.758649594000076],[23.170755325000073,37.76173878800006]]],[[[23.468796069000064,37.77195859200003],[23.472518199000035,37.772143810000046],[23.484197988000062,37.77470907900005],[23.49313496800005,37.77227616500005],[23.499291276000065,37.773361787000056],[23.505793882000035,37.77450847700004],[23.517986843000074,37.77282830000007],[23.544171624000057,37.77254061200006],[23.56408280000005,37.76812916800003],[23.564042482000048,37.763270067000065],[23.55992285900004,37.75889773200004],[23.556154657000036,37.75489837500004],[23.55478200400006,37.748693572000036],[23.554154512000025,37.74585711800006],[23.54986239300007,37.746226431000025],[23.54447604300003,37.74668989600008],[23.53686589000006,37.743133424000064],[23.537608584000054,37.74083773800004],[23.538828901000045,37.73706571200006],[23.541090163000035,37.730076100000076],[23.538170921000074,37.727207220000025],[23.532891689000053,37.72209575000005],[23.523025800000028,37.71254337700003],[23.523767080000027,37.70694493600007],[23.52071611200006,37.70148437900008],[23.522927909000032,37.696973283000034],[23.524440682000034,37.69388789000004],[23.516376578000063,37.68747355700003],[23.511822884000026,37.688365805000046],[23.511050915000055,37.68851706400005],[23.509566949000032,37.687309191000054],[23.50018048100003,37.67966908500006],[23.492512987000055,37.67932161700003],[23.489748676000033,37.679196346000026],[23.481544540000073,37.674488187000065],[23.481481717000065,37.674452134000035],[23.471287052000037,37.67651365000006],[23.46212266200007,37.68505599700006],[23.451620750000075,37.689093583000044],[23.451833475000058,37.693461255000045],[23.457456897000043,37.69423102500008],[23.462838375000047,37.69496767600003],[23.467447202000074,37.69849649300005],[23.462748843000043,37.71208342400007],[23.455644707000033,37.72137960100008],[23.43838465600004,37.72742201900007],[23.435172175000048,37.728546648000076],[23.43431211500007,37.73095637700004],[23.430785341000046,37.74083773800004],[23.419473278000055,37.76088238700004],[23.420837418000076,37.761975276000044],[23.426459201000057,37.76647919800007],[23.440463926000064,37.766060829000025],[23.442203275000054,37.766008869000075],[23.444884526000067,37.76698104400003],[23.456992652000054,37.771371239000075],[23.468796069000064,37.77195859200003]]],[[[23.75867119000003,37.76329626100005],[23.757083817000023,37.76317006200003],[23.755608967000057,37.765056048000076],[23.752115614000047,37.76952322100004],[23.757718772000032,37.770384826000054],[23.75521821500007,37.77397417100008],[23.756847169000025,37.77574014400005],[23.757826699000077,37.77680206700006],[23.75814905900006,37.77675538700004],[23.768811994000032,37.77521132100003],[23.765117893000024,37.767081543000074],[23.76357504500004,37.76368612700003],[23.762998954000068,37.763640327000076],[23.75867119000003,37.76329626100005]]],[[[26.96683596200006,37.79459172300005],[26.971680994000053,37.796568225000044],[26.975682015000075,37.79378679300004],[26.972094982000044,37.791969366000046],[26.96683596200006,37.79459172300005]]],[[[23.256210027000066,37.80132131700003],[23.260637988000042,37.804045829000074],[23.263974180000048,37.80196479400007],[23.261017767000055,37.798880534000034],[23.256210027000066,37.80132131700003]]],[[[23.322423487000037,37.801067344000046],[23.32801749300006,37.80455471300007],[23.33531101500006,37.80215860000004],[23.337758697000027,37.79872044600006],[23.326616864000073,37.799224655000046],[23.322423487000037,37.801067344000046]]],[[[23.774013543000024,37.802287069000045],[23.771673719000034,37.79996887600004],[23.769723361000047,37.80110706200003],[23.764654602000064,37.804065079000054],[23.76922204400006,37.80614926900006],[23.769723361000047,37.80637802700005],[23.77540503000006,37.808970653000074],[23.77457094500005,37.80283931800005],[23.774013543000024,37.802287069000045]]],[[[26.72997100500004,37.810218736000024],[26.741672883000035,37.81244711200003],[26.74978745900006,37.811868222000044],[26.77099422400005,37.81035534000006],[26.77297154100006,37.81036459500007],[26.77576150300007,37.81029161300006],[26.783339168000055,37.810093392000056],[26.814429844000074,37.80928010100007],[26.824426551000045,37.80709977400005],[26.826556878000076,37.806635140000026],[26.84889217400007,37.80538354500004],[26.855961472000047,37.80236550800004],[26.861828777000028,37.79550840200005],[26.863442749000058,37.79362215700007],[26.864563658000066,37.79231215300007],[26.881372511000052,37.77965021500006],[26.887877289000073,37.77986399500003],[26.89153033900004,37.77998405200003],[26.917618708000077,37.77199532700007],[26.928426788000024,37.771232636000036],[26.93115128900007,37.76995812300004],[26.955011984000066,37.758796166000025],[26.95696930200006,37.75621391900006],[26.961059014000057,37.75081845200003],[26.97027661000004,37.74997919100008],[26.974024190000023,37.755276630000026],[26.96920754200005,37.76041901600007],[26.963272972000027,37.76675492600003],[26.951953179000043,37.78510729200008],[26.961384363000036,37.78691094200008],[26.965227103000075,37.78583078400004],[26.975893161000045,37.78283265500005],[26.97808178400004,37.78781143200007],[26.97986723300005,37.79187305200003],[26.98766561900004,37.794930951000026],[26.98835437300005,37.78619971200004],[26.98849519500004,37.78441453700003],[26.997900225000024,37.777805586000056],[27.003990182000052,37.777260898000065],[27.031075247000047,37.77483839700005],[27.044015484000056,37.777466752000066],[27.049765920000027,37.77863475100003],[27.060396267000044,37.77751444900008],[27.051947176000056,37.76914234100008],[27.042789534000065,37.76625918800005],[27.03378252400006,37.76342345900008],[27.02801758800007,37.75866977600003],[27.027825027000063,37.75109255900003],[27.039285344000064,37.74254764400007],[27.042005317000076,37.74078160700003],[27.037407863000055,37.73312588300007],[27.038261271000067,37.729982619000054],[27.05362095600003,37.72947810100004],[27.05747436400003,37.72935152800005],[27.066414893000058,37.725328439000066],[27.068761979000044,37.718315750000045],[27.065321373000074,37.71182875300008],[27.05641823600007,37.71196703600003],[27.055684932000077,37.71197842600003],[27.05308858500007,37.71018292300005],[27.049708948000045,37.70784573700007],[27.035735617000057,37.70588370000007],[27.020319822000033,37.70715880200004],[27.010169163000057,37.70450674500006],[27.003990182000052,37.705935355000065],[27.00178300600004,37.70644566500005],[26.996396910000044,37.70769095700007],[26.978239260000066,37.70560306100003],[26.971904233000032,37.70048342000007],[26.971468438000045,37.70004733400003],[26.965053976000036,37.69362859700004],[26.962196520000077,37.692443378000064],[26.952451814000028,37.688401455000076],[26.94618757300003,37.69058936300007],[26.93766229700003,37.68921752400007],[26.93115128900007,37.68816981000003],[26.92388367700005,37.687000348000026],[26.920391120000033,37.68587438600008],[26.918543464000038,37.68527872200008],[26.913794151000047,37.68374759500006],[26.910416130000044,37.68264758300006],[26.889954702000068,37.67220234000007],[26.882786844000066,37.66201190500004],[26.88291222400005,37.65514318600003],[26.883078600000033,37.646028527000055],[26.877357368000048,37.64005253400006],[26.85719258200004,37.63646730000005],[26.848260880000055,37.63692171400004],[26.841436833000046,37.63726889700007],[26.824426551000045,37.63813432100005],[26.821665236000058,37.63827480700007],[26.811590645000024,37.63795999600006],[26.794649779000054,37.642507343000034],[26.785082791000036,37.65080418200006],[26.783339168000055,37.65361589500003],[26.77599215200007,37.66546346300004],[26.77297154100006,37.67033440600005],[26.767344969000078,37.67649166800004],[26.766196493000052,37.679228211000066],[26.761231335000048,37.68264758300006],[26.754095972000073,37.692443378000064],[26.751013451000063,37.69667522200007],[26.733064351000053,37.70218756500003],[26.72322364300004,37.708920517000024],[26.714405145000057,37.71006365100004],[26.679258557000026,37.70825374700007],[26.64565052000006,37.702555303000054],[26.63150306800003,37.692443378000064],[26.628284336000036,37.689492237000024],[26.620768402000067,37.68260114200007],[26.59252918800007,37.67836532900003],[26.584511359000032,37.68374834400004],[26.580432892000033,37.692443378000064],[26.583253116000037,37.69965456800003],[26.584377669000048,37.70253000100007],[26.567528968000033,37.73109799400004],[26.57986358000005,37.74384098300004],[26.58725032500007,37.75147229100003],[26.589402224000025,37.752183795000064],[26.59179089400004,37.752973584000074],[26.593126833000042,37.75544146000004],[26.596347199000036,37.76139042900007],[26.60555207300007,37.766473606000034],[26.607505635000052,37.76755241500007],[26.61489365600005,37.76778170700004],[26.62794361300007,37.76818672200005],[26.64231307600005,37.772511706000046],[26.64946843900003,37.78071608000005],[26.655770695000058,37.78794227800006],[26.674161275000074,37.79602038000007],[26.676202685000078,37.79604733000008],[26.690093863000072,37.79623071800006],[26.71074003600006,37.80347293800003],[26.72997100500004,37.810218736000024]]],[[[23.385561642000027,37.810027406000074],[23.381814501000065,37.80980157400006],[23.38010701500008,37.81065165900003],[23.378935848000026,37.81316693000008],[23.385562795000055,37.81294899300008],[23.387077646000023,37.811607527000035],[23.385561642000027,37.810027406000074]]],[[[23.250705496000023,37.80296757600007],[23.24756327600005,37.802332740000054],[23.236617220000028,37.811075524000046],[23.237829740000052,37.812583740000036],[23.240136751000023,37.81545336100004],[23.248872195000047,37.812583740000036],[23.24991716900007,37.81224046300008],[23.254467039000076,37.810745816000065],[23.254123465000077,37.810035363000054],[23.250705496000023,37.80296757600007]]],[[[23.46584856800007,37.81758587200005],[23.472788067000067,37.81445722600006],[23.473616530000072,37.812583740000036],[23.471797743000025,37.812583740000036],[23.463564181000038,37.813871722000044],[23.462579023000046,37.815601609000055],[23.46584856800007,37.81758587200005]]],[[[23.356557124000062,37.816412193000076],[23.361148874000037,37.81853210000003],[23.36296795800007,37.813540586000045],[23.36000909300003,37.81274884100003],[23.356557124000062,37.816412193000076]]],[[[23.45090029800008,37.81647151300007],[23.454548257000056,37.820174576000056],[23.45778120500006,37.81858069200007],[23.45536751800006,37.81456186300005],[23.45090029800008,37.81647151300007]]],[[[24.792982004000066,37.81872203300003],[24.796304314000054,37.821844372000044],[24.799198887000045,37.818295214000045],[24.796302712000056,37.81535433000005],[24.792982004000066,37.81872203300003]]],[[[23.270219850000046,37.823041611000065],[23.259818324000037,37.81667068300004],[23.249458662000052,37.82086037900007],[23.26246192800005,37.82679041700004],[23.26802945000003,37.824775860000045],[23.27118632300005,37.82363357500003],[23.270219850000046,37.823041611000065]]],[[[24.74568021500005,37.84537086700004],[24.74871042600006,37.850087863000056],[24.750811175000024,37.85019598000008],[24.750380310000025,37.84379447300006],[24.74568021500005,37.84537086700004]]],[[[23.137844836000056,37.859124347000034],[23.14103807200007,37.86154742900004],[23.145878417000063,37.86117642700003],[23.14344959700003,37.85714094200006],[23.137844836000056,37.859124347000034]]],[[[24.04049105300004,37.88290434800007],[24.04586392500005,37.885253324000075],[24.049376565000046,37.88322677700006],[24.045243665000044,37.88068988400005],[24.04049105300004,37.88290434800007]]],[[[23.394367800000055,37.903705468000055],[23.399202787000036,37.90576001800008],[23.40266930200005,37.902069149000056],[23.39898297900004,37.90094295700004],[23.394367800000055,37.903705468000055]]],[[[24.678519962000053,37.92520322400003],[24.684394799000074,37.927066815000046],[24.690170859000034,37.922711004000064],[24.68448994700003,37.92100953200003],[24.678519962000053,37.92520322400003]]],[[[20.707642630000066,37.90551820500008],[20.717475337000053,37.88849166400007],[20.72471882900004,37.87916503200006],[20.725387670000032,37.87830384100005],[20.727966465000065,37.878829917000076],[20.729609183000036,37.87916503200006],[20.732368674000043,37.879727969000044],[20.732487606000063,37.87916503200006],[20.73367582800006,37.87354085000004],[20.73484723400003,37.86799625900005],[20.736628391000067,37.86575840100005],[20.741821052000034,37.85923430500003],[20.769422619000068,37.84166129700003],[20.77874095800007,37.840701497000055],[20.785159201000056,37.84402191300006],[20.789889920000064,37.84646930500003],[20.79588446200006,37.84383455700004],[20.80795992900005,37.84025646500004],[20.809851520000052,37.839257287000066],[20.810386709000056,37.83897458900003],[20.812271098000053,37.83836795800005],[20.814979063000067,37.83811591600005],[20.815492219000078,37.83816885900006],[20.821046263000028,37.838741877000075],[20.822982593000063,37.838227146000065],[20.836534692000043,37.831476733000045],[20.843173964000073,37.82816965600006],[20.846346439000058,37.82762271800004],[20.858535507000056,37.82552130900007],[20.86042962500005,37.82273542900003],[20.863014229000044,37.82140787800006],[20.86487186900007,37.820860140000036],[20.869460747000062,37.81854351000004],[20.87431306600007,37.81609388600003],[20.87585673800004,37.816031191000036],[20.878062863000025,37.81594159000008],[20.879888805000064,37.816344377000064],[20.903872438000064,37.80470394900004],[20.900030182000023,37.78948724500003],[20.897686245000045,37.78020441900003],[20.900247852000064,37.775899226000035],[20.907598262000022,37.77259267800008],[20.911737663000054,37.77103654000007],[20.923903684000038,37.766462929000056],[20.938136537000048,37.761112328000024],[20.945451035000076,37.75181486400004],[20.95105492600004,37.74469175400003],[20.978628074000028,37.732898979000026],[20.988345095000057,37.72874310000003],[20.99199069900004,37.71480230200007],[20.990231859000062,37.70113671100006],[20.970581657000025,37.71313859700007],[20.96155042500004,37.71865466400004],[20.954423851000058,37.71995551500004],[20.95105492600004,37.72057046200007],[20.946673875000045,37.72116856700006],[20.92536934700007,37.73221350000006],[20.923903684000038,37.73297334500006],[20.91633537100006,37.73689699400006],[20.912013321000074,37.73686302300007],[20.90740772600003,37.736801412000034],[20.900904764000074,37.73598144300007],[20.89091645800005,37.73352859500005],[20.878824010000073,37.72989301700005],[20.87649263900005,37.72891756000007],[20.87356745900007,37.72769365200003],[20.871877296000036,37.72698648000005],[20.870224635000056,37.726073187000054],[20.86797716700005,37.72483119200007],[20.864684357000044,37.72248147800008],[20.861257198000033,37.71912032400007],[20.861128433000033,37.71623470900005],[20.860991161000072,37.713158442000065],[20.852367918000027,37.706375587000025],[20.842958259000056,37.69897415400004],[20.840344635000065,37.69384792900007],[20.83700936300005,37.68258532800007],[20.844771123000044,37.678660757000046],[20.848037736000038,37.67509187300004],[20.85896062200004,37.66315825400005],[20.857589329000064,37.65534438700007],[20.845701142000053,37.651640031000056],[20.844264973000065,37.64818859300004],[20.83227334000003,37.645279483000024],[20.82555257000007,37.64963156500005],[20.82409141000005,37.650577749000036],[20.816478474000064,37.65220485900005],[20.80542487200006,37.65456734000003],[20.803735895000045,37.66084441900006],[20.80137288800006,37.66962652500007],[20.797283632000074,37.67115038800006],[20.79386338200004,37.672424946000035],[20.790667658000075,37.67332410000006],[20.785877970000058,37.67467173400007],[20.776308700000072,37.68373006500008],[20.77108571900004,37.685118069000055],[20.769663440000045,37.690582359000075],[20.759919898000078,37.698836104000065],[20.75818354100005,37.704345226000044],[20.756933140000058,37.70831250600003],[20.748468252000066,37.71372675900005],[20.74322993800007,37.714330130000064],[20.740603485000065,37.71463265600005],[20.73857802200007,37.716787476000036],[20.735735281000075,37.71981177200007],[20.733812852000028,37.71930464900004],[20.72977949600005,37.71824067800003],[20.719361237000044,37.72373102900008],[20.711226080000074,37.72631749000004],[20.69293295700004,37.74411706600006],[20.695156799000074,37.75069253600003],[20.692497392000064,37.755852883000045],[20.694052743000043,37.75760836100005],[20.696568548000073,37.76044787600006],[20.688206198000046,37.76349446800003],[20.68670948700003,37.76395174700008],[20.674294210000028,37.76774489200005],[20.67549982500003,37.770520032000036],[20.67660430500007,37.77306237500005],[20.674283513000034,37.77464010400007],[20.670882901000027,37.776951919000055],[20.674832311000046,37.77998048500007],[20.67937876600007,37.78346688800008],[20.677525622000076,37.789409344000035],[20.664091351000025,37.79175666300006],[20.653008727000042,37.793693088000055],[20.648310863000063,37.79671177300003],[20.649451455000076,37.79933013100003],[20.650031458000058,37.800661594000076],[20.647519918000057,37.80160894200003],[20.645802638000077,37.80290472300004],[20.632353586000022,37.81305276100005],[20.632502255000077,37.816719008000064],[20.632720921000043,37.82211138400004],[20.63101486000005,37.82171694300007],[20.626413657000057,37.82065314500005],[20.62886211400007,37.828950580000026],[20.63024540500004,37.83363833400006],[20.624012208000067,37.84524719400008],[20.622084431000076,37.84883753400004],[20.624495532000026,37.85116452200003],[20.626216613000054,37.85282556100003],[20.624947444000043,37.85450816200006],[20.620290085000022,37.860682661000055],[20.624830259000078,37.86053279400005],[20.624207968000064,37.86575840100005],[20.629820043000052,37.87916503200006],[20.648796078000032,37.90192104000005],[20.679988067000068,37.923118696000074],[20.69779566400007,37.93129279500005],[20.703325590000077,37.930107202000045],[20.707957959000055,37.92414711200007],[20.707701215000043,37.90897926700006],[20.707642630000066,37.90551820500008]]],[[[24.519811808000043,37.940005281000026],[24.52195352600006,37.94028674900005],[24.525320909000072,37.93575015700003],[24.519397710000078,37.93478996300007],[24.51540529700003,37.937696290000076],[24.51339236800004,37.93916162700003],[24.519811808000043,37.940005281000026]]],[[[23.58049382300004,37.93937274000007],[23.587362307000035,37.94276768800006],[23.593097690000036,37.94060923600006],[23.588422241000046,37.93754940000008],[23.58049382300004,37.93937274000007]]],[[[23.396832738000057,37.96126957600006],[23.401262635000023,37.96336384500006],[23.405744432000063,37.96009612800003],[23.401712169000064,37.958777061000035],[23.396832738000057,37.96126957600006]]],[[[23.536240822000025,37.96278878000004],[23.54107781600004,37.965160430000026],[23.544806533000042,37.96301153500008],[23.541639720000035,37.96046457400007],[23.536240822000025,37.96278878000004]]],[[[23.36103779900003,37.965324500000065],[23.366113631000076,37.96736923100008],[23.36873008300006,37.96435962500004],[23.366059035000035,37.96213075600008],[23.36103779900003,37.965324500000065]]],[[[23.417499255000052,37.966015664000054],[23.422340860000077,37.968639358000075],[23.426025866000032,37.96683181900005],[23.422331058000054,37.96390635000006],[23.417499255000052,37.966015664000054]]],[[[23.534141344000034,37.99255631700004],[23.53644625800007,37.99541297800005],[23.542976924000072,37.99530784800004],[23.538684344000046,37.98879752100004],[23.53617031300007,37.98883642000004],[23.531201950000025,37.98891329400004],[23.534141344000034,37.99255631700004]]],[[[24.82608422800007,37.937050191000026],[24.83474171200004,37.924571994000075],[24.83737499600005,37.92262700300006],[24.839927214000056,37.90987460400004],[24.843777356000032,37.910953318000054],[24.84690314900007,37.91182908700006],[24.852401112000052,37.909807123000064],[24.856437908000032,37.90832252600006],[24.870772343000056,37.908266670000046],[24.871876331000067,37.90826236800007],[24.87193824700006,37.90816890700006],[24.876086689000033,37.90190692700003],[24.935234647000073,37.902861417000054],[24.942254711000032,37.90297470200005],[24.953826078000077,37.899306429000035],[24.95292606000004,37.89585818300003],[24.952055049000023,37.89252107100003],[24.954011110000067,37.89151581300007],[24.954541490000054,37.89124324000005],[24.956628133000038,37.890170873000045],[24.95615631900006,37.87916503200006],[24.955921716000034,37.873692548000065],[24.956014672000038,37.870198548000076],[24.954011110000067,37.86875482100004],[24.95249056700004,37.86765914800003],[24.94985276600005,37.86575840100005],[24.94926040200005,37.86177370900003],[24.949016697000047,37.86013436300004],[24.947932523000077,37.85935428100004],[24.940412845000026,37.85394374100008],[24.94191641200007,37.84968762900007],[24.93747755000004,37.84101643200006],[24.943519664000064,37.83691627700006],[24.94676432600005,37.83747869300004],[24.95038745100004,37.83810671100008],[24.955030715000078,37.83056256100008],[24.959142969000027,37.83268658500003],[24.960469527000043,37.82531947000007],[24.960567897000033,37.824773168000036],[24.96103936700007,37.824813909000056],[24.970664596000063,37.82564566100007],[24.97309505800007,37.82132451500007],[24.97185455400006,37.816108504000056],[24.97772499200005,37.81647128100008],[24.979448110000078,37.812583740000036],[24.967071304000058,37.79789046800005],[24.970097449000036,37.790721122000036],[24.96181778700003,37.78628603100003],[24.959907749000024,37.78526289800004],[24.960041553000053,37.78085654700004],[24.960085697000068,37.77940283200007],[24.959430050000037,37.77898734100006],[24.954011110000067,37.775553294000076],[24.952064156000063,37.774319486000024],[24.954011110000067,37.77071152900004],[24.95544590000003,37.76805267700007],[24.96419095300007,37.76842772400005],[24.969950493000056,37.770785654000065],[24.97635890500004,37.77340923000003],[24.99458266700003,37.77276116500008],[25.00036790400003,37.769729667000036],[24.98890166600006,37.75169001100005],[24.98013700300004,37.72952051800007],[24.969215874000042,37.71700819300003],[24.962833326000066,37.70969571400008],[24.954966099000046,37.70470390000003],[24.957960138000033,37.69599168700006],[24.96158874100007,37.68543298900005],[24.959309388000065,37.68301810500003],[24.950729672000023,37.68423347700008],[24.933692200000053,37.695316053000056],[24.913888709000048,37.715378835000024],[24.91286668500004,37.72235588400008],[24.912282978000064,37.72634067200005],[24.90242742600003,37.738648015000024],[24.900419240000076,37.74115578200008],[24.899938994000024,37.742531609000025],[24.89590465400005,37.75408935300004],[24.88789943100005,37.765774074000035],[24.883281126000043,37.766189438000026],[24.878944103000038,37.766554546000066],[24.86952790500004,37.76734723800007],[24.858703670000068,37.77823665600005],[24.851803277000045,37.77695620700007],[24.848215722000077,37.78519447900004],[24.844794430000036,37.79305095600006],[24.834267370000077,37.79581642800008],[24.83331520400003,37.79606656300007],[24.826235980000035,37.797323],[24.825948307000033,37.808474785000044],[24.825842312000077,37.812583740000036],[24.814779402000056,37.821178657000075],[24.807420446000037,37.82170631400004],[24.798186130000033,37.82236844000005],[24.79829267200006,37.82943269200007],[24.798343301000045,37.832789681000065],[24.79143284400004,37.83946099800005],[24.78874561600003,37.84205523300005],[24.789006418000042,37.843008163000036],[24.790266013000064,37.84761053200003],[24.78745241300004,37.85159795200008],[24.78315394400005,37.85826509800006],[24.77980187000003,37.85646419100004],[24.777449944000068,37.85520061600005],[24.77655296000006,37.86121373700007],[24.776277220000054,37.86306221700005],[24.77413873300003,37.86575840100005],[24.76643957300007,37.87546542900003],[24.757071649000068,37.874448707000056],[24.750118445000055,37.87916503200006],[24.740730808000023,37.88065153300005],[24.734491114000036,37.87955214600004],[24.735333641000068,37.88531709800003],[24.731090003000077,37.88682417100006],[24.72814383000008,37.87916503200006],[24.727718992000064,37.878060584000025],[24.727010231000065,37.87621802500007],[24.718412398000055,37.87321788000003],[24.710500473000025,37.873509814000045],[24.710662358000036,37.87916503200006],[24.70629539500004,37.885490805000074],[24.708025167000073,37.89061006500003],[24.709177186000034,37.89401946400005],[24.704805693000026,37.89737441200003],[24.69729578600004,37.90313796800007],[24.693374636000044,37.92189405900007],[24.690645671000027,37.92834340600007],[24.691743845000076,37.93071867000003],[24.693153100000075,37.93376677700007],[24.69148299400007,37.94172803500004],[24.68875953500003,37.94513601700004],[24.68641843300003,37.94806553800004],[24.68476635600007,37.950132852000024],[24.689549955000075,37.96204911800004],[24.699288719000037,37.96909975600005],[24.70962729200005,37.972347213000035],[24.72558428700006,37.97735947800004],[24.729140077000068,37.982009342000026],[24.731610628000055,37.98524005300004],[24.740730808000023,37.988664534000065],[24.754234238000038,37.99437302000007],[24.790462382000044,37.99877797500005],[24.79270367400005,37.99064837900005],[24.789029951000032,37.98455146900005],[24.786803296000073,37.98085611400006],[24.790502978000063,37.97845540000003],[24.79410807100004,37.97611606400005],[24.79390023600007,37.973272387000065],[24.793630583000038,37.969582900000034],[24.806754391000027,37.96831304600005],[24.810753454000064,37.96754663400003],[24.824217703000045,37.964966240000024],[24.830823441000064,37.96033055300006],[24.828326636000043,37.94806553800004],[24.82773026900003,37.94513601500006],[24.82608422800007,37.937050191000026]]],[[[23.535372382000048,37.98379589900003],[23.53034181000004,37.97493859100007],[23.526870286000076,37.95859819100008],[23.54403294900004,37.955054819000054],[23.546927335000078,37.95445724900003],[23.54706120800006,37.953154477000055],[23.54719936400005,37.95181002400005],[23.540070944000036,37.94806553800004],[23.54295082400006,37.946193476000076],[23.552634917000034,37.94644215300008],[23.557549250000022,37.94657285100004],[23.567929193000055,37.94684890700006],[23.57050186600003,37.94559504600005],[23.567821259000027,37.94385837500005],[23.55492695500004,37.942223297000055],[23.552634917000034,37.94193265200005],[23.542673191000063,37.94241210300004],[23.53658512000004,37.93412800700003],[23.54179742900004,37.929307907000066],[23.542955878000043,37.92823662700005],[23.54452304700004,37.92521146000007],[23.532404021000048,37.91972698600006],[23.53458364100004,37.91388195800005],[23.52539317000003,37.91317119400003],[23.51619757800006,37.91246003300006],[23.514046350000058,37.90341807300007],[23.51273720200004,37.897915510000075],[23.505291702000022,37.89985037100007],[23.500955085000044,37.90097732800007],[23.490959883000073,37.89993418700004],[23.481137,37.89000682600005],[23.480375965000064,37.889237697000056],[23.458680422000043,37.87916503200006],[23.448844776000044,37.87459860300004],[23.441667362000032,37.87657565200004],[23.439729056000033,37.87916503200006],[23.436901598000077,37.88294222700006],[23.42805786300005,37.887786224000024],[23.42271161700006,37.889237697000056],[23.403575223000075,37.894433107000054],[23.404818996000074,37.89716619600006],[23.406955567000068,37.90186113400006],[23.40644365000003,37.90321393000005],[23.403629556000055,37.910650479000026],[23.40999862500007,37.91966028200005],[23.406539612000074,37.92478977900004],[23.407083826000076,37.929453247000026],[23.41597284200003,37.92637800500006],[23.43046626200004,37.92893724700008],[23.448204470000064,37.926111148000075],[23.463450222000063,37.92368215400006],[23.470337398000026,37.926433350000025],[23.47857310200004,37.93881007900006],[23.485497233000046,37.94806553800004],[23.495488763000026,37.961421177000034],[23.47694582400004,37.961097094000024],[23.473762407000038,37.959462776000066],[23.459639453000023,37.952212264000025],[23.434096676000024,37.95640286400004],[23.423954292000076,37.953038552000066],[23.419091216000027,37.95773629800004],[23.43724678800004,37.962933716000066],[23.44362783400004,37.964760426000055],[23.448891279000065,37.97124806900007],[23.43796218500006,37.97390280700006],[23.420517062000044,37.97814032400004],[23.418958832000044,37.98187812300006],[23.436553227000047,37.985136597000064],[23.448663065000062,37.98110774400004],[23.45706087900004,37.97831385400008],[23.470505632000027,37.980494376000024],[23.47599911700007,37.985634323000056],[23.474596181000038,37.99008275700004],[23.47277286800005,37.99586412700006],[23.48542288300007,38.00211240100003],[23.497868652000022,38.001527346000046],[23.518722018000062,37.99540097500005],[23.520805866000046,37.994788775000075],[23.53541577200008,37.98406999400004],[23.53549503000005,37.984011845000055],[23.535372382000048,37.98379589900003]]],[[[24.279986391000023,38.00485378800005],[24.282981076000056,37.99881708200007],[24.284057390000044,37.99664744000006],[24.277558158000033,37.97950967300005],[24.27358335400004,37.978629058000024],[24.267053514000054,37.97718237700008],[24.25230355900004,37.98254508700006],[24.249896810000052,37.97692452000007],[24.248960177000072,37.97673619500006],[24.245673972000077,37.97607545000005],[24.243149953000056,37.97663673000005],[24.236997160000044,37.97800496000008],[24.23479599500007,37.978494445000024],[24.233296120000034,37.98040741400007],[24.229119136000065,37.98573481600005],[24.230654580000078,37.99113230800003],[24.23191855500005,37.99557551400005],[24.237699589000044,38.00485378800005],[24.241788778000057,38.01141673500007],[24.243511085000023,38.017614586000036],[24.247614833000057,38.017907974000025],[24.25194233900004,38.01821735900006],[24.254673738000065,38.02135474900007],[24.256110226000033,38.023004754000056],[24.264258561000076,38.01842565000004],[24.275727393000068,38.01198053300004],[24.276730649000058,38.01141673500007],[24.27789271200004,38.009074240000075],[24.279986391000023,38.00485378800005]]],[[[24.266739572000063,38.02699437200005],[24.27152625100007,38.02938654700006],[24.27538112700006,38.02757720300008],[24.271757361000027,38.024733007000066],[24.266739572000063,38.02699437200005]]],[[[24.245318664000024,38.03062686900006],[24.248749271000065,38.03365671900008],[24.252346927000076,38.03301249500004],[24.24989621000003,38.02830513400005],[24.245318664000024,38.03062686900006]]],[[[24.295131955000045,38.02016849600005],[24.29420162100007,38.011947934000034],[24.282741844000043,38.01265555400005],[24.277726178000023,38.024514458000056],[24.279384415000038,38.028691639000044],[24.282034974000055,38.03536853000003],[24.288327335000076,38.03700087800007],[24.291592254000022,38.03524850800005],[24.29298656000003,38.034500147000074],[24.29409563200005,38.033904878000044],[24.29626146100003,38.03014896600007],[24.295131955000045,38.02016849600005]]],[[[24.274543884000025,38.04952672500008],[24.27794467900003,38.04714312700003],[24.278889527000047,38.04344900700005],[24.27733485600004,38.04240931500004],[24.26914914200006,38.04740141800005],[24.274543884000025,38.04952672500008]]],[[[24.20832403600008,38.08084108400004],[24.213256777000026,38.08319680200003],[24.21463417500007,38.07887328900006],[24.211293278000028,38.077414876000034],[24.20832403600008,38.08084108400004]]],[[[24.15702142200007,38.08413128700005],[24.154376685000045,38.08354179300005],[24.15344492500003,38.08593071400003],[24.15671186800006,38.08948827200004],[24.159886432000064,38.08952268300004],[24.15702142200007,38.08413128700005]]],[[[22.986590614000022,38.11925862800007],[22.996082195000042,38.11771037600005],[22.997877672000072,38.107889870000065],[22.99144407400007,38.110690213000055],[22.986590614000022,38.11925862800007]]],[[[22.986590614000022,38.11925862800007],[22.983790703000068,38.118527302000075],[22.983787465000034,38.11852645600004],[22.979575655000076,38.12232267300004],[22.985286322000036,38.12356600600003],[22.986548093000067,38.11939905300005],[22.986590614000022,38.11925862800007]]],[[[20.419558365000057,38.13405625100006],[20.42520587300004,38.13644875800003],[20.42847387000006,38.133955290000074],[20.42526764200005,38.13192240200004],[20.419558365000057,38.13405625100006]]],[[[24.156553033000023,38.153523164000035],[24.160678018000056,38.15616524700005],[24.163089542000023,38.15177822900006],[24.15995883900007,38.15018444000003],[24.156553033000023,38.153523164000035]]],[[[25.285505315000023,38.16123377800005],[25.290061008000066,38.16493710900005],[25.292417861000047,38.16224905300004],[25.29062103900003,38.15918236500005],[25.285505315000023,38.16123377800005]]],[[[22.947269732000052,38.174004824000065],[22.955030987000043,38.17827140600008],[22.959585079000078,38.17646310600003],[22.955148395000037,38.17239412300006],[22.947269732000052,38.174004824000065]]],[[[24.166813741000055,38.17003426600007],[24.167099781000047,38.16249673600004],[24.16729612900008,38.15732269700004],[24.16403912900006,38.15840879800004],[24.162957979000055,38.15876932600003],[24.162516930000038,38.158916401000056],[24.152576511000063,38.17009429700005],[24.15198826200003,38.17177814100006],[24.149372647000064,38.179265256000065],[24.16191416500004,38.17990824200007],[24.176393289000032,38.180650566000054],[24.174598563000075,38.175433019000025],[24.17376851100005,38.17301992900008],[24.166813741000055,38.17003426600007]]],[[[22.964197805000026,38.17777895300003],[22.968351546000065,38.180652440000074],[22.971669451000025,38.17641587400004],[22.96836832200006,38.17524916100007],[22.964197805000026,38.17777895300003]]],[[[22.879859805000024,38.18194582800004],[22.883252863000052,38.18246201200003],[22.88608366400007,38.17928872400006],[22.88090154500003,38.17698296300006],[22.879859805000024,38.18194582800004]]],[[[22.988672312000062,38.17923636800003],[22.985463249000077,38.178028821000055],[22.982671966000055,38.17890069600003],[22.98097881600006,38.18160737000005],[22.984110615000077,38.18387551300003],[22.98965757600007,38.182382361000066],[22.988672312000062,38.17923636800003]]],[[[22.990609036000023,38.17868117800003],[23.002326295000046,38.184186932000046],[23.007372042000043,38.181769280000026],[22.999604747000035,38.17631098900006],[22.990609036000023,38.17868117800003]]],[[[24.09258538200004,38.18472303800007],[24.095620154000073,38.18774300300004],[24.10063578200004,38.18483457700006],[24.097576383000046,38.18275811800004],[24.09258538200004,38.18472303800007]]],[[[24.14004918200004,38.18860789800004],[24.145413019000046,38.19171810300003],[24.148648301000037,38.19030755600005],[24.145720365000045,38.187086683000075],[24.14004918200004,38.18860789800004]]],[[[22.98494149000004,38.20562482500003],[22.99094727800008,38.207603980000044],[22.99319392600006,38.20620218600004],[22.988209952000034,38.20252318400003],[22.98494149000004,38.20562482500003]]],[[[24.10746855700006,38.21765990200004],[24.09822359700007,38.21432545000005],[24.098864345000038,38.22044143200003],[24.09456362900005,38.226407659000074],[24.099379459000033,38.23451494400007],[24.105473268000026,38.236311218000026],[24.108503335000023,38.22859366600005],[24.10746855700006,38.21765990200004]]],[[[21.49626567200005,38.29265402800007],[21.50196879200007,38.29474169800005],[21.504952311000068,38.29192302300004],[21.501012452000055,38.29017728200006],[21.49626567200005,38.29265402800007]]],[[[22.698094739000055,38.29583893800003],[22.699085815000046,38.29982091000005],[22.701203535000047,38.299985168000035],[22.701631589000044,38.29239617800005],[22.699147792000076,38.29291640100007],[22.698094739000055,38.29583893800003]]],[[[21.305018188000076,38.30743238300005],[21.307128646000024,38.30800099700008],[21.310923143000025,38.30502655400005],[21.306064267000068,38.30259640000003],[21.305018188000076,38.303162790000044],[21.301435233000063,38.30562954000004],[21.30192488600005,38.30654073300008],[21.305018188000076,38.30743238300005]]],[[[22.62143843700005,38.310088654000026],[22.626845742000057,38.31157761400004],[22.630101418000038,38.30734522300003],[22.625354512000058,38.30703243100004],[22.62143843700005,38.310088654000026]]],[[[25.956671796000023,38.31327466500005],[25.960770125000067,38.31482459400007],[25.96391356500004,38.313244645000054],[25.959925549000047,38.30925645700006],[25.956671796000023,38.31327466500005]]],[[[21.259398284000042,38.31524976500003],[21.26740652600006,38.31703685000008],[21.271555842000055,38.312858439000024],[21.265843734000043,38.31161605300008],[21.259398284000042,38.31524976500003]]],[[[21.117499038000062,38.301778702000036],[21.107862687000022,38.29695362500007],[21.100697968000077,38.29336613400005],[21.102752379000037,38.28683329200004],[21.104014095000025,38.28282114900003],[21.10114539500006,38.28365086000008],[21.099504108000076,38.284125568000036],[21.095533454000076,38.28527399700005],[21.093659692000074,38.29313983700007],[21.09229323900007,38.298876052000026],[21.097135034000075,38.30279170100005],[21.102239779000058,38.30062903400005],[21.105659710000054,38.302766785000074],[21.102452451000033,38.30927542200004],[21.103643009000052,38.31302929200007],[21.105140111000026,38.317749707000075],[21.108083669000052,38.31794907500006],[21.114162930000077,38.31836082500007],[21.118340483000054,38.31864377200003],[21.11830999600005,38.31803271200005],[21.118288432000043,38.31760052200008],[21.117499038000062,38.301778702000036]]],[[[22.603140907000068,38.31689440500003],[22.60678662500004,38.319769320000034],[22.610437818000037,38.31882673600006],[22.60777706300007,38.31450206900007],[22.603140907000068,38.31689440500003]]],[[[25.93846904000003,38.317497649000074],[25.941831885000056,38.32021694700006],[25.946627832000047,38.31828694300003],[25.942673264000064,38.315352940000025],[25.93846904000003,38.317497649000074]]],[[[21.25067576500004,38.32412403400008],[21.256613952000066,38.32391845200004],[21.258715754000036,38.322123901000055],[21.256965149000052,38.320758726000065],[21.249030084000026,38.322516790000066],[21.25067576500004,38.32412403400008]]],[[[21.33979249300006,38.32578945900008],[21.344462778000036,38.328049243000066],[21.348175742000024,38.324640988000056],[21.344536934000075,38.32322609100004],[21.33979249300006,38.32578945900008]]],[[[21.255857040000024,38.328757067000026],[21.26112115500007,38.33299881900007],[21.264354454000056,38.332742203000066],[21.260160101000054,38.32779977400003],[21.255857040000024,38.328757067000026]]],[[[21.29217308500006,38.33315785800005],[21.29697019100007,38.332057414000076],[21.29741554700007,38.32780169200004],[21.293537694000065,38.327867877000074],[21.29217308500006,38.33315785800005]]],[[[21.273550449000027,38.33164759400006],[21.277678887000036,38.33460717500003],[21.281054652000023,38.33175758300007],[21.278738029000067,38.329245909000065],[21.273550449000027,38.33164759400006]]],[[[21.291728099000068,38.34333228000003],[21.29453926700006,38.347151405000034],[21.298284977000037,38.346595756000056],[21.29652845100003,38.34198784100005],[21.291728099000068,38.34333228000003]]],[[[21.050262330000066,38.35166236100008],[21.05536649100003,38.353975786000035],[21.056794143000047,38.34932246000005],[21.054016141000034,38.34828229300007],[21.050262330000066,38.35166236100008]]],[[[21.04140466100006,38.35269147200006],[21.045707809000078,38.354856866000034],[21.049286020000068,38.35307394500006],[21.045353600000055,38.350213319000034],[21.043558336000046,38.35097330900004],[21.040534278000052,38.35225348500006],[21.04140466100006,38.35269147200006]]],[[[22.094064873000036,38.360135727000056],[22.09975832600003,38.36095408800003],[22.101776237000024,38.35909024500006],[22.095289192000052,38.35632765400004],[22.094064873000036,38.360135727000056]]],[[[21.02302425000005,38.36799032300007],[21.03188024900004,38.36786591400005],[21.03560860600004,38.35965168200005],[21.028344297000046,38.36146383200003],[21.02302425000005,38.36799032300007]]],[[[22.065772627000058,38.37683703300007],[22.07453244900006,38.37429805600004],[22.07797150400006,38.368117065000035],[22.083210016000066,38.35870192300007],[22.068521111000052,38.36059126300006],[22.05812435100006,38.37589773900004],[22.061980343000073,38.37637129800004],[22.065772627000058,38.37683703300007]]],[[[20.993836946000044,38.37736093700005],[20.999013192000064,38.37216757500005],[21.000453462000053,38.36486002500004],[20.995460836000063,38.36242084700007],[20.988663046000056,38.36507127800007],[20.993836946000044,38.37736093700005]]],[[[22.398856591000026,38.38563001400007],[22.404564264000044,38.38584887800005],[22.406647204000024,38.382470699000066],[22.402330991000042,38.381575414000054],[22.398856591000026,38.38563001400007]]],[[[20.527184801000033,38.38696370500003],[20.53049022400006,38.38715734200008],[20.53541258100006,38.387445702000036],[20.53852956000003,38.377790177000065],[20.52823905300005,38.38010685100005],[20.525130557000068,38.38080665800004],[20.52575137100007,38.38266738100003],[20.526664421000078,38.385404004000065],[20.527184801000033,38.38696370500003]]],[[[21.34100283500004,38.38446077400005],[21.33841580400008,38.38425894100004],[21.336617615000023,38.385013945000026],[21.335757545000035,38.38663734700003],[21.337181049000037,38.38819223000007],[21.33956260700006,38.38867037000006],[21.341310161000024,38.387812617000066],[21.34212387900004,38.385950216000026],[21.34100283500004,38.38446077400005]]],[[[21.347210567000047,38.41663478800007],[21.35373622900005,38.418549030000065],[21.358001729000023,38.40959514200006],[21.353248621000034,38.41047437100008],[21.347210567000047,38.41663478800007]]],[[[21.017146555000068,38.42671184100004],[21.022737834000054,38.42694265700004],[21.025410513000054,38.421695492000026],[21.021480977000067,38.42173784800008],[21.017146555000068,38.42671184100004]]],[[[21.093815796000058,38.42391727000006],[21.10470826900007,38.41825136400007],[21.106056790000025,38.400936321000074],[21.103266718000043,38.39537870800007],[21.085408959000063,38.40832824900008],[21.077255328000035,38.42991482000008],[21.084149522000075,38.43440361000006],[21.093815796000058,38.42391727000006]]],[[[21.349673221000046,38.43690337500004],[21.354366583000058,38.43977123600007],[21.357419375000063,38.43574571100004],[21.352490639000052,38.432830885000044],[21.349673221000046,38.43690337500004]]],[[[23.606856708000066,38.445009147000064],[23.603395705000025,38.44263386200004],[23.598920156000077,38.44463237400004],[23.603713391000042,38.44758788200005],[23.606895825000038,38.445321009000054],[23.607099610000034,38.445175851000045],[23.606856708000066,38.445009147000064]]],[[[21.060250816000064,38.45802285600007],[21.06076345500003,38.45919814200005],[21.061737106000066,38.45881409300006],[21.064487841000073,38.45772908600003],[21.070103405000054,38.458051682000075],[21.073454406000053,38.455292083000074],[21.068652134000047,38.451673484000025],[21.064487841000073,38.45184803700005],[21.06168501800005,38.452806370000076],[21.059475821000035,38.45624608700007],[21.060250816000064,38.45802285600007]]],[[[21.033801049000033,38.46457605300003],[21.037850501000037,38.46600682500008],[21.036652873000037,38.45831720600006],[21.034551845000067,38.45909800700008],[21.033801049000033,38.46457605300003]]],[[[21.01835178600004,38.46249331000007],[21.012641753000025,38.46210285800004],[21.01492103100003,38.46644939200007],[21.018989659000056,38.46654377100003],[21.01835178600004,38.46249331000007]]],[[[21.015835269000036,38.47469385000005],[21.017157686000076,38.47114236800007],[21.01769632500003,38.46969580100006],[21.015356909000047,38.46870524500008],[21.01219275400007,38.470011369000076],[21.012844622000046,38.471803581000074],[21.013550364000025,38.47374390900006],[21.015835269000036,38.47469385000005]]],[[[20.540138725000077,38.47268877100004],[20.554155913000045,38.471982970000056],[20.561369281000054,38.47478003600003],[20.568733036000026,38.470897351000076],[20.582010688000025,38.46417669900006],[20.578896851000025,38.45949832200006],[20.58577970500005,38.44672071800005],[20.587970476000066,38.431949461000045],[20.586508115000072,38.428394612000034],[20.593390576000047,38.42396773300004],[20.59548555400005,38.41833906900007],[20.59942813500004,38.41066353100007],[20.59822398600005,38.403803691000064],[20.610205422000035,38.40142267900006],[20.611581182000066,38.396037301000035],[20.61203526500003,38.39425980400006],[20.60953680600005,38.39070504000006],[20.61569585700005,38.38096582600008],[20.61621361300007,38.37636191400003],[20.61227873300004,38.37382103500005],[20.617046806000076,38.37029086000007],[20.62422731500004,38.34671793500007],[20.627654852000035,38.320327098000064],[20.62541594000004,38.315864703000045],[20.621261666000066,38.31446831100004],[20.614439490000052,38.31071024700003],[20.598815049000052,38.30210336700003],[20.610450164000042,38.292597802000046],[20.614328725000064,38.28016563400007],[20.61506860700007,38.27779404800003],[20.61590367100007,38.27568468700008],[20.61873050300005,38.27378464200007],[20.620166893000032,38.27065294700003],[20.622831407000035,38.268695913000045],[20.62405203900005,38.26589966600005],[20.624061528000027,38.263828389000025],[20.626217112000063,38.258846418000076],[20.630560245000026,38.25531404600008],[20.631715950000057,38.25356289600006],[20.633852056000023,38.25258945000007],[20.651880068000025,38.255861812000035],[20.662762145000045,38.265984858000024],[20.663180870000076,38.26694840400006],[20.667188837000026,38.276171299000055],[20.674041054000043,38.28025870300007],[20.679229048000025,38.27669746300006],[20.675687568000058,38.26690099900003],[20.674331359000064,38.263149447000046],[20.680047079000076,38.26426062500008],[20.687124452000035,38.265636518000065],[20.696050349000075,38.260806855000055],[20.69864487500007,38.25910754700004],[20.69738477100003,38.25375991000004],[20.697284439000043,38.25333412200007],[20.705005794000044,38.24270800200003],[20.705940019000025,38.242188044000045],[20.711358095000037,38.23917252900003],[20.70984592900004,38.236831417000076],[20.70864123800004,38.23496633100007],[20.711604125000065,38.22545993800003],[20.737597178000044,38.19820925300007],[20.739342074000035,38.19637993300006],[20.740508962000035,38.19515658700004],[20.74304485700003,38.19359226700004],[20.74509339900004,38.190961825000045],[20.750413922000064,38.18603909500007],[20.76544208000007,38.17032267800005],[20.76894637500004,38.157638736000024],[20.775920233000022,38.151351111000054],[20.78013512700005,38.14753996300004],[20.786202072000037,38.14847317700003],[20.78603260600005,38.14163350200005],[20.79253650800007,38.131339946000026],[20.797283632000074,38.128216673000054],[20.812719595000033,38.11806089700008],[20.814279449000026,38.10868925200003],[20.802445171000045,38.08916113200007],[20.797283632000074,38.07106121800007],[20.795568565000053,38.06504701100005],[20.785831477000045,38.05816547200004],[20.777018825000027,38.06335123300005],[20.768234326000027,38.068520428000056],[20.75498729700007,38.067490615000054],[20.75061837000004,38.06521077300005],[20.747741417000043,38.063709489000075],[20.742452111000034,38.06185718200004],[20.71436482300004,38.06698182100007],[20.696733583000025,38.072170354000036],[20.692499088000034,38.077204865000056],[20.689124579000065,38.08121691500003],[20.66903512500005,38.09376161900008],[20.658479960000022,38.09565764800004],[20.65166514200007,38.10065836100006],[20.639986651000072,38.11000834300006],[20.629003529000045,38.11450209900005],[20.618173616000036,38.117481345000044],[20.60968715300004,38.11794658900004],[20.598633026000073,38.11387646700007],[20.587143707000052,38.10638382600007],[20.569420266000066,38.10064849200006],[20.568055327000025,38.09704525200004],[20.565498690000027,38.090296101000035],[20.547258603000046,38.09631331300005],[20.539844369000036,38.100723378000055],[20.535506148000024,38.10330379700008],[20.530552314000033,38.10294683500007],[20.527301969000064,38.10271262200007],[20.51262869800007,38.10408358300003],[20.509007421000035,38.109643875000074],[20.491961150000066,38.11866720900008],[20.489484826000023,38.12218919000003],[20.492475859000024,38.129842273000065],[20.494570056000043,38.13520064200003],[20.48541259600006,38.14985119500005],[20.484735240000077,38.15093486200004],[20.47491081100003,38.15768829600006],[20.478721563000022,38.16176513100004],[20.480021957000076,38.169238492000034],[20.480543042000022,38.17223316400003],[20.479766718000064,38.17346022000004],[20.46856841700003,38.19116022900005],[20.473832241000025,38.19360744200003],[20.476739167000062,38.19302533500007],[20.486738634000062,38.18431534800004],[20.488288031000025,38.182965754000065],[20.491607018000025,38.17517111400008],[20.50067170600005,38.16583779100006],[20.506543304000047,38.164812168000026],[20.509334240000044,38.16732029000008],[20.509299207000026,38.169499932000065],[20.505452974000036,38.17456410800003],[20.498458992000053,38.178212934000044],[20.49737207100003,38.178775994000034],[20.497627226000077,38.18514993300005],[20.494395847000078,38.19252396100006],[20.48996547200005,38.19820925300007],[20.486333883000043,38.202869502000055],[20.48274065100003,38.20413033300008],[20.48034847300005,38.20496972500007],[20.478761923000036,38.210223574000054],[20.478042878000053,38.21260468400004],[20.470985504000055,38.229640860000075],[20.466156584000032,38.23393898100005],[20.46405996900006,38.23761327300008],[20.457331449000037,38.258355264000045],[20.451285676000055,38.26508457400007],[20.449690357000065,38.278027827000074],[20.44241177300006,38.28016563400007],[20.437775524000074,38.281527356000026],[20.434180378000065,38.28016563400007],[20.42730004300006,38.277559591000056],[20.421855064000056,38.266807517000075],[20.428914297000063,38.258418361000054],[20.43087604300007,38.25608703300003],[20.43020214300003,38.251082505000056],[20.42931752800007,38.244513160000054],[20.432588088000045,38.23749163300005],[20.43276392000007,38.23711414200005],[20.43902653400005,38.22595366500008],[20.43954715800004,38.19820925300007],[20.440092207000077,38.169163178000076],[20.439161182000078,38.16192862100007],[20.418429984000056,38.16066406300007],[20.403842578000024,38.15588669500005],[20.392006940000044,38.15480338300006],[20.384246872000062,38.149353406000046],[20.381026551000048,38.15127969400004],[20.37583847600007,38.16163713900005],[20.374599638000063,38.164110348000065],[20.368807419000063,38.16853190900008],[20.366136573000063,38.168480688000045],[20.36111445000006,38.16838437600006],[20.359953648000044,38.17251283000007],[20.350885712000036,38.17626590100008],[20.345863402000077,38.174343272000044],[20.341924176000077,38.176078776000054],[20.33804661100004,38.18861184200006],[20.34287846600006,38.19548247600005],[20.34237027000006,38.19820925300007],[20.341924646000052,38.20060029800004],[20.34574222200007,38.202882431000035],[20.349442391000025,38.20509437800007],[20.356582504000073,38.220342679000055],[20.358345001000032,38.231607444000076],[20.355571070000053,38.24494940900007],[20.35460353700006,38.24960301900006],[20.356224049000048,38.255007155000044],[20.360449983000024,38.26126762300004],[20.366680591000033,38.26109681400004],[20.375226617000067,38.260862530000054],[20.37884476800002,38.270123813000055],[20.38663585200004,38.27393142300008],[20.38679999200008,38.28016563400007],[20.38719945500003,38.29533764700005],[20.387262099000054,38.29771693600003],[20.388446991000023,38.29960750500004],[20.392441328000075,38.305980720000036],[20.392080494000027,38.31141504100003],[20.400336629000037,38.330018567000025],[20.39943515300007,38.337215952000065],[20.39760878900006,38.35179764000003],[20.400434905000054,38.356466057000034],[20.403630087000067,38.355267438000055],[20.408090566000055,38.34331055000007],[20.41051139700005,38.33682120100008],[20.416784153000037,38.34504031500006],[20.422018227000024,38.35189845800005],[20.440231750000066,38.357034017000046],[20.443710544000055,38.33864691500003],[20.445421234000037,38.32960509000003],[20.455800557000032,38.32255311000006],[20.464086817000066,38.32437480500005],[20.46847936200004,38.32534048500003],[20.469196944000032,38.322448509000026],[20.469723327000054,38.320327098000064],[20.475432600000033,38.31032768700004],[20.488928876000045,38.31181946400005],[20.49310844000007,38.31555177000007],[20.49459150200005,38.320327098000064],[20.506031053000072,38.323871229000076],[20.520832041000062,38.33421294800007],[20.525241546000075,38.34211340400003],[20.535162703000026,38.34265978500008],[20.537452624000025,38.347034671000074],[20.534903934000056,38.35199351700004],[20.542862936000063,38.353770058000066],[20.546768848000056,38.358801183000026],[20.545153975000062,38.37101896000007],[20.540332956000043,38.378337919000046],[20.548461935000034,38.38369438800004],[20.54424105000004,38.396037301000035],[20.542694329000028,38.40056029800007],[20.54174716600005,38.403330037000046],[20.54276235800006,38.405297361000066],[20.543401464000056,38.40653587400004],[20.54279703700007,38.407712125000046],[20.540228428000034,38.41271079100005],[20.542897055000026,38.414676618000044],[20.544017231000055,38.415501789000075],[20.545389198000066,38.42438492700006],[20.543062001000067,38.42616229200007],[20.53561880500007,38.43184693300003],[20.536444892000077,38.44008854100008],[20.541464984000072,38.44358468400003],[20.541930772000057,38.44891065100006],[20.542167308000046,38.45654077700004],[20.537768311000036,38.46858141300004],[20.540138725000077,38.47268877100004]]],[[[26.149879748000046,38.473978662000036],[26.153322392000064,38.47544374600005],[26.156454161000056,38.47364960900006],[26.152530064000075,38.46934619800004],[26.149879748000046,38.473978662000036]]],[[[21.00788452100005,38.470152486000075],[20.99946880400006,38.46938370100003],[21.002021685000045,38.47357754600006],[21.00367918200004,38.476300465000065],[21.00900521400007,38.47269941400003],[21.00889582800005,38.47245082000006],[21.00788452100005,38.470152486000075]]],[[[21.049030986000048,38.457183470000075],[21.047363354000026,38.45475429100003],[21.04147021400007,38.455187298000055],[21.04307417800004,38.462328021000076],[21.04464372900003,38.46931554100007],[21.035822283000073,38.47597217300006],[21.036875004000024,38.476858023000034],[21.041398307000065,38.48066431900003],[21.048743217000037,38.47805603200004],[21.047881654000037,38.47448094300006],[21.04746644100004,38.472758001000045],[21.052288873000066,38.465254739000045],[21.053392787000064,38.463537150000036],[21.052997237000056,38.462960966000026],[21.049030986000048,38.457183470000075]]],[[[21.001196376000053,38.483379124000066],[21.002857807000055,38.479675703000055],[21.003856685000073,38.47744914800006],[20.99930598000003,38.47602605700007],[20.999334431000023,38.47733487700003],[20.99942628100007,38.48156017000008],[21.001196376000053,38.483379124000066]]],[[[21.027020177000054,38.473503777000076],[21.021672722000062,38.47324985600005],[21.020095961000038,38.47385801300004],[21.013471682000045,38.47641299900005],[21.008209609000062,38.48263279400004],[21.01506653200005,38.48767142000003],[21.018075183000064,38.489882246000036],[21.02707008400006,38.484306461000074],[21.027740867000034,38.482520831000045],[21.028186224000024,38.481335287000036],[21.029752400000064,38.47716611200008],[21.027020177000054,38.473503777000076]]],[[[26.281443844000023,38.48876469900006],[26.287932281000053,38.49119067600003],[26.292021489000035,38.48795394000007],[26.28797878200004,38.48578196300008],[26.281443844000023,38.48876469900006]]],[[[21.02498157200006,38.491296773000045],[21.03054977200003,38.49378610800005],[21.03326564100007,38.491524069000036],[21.02948540500006,38.48812458500004],[21.02498157200006,38.491296773000045]]],[[[23.49814043400005,38.494417043000055],[23.500791882000044,38.496442484000056],[23.50309696100004,38.49627680300006],[23.504316265000057,38.49054224900004],[23.502523909000047,38.49075443600003],[23.49814043400005,38.494417043000055]]],[[[26.259347614000035,38.49822791200006],[26.264176977000034,38.501247732000024],[26.26721371700006,38.50094767400003],[26.264956796000035,38.49594656100004],[26.259347614000035,38.49822791200006]]],[[[20.817117428000074,38.47805956500008],[20.805262824000067,38.47549426900008],[20.800704176000067,38.47706224800004],[20.79654713900004,38.47849209000003],[20.801727796000023,38.48854814800006],[20.809670840000024,38.49528312800004],[20.817944295000075,38.502298266000025],[20.821264326000062,38.501355372000035],[20.822770889000026,38.50092750600004],[20.820191086000023,38.47872469400005],[20.817117428000074,38.47805956500008]]],[[[20.67171490800007,38.48132780700007],[20.672485605000077,38.46760028500006],[20.671566271000074,38.46694597700008],[20.66551522900005,38.46263933300003],[20.668678525000075,38.45945352000007],[20.668981685000062,38.45925054600008],[20.68390412900004,38.45537779500006],[20.686257656000066,38.456921032000025],[20.690860499000053,38.459939173000066],[20.694823039000028,38.45660868900006],[20.694682476000025,38.448556275000044],[20.694674157000065,38.448079688000064],[20.695096179000075,38.44791335100007],[20.70183515900004,38.44525723600003],[20.70634834200007,38.43654141900004],[20.704500175000078,38.42990086900005],[20.69852819500005,38.42390788700004],[20.698248231000036,38.41693771200005],[20.69088880700008,38.404492521000066],[20.685888840000075,38.396037301000035],[20.67450799200003,38.37679166200007],[20.675463103000027,38.367923208000036],[20.679154294000057,38.365537318000065],[20.69978976300007,38.37250496100006],[20.70077096800003,38.37283626800007],[20.701827167000033,38.37249831400004],[20.716439368000067,38.367822825000076],[20.71549848500007,38.372260407000056],[20.708624937000025,38.376602985000034],[20.70370240400007,38.379712949000066],[20.705668333000062,38.38597703900007],[20.717549142000053,38.382721039000046],[20.72310178200007,38.38960180000004],[20.741632689000028,38.380280594000055],[20.744456772000035,38.37340194300003],[20.75060845200005,38.368919075000065],[20.74691342400007,38.36717410600005],[20.74108553900004,38.36442190100007],[20.74578692600005,38.35682267400006],[20.747361002000048,38.35427836900004],[20.745032796000032,38.35180203800007],[20.74018067000003,38.34664120900004],[20.739802590000068,38.340236650000065],[20.74434244100007,38.338711645000046],[20.744765752000035,38.33856944900003],[20.74915280700003,38.33530547500004],[20.74830275900007,38.33348985900005],[20.746242450000068,38.329089245000034],[20.755030224000052,38.32461951400006],[20.76481600900007,38.319642163000026],[20.760684479000076,38.31716422400007],[20.75998704400007,38.316745928000046],[20.75472669800007,38.31359096700004],[20.738031482000054,38.30929906100005],[20.725006561000043,38.30595069200007],[20.722833447000028,38.30414420500006],[20.720147902000065,38.30191174000004],[20.70446270700006,38.308882768000046],[20.698582368000075,38.31471785600007],[20.697307602000024,38.31598281200007],[20.693046456000047,38.320211167000025],[20.687677448000045,38.331458731000055],[20.687632019000034,38.33450277600008],[20.687482052000064,38.344551627000044],[20.683888833000026,38.34984505400007],[20.678693602000067,38.35161173700004],[20.67589134600007,38.35256466800007],[20.66815916400003,38.359780700000044],[20.667163664000043,38.37377674800007],[20.66694696600007,38.37682337600006],[20.662550198000076,38.387856741000064],[20.657308577000038,38.39290530400007],[20.654056811000032,38.396037301000035],[20.642598130000067,38.41970078400004],[20.641677492000042,38.42324497000004],[20.63902597400005,38.43345254500008],[20.64091230300005,38.43969854200003],[20.633034270000053,38.44002131700006],[20.631784390000064,38.44007252600005],[20.62765315100006,38.448585646000026],[20.61641230400005,38.46273591000005],[20.615466688000026,38.47313810900005],[20.621821855000064,38.479444552000075],[20.63293208700003,38.47442117200006],[20.636016693000045,38.47299127200006],[20.646109882000076,38.46831247100005],[20.65199467900004,38.47546578500004],[20.652984342000025,38.48529554400005],[20.651026201000036,38.48972718300007],[20.64817351100004,38.49618335300005],[20.649540254000044,38.502398990000074],[20.65967714800007,38.50152942600005],[20.676281567000046,38.49163933500006],[20.677974134000067,38.48766299500005],[20.674573683000062,38.48529554400005],[20.67171490800007,38.48132780700007]]],[[[26.28390805500004,38.51454098900007],[26.285170082000036,38.512916963000066],[26.295052190000035,38.500200275000054],[26.291135887000053,38.49466396200006],[26.28144475700003,38.49560530900004],[26.281244625000056,38.500200275000054],[26.27971137800006,38.50539893100006],[26.27212019800004,38.50619150000006],[26.274293588000035,38.51280632900006],[26.276271205000057,38.51882530900008],[26.28390805500004,38.51454098900007]]],[[[23.38282479000003,38.52016302200008],[23.387902824000037,38.522419961000026],[23.39157833200005,38.520220047000066],[23.38823710500003,38.51781274600006],[23.38282479000003,38.52016302200008]]],[[[25.517348716000072,38.52469779100005],[25.520487511000056,38.52760608400007],[25.52431504200007,38.52557643600005],[25.521678809000036,38.52196440300003],[25.517348716000072,38.52469779100005]]],[[[26.183201156000052,38.54384252500006],[26.20386780900003,38.54197561800004],[26.214328645000023,38.535591915000055],[26.225668295000048,38.537211823000064],[26.235670631000062,38.533523665000075],[26.239936580000062,38.52682071700008],[26.252132458000062,38.52372542100005],[26.26556338300003,38.520316672000035],[26.271204839000063,38.52123184200008],[26.271696371000075,38.51917002700003],[26.268849894000027,38.51275095600005],[26.268496975000062,38.51195509100006],[26.260396209000078,38.51251124300006],[26.25480647300003,38.505054579000046],[26.247997591000058,38.51022470700008],[26.237979551000024,38.507649849000074],[26.231363759000033,38.512369653000064],[26.230170835000024,38.51322070300006],[26.204202914000064,38.51752846900007],[26.200373273000025,38.52553033200007],[26.198545963000072,38.529348414000026],[26.187440756000058,38.53734003100004],[26.183201156000052,38.54384252500006]]],[[[25.522086599000033,38.54110025700004],[25.524925438000025,38.53184596700004],[25.502465957000027,38.530661827000074],[25.496596648000036,38.533167492000075],[25.498397831000034,38.536668055000064],[25.500518254000042,38.540789053000026],[25.51021367800007,38.55160448700008],[25.517859661000045,38.55286121700004],[25.526301361000037,38.54991719700007],[25.522888529000056,38.542777830000034],[25.522086599000033,38.54110025700004]]],[[[26.15885181300007,38.55243576500004],[26.162786924000045,38.55585226900007],[26.166372053000032,38.55256084800004],[26.163243704000024,38.55049454400006],[26.15885181300007,38.55243576500004]]],[[[26.113314668000044,38.56126070300007],[26.11820150400007,38.562895619000074],[26.12006155000006,38.55836334600008],[26.115710910000075,38.55798485100007],[26.113314668000044,38.56126070300007]]],[[[20.84913974600005,38.56491030300003],[20.854271708000056,38.56672458500003],[20.856015185000047,38.562997935000055],[20.85285817500005,38.56124925200004],[20.84913974600005,38.56491030300003]]],[[[20.70521917600007,38.56623848400005],[20.713137774000074,38.56817575400004],[20.721092326000075,38.56187592400005],[20.716550561000076,38.539399470000035],[20.699048153000035,38.54562223600004],[20.701600425000038,38.55999689400005],[20.70521917600007,38.56623848400005]]],[[[20.789642486000048,38.58581250100008],[20.801097801000026,38.58850696700006],[20.80783408800005,38.583525880000025],[20.79890006200003,38.580804131000036],[20.789642486000048,38.58581250100008]]],[[[20.90089772600004,38.546906214000046],[20.90087543800007,38.54145186200003],[20.89168382400004,38.54162459600008],[20.892534124000065,38.54574757300003],[20.896051371000055,38.56280218300003],[20.902964221000047,38.56725267600007],[20.90564008900003,38.57061105300005],[20.921141383000077,38.59006611500007],[20.93053879100006,38.60164713200004],[20.935537596000074,38.60274758300005],[20.928103081000074,38.58310411600007],[20.921141383000077,38.576211553000064],[20.91351970100004,38.569698566000056],[20.913145274000044,38.56913955300007],[20.900913958000046,38.550878401000034],[20.90089772600004,38.546906214000046]]],[[[26.006039722000025,38.60404070300007],[26.021132917000045,38.598459716000036],[26.033675722000055,38.59382178300007],[26.045048043000065,38.589236792000065],[26.052608993000035,38.59098268400004],[26.06312706700004,38.59341140200007],[26.06772402100006,38.58368785700003],[26.07361456600006,38.580057656000065],[26.075052738000068,38.57754695300008],[26.085857463000025,38.558684493000044],[26.100623049000035,38.55702923300004],[26.104585216000032,38.556585064000046],[26.107751672000063,38.55149562300005],[26.11331980700004,38.542545964000055],[26.11713061000006,38.54360894400003],[26.118150066000055,38.55286749100003],[26.118314189000046,38.554358035000064],[26.12044995800005,38.553170917000045],[26.12874992500008,38.54855757400003],[26.12865912500007,38.55425395900005],[26.128648629000054,38.55491240900005],[26.13513422500006,38.565290763000064],[26.158639298000026,38.551791372000025],[26.161820223000063,38.53712838200005],[26.154153276000045,38.525574074000076],[26.15119701100008,38.521118899000044],[26.15196642500007,38.51346831600006],[26.15330078200003,38.500200275000054],[26.151484855000035,38.49567635600005],[26.14224669400005,38.489684270000055],[26.13788143800008,38.489324158000045],[26.12611725200003,38.48835367200007],[26.125198819000047,38.47728480100005],[26.134994154000026,38.47776975700003],[26.139272508000033,38.47798157400007],[26.142128628000023,38.47586019900007],[26.14168581000007,38.47006387300007],[26.140361523000024,38.46840849000006],[26.136967466000044,38.46416585800006],[26.143039560000034,38.463737706000074],[26.143603547000055,38.46369793900004],[26.143802125000036,38.46240771200007],[26.144401256000037,38.458514953000076],[26.14542178100004,38.45958285700004],[26.150222755000073,38.46460672000006],[26.151108498000042,38.46553358500006],[26.151505601000054,38.46236444500005],[26.152692754000043,38.45289018700004],[26.146422178000023,38.447631415000046],[26.143550422000033,38.438632891000054],[26.14066419900007,38.42958903700003],[26.134519588000046,38.42049977900007],[26.135557172000063,38.397384577000025],[26.13808173500007,38.37048628600007],[26.141127566000023,38.36659057600008],[26.14367166900007,38.363336590000074],[26.143389874000036,38.35826242600007],[26.14295405400003,38.35041477300007],[26.14242684900006,38.34092159800008],[26.148123089000023,38.335487562000026],[26.14860079300007,38.33524240100007],[26.160409927000046,38.329181865000066],[26.15442349700004,38.32084174400006],[26.158124470000075,38.312130601000035],[26.151815173000045,38.30301041600006],[26.138685167000062,38.29736348800003],[26.125252832000058,38.28843726500003],[26.12085365100006,38.28551386600003],[26.102858319000063,38.27119640600006],[26.103914635000024,38.24920542700005],[26.105349149000062,38.24350401700008],[26.10562519100006,38.24240690000005],[26.114672510000048,38.23428714700003],[26.114542395000058,38.230876746000035],[26.10534095400004,38.22276168500008],[26.097434531000033,38.209179877000054],[26.07933068600005,38.206849856000076],[26.074188450000065,38.20651587900005],[26.06739705900003,38.20683253300007],[26.066352210000048,38.20688125000004],[26.05891606600005,38.20541386100007],[26.03918277200006,38.19873152300005],[26.031542244000036,38.187347498000065],[26.029899666000063,38.18572173800004],[26.023813850000067,38.17916319200003],[26.023509082000032,38.173239874000046],[26.022758510000074,38.15865215100007],[26.01136421500007,38.14817117600006],[26.008800922000034,38.15523307500007],[25.997343054000055,38.15556194000004],[25.994154275000028,38.16209325600005],[25.993726793000064,38.162968833000036],[25.989284121000026,38.16375891300004],[25.96945135800007,38.16728595100005],[25.96750043800006,38.17225990000003],[25.94982262700006,38.18572173800004],[25.94979236100005,38.187603301000024],[25.949790104000044,38.18774363800003],[25.94967254100004,38.19505242500003],[25.93810674300005,38.19678508800007],[25.937822030000063,38.196647787000074],[25.93082120200006,38.19327169300004],[25.924663259000056,38.194501030000026],[25.922975734000033,38.20023925900006],[25.926061978000064,38.205533391000074],[25.926466149000078,38.20622670400007],[25.925463819000072,38.205985346000034],[25.919037564000064,38.20443792100008],[25.910485805000064,38.20973463300004],[25.911890276000065,38.216241179000065],[25.912962341000025,38.22120777400005],[25.908098090000067,38.22258162400004],[25.903701349000073,38.220129746000055],[25.90150772000004,38.218906451000066],[25.888347964000047,38.22133500700005],[25.887084816000026,38.23381127600004],[25.88631017700004,38.241462478000074],[25.879815046000033,38.24443811800006],[25.874957277000078,38.24346750700005],[25.867541008000046,38.24198569200007],[25.866526443000055,38.255158632000075],[25.876703882000072,38.27251898700007],[25.88307652800006,38.27464710800007],[25.889408297000045,38.27676157900004],[25.911694236000073,38.293252583000026],[25.920291295000027,38.29961417800007],[25.92374367900004,38.29934224800007],[25.923635712000078,38.29607314700007],[25.92350321500004,38.29206128800007],[25.927973286000054,38.28832769300004],[25.93090963000003,38.29669500800003],[25.93166313000006,38.29884215800007],[25.93480246100006,38.29702781300006],[25.938045165000062,38.295153724000045],[25.94086658200007,38.297031323000056],[25.95563501500004,38.295024814000044],[25.963164955000025,38.29630703000004],[25.97204352600005,38.30942476000007],[25.970732695000038,38.31209876500003],[25.97071708900006,38.312130601000035],[25.967675297000028,38.318335647000026],[25.975127070000042,38.33138098300003],[25.98051085700007,38.331593259000044],[25.983365916000025,38.33170583100008],[25.986490152000044,38.34314445600006],[25.99499794700006,38.34280223400003],[25.993612142000075,38.35826242600007],[25.992662265000035,38.35900369400008],[25.987651162000077,38.36291427400005],[25.991527615000052,38.36481552300006],[25.993337731000054,38.36570331400003],[25.98882502200007,38.37924455000007],[25.98976768500006,38.387390570000036],[25.98201791500003,38.388610742000026],[25.981792708000057,38.38864620000004],[25.98146036000003,38.38915299900003],[25.974752636000062,38.399381626000036],[25.969240769000066,38.401037307000024],[25.960800990000052,38.403572488000066],[25.96156564900008,38.41241537600007],[25.96195156400006,38.416878293000025],[25.959280467000042,38.41792482200003],[25.954949003000024,38.419621877000054],[25.95627071900003,38.42518115400003],[25.958189624000056,38.43325227100007],[25.952329520000035,38.44700652700004],[25.94692709800006,38.447708101000046],[25.94618987000007,38.44780383900007],[25.945036447000064,38.45226635500006],[25.94349590400003,38.458226608000075],[25.933905381000045,38.465056418000074],[25.90428466000003,38.47424558900008],[25.90285986200007,38.47436162100007],[25.890374563000023,38.47537839700004],[25.885564877000036,38.480217297000024],[25.863804832000028,38.49248663700007],[25.858771171000058,38.500200275000054],[25.851054057000056,38.51202606600003],[25.845878004000042,38.52164816100003],[25.845567989000074,38.52254620100007],[25.84281875100004,38.53051008500006],[25.836131081000076,38.53703743900007],[25.831353899000078,38.54170010400003],[25.832791289000056,38.548888877000024],[25.84133874500003,38.555072909000046],[25.841473438000037,38.555170359000044],[25.841584958000055,38.55540250000007],[25.85181657800007,38.57670080300005],[25.872405085000025,38.584484545000066],[25.885031410000067,38.586875779000025],[25.898999898000056,38.58935838600007],[25.929460660000075,38.58892300100007],[25.932684532000053,38.588433518000045],[25.937153528000067,38.58775498600005],[25.952024625000035,38.591070236000064],[25.952218450000032,38.59111261500004],[25.966334936000067,38.59419913800008],[25.981685130000074,38.597555406000026],[26.006039722000025,38.60404070300007]]],[[[25.553268737000053,38.598640818000035],[25.571537681000052,38.60367030100008],[25.588681912000027,38.60572732400004],[25.609914808000042,38.59419913800008],[25.616755053000077,38.59009781000003],[25.619754860000057,38.57509040100007],[25.611323708000043,38.556073764000075],[25.608102090000045,38.53575908600004],[25.600788997000052,38.53325107400008],[25.586590614000045,38.53492900600003],[25.571537681000052,38.54232120800003],[25.561646584000073,38.538459087000035],[25.55820022000006,38.54751476100006],[25.56243544000006,38.56410036400007],[25.53320221100006,38.593844552000064],[25.540310384000065,38.599176277000026],[25.553268737000053,38.598640818000035]]],[[[20.93480885500003,38.60747193100008],[20.93924290500007,38.61059238200005],[20.94290527800007,38.60901060200007],[20.940205983000055,38.60579190900006],[20.93480885500003,38.60747193100008]]],[[[23.110953892000055,38.63717682200007],[23.104673825000077,38.632585635000055],[23.097609576000025,38.64379604000004],[23.099117367000076,38.64466126800005],[23.104723291000028,38.64787816000006],[23.119312841000067,38.64328782300004],[23.110953892000055,38.63717682200007]]],[[[20.95105492600004,38.65317372800007],[20.95547619200005,38.651888074000055],[20.959537156000067,38.65070719200003],[20.959900040000036,38.647868016000075],[20.960432861000072,38.64369925800003],[20.956513634000032,38.638516914000036],[20.954066689000058,38.635281349000024],[20.95105492600004,38.63379979000007],[20.93645340200004,38.62638147400003],[20.93593117000006,38.62584366100003],[20.92661196000006,38.616246415000035],[20.90579411300007,38.61036474500003],[20.896283055000026,38.607677584000044],[20.887446216000058,38.60106424700007],[20.888478919000022,38.59781241400003],[20.889508681000052,38.59456984500008],[20.880003774000045,38.58181566800005],[20.87816265600003,38.58167362300003],[20.870372144000044,38.58107257300003],[20.868781985000055,38.597063399000035],[20.883012449000034,38.620627013000046],[20.892288863000033,38.63598742800008],[20.89777007500004,38.64152814800008],[20.899827180000045,38.64360758600003],[20.908316068000033,38.64673986200006],[20.913570536000066,38.64867868500005],[20.925944487000038,38.64866426000003],[20.93443969300006,38.648654357000055],[20.94019561600004,38.65021997800005],[20.95105492600004,38.65317372800007]]],[[[20.735011259000032,38.65498645100007],[20.732643735000067,38.654576331000044],[20.73028765400005,38.65913570400005],[20.73572475900005,38.66041182400005],[20.735011259000032,38.65498645100007]]],[[[24.246202181000058,38.665103361000035],[24.251650554000037,38.666949113000044],[24.254305302000034,38.66386866300007],[24.25025733800004,38.662182022000025],[24.246202181000058,38.665103361000035]]],[[[24.12811572800007,38.66998894400007],[24.13317173400003,38.66986962500005],[24.133837837000044,38.663979597000036],[24.130928502000074,38.66517412500008],[24.12811572800007,38.66998894400007]]],[[[20.790496088000054,38.67065507700005],[20.789695898000048,38.66464350700005],[20.795159968000064,38.66723703500003],[20.800538735000032,38.66979007400005],[20.804810425000028,38.661347886000044],[20.798559157000057,38.65171570900003],[20.78990665500004,38.64733859900008],[20.78978272200004,38.647275904000026],[20.781644569000036,38.64315899200005],[20.775218917000075,38.64266671000007],[20.772978886000033,38.643896985000026],[20.769084571000064,38.64603582900003],[20.76002422600004,38.640813157000025],[20.75734628400005,38.63394707900005],[20.754516516000024,38.62669172900007],[20.763257657000054,38.61908768200004],[20.772453722000023,38.61108789000008],[20.795208376000062,38.601581381000074],[20.797283632000074,38.599480818000075],[20.801121324000064,38.59559632700007],[20.802017299000056,38.59367332700003],[20.800149864000048,38.592970767000054],[20.797283632000074,38.594487095000034],[20.795186912000077,38.59559632700007],[20.787763400000074,38.60143156400005],[20.77003792900007,38.60862958400003],[20.756377022000038,38.61908768200004],[20.73872364700003,38.63260221100006],[20.734791243000075,38.64084365300005],[20.735345549000044,38.64289356300003],[20.740504371000043,38.66197170700008],[20.741807985000037,38.666792677000046],[20.749659801000064,38.66441432200003],[20.761880236000025,38.66071269100007],[20.765547327000036,38.66570628000005],[20.770572369000035,38.66601477900008],[20.773667120000027,38.66879838800003],[20.778197784000042,38.66574867600008],[20.781229359000065,38.67283689900006],[20.78273276300007,38.67635205600004],[20.79088764200003,38.67359669100006],[20.790496088000054,38.67065507700005]]],[[[23.09668672600003,38.66643540300004],[23.091464356000074,38.66528487000005],[23.08954919100006,38.66698072100007],[23.087934048000022,38.66841090600008],[23.091334981000045,38.67937258100005],[23.092000323000036,38.68151707100003],[23.101729293000062,38.67858973600005],[23.101751597000032,38.67812801400004],[23.101921523000044,38.67461026900003],[23.10200336400004,38.672916033000035],[23.100598364000064,38.67120343100004],[23.097105467000063,38.66694582100007],[23.09668672600003,38.66643540300004]]],[[[20.743544013000076,38.68875516800006],[20.736564609000027,38.68796732100003],[20.737496278000037,38.69422592600006],[20.74281857400007,38.700644184000055],[20.75089822900003,38.694724318000056],[20.743544013000076,38.68875516800006]]],[[[20.726216512000065,38.70563249700007],[20.723154702000045,38.70563249700007],[20.720640158000037,38.70893339300005],[20.726212559000032,38.709694342000034],[20.728087352000045,38.707021945000065],[20.726216512000065,38.70563249700007]]],[[[20.733637196000075,38.712425576000044],[20.74042316400005,38.71670058700005],[20.746585001000028,38.71540018600007],[20.74252886900007,38.710989536000056],[20.733637196000075,38.712425576000044]]],[[[24.59987312800007,38.76283400500006],[24.60382131600005,38.76476732400005],[24.610205101000076,38.761509844000045],[24.616352160000076,38.758373160000076],[24.62022955200007,38.75856081000006],[24.624754666000058,38.75877980800004],[24.627148383000076,38.75545997000006],[24.62412336500006,38.74829209500007],[24.61481305800004,38.748703816000045],[24.60868289800004,38.74897490500007],[24.59966312800003,38.74937377800006],[24.59420312800006,38.75346781500008],[24.595090003000053,38.75493283000003],[24.59615996200006,38.756700281000064],[24.59987312800007,38.76283400500006]]],[[[24.576724566000053,38.76980542900003],[24.585981040000036,38.77172507900008],[24.59143454900004,38.76743187500006],[24.586762003000047,38.765579950000074],[24.576724566000053,38.76980542900003]]],[[[22.81702726000003,38.80836720600007],[22.82126703800003,38.811288174000026],[22.82410700400004,38.80782248100007],[22.82159334800008,38.805563919000065],[22.81702726000003,38.80836720600007]]],[[[22.811554716000046,38.824970836000034],[22.81839962400005,38.826966792000064],[22.822020167000062,38.82320651900005],[22.817168656000035,38.821596251000074],[22.811554716000046,38.824970836000034]]],[[[24.433113019000075,38.82509046800004],[24.431493769000042,38.82412760100004],[24.426685002000056,38.82773592800004],[24.432229927000037,38.834799488000044],[24.433722483000054,38.83670082300006],[24.434778033000043,38.83279427700006],[24.434691128000054,38.83239217700003],[24.433113019000075,38.82509046800004]]],[[[20.665666401000067,38.83274853700004],[20.672771604000047,38.83294095900004],[20.680152416000055,38.83794517600006],[20.687553582000078,38.83454540900004],[20.70871606000003,38.83513895400006],[20.71899698900006,38.82287427700004],[20.71953349000006,38.81289536200006],[20.719672874000025,38.810302818000025],[20.72162456700005,38.80871306600005],[20.726444697000034,38.804786827000044],[20.72325707500005,38.80152824000004],[20.72013835300004,38.79834008600005],[20.722329485000046,38.77017243300003],[20.722484723000036,38.76817680600004],[20.722260934000076,38.76785516000007],[20.718994572000042,38.763160508000055],[20.720897740000055,38.75333367400003],[20.72607571800006,38.74674240300004],[20.73159795400005,38.73971291100003],[20.729512847000024,38.72437655400006],[20.717820224000036,38.71570963000005],[20.715251829000067,38.71380585900005],[20.709624636000058,38.705839884000056],[20.706829269000025,38.69767539700007],[20.70533843900006,38.69464003000007],[20.702185857000075,38.692371594000065],[20.698835893000023,38.689961132000064],[20.697737534000055,38.68094067800007],[20.70121254700007,38.678759625000055],[20.704677381000067,38.67658496000007],[20.70777878000007,38.67804319600003],[20.708155560000023,38.679017256000066],[20.709483844000033,38.68245116800006],[20.711012070000038,38.68640197500008],[20.710239992000027,38.690838134000046],[20.709557089000043,38.694761921000065],[20.709112995000055,38.69731356800003],[20.714650207000034,38.70372711700003],[20.71560765600003,38.702703891000056],[20.723438592000036,38.69433497000006],[20.721778851000067,38.67330959100008],[20.71797536100007,38.67067352600003],[20.71505034300003,38.67163137800003],[20.71174226200003,38.67271467200004],[20.713099741000065,38.66416267100004],[20.714913076000073,38.66145453400003],[20.718588813000054,38.65596498000008],[20.724481627000046,38.63503291100005],[20.722038749000035,38.62738690400005],[20.71344625000006,38.62280437100003],[20.706466947000024,38.626134200000024],[20.703826614000036,38.630940526000074],[20.700360532000047,38.637250004000066],[20.696492,38.638550871000064],[20.69458798000005,38.62777721500004],[20.69399065700003,38.62439733700006],[20.694569227000045,38.62133622300007],[20.688812571000028,38.61908768200004],[20.679827983000052,38.60555592000003],[20.669295470000066,38.60396300300005],[20.660631739000053,38.60519633900003],[20.65343606600004,38.606220688000064],[20.643898939000053,38.59583792500007],[20.64485590000004,38.59050993400007],[20.646010712000077,38.58408039100004],[20.642429443000026,38.57928459800007],[20.63211303500003,38.58844147900004],[20.632145211000022,38.59556818800007],[20.632145338000043,38.59559632700007],[20.63217221000008,38.60154810600005],[20.626668619000043,38.60043476900006],[20.61736703100007,38.59855312500008],[20.607732828000053,38.61409753100003],[20.607507506000047,38.61746161700006],[20.607398595000063,38.61908768200004],[20.606802794000032,38.62798308400005],[20.59437729600006,38.63113833400007],[20.588709648000076,38.62425062600005],[20.585902316000045,38.61908768200004],[20.578243585000052,38.60500256800003],[20.572987843000078,38.59533677200005],[20.549605534000023,38.57066813100005],[20.545516013000054,38.58730841800008],[20.546815664000064,38.59112372000004],[20.555086892000077,38.61540503600003],[20.555473724000024,38.61908768200004],[20.559026693000078,38.65291200400003],[20.55693450700005,38.67141384300004],[20.556246231000046,38.67750048000005],[20.55642133400005,38.680908130000034],[20.55967518700004,38.68417332000007],[20.561298368000053,38.687229014000025],[20.56170141700005,38.68938445100008],[20.562746246000074,38.69100966000008],[20.563408757000047,38.69139690900005],[20.565538616000026,38.69264184800005],[20.567918948000056,38.69571316200006],[20.569457724000074,38.699102018000076],[20.57369565500005,38.705734104000044],[20.577516692000074,38.714374434000035],[20.578624451000053,38.71907055400004],[20.578836713000044,38.72182433000006],[20.582204938000075,38.72735611100006],[20.584228670000073,38.735302157000035],[20.586938649000047,38.747851378000064],[20.58820246500005,38.75370378800005],[20.599572532000025,38.78005319400006],[20.602583234000065,38.78223637900004],[20.605552492000072,38.78438951100003],[20.606738689000053,38.786607151000055],[20.608439771000064,38.789787388000036],[20.61019860600004,38.79024634600006],[20.622112808000054,38.79335529000008],[20.629930633000072,38.80448785700003],[20.630305031000034,38.80530950900004],[20.63184140800007,38.81301058200006],[20.632120291000035,38.814408480000054],[20.640434966000043,38.82343039500006],[20.649147135000078,38.83336526100004],[20.656606959000044,38.83503353200007],[20.665666401000067,38.83274853700004]]],[[[20.717626745000075,38.84472965300006],[20.72081144300006,38.84613366700006],[20.724372781000056,38.84378919200003],[20.721865309000066,38.842150822000065],[20.717626745000075,38.84472965300006]]],[[[20.717626745000075,38.84472965300006],[20.716232879000074,38.84335581700003],[20.711289554000075,38.84502514400003],[20.71502693900004,38.847914064000065],[20.719664185000056,38.846828612000024],[20.717626745000075,38.84472965300006]]],[[[24.363655648000076,38.830453583000065],[24.356183114000032,38.827036544000066],[24.353263044000073,38.828023605000055],[24.344868267000038,38.83086126200004],[24.343989152000063,38.83412737400005],[24.34311095700008,38.83739007100007],[24.34767960100004,38.84311402800006],[24.349546840000073,38.84545345300006],[24.35270655200003,38.84941218900008],[24.354634200000078,38.84941218900008],[24.354951326000048,38.84941218900008],[24.357775167000057,38.847801451000066],[24.365992852000034,38.84311402800006],[24.371552474000055,38.83994278200004],[24.371685142000047,38.83841078100005],[24.371932,38.835560144000056],[24.372042117000035,38.83428854700003],[24.363655648000076,38.830453583000065]]],[[[20.694750484000053,38.84985004600003],[20.698409454000057,38.850444690000074],[20.702367861000027,38.84805575300004],[20.697138866000046,38.845220167000036],[20.694574973000044,38.84946797600003],[20.694380642000056,38.84978994100004],[20.694750484000053,38.84985004600003]]],[[[20.689465319000078,38.84314542200008],[20.68090079500007,38.84145485000005],[20.685883989000047,38.85185633100008],[20.693609208000055,38.85216629200005],[20.689465319000078,38.84314542200008]]],[[[24.575292974000035,38.881835627000044],[24.57061056300006,38.87671726600007],[24.573055416000045,38.87001897000005],[24.58117139500007,38.86921523800004],[24.592842478000023,38.868059440000025],[24.603398195000068,38.856582296000056],[24.606155100000024,38.85358473600007],[24.61004652500003,38.852803616000074],[24.621630199000037,38.85047844200005],[24.63328111900006,38.84311402800006],[24.66454264600003,38.82335397400004],[24.66612497500006,38.820930572000066],[24.671952248000025,38.81200586400007],[24.674244001000034,38.810719377000055],[24.67975186500007,38.80762751100008],[24.682580329000075,38.800549259000036],[24.683418950000032,38.79322263700004],[24.680190254000024,38.789765068000065],[24.677163935000067,38.78652422300007],[24.678961128000026,38.781223888000056],[24.680693931000064,38.776113457000065],[24.650257685000042,38.766603651000025],[24.643686552000077,38.767603432000044],[24.639360443000044,38.76826163800007],[24.635464287000048,38.77464036200007],[24.62707726000008,38.76727144000006],[24.62602639800008,38.76634814200003],[24.618687538000074,38.76502046200005],[24.608186162000038,38.77121585100008],[24.605778586000042,38.77477599300005],[24.597807319000026,38.78656330000007],[24.58532063900003,38.78941735500007],[24.567796471000065,38.78149456700004],[24.56915020100007,38.77276422700004],[24.57029770200006,38.76536388000005],[24.56578249200004,38.76249754100007],[24.552987845000075,38.77097488600003],[24.552284359000055,38.77444937400003],[24.55152513400003,38.77819915600003],[24.54524774600003,38.781217137000056],[24.545221276000063,38.78122986300008],[24.545213011000044,38.781250545000034],[24.54328239800003,38.78608163500007],[24.540569490000053,38.78571664900005],[24.535013781000032,38.78496920300006],[24.531257242000038,38.79064161900004],[24.53300194700006,38.79678284700003],[24.539728440000033,38.796588116000066],[24.547859172000074,38.802978016000054],[24.553811021000058,38.803216278000036],[24.558923040000025,38.803420921000054],[24.566359601000045,38.807788036000034],[24.565014338000026,38.83882651700003],[24.556118939000044,38.84246792300007],[24.551230874000055,38.84040388500006],[24.54183891300005,38.83643802800003],[24.537339133000046,38.83964088400006],[24.535870146000036,38.842812913000046],[24.535730698000066,38.84311402800006],[24.53328736000003,38.848390004000066],[24.514482858000065,38.84688674700004],[24.513748276000058,38.84628229400005],[24.509897934000037,38.84311402800006],[24.50694392500003,38.840683313000056],[24.505430466000064,38.826700318000064],[24.497127590000048,38.81772280600006],[24.495479543000044,38.81594085000006],[24.493339046000074,38.80574625300005],[24.49259980900007,38.802225468000074],[24.49214751900007,38.80197953000004],[24.488896086000068,38.800211524000076],[24.481149870000024,38.80530451000004],[24.48033689500005,38.80913707000008],[24.48609158000005,38.816795684000056],[24.502527439000062,38.838669320000065],[24.50417771000008,38.84311402800006],[24.506544964000057,38.84948980100006],[24.508631094000066,38.85510841800004],[24.49828358800005,38.854607601000055],[24.484026138000047,38.85391754400007],[24.482473980000066,38.864401419000046],[24.482451797000067,38.864551248000055],[24.47730490500004,38.87347562800005],[24.471521332000066,38.870892645000026],[24.466068388000053,38.868457324000076],[24.462027051000064,38.87376096400004],[24.458292392000033,38.87866213500007],[24.450915662000057,38.87711782800005],[24.442074554000044,38.87526695500003],[24.436465705000046,38.87041923100003],[24.431779419000065,38.88041218400008],[24.43653364900007,38.883979159000035],[24.450836990000028,38.89471058200007],[24.45326973500005,38.90533213100008],[24.45347737900005,38.90623872000003],[24.454791621000027,38.90727385100007],[24.467385506000028,38.91719311600008],[24.46568248600005,38.92858355900006],[24.46208039100003,38.93041324100005],[24.45611757300003,38.93344205200003],[24.450971682000045,38.949207855000054],[24.461429421000048,38.963835],[24.47583283700004,38.97449159300004],[24.487486368000077,38.97830538800008],[24.495728101000054,38.97184503400007],[24.505234320000056,38.969305320000046],[24.50807457700006,38.96597813300008],[24.513883983000028,38.959172771000055],[24.548038679000058,38.94324163700003],[24.562096561000033,38.936684471000035],[24.578344151000067,38.925793999000064],[24.57837666300003,38.91882494600003],[24.57467139700003,38.912359035000065],[24.57084070700006,38.90567425100005],[24.575167719000035,38.887986461000025],[24.576381368000057,38.88302535400004],[24.575292974000035,38.881835627000044]]],[[[20.913031743000033,38.98772051900005],[20.917985084000065,38.98892557700003],[20.920555188000037,38.98520556600005],[20.915173312000036,38.98450246600004],[20.913031743000033,38.98772051900005]]],[[[24.481104835000053,39.00357249800004],[24.486301027000025,39.00663801300004],[24.48825293400006,39.00561830400005],[24.483883881000054,39.000301569000044],[24.481104835000053,39.00357249800004]]],[[[20.983147858000052,39.00783409300004],[20.988179970000033,39.00825819700003],[20.989052153000046,39.003581774000054],[20.98566608400006,39.00323496200008],[20.983147858000052,39.00783409300004]]],[[[23.061419648000026,39.00856499300005],[23.06612391300007,39.01057429200006],[23.070100844000024,39.006965956000045],[23.06583154200007,39.005980340000065],[23.061419648000026,39.00856499300005]]],[[[23.069395522000036,39.00959411800005],[23.073060011000052,39.01287098100005],[23.077257435000035,39.01033561000003],[23.073849925000047,39.00781333100008],[23.069395522000036,39.00959411800005]]],[[[20.913898050000057,39.01682465600004],[20.922124890000077,39.01518374500006],[20.925662500000044,39.00670869100003],[20.919117739000058,39.008071474000076],[20.913898050000057,39.01682465600004]]],[[[24.465099370000075,39.02045595000004],[24.466157139000074,39.022178376000056],[24.469044386000064,39.02099879100007],[24.469499754000026,39.01537162500006],[24.466820109000025,39.01581315800007],[24.465099370000075,39.02045595000004]]],[[[24.061453959000062,39.037779906000026],[24.06370198600007,39.03762546000007],[24.06372094900007,39.03443830600003],[24.060843386000045,39.03166911300008],[24.058311254000046,39.034649767000076],[24.061453959000062,39.037779906000026]]],[[[20.827113283000074,39.044197601000064],[20.830175861000043,39.043620574000045],[20.83098630300003,39.03480331000003],[20.828533219000064,39.036106723000046],[20.827113283000074,39.044197601000064]]],[[[23.332360881000056,39.047796763000065],[23.33856066100003,39.05058128100006],[23.342833280000036,39.04835937000007],[23.338403989000028,39.04573686700007],[23.332360881000056,39.047796763000065]]],[[[24.082895805000078,39.046893096000076],[24.080632325000067,39.045110316000034],[24.07815331200004,39.04583079500003],[24.080778682000073,39.05128803500003],[24.083003663000056,39.05246636100003],[24.082895805000078,39.046893096000076]]],[[[20.87516561500007,39.05433758800007],[20.877902036000023,39.05793631300003],[20.881193173000042,39.05718892400006],[20.878922325000076,39.051724954000065],[20.87516561500007,39.05433758800007]]],[[[20.890780929000073,39.066971221000074],[20.892746270000032,39.06869293400007],[20.895670498000072,39.06849186900007],[20.897244268000065,39.064124407000065],[20.893092050000064,39.06422498500007],[20.890780929000073,39.066971221000074]]],[[[24.09102009000003,39.070981835000055],[24.09552239800007,39.07400836200003],[24.099514209000063,39.07255909600008],[24.09675316700003,39.06948673100004],[24.09102009000003,39.070981835000055]]],[[[20.789852690000032,39.08969641700003],[20.794786592000037,39.09133872900003],[20.797277035000036,39.08703079600008],[20.792917645000045,39.08657512800005],[20.789852690000032,39.08969641700003]]],[[[24.11019785600007,39.05815514500006],[24.101576989000023,39.05623828000006],[24.10271204000003,39.060291978000066],[24.108086392000075,39.064184526000076],[24.112311617000046,39.067244782000046],[24.104285336000032,39.07503861600003],[24.103633495000054,39.07567157900007],[24.103622665000046,39.07693090200007],[24.103548767000063,39.08552419000006],[24.099529387000075,39.09178584600005],[24.10510566800008,39.09667938500007],[24.112726421000048,39.10336707700003],[24.117893054000035,39.10275268700008],[24.11927484100005,39.090166073000034],[24.118588803000023,39.08761535800005],[24.11551650100006,39.07619243400006],[24.119472402000042,39.074261997000065],[24.123151109000048,39.07246682700003],[24.121737773000063,39.067478996000034],[24.126282262000075,39.06558005900007],[24.123451703000057,39.061102162000054],[24.120388268000056,39.060421002000055],[24.11019785600007,39.05815514500006]]],[[[24.09258018500003,39.10616453800003],[24.09602331700006,39.10626773100006],[24.104306159000032,39.10122754400004],[24.101191173000075,39.09866165200003],[24.096955543000036,39.09922123100006],[24.09258018500003,39.10616453800003]]],[[[23.631587397000033,39.11821213700006],[23.638408279000032,39.119656589000044],[23.642590389000077,39.11439913900006],[23.634974469000042,39.11439797700007],[23.631587397000033,39.11821213700006]]],[[[23.980890438000074,39.10617447800007],[23.976364510000053,39.10526599200006],[23.97251738400007,39.111856239000076],[23.981051012000023,39.12214228900007],[23.98325742800006,39.117891599000075],[23.982629833000033,39.11308333100004],[23.981750598000076,39.10634713700006],[23.980890438000074,39.10617447800007]]],[[[23.47790109600004,39.125281750000056],[23.48217627100007,39.12776531000003],[23.485967791000064,39.12458581100003],[23.482228940000027,39.122758902000044],[23.47790109600004,39.125281750000056]]],[[[23.98280512100007,39.126056248000054],[23.988221192000026,39.12931020900004],[23.99202813200003,39.127397776000066],[23.986817446000032,39.120665958000075],[23.98511475600003,39.12295340700007],[23.983423779000077,39.125225122000074],[23.98280512100007,39.126056248000054]]],[[[23.49281502300005,39.128472963000036],[23.498400493000076,39.13092350900007],[23.50256859900003,39.12875857200004],[23.505391263000035,39.11543105000004],[23.49566783100005,39.117064923000044],[23.49281502300005,39.128472963000036]]],[[[23.79701128100004,39.13387726600007],[23.801571832000036,39.13877299200004],[23.805706129000043,39.13760636200004],[23.803453400000024,39.131513985000026],[23.79701128100004,39.13185066800003],[23.79701128100004,39.13387726600007]]],[[[23.807290959000056,39.14154633000004],[23.808972965000066,39.143257118000065],[23.812672904000067,39.142777617000036],[23.80891192300004,39.13765201600006],[23.80886051600004,39.13768181300003],[23.80544046400007,39.13966417000006],[23.807290959000056,39.14154633000004]]],[[[23.49591540600005,39.15000344200007],[23.500102405000064,39.153400127000054],[23.50345451900006,39.15262896000007],[23.501272285000027,39.14845565000007],[23.49591540600005,39.15000344200007]]],[[[23.511963017000028,39.15341296400004],[23.517270232000044,39.154966149000074],[23.52228824900004,39.146080049000034],[23.518339925000078,39.14599724100003],[23.511963017000028,39.15341296400004]]],[[[23.200746069000047,39.15522472400005],[23.199426777000042,39.15191047500008],[23.19488578200003,39.15208215900003],[23.195909578000055,39.15399105400007],[23.197353734000046,39.156683720000046],[23.201333309000063,39.15669995400003],[23.200746069000047,39.15522472400005]]],[[[26.53409671000003,39.15734007200007],[26.538007306000054,39.15915406600004],[26.541444348000027,39.155920534000074],[26.537872452000045,39.15418206700008],[26.53416743200006,39.15649299100005],[26.533358410000062,39.15699760000007],[26.53409671000003,39.15734007200007]]],[[[20.225857532000077,39.16083651300005],[20.23776751500003,39.15328159400008],[20.24879631600004,39.14029594200008],[20.23677225600005,39.13816908200005],[20.22578854300008,39.14587699200007],[20.217742731000044,39.147751914000025],[20.210557798000025,39.15516632300006],[20.225857532000077,39.16083651300005]]],[[[23.20729740400003,39.158261183000036],[23.204174828000077,39.15778240800006],[23.200914289000025,39.16048548400005],[23.206038841000066,39.165078109000035],[23.20828306900006,39.164991377000035],[23.20729740400003,39.158261183000036]]],[[[23.081305765000025,39.153869299000064],[23.069843611000067,39.15105430800003],[23.063225947000035,39.15327098900008],[23.068865940000023,39.15828882200003],[23.070012637000048,39.15930902400004],[23.069521467000072,39.16214549600005],[23.06956057000008,39.162492169000075],[23.069902826000032,39.165526466000074],[23.074233621000076,39.16576369000006],[23.084971893000045,39.166351889000055],[23.09057916200004,39.16665903300003],[23.089831725000067,39.16469346400004],[23.089346289000048,39.16341689200004],[23.088862822000067,39.16214549600005],[23.081305765000025,39.153869299000064]]],[[[23.522014839000065,39.17015375300008],[23.519019892000074,39.16731070600008],[23.518693314000075,39.16910232200007],[23.517954150000037,39.17315740300006],[23.521250158000043,39.173633875000064],[23.522001029000023,39.17374242100004],[23.52300825800006,39.17224556200006],[23.523479958000053,39.171544562000065],[23.522014839000065,39.17015375300008]]],[[[23.04956538700003,39.18074556400006],[23.053411535000066,39.18232466000006],[23.054919806000044,39.17578823100007],[23.052107439000054,39.175996489000056],[23.04956538700003,39.18074556400006]]],[[[23.858675213000026,39.20291130800007],[23.863738255000044,39.203813998000044],[23.866587629000037,39.201281797000036],[23.862645069000052,39.198939739000025],[23.858675213000026,39.20291130800007]]],[[[23.511643891000062,39.18599939400008],[23.512542852000024,39.18050974300007],[23.513969592000024,39.171797119000075],[23.51150347300006,39.16682637400004],[23.50918116500003,39.16214549600005],[23.507493527000065,39.15925680600003],[23.501548366000065,39.15800659300004],[23.50131212200006,39.16214549600005],[23.501230557000042,39.163574477000054],[23.500933691000057,39.16877546300003],[23.493571142000064,39.16568440000003],[23.49079421500005,39.16214549600005],[23.47409572400005,39.15800718100007],[23.459768050000037,39.141297759000054],[23.460357891000058,39.139382934000025],[23.462899857000025,39.13113084300005],[23.459499003000076,39.12896241000004],[23.45043061900003,39.13023337100003],[23.447876888000053,39.13374034900005],[23.442945230000078,39.14051287800004],[23.426660919000028,39.13828629200003],[23.423375271000054,39.13783703900003],[23.419606060000035,39.139797936000036],[23.404444329000057,39.147685686000045],[23.398434034000047,39.14517186300003],[23.392411653000067,39.14265298400005],[23.389426591000074,39.154882652000026],[23.38908821600006,39.15626896200007],[23.389276702000075,39.15679576400004],[23.39119080200004,39.16214549600005],[23.399891009000044,39.16826376700004],[23.406851894000056,39.16840143400003],[23.40966208100008,39.168457011000044],[23.441260104000037,39.18105773100007],[23.442676687000073,39.192058115000066],[23.44334200800006,39.197224617000074],[23.446301189000053,39.19825291800004],[23.451775449000024,39.20015519700007],[23.462231261000056,39.20864083200007],[23.482154732000026,39.205339921000075],[23.490826964000064,39.19825291800004],[23.49601580800004,39.19401256100008],[23.511643891000062,39.18599939400008]]],[[[23.724294800000052,39.12836713400003],[23.731731208000042,39.12040656600004],[23.737616049000053,39.12143879000007],[23.741523442000073,39.12490913600004],[23.74685640100006,39.129645598000025],[23.763659136000058,39.12975293100004],[23.767799827000033,39.12977938100005],[23.782675182000048,39.12987440200004],[23.792148680000025,39.12189266000007],[23.789465430000064,39.11760312200005],[23.787044947000027,39.113733653000054],[23.78309659300004,39.10742167600006],[23.772281602000078,39.09601687800006],[23.768836469000064,39.09238386000004],[23.767799827000033,39.09129068400006],[23.764503603000037,39.09036149600007],[23.74589363900003,39.08511544400005],[23.734717253000042,39.07645872000006],[23.73132245100004,39.073829260000025],[23.722192816000074,39.07160927100006],[23.710892009000077,39.074373586000036],[23.70897277100005,39.078128639000056],[23.706237891000058,39.08347952200006],[23.697968372000048,39.08778267100007],[23.693440579000026,39.08766882300006],[23.66465918800003,39.08694514000007],[23.65886964400005,39.08679956700007],[23.655735545000027,39.10028481000006],[23.65664488400006,39.102920151000035],[23.65897882200005,39.10968409900005],[23.65329053100004,39.11411033300004],[23.652608991000022,39.123058713000034],[23.644277385000066,39.136845437000034],[23.637997437000024,39.140243989000055],[23.627555280000024,39.14589502500007],[23.62240358500003,39.15681144900003],[23.619402611000055,39.16317050200007],[23.611621220000075,39.168267015000026],[23.60861326500003,39.17023711000007],[23.607409585000028,39.172741604000066],[23.60088438500003,39.186318580000034],[23.596619705000023,39.190501476000065],[23.591582626000047,39.19544195800006],[23.590998437000053,39.19825291800004],[23.590417028000047,39.20105050400008],[23.59008432400003,39.202651391000074],[23.59129699400006,39.203798895000034],[23.596534011000074,39.20875448900006],[23.607015620000027,39.21019111500004],[23.61252956800007,39.207123688000024],[23.613758482000037,39.20314578000006],[23.615270057000032,39.19825291800004],[23.624500906000037,39.194658840000045],[23.632102986000064,39.191698931000076],[23.63601556900005,39.18556180000007],[23.639889598000025,39.17948514300008],[23.646034236000048,39.175986468000076],[23.662463289000073,39.16475681400004],[23.678021392000062,39.16094878300004],[23.693440579000026,39.15717475400004],[23.720841956000072,39.145971735000046],[23.726172516000076,39.13705633300003],[23.72528628300006,39.13295525900003],[23.724294800000052,39.12836713400003]]],[[[25.84036554900007,39.220737677000045],[25.838534207000066,39.208196361000034],[25.829745718000026,39.21182799300004],[25.83668350100004,39.22347238200007],[25.83906806500005,39.22441771300004],[25.841015671000036,39.22518981700006],[25.84036554900007,39.220737677000045]]],[[[23.99978786500003,39.22416254600006],[23.996766403000038,39.22416254600006],[23.993963998000027,39.229089454000075],[23.99916163000006,39.237048669000046],[24.003547681000043,39.22533717300007],[23.99978786500003,39.22416254600006]]],[[[23.980936472000053,39.22416254600006],[23.98091744900006,39.20983201300004],[23.988017677000073,39.21160934200003],[23.99132029200007,39.21243605300003],[23.988551250000057,39.20313756000007],[23.987096629000064,39.19825291800004],[23.98622881600005,39.195338787000026],[23.980400023000072,39.19227970000003],[23.985591017000047,39.18721156500004],[23.986505650000026,39.186318580000034],[23.98239956900005,39.165991086000076],[23.97059765000006,39.16496161300006],[23.967776165000032,39.16875887900005],[23.966459176000058,39.17053133500008],[23.96126042800006,39.168381949000036],[23.961046371000066,39.16829344800004],[23.95601527900004,39.166213378000066],[23.951525891000074,39.16777134900008],[23.950694062000025,39.17077049900007],[23.950424361000046,39.17174290300005],[23.949404842000035,39.172016178000035],[23.94326763600003,39.17366121100008],[23.94027923300007,39.18083358300004],[23.93969985600006,39.18222412800003],[23.939693731000034,39.18223882800004],[23.94053447500005,39.18257674900008],[23.94984411200005,39.186318580000034],[23.961046371000066,39.190072988000054],[23.97335935800004,39.19166768400004],[23.977693208000062,39.196523538000065],[23.97659772000003,39.19825291800004],[23.96998307900003,39.20869505400003],[23.963988323000024,39.21815861400006],[23.967393478000076,39.22323735300006],[23.968013795000047,39.22416254600006],[23.96812688400007,39.224553539000055],[23.972293880000052,39.23896046800007],[23.980942838000033,39.22895871000003],[23.98093658500005,39.22424773600005],[23.980936472000053,39.22416254600006]]],[[[20.125911227000074,39.23696623100005],[20.131035817000054,39.24061000100005],[20.13243037700005,39.23631812900004],[20.137854735000076,39.23930672600005],[20.14960426300007,39.23408258000006],[20.157865463000064,39.22951393500006],[20.16885112500006,39.22343859500006],[20.171069207000073,39.216045672000064],[20.17550532200005,39.21229279800008],[20.178094,39.21010282200007],[20.19202578200003,39.203538484000035],[20.19263155300007,39.19825291800004],[20.192984387000024,39.19517431700007],[20.20516137000004,39.18074291600004],[20.183605214000067,39.17940041700007],[20.169789627000057,39.183088894000036],[20.168348899000023,39.184164536000026],[20.152603936000048,39.19591966100006],[20.150999781000053,39.19825291800004],[20.148268260000066,39.20222593900007],[20.141441749000023,39.20136973500007],[20.14071844600005,39.20127901600006],[20.14081047700006,39.20214488400006],[20.14158261600005,39.20940952700005],[20.13926887300005,39.21163083500005],[20.133983214000068,39.21923440100005],[20.127223607000076,39.22207143400004],[20.126421211000036,39.231178191000026],[20.125911227000074,39.23696623100005]]],[[[23.899134729000025,39.16214549600005],[23.891956467000057,39.15935384200003],[23.891790902000025,39.15928945300004],[23.886728385000026,39.16137653800007],[23.880092972000057,39.15732190400007],[23.880533897000078,39.151222906000044],[23.880628408000064,39.14991560500005],[23.878316717000075,39.14964464900004],[23.870484790000035,39.14872666000008],[23.864920708000056,39.14379583700003],[23.866658648000055,39.14134607700004],[23.867682028000047,39.13990354500004],[23.86521637100003,39.13764170600007],[23.85189648900007,39.132992982000076],[23.840640074000078,39.14105909400007],[23.83780699400006,39.143089220000036],[23.835502344000076,39.14252625000006],[23.829826722000064,39.14113983400006],[23.82882619000003,39.150445699000045],[23.833383579000042,39.15537703900003],[23.84112263800006,39.15740864000003],[23.850043179000068,39.15975039500006],[23.851882033000038,39.16214549600005],[23.85377415800008,39.164370407000035],[23.857942059000038,39.16927135800006],[23.863708909000025,39.16983721500003],[23.86880029300005,39.170336794000036],[23.876830202000065,39.17668356000007],[23.877173798000058,39.180710272000056],[23.873133864000067,39.18521007900006],[23.871809176000056,39.18668555900007],[23.87315348900006,39.18969630300006],[23.87526758000007,39.19443105300007],[23.873189595000042,39.19795012800006],[23.87301080000003,39.19825291800004],[23.869714203000058,39.20383571800005],[23.876374847000022,39.20749028300003],[23.87913803200007,39.20900638900008],[23.883877321000057,39.21494436800003],[23.888360996000074,39.22056208200007],[23.89080800200003,39.221830348000026],[23.895307770000045,39.22416254600006],[23.911046260000035,39.23231969300008],[23.916197674000045,39.24705626200006],[23.918876227000055,39.254718756000045],[23.924396142000035,39.258406114000024],[23.929061413000056,39.26152256100005],[23.935432954000078,39.27368533300006],[23.937305942000023,39.277260719000026],[23.952515232000053,39.28982956600004],[23.956249686000035,39.28207091100006],[23.954384764000054,39.27798596100007],[23.952899311000067,39.27473220400003],[23.958714344000043,39.273904078000044],[23.973531128000047,39.271794],[23.980701500000066,39.26675710200004],[23.981020572000034,39.263559506000036],[23.97570988600006,39.254322038000055],[23.969039227000053,39.24705626000008],[23.948020669000073,39.22416254600006],[23.931989298000076,39.20670094600007],[23.928319944000066,39.19825291800004],[23.92259554700007,39.18507352000006],[23.918989273000022,39.17677072200007],[23.913429260000044,39.17463883500005],[23.901703551000026,39.17014282400004],[23.90010002300005,39.16515067500006],[23.899134729000025,39.16214549600005]]],[[[26.434191807000047,39.30047596700007],[26.434634381000023,39.30020803600007],[26.43873833200007,39.29772353300007],[26.435324713000057,39.29548200500005],[26.430907709000053,39.29662662900006],[26.433723333000046,39.29992686200006],[26.434191807000047,39.30047596700007]]],[[[26.439788947000068,39.308705873000065],[26.43336596300003,39.30406336300007],[26.431189093000057,39.30897772900005],[26.43504623900003,39.31494689400006],[26.439788947000068,39.31088186000005],[26.439788947000068,39.308705873000065]]],[[[24.033813473000066,39.312458209000056],[24.038362859000074,39.31581739100005],[24.041624295000076,39.31567750700003],[24.03886200900007,39.31085740100008],[24.033813473000066,39.312458209000056]]],[[[26.443152273000067,39.31681673500003],[26.448080447000052,39.314980913000056],[26.44971828100006,39.311723],[26.44412549900005,39.31190399700006],[26.443152273000067,39.31681673500003]]],[[[26.141142651000052,39.334413495000035],[26.145898629000044,39.33618439700007],[26.149028711000028,39.33140156800005],[26.146006116000024,39.33102690900006],[26.141142651000052,39.334413495000035]]],[[[24.14472117300005,39.33887718100004],[24.135133593000035,39.33876264000003],[24.12788513600003,39.34493843200005],[24.139440945000047,39.34650368100006],[24.144985897000026,39.339149262000035],[24.145186842000044,39.338882744000045],[24.14472117300005,39.33887718100004]]],[[[24.12130684500005,39.35143746400007],[24.120414139000047,39.35104163300008],[24.11682671500006,39.35401984900005],[24.11919088600007,39.35512225100007],[24.12131955700005,39.35611484000003],[24.12457795100005,39.35288789400005],[24.12130684500005,39.35143746400007]]],[[[24.076541056000053,39.35747739000004],[24.07696973700007,39.35385642600005],[24.084633299000075,39.35202315300006],[24.087792817000036,39.353275232000044],[24.090339887000027,39.35428460600008],[24.091640133000055,39.35124611700007],[24.093141437000043,39.34773778500005],[24.09740344200003,39.348095656000055],[24.098121395000078,39.34815594100007],[24.097142304000045,39.34329423100007],[24.09553463800006,39.33531130800003],[24.09479456500003,39.33163644600006],[24.09350234300007,39.32521987500007],[24.095670406000067,39.31623110600003],[24.096238907000043,39.313874104000035],[24.095489353000062,39.312902172000065],[24.094609539000032,39.31176133400004],[24.087012659000038,39.30191061000005],[24.082234233000065,39.299800291000054],[24.076088178000077,39.29708597900003],[24.068845617000022,39.29388741300005],[24.05788516000007,39.29975088500004],[24.054707961000076,39.30145057900006],[24.048958519000053,39.30452633500005],[24.053611094000075,39.31179991800008],[24.06035210500005,39.31302720600007],[24.066081386000064,39.31407029500008],[24.065715487000034,39.31638969200003],[24.055860580000058,39.323296096000036],[24.046585298000025,39.31891979200003],[24.046155809000027,39.318717148000076],[24.04488810500004,39.319259345000035],[24.04172102800004,39.32061390500007],[24.044060141000045,39.33163644600006],[24.04483999100006,39.33531130800003],[24.04647999200006,39.343039446000034],[24.04899462800006,39.34723149400003],[24.052824739000073,39.353616515000056],[24.055892286000073,39.35521296200005],[24.060243349000075,39.35747739000004],[24.062411672000053,39.36275672100004],[24.063159605000067,39.36457775200006],[24.064497816000028,39.36517065400005],[24.064900309000052,39.36534898100007],[24.072157986000036,39.36856453900003],[24.07712821000007,39.36614203700003],[24.07665438300006,39.35914975900005],[24.076541056000053,39.35747739000004]]],[[[24.323119090000034,39.33258145600007],[24.322820095000054,39.331771752000066],[24.322031754000022,39.331963399000074],[24.316682454000045,39.33326382100006],[24.314936602000046,39.33531130800003],[24.312737844000026,39.33788995300006],[24.319919493000043,39.351524045000076],[24.319874568000046,39.35206270100008],[24.319422977000045,39.35747739000004],[24.32173206500005,39.36686139400007],[24.32919309600004,39.36870675700004],[24.33112869300004,39.36173836900008],[24.33136931400003,39.360872105000055],[24.33231225800006,39.35747739000004],[24.32763626600007,39.34481438100005],[24.324127125000075,39.33531130800003],[24.323119090000034,39.33258145600007]]],[[[26.353526679000026,39.37912537200003],[26.35526346300003,39.37892513600008],[26.364671747000045,39.377840441000046],[26.364524738000057,39.373182919000044],[26.35812233100006,39.36828991200008],[26.356775223000056,39.366170331000035],[26.350349450000067,39.35605982800007],[26.355498874000034,39.34844310500006],[26.358938606000038,39.34752167700003],[26.366411449000054,39.34551986900004],[26.366413859000033,39.34551745700003],[26.371348669000042,39.340577203000066],[26.380147083000054,39.342698229000064],[26.38455417700004,39.34376064400004],[26.400728383000057,39.343254804000026],[26.423393585000042,39.33475301900006],[26.41723465700005,39.32513460200005],[26.41055731000006,39.32085411700007],[26.413503115000026,39.315355055000055],[26.401840908000054,39.30839684600005],[26.398625260000074,39.30647824300007],[26.397862710000027,39.30254848800007],[26.397253484000032,39.29940887600003],[26.39210670600005,39.294086572000026],[26.37848542000006,39.28000074400006],[26.38166997600007,39.27058509300008],[26.398041164000063,39.26363368700004],[26.416110244000038,39.25603723800003],[26.430073334000042,39.25016699400004],[26.431221940000057,39.24705626200006],[26.432943081000076,39.24239495000006],[26.439788947000068,39.240990510000074],[26.442973734000077,39.24033714600006],[26.449490883000067,39.239000144000045],[26.45498270300004,39.23342406000006],[26.456385113000067,39.23200013200005],[26.459187979000035,39.23070953300004],[26.47340643900003,39.22416254600006],[26.476841489000037,39.22258085300007],[26.478585637000037,39.21973272300005],[26.477075374000037,39.21723450600007],[26.47554755500005,39.214707248000025],[26.479624003000026,39.21127048900007],[26.48148199600007,39.21143301700005],[26.48545507500006,39.21178056300005],[26.485760947000074,39.20579961300007],[26.485806613000022,39.20490667400003],[26.489205905000063,39.19825291800004],[26.49487854000006,39.18714933200005],[26.50320464200007,39.17871558200005],[26.51371935700007,39.172370975000035],[26.52551091400005,39.16995841700003],[26.53973484100004,39.167048194000074],[26.539791084000058,39.16388321300008],[26.535683320000032,39.16214549600005],[26.53376331900006,39.161333273000025],[26.53199926900004,39.16058702300006],[26.53270957500007,39.15387554300003],[26.52964101400005,39.14258932300004],[26.53784581800005,39.13635302500006],[26.539231640000025,39.136531443000024],[26.546985735000078,39.137529749000066],[26.54941169800003,39.125215913000034],[26.55057536100003,39.11930932800004],[26.55499483400007,39.113823738000065],[26.559476004000032,39.11278861900007],[26.56633525600006,39.11120418000007],[26.561926106000044,39.10510782400007],[26.561185524000052,39.105101621000074],[26.55674046100006,39.10506438900006],[26.557147325000074,39.09707808300004],[26.567322816000058,39.088989765000065],[26.59850833300004,39.064200947000074],[26.611487134000072,39.04523261700007],[26.615601300000037,39.02750881400004],[26.613389081000037,39.01712070200006],[26.605010349000054,39.009046210000065],[26.589531339000075,39.009437424000055],[26.580954966000036,39.01316209700008],[26.576469545000066,39.015110091000054],[26.56387839000007,39.01849002600005],[26.55432331000003,39.01342423700004],[26.545056884000076,39.017063938000035],[26.540841036000074,39.012464805000036],[26.538226372000054,39.013921906000064],[26.53411649900005,39.02700967700008],[26.527073788000052,39.029488677000074],[26.52319509800003,39.03607066600006],[26.52243769100005,39.037355957000045],[26.524769365000054,39.03849298400007],[26.527314180000076,39.03973394700006],[26.53001033700008,39.04517891000006],[26.525561167000035,39.04554936200003],[26.518258205000052,39.04615743100004],[26.512202366000054,39.050552227000026],[26.513160407000044,39.056703981000055],[26.516906728000038,39.06018498100008],[26.52751050100005,39.062921422000045],[26.53209418000006,39.064104300000054],[26.529495396000073,39.07731187400003],[26.52759139500006,39.083289723000064],[26.520624203000068,39.088107423000054],[26.515939253000056,39.091346990000034],[26.500988578000033,39.10934128500003],[26.499007875000075,39.111725215000035],[26.485640536000062,39.119139252000025],[26.473117203000072,39.11748636200008],[26.46344445300008,39.116209705000074],[26.462065247000055,39.11602767100004],[26.451134997000054,39.11093262800006],[26.45068295300007,39.11065076800003],[26.449490883000067,39.10990748300003],[26.44211960100006,39.10374631600007],[26.44198724900008,39.10138249800008],[26.449034066000024,39.086889651000035],[26.449490883000067,39.085950138000044],[26.452004872000032,39.08087927200006],[26.454033080000045,39.080230947000075],[26.45790091400005,39.07899457900004],[26.465058759000044,39.07063297000008],[26.46775882700007,39.067478820000076],[26.472952923000037,39.06593985500007],[26.491012306000073,39.060589020000066],[26.49356139200006,39.053688032000025],[26.493995462000044,39.05251289900008],[26.501876630000027,39.047805021000045],[26.514495987000032,39.032417484000064],[26.523210720000066,39.026027492000026],[26.53094879400004,39.02028735700003],[26.533558517000074,39.01437626400008],[26.532240672000057,39.00904338400005],[26.537424627000064,39.00651099000004],[26.538213908000046,39.00089242100006],[26.54006031600005,39.00059692700006],[26.541935094000053,39.00029689300004],[26.538554538000028,38.99358706000004],[26.53773975200005,38.99196984900004],[26.538169268000047,38.991793510000036],[26.543548550000025,38.989585032000036],[26.521289374000048,38.97345440200007],[26.516480185000034,38.97243326500006],[26.514719101000026,38.976155160000076],[26.513002159000052,38.979783766000025],[26.50604669200004,38.977554387000055],[26.504636296000058,38.97486269700005],[26.50229887200004,38.970401809000066],[26.497460757000056,38.97394290200003],[26.493280705000075,38.97700234900003],[26.487065163000068,38.97340034200005],[26.482169210000052,38.97461309600004],[26.475950831000034,38.971185656000046],[26.475873342000057,38.97114294600004],[26.455588539000075,38.96857552000006],[26.453139750000048,38.96826557900005],[26.449490883000067,38.96831487400004],[26.44126411700006,38.966739346000054],[26.439788947000068,38.96645683300005],[26.41847732800005,38.96237539200007],[26.41451118200007,38.963310026000045],[26.409755560000065,38.96443070300006],[26.408560885000043,38.96426086900004],[26.399226172000056,38.96293385400003],[26.390609033000032,38.96741001000004],[26.384800880000057,38.97042704300003],[26.362337404000073,38.976751731000036],[26.337463695000054,38.976732843000036],[26.328070725000032,38.97672571100003],[26.320406786000035,38.98181489500007],[26.314411276000044,38.98579617100006],[26.283219729000052,39.002207998000074],[26.258362067000064,39.010178481000025],[26.25232131200005,39.01153205900005],[26.199424231000023,39.01922729900008],[26.180622898000024,39.01626031300003],[26.177709470000025,39.01368972700004],[26.16888257900007,39.00590155200007],[26.165470501000073,39.01374509000004],[26.15124118500006,39.022184088000074],[26.142863945000045,39.02897451600006],[26.14076019500004,39.03549669300003],[26.140088819000027,39.03757813500005],[26.118144638000047,39.06286431600006],[26.10477149600007,39.071661376000066],[26.09802715400008,39.07190317000004],[26.086702380000077,39.07230917900006],[26.084734539000067,39.07770791000007],[26.096821387000034,39.082461323000075],[26.105677127000035,39.09337863500008],[26.113220176000027,39.093322070000056],[26.116224774000045,39.09616960500006],[26.12161194300006,39.09327986200003],[26.133370224000032,39.08697257600005],[26.14605091900006,39.09450806500007],[26.16236872500008,39.097347368000044],[26.167815486000052,39.100672203000045],[26.17370382200005,39.11091950300005],[26.177072229000032,39.11678144500007],[26.189377054000033,39.126252684000065],[26.194028960000026,39.12686887700005],[26.201736630000028,39.127889837000055],[26.20757542900003,39.13189326000003],[26.208522171000027,39.13254240100008],[26.209164647000023,39.13247605200007],[26.221697366000058,39.13118179600008],[26.227487822000057,39.13599813400003],[26.247724477000077,39.14280057700006],[26.250910821000048,39.14778507500006],[26.252646622000043,39.150500443000055],[26.259370885000067,39.15088752300005],[26.266104496000025,39.15127514100004],[26.282195985000044,39.15796285600004],[26.28557134600004,39.16214549600005],[26.285593625000047,39.167095559000074],[26.290734006000037,39.17026527100006],[26.29450866700006,39.178235018000066],[26.29250545000008,39.18630265100006],[26.28015682800003,39.196481335000044],[26.27410122200007,39.19825291800004],[26.245267867000052,39.206688188000044],[26.228002462000063,39.20445831500007],[26.219526126000062,39.20248420400003],[26.215202172000033,39.20445831500007],[26.20517460900004,39.20660075300003],[26.20018491700006,39.20625960700005],[26.197310935000075,39.20445831500007],[26.18636443500003,39.19825291800004],[26.184412959000042,39.19773111000006],[26.170217328000035,39.197036499000035],[26.156153755000048,39.18158640400003],[26.155323122000027,39.17002252000003],[26.15475731600003,39.16214549600005],[26.154477331000066,39.15824760600003],[26.143530739000028,39.15386549200008],[26.141858483000078,39.15319605800005],[26.139404306000074,39.14821176700008],[26.135125106000032,39.13952095900004],[26.133006754000064,39.13944632700003],[26.124615435000067,39.139150692000044],[26.116092852000065,39.12202958900008],[26.114659139000025,39.11430781800004],[26.11316235700008,39.106246370000065],[26.109555688000057,39.106024982000065],[26.10624449100004,39.10895906800005],[26.10282579400007,39.11198841000004],[26.098106967000035,39.11152929100007],[26.08858682700003,39.104098219000036],[26.089141918000053,39.10140643900007],[26.08959358000004,39.099216210000066],[26.07864134400006,39.087610303000076],[26.064717693000034,39.088337988000035],[26.05330838200007,39.091716114000064],[26.021832626000048,39.10103561200003],[25.99234746600007,39.108545486000025],[25.972396109000044,39.10568318000003],[25.967050095000047,39.10491621800003],[25.959598373000063,39.10661310000006],[25.95433237000003,39.10631644100005],[25.944038858000056,39.11951530500005],[25.943723082000076,39.12184843400007],[25.943144096000026,39.12612630000007],[25.931191440000077,39.134001056000045],[25.91354629700004,39.13954543800003],[25.912654063000048,39.13953079800007],[25.90077593600006,39.13933590000005],[25.892530993000037,39.14254574000006],[25.888037885000074,39.149297551000075],[25.874802287000023,39.15128623000004],[25.869194805000063,39.15789536500006],[25.86912791900005,39.158628297000064],[25.868806945000074,39.16214549600005],[25.868499995000036,39.16550903000007],[25.852112586000032,39.17269872800006],[25.84383090400007,39.176332176000074],[25.833451147000062,39.18593106600008],[25.833529501000044,39.18835191100004],[25.837681807000024,39.18887749700008],[25.843711048000046,39.18646916200004],[25.84886560800004,39.184410212000046],[25.853456665000067,39.191694004000055],[25.851269537000064,39.19825291800004],[25.854185486000063,39.20086365700007],[25.85109402300003,39.203521978000026],[25.850005121000038,39.20445831500007],[25.851081687000033,39.20587244600006],[25.853303888000028,39.208791433000044],[25.851049750000072,39.21195797200005],[25.850519931000065,39.21270224300008],[25.851043917000027,39.21306930600008],[25.854810154000063,39.21570763500006],[25.855706161000057,39.22046398900005],[25.853548948000025,39.22416254600006],[25.85249298100007,39.22597300800004],[25.850976132000028,39.22598517700004],[25.847523092000074,39.22601288000004],[25.84653125600005,39.23315264400003],[25.84899338100007,39.23623798300008],[25.852127302000042,39.235460027000045],[25.855531996000025,39.23461485400003],[25.86216007400003,39.243007430000034],[25.860635066000043,39.24705626200006],[25.857325768000067,39.255842305000044],[25.865161968000052,39.25891169400006],[25.88250079900007,39.279220355000064],[25.887210673000027,39.278943053000035],[25.892921238000042,39.278606833000026],[25.902216026000076,39.28448455700004],[25.90283819800004,39.28680729000007],[25.904573294000045,39.29328485800005],[25.90872154400006,39.29092830900004],[25.921091111000067,39.295334672000024],[25.92035877400008,39.28991013900003],[25.919669357000032,39.28480352100007],[25.922139196000046,39.28173583300003],[25.939887251000073,39.281310946000076],[25.95182254100007,39.275505536000026],[25.956390291000048,39.278134538000074],[25.969072521000044,39.28543388700007],[25.97793259200006,39.27933293900003],[25.982872932000078,39.27946815100006],[25.999117983000076,39.27991276300003],[26.000954270000022,39.28214942500006],[26.00636660400005,39.28874183900007],[26.019071766000025,39.291470770000046],[26.02307399800003,39.28782474800005],[26.024098554000034,39.28689138100003],[26.034620732000064,39.28770110900007],[26.039721952000036,39.292096162000064],[26.040743705000068,39.29297647300007],[26.040173992000064,39.29790959400003],[26.045277959000032,39.29644462600004],[26.04645913400003,39.29382474100004],[26.04710846100005,39.29238451200007],[26.070437926000068,39.29564869300003],[26.079483080000045,39.30229779100006],[26.080699027000037,39.30319163400003],[26.08465666400008,39.30362519200003],[26.094152821000023,39.30466549400006],[26.095650684000077,39.306445960000076],[26.099236251000036,39.31070802000005],[26.099372671000026,39.31415063400004],[26.102296428000045,39.31519678900003],[26.10967886900005,39.310045212000034],[26.115681447000043,39.305856525000024],[26.12831327600003,39.309180440000034],[26.133074228000055,39.314879261000044],[26.14268607400004,39.31851396700006],[26.149650531000077,39.321147567000025],[26.157611287000066,39.32234337300008],[26.167106887000045,39.32376973100003],[26.177437010000062,39.33059680700006],[26.180552687000045,39.337295425000036],[26.176677428000062,39.340392491000046],[26.170509250000066,39.34532203200007],[26.174024564000035,39.358534451000025],[26.174803960000077,39.36146383500005],[26.173021591000065,39.36745575600003],[26.17269135400005,39.36765178700006],[26.16837743800005,39.37021256000003],[26.16983679200007,39.372733647000075],[26.184790302000067,39.37854283200005],[26.188661229000047,39.37739302700004],[26.19683027600007,39.374966527000026],[26.21801785300005,39.381161371000076],[26.225150006000035,39.383246677000045],[26.237371067000026,39.382558532000076],[26.250525267000057,39.380264486000044],[26.26494366600008,39.37774996700006],[26.288069799000027,39.37667424000006],[26.289610022000033,39.376602595000065],[26.292752627000027,39.37622643800006],[26.31552318100006,39.373500894000074],[26.329447839000068,39.378879866000034],[26.333815508000043,39.38258487500008],[26.339779192000037,39.38764375400007],[26.351105034000057,39.38062590000004],[26.353526679000026,39.37912537200003]]],[[[24.172628489000033,39.37782248800005],[24.15775083400007,39.362643207000076],[24.143683726000063,39.36924041200007],[24.139993236000066,39.37097118200006],[24.15392920000005,39.38221278300006],[24.15637928700005,39.39253363100005],[24.159202288000074,39.40442536000006],[24.16696557800003,39.411182746000065],[24.17259652200005,39.422736117000056],[24.17693838400004,39.42442592500004],[24.17898410300006,39.40826510800008],[24.184339687000033,39.39973211000006],[24.182007172000056,39.39253363100005],[24.179517994000037,39.384851670000046],[24.172628489000033,39.37782248800005]]],[[[24.17715312300004,39.502313626000046],[24.18354409500006,39.50450390700007],[24.184657187000028,39.49801677500005],[24.181504499000027,39.49314194500005],[24.173349700000074,39.496268153000074],[24.17715312300004,39.502313626000046]]],[[[20.151143328000046,39.510131976000025],[20.15580315400007,39.511603568000055],[20.159377763000066,39.508963288000075],[20.155523738000056,39.506743250000056],[20.151143328000046,39.510131976000025]]],[[[20.188003251000055,39.51847068200004],[20.187609535000036,39.51825925000003],[20.18357449800004,39.52021690200007],[20.184882109000057,39.52090829300005],[20.18874472500005,39.52295062700006],[20.192312489000074,39.520784820000074],[20.188003251000055,39.51847068200004]]],[[[20.18450931700005,39.52119944400005],[20.173818596000046,39.51390211300003],[20.163553456000045,39.51879762400006],[20.162093404000075,39.519493932000046],[20.171766811000055,39.52235611900005],[20.176852328000052,39.523860832000025],[20.184213510000063,39.52143046900005],[20.184641001000045,39.52128932900007],[20.18450931700005,39.52119944400005]]],[[[24.988930193000044,39.46595905800007],[24.986777807000067,39.46300192900003],[24.98095528300007,39.46824424600004],[24.97172342500005,39.49602234100007],[24.971541648000027,39.503590194000026],[24.971396156000026,39.50964739500006],[24.974467356000048,39.52067598700006],[24.979235639000024,39.53466648800003],[24.98651516600006,39.53890707800008],[24.991932278000036,39.55006930700006],[24.994535162000034,39.555432678000045],[24.999964343000045,39.559655072000055],[25.00228081000006,39.561456640000074],[25.002561284000024,39.56167477100007],[25.030098889000044,39.54924406600003],[25.053246630000046,39.533289582000066],[25.053894757000023,39.532011700000055],[25.054022837000048,39.53175917000004],[25.055640504000053,39.52856968900005],[25.051019147000034,39.52067598700006],[25.050296126000035,39.52017409600006],[25.03345482700007,39.50848355900007],[25.02732750100006,39.49952682700007],[25.024645263000025,39.49560601600007],[25.02154649600004,39.49447294500004],[25.005382429000065,39.48856252000007],[24.988930193000044,39.46595905800007]]],[[[20.14711729800007,39.56441977800006],[20.148091454000053,39.56372188800003],[20.150550001000056,39.56196057200003],[20.148066967000034,39.55789586800006],[20.144641860000036,39.56006060500005],[20.146543723000036,39.563409730000046],[20.14711729800007,39.56441977800006]]],[[[19.916862708000053,39.64039246100003],[19.924108485000033,39.64538814000008],[19.93020281500003,39.64170968800005],[19.926644372000055,39.63721256300005],[19.916862708000053,39.64039246100003]]],[[[19.87550987000003,39.64913007100006],[19.88034961900007,39.65152109500008],[19.88355612500004,39.648142653000036],[19.88010646300006,39.64653636400004],[19.87550987000003,39.64913007100006]]],[[[19.583934037000063,39.764369798000075],[19.591430853000077,39.77113617600003],[19.59574781300006,39.77017476200007],[19.59162049500003,39.76222295900004],[19.58587857200007,39.76343115900005],[19.583458311000072,39.763940424000054],[19.583934037000063,39.764369798000075]]],[[[19.533668327000044,39.75911487700006],[19.52387111200005,39.75768229300007],[19.520094889000063,39.76262841600004],[19.508607978000043,39.77767404700006],[19.506085969000026,39.78097739100008],[19.509286970000062,39.78570321900003],[19.518148739000026,39.78148481300008],[19.520023516000037,39.77909028700003],[19.523327161000054,39.77487076300008],[19.533668327000044,39.76166268800006],[19.535458204000065,39.75937659900006],[19.533668327000044,39.75911487700006]]],[[[25.230610845000058,39.79626662000004],[25.235872441000026,39.79889616600008],[25.238567010000054,39.79693254100005],[25.235275643000023,39.79377486200008],[25.230610845000058,39.79626662000004]]],[[[25.136145940000063,39.806932096000025],[25.138935709000066,39.81116205600006],[25.140590064000037,39.809038464000025],[25.139938178000023,39.80388626200005],[25.137727319000078,39.80410552300003],[25.136145940000063,39.806932096000025]]],[[[19.882024218000026,39.80061658400007],[19.895469399000035,39.79556929300003],[19.903469612000038,39.792566031000035],[19.914247944000067,39.78870711600007],[19.91863561400004,39.791460337000046],[19.921894137000038,39.79350502900007],[19.926799337000034,39.788775385000065],[19.932182932000046,39.78358446800007],[19.940543664000074,39.78025899800008],[19.94076669100008,39.78112263100007],[19.942487580000034,39.78778646200004],[19.95563876500006,39.776722566000046],[19.946216956000058,39.75571692700004],[19.940219925000065,39.75368007900005],[19.93839839900005,39.743653712000025],[19.93441473300004,39.74344557100005],[19.93419566500006,39.73969355200006],[19.92042211300003,39.73077284200008],[19.903254236000066,39.72438964300005],[19.895469399000035,39.72387582600004],[19.892424982000023,39.72367488800006],[19.88732652300007,39.72333837800005],[19.87204541400007,39.719082548000074],[19.860136612000076,39.71016855600004],[19.843985776000068,39.70641559300003],[19.83942888300004,39.699912905000076],[19.845695032000037,39.68843971100006],[19.842391665000036,39.67793880600004],[19.85073027800007,39.67074643900003],[19.854459531000032,39.66752981800005],[19.858595121000064,39.66737773400007],[19.853803174000063,39.661369499000045],[19.85228461400004,39.66109882000006],[19.844796703000043,39.65976412300006],[19.85081027600006,39.64923105500003],[19.858305701000063,39.65257722900003],[19.86754761700007,39.64003415500008],[19.895469399000035,39.63076573300003],[19.903240476000065,39.62818618400007],[19.905779411000026,39.627837198000066],[19.930113919000064,39.624492332000045],[19.922480601000075,39.61584627800005],[19.92733283000007,39.60136664500004],[19.922284280000042,39.59337921600007],[19.917918772000064,39.59288257900005],[19.914861118000033,39.59253472900008],[19.91324444600008,39.596204199000056],[19.910479938000037,39.602478992000044],[19.910034057000075,39.60349103800007],[19.909782157000052,39.60366473400006],[19.90438308800003,39.60738764100006],[19.901144717000022,39.59877255400005],[19.90205469700004,39.59549986400003],[19.908099159000074,39.59325447500004],[19.910609110000053,39.59232208200007],[19.91486204200004,39.583377969000026],[19.91308855500006,39.57815562900004],[19.90977466800007,39.56839731300005],[19.91221431100007,39.55606149700003],[19.914623818000052,39.54450183900008],[19.923818806000043,39.52619794800006],[19.923833153000032,39.50755010800003],[19.923588064000057,39.50495399300007],[19.92508738400005,39.500701108000044],[19.929827499000055,39.48514610400008],[19.93455377500004,39.47992389800004],[19.93831322400007,39.47270309800007],[19.947695547000023,39.46920486100004],[19.969195842000033,39.46069316000006],[19.97930906600004,39.460279710000066],[19.979484806000073,39.46027252500005],[19.986288236000064,39.46077207400003],[19.998847870000077,39.45753624500003],[20.002696849000074,39.45008776100008],[20.004179626000052,39.447618471000055],[20.009798447000037,39.43826136600006],[20.017856764000044,39.43385221900007],[20.027328298000043,39.43491589000007],[20.054243163000024,39.445204680000074],[20.062053380000066,39.448190305000026],[20.06445942000005,39.45061702600003],[20.071750404000056,39.45797067700005],[20.075033071000064,39.45061702600003],[20.07786634000007,39.44427009000003],[20.094158597000046,39.42364328900004],[20.098582204000024,39.409773752000035],[20.101384308000036,39.40098818900003],[20.107230320000042,39.39467623200005],[20.10921475500004,39.39253363100005],[20.110622842000055,39.391013315000066],[20.120144320000065,39.38073294600008],[20.112441939000064,39.36275824900008],[20.107230320000042,39.364246782000066],[20.09446606800003,39.36789248300005],[20.084665965000056,39.366227783000056],[20.069899167000074,39.37376843900006],[20.06262916700007,39.37748086000005],[20.03261993600006,39.39112291200007],[20.024317067000027,39.39373306600004],[20.01971121500003,39.39427717400008],[20.009756510000045,39.39545316300007],[19.999823367000033,39.399304087000075],[19.99419699300006,39.40470327000003],[19.986026690000074,39.41254365900005],[19.960987320000072,39.423297913000056],[19.943301505000022,39.426240567000036],[19.932750830000032,39.43150157300005],[19.929011178000053,39.43134071000003],[19.911715549000064,39.430596732000026],[19.907137078000062,39.43552981500005],[19.895469399000035,39.442723870000066],[19.889713029000063,39.446273132000044],[19.881621015000064,39.45061702600003],[19.869371794000074,39.457192561000056],[19.86457935800007,39.473110295000026],[19.851999157000023,39.492610521000074],[19.851819212000066,39.501250612000035],[19.851012964000063,39.50755010800003],[19.848508537000043,39.50952661900004],[19.849295426000026,39.51902774200005],[19.84271435000005,39.53088286500008],[19.846265521000078,39.53703962600008],[19.847938347000024,39.53993985000005],[19.847944814000073,39.54450183900008],[19.84795200800005,39.549576657000046],[19.834324964000075,39.56310294200006],[19.831112145000077,39.57286361200005],[19.82513056600004,39.57815562900004],[19.82156753000004,39.581307914000035],[19.805207448000033,39.593121902000064],[19.788887110000076,39.59805566400007],[19.78566094200005,39.59904420700008],[19.774431676000063,39.602485013000035],[19.77546484000004,39.605926011000065],[19.777067130000034,39.611262511000064],[19.75480699800005,39.61986890900005],[19.742509694000034,39.62462339500007],[19.739104319000035,39.636987383000076],[19.73080105200006,39.650723001000074],[19.721752115000072,39.654421110000044],[19.725673071000074,39.65904557700003],[19.72574485100006,39.66109058700005],[19.725975095000024,39.66765029100003],[19.726152298000045,39.66966231500004],[19.728121189000035,39.67447912400007],[19.722519543000033,39.67333505900007],[19.719057492000047,39.674050959000056],[19.709574496000073,39.675003669000034],[19.708863761000032,39.67369867200006],[19.706873075000033,39.670043529000054],[19.701136030000043,39.669336057000066],[19.69612348900006,39.67460949500003],[19.686958022000056,39.675058773000046],[19.67504603900005,39.681101623000075],[19.677113493000036,39.69949978600005],[19.678623198000025,39.70216357000004],[19.682407112000078,39.70884005800008],[19.682259766000072,39.713870722000024],[19.678986284000075,39.717181061000076],[19.67413416100004,39.72009147500006],[19.66853141200005,39.72203752200005],[19.662900209000043,39.71892612700003],[19.655679576000068,39.71493652700008],[19.65637907000007,39.72371449600007],[19.656537781000054,39.72570615700005],[19.64942546900005,39.74145460500006],[19.646810421000055,39.74452950700004],[19.64123236000006,39.749008968000055],[19.639447545000053,39.75044226400007],[19.63202805700007,39.75119189600008],[19.633373101000075,39.75403032300005],[19.641715689000023,39.756386547000034],[19.652768148000064,39.775811660000045],[19.65986412600006,39.78303332400003],[19.674798318000057,39.796852390000026],[19.69602981500003,39.79834081800004],[19.703136629000028,39.79438614800006],[19.705196853000075,39.79368872900005],[19.716106594000053,39.78999560400007],[19.719057492000047,39.790487315000064],[19.730270734000044,39.79368316700004],[19.748342957000034,39.79883387700005],[19.761107507000077,39.79492409200003],[19.776674771000046,39.798965871000064],[19.78574605500006,39.793670863000045],[19.789703130000078,39.791361074000065],[19.80125367900007,39.79214192200004],[19.80395863600006,39.793006578000075],[19.807683961000066,39.79466858200004],[19.813026473000036,39.79705157600006],[19.821355639000046,39.80169491400005],[19.82630609000006,39.805172319000064],[19.831869356000027,39.809467899000026],[19.833398215000045,39.81076071000007],[19.835500098000068,39.81242678800004],[19.847436771000048,39.821888510000065],[19.86939933000008,39.81616931800005],[19.876305268000067,39.813544507000074],[19.880530778000036,39.80399256700008],[19.882024218000026,39.80061658400007]]],[[[25.046004323000034,39.858837890000075],[25.051718857000026,39.85912482800006],[25.05178707600004,39.85445721600007],[25.04923911800006,39.85402594400006],[25.046004323000034,39.858837890000075]]],[[[19.37334511800003,39.85189359200007],[19.374931220000065,39.861304794000034],[19.381784363000065,39.86817003400006],[19.399862013000075,39.86025332000003],[19.422825016000047,39.86691841000004],[19.431364536000046,39.86373816200006],[19.419950721000077,39.85522754200008],[19.411320988000057,39.84053954800004],[19.402892359000077,39.84114008900008],[19.39671598900003,39.83645555900006],[19.389043250000043,39.83609710700006],[19.383620798000038,39.84127237200005],[19.377471823000064,39.841541093000046],[19.37334511800003,39.85189359200007]]],[[[25.218021350000072,39.86336006000005],[25.21314095100007,39.863260385000046],[25.218027105000033,39.86959630900003],[25.221050931000036,39.870201844000064],[25.218021350000072,39.86336006000005]]],[[[19.579540735000023,39.89898090200006],[19.594303742000022,39.89188124100008],[19.596155671000076,39.88496024500006],[19.590943003000064,39.87679188300007],[19.581705913000064,39.87895263200005],[19.576424271000064,39.87683068700005],[19.570719001000043,39.88984568600006],[19.573048850000077,39.897637872000075],[19.579540735000023,39.89898090200006]]],[[[25.04170673300007,39.98984629700004],[25.046484329000066,39.98770343500007],[25.047797050000042,39.98711465000008],[25.04287189100006,39.983378618000074],[25.039296098000023,39.98440344200003],[25.033981780000033,39.98592652900004],[25.04170673300007,39.98984629700004]]],[[[23.817793665000067,40.012813460000075],[23.825225029000023,40.01364990500008],[23.82971774300006,40.00816988300005],[23.823874798000077,40.00616237200006],[23.817793665000067,40.012813460000075]]],[[[23.80388142700008,40.02224923800003],[23.809082577000027,40.02362347700006],[23.810025280000048,40.01889613600008],[23.806506425000066,40.01846215200004],[23.80388142700008,40.02224923800003]]],[[[25.14493669600006,40.02185991300007],[25.137657527000044,40.01745370400005],[25.125081882000075,40.02183334400007],[25.133736314000032,40.02606773800005],[25.144549905000076,40.02221440200003],[25.145161993000045,40.02199628900007],[25.14493669600006,40.02185991300007]]],[[[25.432603117000042,40.01750796400006],[25.434911947000046,40.01392457000003],[25.438043803000028,40.009063808000064],[25.443215399000053,39.98180132700003],[25.437133275000065,39.975886434000074],[25.42968226200003,39.974139483000044],[25.423085187000027,39.97178179100007],[25.41569110300003,39.96913926000008],[25.405297590000032,39.95646349100008],[25.40487199000006,39.95518982700003],[25.40422092700004,39.95324143400006],[25.398054924000064,39.948979577000046],[25.385067050000032,39.940002535000076],[25.382009165000056,39.928557381000076],[25.38320841500007,39.92054577300007],[25.383779207000032,39.91673259100003],[25.38641691500004,39.91246991400004],[25.384427994000077,39.909645900000044],[25.375307579000037,39.91287936500004],[25.371808755000075,39.91411980400005],[25.357748815000036,39.90860927700004],[25.354494079000062,39.90124219300003],[25.35591794100003,39.89378102000006],[25.36076268100004,39.891179985000065],[25.366746504000048,39.88796740200007],[25.36046099400005,39.88461612100008],[25.355266639000035,39.88411105000006],[25.347100813000054,39.88331705000007],[25.341287125000065,39.878425624000045],[25.340291944000057,39.873393315000044],[25.343669113000033,39.86497654500005],[25.346186664000072,39.86422582300003],[25.350295680000045,39.86300053400004],[25.354729709000026,39.85623748200004],[25.346496289000072,39.853456134000055],[25.343593484000053,39.85247553200003],[25.342184822000036,39.84303100500006],[25.347619164000037,39.83315225300004],[25.352769977000037,39.82967397900006],[25.36290040500006,39.822833039000045],[25.37110858400007,39.812871262000044],[25.370401363000042,39.808136121000075],[25.36074882500003,39.80521170000003],[25.35679045300003,39.80401243600005],[25.349732190000054,39.79657808300004],[25.350402510000038,39.79244209800004],[25.35063443000007,39.79101111500006],[25.356429087000038,39.78526183500003],[25.352851918000056,39.78227094500005],[25.30535149800005,39.79324166500004],[25.28959800100006,39.807292878000055],[25.292872401000068,39.81588447000007],[25.293636939000066,39.81789051700008],[25.29279458800005,39.82322946000005],[25.285101049000048,39.828572800000074],[25.28036761100003,39.82946019000008],[25.270572155000025,39.83129657000006],[25.264028547000066,39.83336042500008],[25.260870648000036,39.84157957900004],[25.258218985000042,39.84369058800007],[25.24971875400007,39.85045768500004],[25.246818241000028,39.851015517000064],[25.238029346000076,39.85270581300006],[25.243781612000078,39.85979750200005],[25.25314575300007,39.86033501700007],[25.25717944300004,39.86056655600004],[25.266147596000053,39.866104593000045],[25.26377915300003,39.875550399000076],[25.26355088100007,39.876460793000035],[25.26632500100004,39.88131614900004],[25.26492667900004,39.88612968100006],[25.271491558000037,39.88658611400007],[25.275116935000028,39.88683817400005],[25.277630591000047,39.895317857000066],[25.267388417000063,39.90099347800003],[25.266373970000075,39.905801532000055],[25.261642462000054,39.910087314000066],[25.250667392000025,39.912901318000024],[25.243612295000048,39.91197789000006],[25.23316154200006,39.91017853500006],[25.209891586000026,39.89347002900007],[25.202476750000073,39.88978749900008],[25.199428845000057,39.88827377700005],[25.202680739000073,39.88600657000006],[25.207709274000024,39.88535515900003],[25.212705089000053,39.88470798600008],[25.216135761000032,39.88255927500006],[25.211988736000023,39.87995244700005],[25.202062418000025,39.876349719000075],[25.20177817900003,39.87624655500008],[25.201755212000023,39.87585979500005],[25.201529511000047,39.872059086000036],[25.198562564000042,39.870768256000076],[25.197245759000054,39.87019535300004],[25.195888653000054,39.86650398000006],[25.19532710200008,39.86497654500005],[25.194110969000064,39.863668982000036],[25.18055997500005,39.84909922300005],[25.180332200000066,39.84573555600008],[25.187541580000072,39.84230726000004],[25.19225050600005,39.84747146600006],[25.193413666000026,39.84874708500007],[25.197326072000067,39.848954570000046],[25.196433268000078,39.84332722400006],[25.19623051800005,39.842049289000045],[25.198508481000033,39.84127112300007],[25.202476750000073,39.83991553800007],[25.20778646800005,39.83810170600003],[25.205622783000024,39.83456389100007],[25.205675245000066,39.83417035900004],[25.20741703300007,39.82110478800007],[25.209472754000046,39.81923020600004],[25.224021871000048,39.80596308100007],[25.22739897500003,39.79843690700005],[25.202476750000073,39.79915598400004],[25.181520083000066,39.79976064400006],[25.16164860600003,39.79981117400007],[25.152467384000033,39.80702622500007],[25.143944383000076,39.80941593000006],[25.147468954000033,39.824825075000035],[25.152467384000033,39.82803909900008],[25.153442966000057,39.828666405000035],[25.154829002000042,39.82955763500007],[25.162305711000045,39.844805002000044],[25.171108283000024,39.847559267000065],[25.17108676400005,39.853298481000024],[25.15652149600004,39.85273217300005],[25.152467384000033,39.84800231100007],[25.148226113000078,39.843054094000024],[25.146338442000058,39.840851781000026],[25.131767927000055,39.83472586100004],[25.12877404900007,39.83728730200005],[25.130733715000076,39.84194968400004],[25.13135688400007,39.843432309000036],[25.12134283100005,39.851230688000044],[25.107939170000066,39.84929009100006],[25.106901666000056,39.847489401000075],[25.104520094000065,39.843355949000056],[25.086103623000042,39.83819577000003],[25.083518044000073,39.83424684200003],[25.076522757000077,39.84125753100005],[25.07033947800005,39.84056297600006],[25.06595384600007,39.84007034700005],[25.065168695000068,39.839583411000035],[25.05522176100004,39.833414506000054],[25.051031624000075,39.83674446900005],[25.048338706000038,39.83724072000007],[25.04904633900003,39.84012785300007],[25.056950134000033,39.84448752600008],[25.057068581000067,39.84455286000008],[25.064847538000038,39.85362504900007],[25.061253340000064,39.858115904000044],[25.05680412600003,39.85969303200005],[25.052617205000047,39.86117718300005],[25.05228122400007,39.865325486000074],[25.05670327300004,39.87019592400003],[25.058558763000065,39.87223955800005],[25.056923400000073,39.87473557100003],[25.055172345000074,39.87740816300004],[25.058446068000023,39.88028507200005],[25.061166145000072,39.88267544300004],[25.05977858700004,39.88514155800004],[25.05652763200004,39.89091950100004],[25.06279370200008,39.89613041300004],[25.068004788000053,39.90046399300007],[25.066202270000076,39.90544488300003],[25.072091777000026,39.915512301000035],[25.071866130000046,39.91991034800003],[25.063407781000024,39.92923779200004],[25.057200831000046,39.93064530700008],[25.049617854000076,39.93236485600005],[25.050383717000045,39.94081122400007],[25.05077215600005,39.94509515100003],[25.048100738000073,39.94978701200006],[25.044013435000068,39.95696561800003],[25.045389038000053,39.96044836500005],[25.048499520000064,39.968323474000044],[25.046875210000053,39.983039278000035],[25.06399863000007,39.99080188500005],[25.073429040000065,39.99184683500005],[25.103085786000065,39.991539612000054],[25.104229158000066,39.99428694300008],[25.131231429000024,40.00311848900003],[25.131269648000057,40.003130989000056],[25.14154355200003,40.00648578100004],[25.151254300000062,40.000847461000035],[25.150555031000067,39.99694561800004],[25.150130441000044,39.99457645700005],[25.152467384000033,39.99035351500004],[25.16358593500007,39.992440361000035],[25.165324756000075,39.992766721000066],[25.167631364000044,39.99170374700003],[25.171065588000033,39.99012112400004],[25.176601172000062,39.99305551800006],[25.18422916000003,39.99709908800003],[25.202476750000073,39.99943698300007],[25.213243445000046,39.99857759400004],[25.215794876000075,39.99837394100007],[25.21796147300006,39.99928861200004],[25.232114632000048,40.005263642000045],[25.23648320600006,39.99862932000008],[25.237131369000053,39.99764498900004],[25.247542555000052,39.99043395800004],[25.25423874100005,39.988704461000054],[25.265360714000053,39.98583186800005],[25.271798611000065,39.989442980000035],[25.271314740000037,39.984975613000074],[25.26528276500005,39.97772606400008],[25.26258423400003,39.97448282600004],[25.265805890000024,39.96909216600005],[25.26452187700005,39.964454197000066],[25.270061652000038,39.96003756600004],[25.281366331000072,39.955730051000046],[25.28571748300004,39.95407209600006],[25.28369876800008,39.95254019200007],[25.277381972000057,39.94774668400004],[25.28309304800007,39.94050152600005],[25.29331777400006,39.940895590000025],[25.307374867000078,39.950211040000056],[25.306681836000052,39.95208919400005],[25.30549624100007,39.95530222800005],[25.31385191000004,39.95944762700003],[25.317998592000038,39.966741452000065],[25.329880536000076,39.96604787700005],[25.330011889000048,39.96326359400007],[25.322338243000047,39.96009922300004],[25.323032088000048,39.95953393800005],[25.32565650300006,39.95739579000008],[25.332995285000038,39.96239401500003],[25.34546515100004,39.965100292000045],[25.347682452000072,39.971434403000046],[25.34495400900005,39.973452543000064],[25.339300037000044,39.97763460200008],[25.351724494000052,39.98573502200003],[25.353580089000047,39.99136832700003],[25.360105309000062,39.994692464000025],[25.36571351200007,39.99754944600005],[25.371553813000048,40.00313913700006],[25.37126627600003,40.010338518000026],[25.371245945000055,40.010847557000034],[25.36773590000007,40.01669916800006],[25.375451836000025,40.02011087600005],[25.385686986000053,40.01230514900004],[25.39297435700007,40.00674751400004],[25.401493677000076,40.005793323000034],[25.410415406000027,40.011979489000055],[25.412230660000034,40.01427711300005],[25.419156032000046,40.02304277300004],[25.445941471000026,40.03524155700006],[25.443902784000045,40.024950095000065],[25.434296330000052,40.018623139000056],[25.432603117000042,40.01750796400006]]],[[[23.716659177000054,40.06109709000003],[23.725932168000043,40.06538018200007],[23.734598934000076,40.061294005000036],[23.727328933000024,40.05750846800004],[23.716659177000054,40.06109709000003]]],[[[23.663542972000073,39.98242752300007],[23.671312906000026,39.97529151500004],[23.67828548800003,39.97199197600003],[23.677567140000065,39.962177128000064],[23.684475236000026,39.95680230600004],[23.68485924600003,39.95489179600003],[23.687491418000036,39.94179632200007],[23.693440579000026,39.933992430000046],[23.708873812000036,39.92858874900003],[23.713472013000057,39.92916700500007],[23.744967313000075,39.93312775600003],[23.749427578000052,39.923339630000044],[23.748677238000028,39.91753296400003],[23.71661676100007,39.90830650700008],[23.700305436000065,39.91090271000007],[23.69704835300007,39.91226576500003],[23.693440579000026,39.91377558100004],[23.68528173900006,39.91718997100003],[23.66317281700003,39.91589092900006],[23.64380477900005,39.914752931000066],[23.59470591200005,39.92105281000005],[23.583410982000032,39.92849110800006],[23.579446220000023,39.93110211000004],[23.57316286100007,39.931838964000065],[23.572937525000043,39.93186538900005],[23.567788927000038,39.93246916900006],[23.55320878200007,39.93553903600008],[23.524469916000044,39.947480419000044],[23.509334439000042,39.95376941200004],[23.48961309300006,39.96267291800007],[23.46485326800007,39.96940433300006],[23.43826159100007,39.96924714700003],[23.429038821000063,39.96567539800003],[23.41431871800006,39.959974670000065],[23.38111483800003,39.96180521700006],[23.36120297700006,39.95840743700006],[23.37303159700008,39.97979400600008],[23.38019077000007,39.992738048000035],[23.380592381000042,40.00457266900003],[23.372604675000048,40.01678082400008],[23.363041773000077,40.02429491700008],[23.36212995300008,40.02501138400004],[23.361804431000053,40.02605129600005],[23.35830155000008,40.03724160400003],[23.344348900000057,40.05249089100005],[23.342581886000062,40.05442211600007],[23.337319156000035,40.06900604300006],[23.328789491000066,40.07291525200003],[23.311443018000034,40.08086526900007],[23.30823487600003,40.08701130600008],[23.30981075300008,40.09311298600005],[23.305384822000065,40.10056145400006],[23.31558308500007,40.116794293000055],[23.31932438700005,40.12274942000005],[23.321991815000047,40.131378332000054],[23.31855203500004,40.141300311000066],[23.31697922500007,40.14583704900008],[23.320666497000047,40.15875330600005],[23.325292456000057,40.17495771600005],[23.325767300000052,40.188631556000075],[23.324717919000022,40.195018969000046],[23.332004820000066,40.196376041000065],[23.340677320000054,40.188631556000075],[23.34268974200006,40.18639693000006],[23.34797437700007,40.180528785000035],[23.349229027000035,40.17407419800003],[23.35066577400005,40.166682810000054],[23.362737733000074,40.146583356000065],[23.375766189000046,40.14072406500003],[23.38999274400004,40.13951057700007],[23.396391918000063,40.13896474400008],[23.416291200000046,40.126703484000075],[23.421084842000027,40.12071918400005],[23.43966806800006,40.10123708500004],[23.444090644000028,40.08994888600006],[23.44828685600004,40.079238461000045],[23.464929204000043,40.05848613300003],[23.471201006000058,40.05249089100005],[23.48093602800003,40.04318514200003],[23.499156845000073,40.03122706100004],[23.56542058200006,40.00580412100004],[23.57316286100007,40.00320775600005],[23.58257186000003,40.00005245800003],[23.63560486500006,39.98437950600004],[23.639538867000056,39.98410464500006],[23.663542972000073,39.98242752300007]]],[[[23.77057509900004,40.22158383400006],[23.77565320700006,40.22297677500006],[23.785031918000072,40.22132674000005],[23.79159680300006,40.20240170000005],[23.782610575000035,40.20412893400004],[23.773190261000025,40.20593960300005],[23.771272447000058,40.21741220700005],[23.77057509900004,40.22158383400006]]],[[[23.78753851700003,40.224092358000064],[23.792029919000072,40.22541183900006],[23.794388140000024,40.22246870400005],[23.79083660400005,40.21980408700006],[23.78753851700003,40.224092358000064]]],[[[23.77635207000003,40.22883794000006],[23.78013721900004,40.229226408000045],[23.78345200800004,40.226279659000056],[23.78396728900003,40.22371134200006],[23.778189199000053,40.226157976000025],[23.77635207000003,40.22883794000006]]],[[[23.771094273000074,40.23127502400007],[23.77438472800003,40.23326316300006],[23.776454681000075,40.23244701500005],[23.774135106000074,40.22680801700005],[23.771765779000077,40.22830265600004],[23.771094273000074,40.23127502400007]]],[[[23.956434694000052,40.30973970000008],[23.961350631000073,40.31319565600006],[23.965304072000038,40.312520541000026],[23.961851457000023,40.30841266500005],[23.956434694000052,40.30973970000008]]],[[[23.93283645100007,40.31793034700007],[23.938251128000047,40.316201041000056],[23.943872397000064,40.31049954700006],[23.937965403000078,40.30859600500003],[23.92430683200007,40.311480035000045],[23.92261314800004,40.31270799600003],[23.91318485900007,40.31954372900003],[23.896621019000065,40.323520958000074],[23.896069411000042,40.32365340700005],[23.885387497000067,40.32861503200007],[23.882771951000052,40.329829923000034],[23.885387497000067,40.33115056200006],[23.894725400000027,40.33586544700006],[23.915701693000074,40.34084546300005],[23.923089479000055,40.33258935400005],[23.923773264000033,40.329575187000046],[23.925913389000073,40.32014139200004],[23.93283645100007,40.31793034700007]]],[[[25.835892353000077,40.47238316800008],[25.84088423000003,40.47401374800006],[25.844176591000064,40.47027661300007],[25.839916836000043,40.46938922500004],[25.835892353000077,40.47238316800008]]],[[[22.671856157000036,40.48971119700008],[22.67472529500003,40.490283841000064],[22.67731895000003,40.48639346700003],[22.673874847000036,40.48544438400006],[22.670294974000058,40.48751733000006],[22.671856157000036,40.48971119700008]]],[[[25.571537681000052,40.50942633600005],[25.58132570600003,40.50824146300005],[25.586700035000035,40.50614389400005],[25.595117764000065,40.50285850400007],[25.602946674000066,40.50297067400004],[25.616604213000073,40.503166355000076],[25.628831322000053,40.49791500200007],[25.63678858800006,40.494497480000064],[25.652125752000074,40.49336523900007],[25.65676813400006,40.493022523000036],[25.657929556000056,40.492231666000066],[25.69616714600005,40.46619423800007],[25.698160785000027,40.46483669300005],[25.69883724400006,40.45950814100007],[25.699285489000033,40.45597726500006],[25.693815017000077,40.43716572900007],[25.694320093000044,40.43421949400005],[25.696169050000037,40.42343406400005],[25.690666312000076,40.421269135000045],[25.682859188000066,40.41819759700007],[25.668758746000037,40.41265009500006],[25.639501757000062,40.40793336100006],[25.59994225500003,40.39421181300003],[25.579433409000046,40.39388355300008],[25.574434105000023,40.393803535000075],[25.574019814000053,40.393796904000055],[25.571537681000052,40.39513588500006],[25.570086230000072,40.395918866000045],[25.568337620000023,40.39686214900007],[25.568144050000058,40.39686377700008],[25.559373763000053,40.396937534000074],[25.550540071000057,40.405428477000044],[25.539948889000073,40.415608718000044],[25.50775382200004,40.42637984400005],[25.485097773000064,40.44484277600003],[25.481070068000065,40.44693799400005],[25.479905941000027,40.447543575000054],[25.459742881000068,40.45803243200004],[25.452313098000047,40.46921303000005],[25.45029105100008,40.47225587600008],[25.46847820000005,40.47260864700007],[25.477555385000073,40.483162492000076],[25.481070068000065,40.485537548000025],[25.494365514000037,40.49452198300003],[25.508930978000024,40.49908996400006],[25.527373501000056,40.50487385900004],[25.56394710400008,40.509838982000076],[25.56591828100005,40.51010658300004],[25.567215162000025,40.509949591000066],[25.571537681000052,40.50942633600005]]],[[[23.92528679000003,40.52937922500007],[23.930140214000062,40.53171187600003],[23.934067939000045,40.529503489000035],[23.93038529000006,40.52712044200007],[23.92528679000003,40.52937922500007]]],[[[22.749196776000076,40.54007464500006],[22.752391014000068,40.53807001200005],[22.754508530000066,40.53674110400004],[22.75191549300007,40.53482667000003],[22.74708068800004,40.536238153000056],[22.748091083000077,40.53807001200005],[22.749196776000076,40.54007464500006]]],[[[24.617996781000045,40.56145694500003],[24.623476140000037,40.56276827700003],[24.625683370000047,40.55833358800004],[24.621288917000072,40.55840782000007],[24.617996781000045,40.56145694500003]]],[[[23.801032904000067,40.61595964400004],[23.806615325000053,40.617745084000035],[23.80973295000007,40.614836817000025],[23.805936099000064,40.61319500800005],[23.801032904000067,40.61595964400004]]],[[[24.78300877500004,40.654975242000035],[24.77986881000004,40.65414623800007],[24.77599746800007,40.65612340700005],[24.782000491000076,40.66207932000003],[24.784245818000045,40.662383428000055],[24.78300877500004,40.654975242000035]]],[[[26.007652344000064,40.78847901700004],[26.012725291000038,40.78951753100006],[26.015156368000078,40.78584441900006],[26.01167225300003,40.78451032700008],[26.007652344000064,40.78847901700004]]],[[[24.657795624000073,40.79362161500006],[24.66678739500003,40.784784897000065],[24.691283756000075,40.77745979600007],[24.69887648400004,40.777025586000036],[24.710988446000044,40.78128193200007],[24.71715126500004,40.78344765000003],[24.727760114000034,40.77640635600005],[24.727285952000045,40.77155450400005],[24.727098089000037,40.76963220400006],[24.73112065600003,40.763488865000056],[24.73731875200008,40.75713779500006],[24.741091334000032,40.75586668600005],[24.747148339000034,40.75382587900003],[24.748901773000057,40.75097363400005],[24.750970395000024,40.747608684000056],[24.76006945300003,40.74716020200003],[24.770930452000073,40.746624876000055],[24.78224006800008,40.73650298300004],[24.781386636000036,40.731078043000025],[24.77548747000003,40.73384514700007],[24.769209068000066,40.73256390800003],[24.76304160500007,40.73130530900005],[24.757509081000023,40.71872686100005],[24.760945526000057,40.708557100000064],[24.77080612800006,40.706115209000075],[24.778882141000054,40.70411525500003],[24.776587947000053,40.700098973000024],[24.77680207700007,40.69956621700004],[24.779074859000048,40.69391151900004],[24.782108606000065,40.686363534000066],[24.776714045000062,40.68227018300007],[24.769206170000075,40.67615946400008],[24.763506936000056,40.67152081100005],[24.76825566900004,40.646982190000074],[24.77368995300003,40.63898652000006],[24.77370638900004,40.63896233600008],[24.77370482300006,40.63893496900005],[24.773262287000023,40.63120221500003],[24.77342354900003,40.63105220500006],[24.78063701700006,40.624342084000034],[24.773695063000048,40.60796461600006],[24.769351009000047,40.61029600900008],[24.760209786000075,40.61520197600004],[24.75152540700003,40.611649346000036],[24.74469067900003,40.60541800400006],[24.740595212000073,40.60168409500005],[24.730914141000028,40.60269289800004],[24.722403564000047,40.603579731000025],[24.71922034800008,40.60037977500008],[24.714371295000035,40.595505220000064],[24.699778312000035,40.59653398900008],[24.693891731000065,40.59694897800006],[24.69216840000007,40.59500985300008],[24.689338418000034,40.59182550100007],[24.67331940300005,40.584003315000075],[24.667689696000025,40.57618208900004],[24.656554116000052,40.57457448300005],[24.65142684800003,40.57383427700006],[24.649745369000073,40.57277084800006],[24.644602114000065,40.56951806700005],[24.64067543500005,40.577352408000024],[24.638337489000037,40.58201697900006],[24.627043074000028,40.584238620000065],[24.621860320000053,40.58525808100006],[24.620859669000026,40.58736208700003],[24.61727324800006,40.59490302900008],[24.613318349000053,40.59504199200006],[24.606209996000075,40.59529175700004],[24.606682524000064,40.60179976100005],[24.60703628500005,40.60667201500007],[24.590996696000047,40.61994503900007],[24.573479735000035,40.62602363000008],[24.538946379000038,40.62181299700006],[24.529117576000033,40.620614577000026],[24.52672424900004,40.627165095000066],[24.52361111500005,40.635685720000026],[24.513234441000066,40.638539577000074],[24.51271315100007,40.63868294500003],[24.514108500000077,40.64539827100003],[24.51118734000005,40.65908751300003],[24.51434136000006,40.67122252400003],[24.525091263000036,40.686763789000054],[24.525626247000048,40.697747880000065],[24.537488663000033,40.71838504200008],[24.556366143000048,40.73783445000004],[24.562518693000072,40.76172308500003],[24.579647125000065,40.759001244000046],[24.589863113000035,40.765624916000036],[24.598968462000073,40.77693147000008],[24.610916124000028,40.78002107800006],[24.630314247000058,40.793643667000026],[24.638524302000064,40.794203466000056],[24.640487835000044,40.794337349000045],[24.642537598000047,40.79583912600003],[24.649986178000063,40.801296396000055],[24.657795624000073,40.79362161500006]]],[[[24.702918132000036,40.82834865800004],[24.712825261000035,40.83067198400005],[24.718819331000077,40.82458233700004],[24.710907690000056,40.82346601000006],[24.702918132000036,40.82834865800004]]],[[[24.34477916800006,40.86997207700006],[24.349549178000075,40.870571434000055],[24.351607845000046,40.86662516700005],[24.347935749000044,40.865453530000025],[24.34477916800006,40.86997207700006]]],[[[26.173060875000033,41.748740817000055],[26.17819484200004,41.74398582100008],[26.183540846000028,41.73903443900008],[26.211851482000043,41.73235043500006],[26.220045895000055,41.73599077100005],[26.228987757000027,41.73996315800008],[26.23502417700007,41.73527035500007],[26.250850960000037,41.722966377000034],[26.25279078600005,41.72208812900004],[26.25672337900005,41.72075731600006],[26.27539894800003,41.71470307100003],[26.307222598000067,41.709385945000065],[26.31927385800003,41.71245952100003],[26.32957345600005,41.715086349000046],[26.357879011000023,41.71110455100006],[26.368976366000027,41.708214987000076],[26.37797815400006,41.69869950800006],[26.382393457000035,41.69403224400003],[26.38239356100007,41.69403218300005],[26.38371916500006,41.69263088300005],[26.385766598000032,41.69207055900006],[26.385766723000074,41.69207048700008],[26.402158103000033,41.687584327000025],[26.40216248300004,41.687583302000064],[26.418413669000074,41.683135338000056],[26.428606714000068,41.681290975000024],[26.431021952000037,41.68202088000004],[26.433890726000072,41.682887867000034],[26.433890940000026,41.68288791300006],[26.443398074000072,41.685761049000064],[26.459654791000048,41.67561484500004],[26.46650759700003,41.67133784600003],[26.466507679000074,41.67133781800004],[26.467593905000058,41.67065985500005],[26.468394889000024,41.67068477200007],[26.480067611000038,41.671047877000035],[26.487860607000073,41.67129029600005],[26.487885430000063,41.67125901700007],[26.49313720400005,41.66464105000006],[26.49313714300007,41.66464097100004],[26.495540842000025,41.66161190500003],[26.49127726200004,41.65795688400004],[26.488405014000023,41.65549460500006],[26.489164952000067,41.65486916000003],[26.489165009000033,41.65486897000005],[26.513511563000066,41.63482666200008],[26.513603683000042,41.634752356000035],[26.525132067000072,41.62526055600006],[26.526220489000025,41.62457446900004],[26.526220598000066,41.62457438100006],[26.528873874000055,41.62290184300008],[26.528873985000075,41.62290180700006],[26.53186420000003,41.62101683900005],[26.566938677000053,41.61085332700003],[26.56808123600007,41.610816216000046],[26.572522966000065,41.61067195000004],[26.59009674500004,41.61010115700003],[26.593810464000057,41.60714081000003],[26.59381058100007,41.60714079300004],[26.594836804000067,41.60632274900007],[26.594836817000044,41.60632266400006],[26.59801023800003,41.60379300900007],[26.599732146000065,41.597475201000066],[26.59514020000006,41.589564540000026],[26.594726540000067,41.588851918000046],[26.595299054000066,41.58714786400003],[26.597222680000073,41.58142243200007],[26.597222652000028,41.58142239500006],[26.598154943000054,41.57864748800006],[26.596150848000036,41.57418942600003],[26.590928166000026,41.56257169200006],[26.592423864000068,41.56052024600007],[26.59242385600004,41.560520147000034],[26.597507739000037,41.55354689500007],[26.601496788000077,41.54807536000004],[26.601409364000062,41.54439021200005],[26.59828924900006,41.54165768800004],[26.596644921000063,41.540217623000046],[26.59320542200004,41.527792324000075],[26.600404536000042,41.50947759300004],[26.60473802200005,41.498453092000034],[26.601912421000065,41.48653795100006],[26.600547048000067,41.48078037300007],[26.60324477000006,41.477013784000064],[26.61272275600004,41.46378051800008],[26.612860607000073,41.46059124800007],[26.613320732000034,41.449945953000054],[26.61217851200007,41.44077154200005],[26.612458039000046,41.437255968000045],[26.613177996000047,41.428201337000075],[26.61317800100005,41.428201116000025],[26.613253878000023,41.42724687600003],[26.613362852000023,41.425876274000075],[26.616025398000033,41.42501884500007],[26.618589709000048,41.42419304600003],[26.624081672000045,41.42242444500005],[26.62977658500006,41.41598055700007],[26.630222203000073,41.40902288800004],[26.63026074800007,41.408421039000075],[26.63075675400006,41.400676617000045],[26.632324527000037,41.39659513500004],[26.632324562000065,41.396594926000034],[26.63377081400006,41.392829694000056],[26.63476869300007,41.390231776000064],[26.634595323000042,41.37413360600004],[26.63128110300005,41.367139147000046],[26.629591832000074,41.35724458800007],[26.62859012800004,41.35137731700007],[26.62750259300003,41.345007303000045],[26.596284824000065,41.32256093900003],[26.573546785000076,41.32405399400005],[26.56653541700007,41.32990762600008],[26.561492368000074,41.33411795300003],[26.55090168600003,41.33775935300008],[26.53186726900003,41.34231743600003],[26.51733829500006,41.332420497000044],[26.502753916000074,41.32880939000006],[26.498776819000057,41.32030558900004],[26.49645091700006,41.31533236200005],[26.489396890000023,41.309003887000074],[26.476252720000048,41.305836068000076],[26.469991864000065,41.304327166000064],[26.465754799000024,41.30017046900008],[26.465735556000027,41.29871282800008],[26.465645900000027,41.29192101500007],[26.46557513600004,41.28656043500007],[26.459136106000074,41.285426166000036],[26.445518802000038,41.28302740700008],[26.434231941000064,41.27637990300008],[26.41399904600007,41.26059839900006],[26.40802586600006,41.25593936400003],[26.377957096000046,41.24938596000004],[26.361355509000077,41.25326333600003],[26.338756942000032,41.25854133300004],[26.325823437000054,41.25386568700003],[26.318439644000023,41.246122703000026],[26.31750973900006,41.23933023300003],[26.318435889000057,41.238414834000025],[26.31843588600003,41.23841480600004],[26.322821959000066,41.23407950400008],[26.330572326000038,41.22641884900003],[26.326328699000044,41.218285078000065],[26.32047262800006,41.20706073400004],[26.321165763000067,41.20252696800003],[26.321196393000037,41.20232662600006],[26.323060483000063,41.190133692000074],[26.314559277000058,41.18236290700003],[26.31000190000003,41.178197098000055],[26.30833704500003,41.16949001000006],[26.31081525700006,41.162964172000045],[26.31847214800007,41.15874759400003],[26.31847409100004,41.158746474000054],[26.321257928000023,41.15721342300003],[26.329387458000042,41.152736513000036],[26.32955253700004,41.15236113900005],[26.332031012000073,41.14672517900004],[26.324722760000043,41.13644634800005],[26.323697082000024,41.12619582600007],[26.312570847000075,41.121143877000065],[26.30611252700004,41.11821142900004],[26.305876755000043,41.112519134000024],[26.305842639000048,41.111695421000036],[26.30868667900006,41.10951553600006],[26.309254748000058,41.109523671000034],[26.31501957300003,41.109606222000025],[26.32049752100005,41.10968466500003],[26.328581304000068,41.10980042400007],[26.331143720000057,41.10983711700004],[26.331972377000056,41.10864219700005],[26.331972404000055,41.10864218800003],[26.333176825000066,41.10690542400005],[26.333176818000027,41.10690539800004],[26.334264993000033,41.105336256000044],[26.332314162000046,41.09806248800004],[26.32180921300005,41.08943908500004],[26.31347725200004,41.082599465000044],[26.315011595000044,41.07114814300007],[26.32161418800007,41.06333625100007],[26.325785479000047,41.05840096600008],[26.329692323000074,41.052024019000044],[26.329557415000068,41.04745993200004],[26.329429395000034,41.04312889000005],[26.335249931000078,41.040960734000066],[26.339737248000063,41.039289204000056],[26.344209410000076,41.03454528800006],[26.347220179000033,41.03135156700006],[26.350614578000034,41.02995885900003],[26.363751561000072,41.024568808000026],[26.36715767800007,41.019540351000046],[26.36387571700004,41.01029745900007],[26.351329986000053,40.99535307300005],[26.351121187000047,40.995293728000036],[26.345353835000026,40.99365449900006],[26.336374612000043,40.99110237600007],[26.32779000200003,40.98731710000004],[26.32689556200006,40.97916580900005],[26.328246431000025,40.97808509300006],[26.32824646200004,40.97808500600007],[26.33560231000007,40.972199878000026],[26.335603178000042,40.972199276000026],[26.33778471200003,40.97045382300007],[26.349539358000072,40.96104969500004],[26.349539677000053,40.961049133000074],[26.354921545000025,40.956743309000046],[26.358585086000062,40.95080214200004],[26.357606566000072,40.946154197000055],[26.34944929100004,40.94346413100004],[26.339410264000037,40.943487581000056],[26.327485686000045,40.94351543500005],[26.316401846000076,40.93600261900008],[26.306792760000064,40.92948941600008],[26.305646539000065,40.92954568600004],[26.29774581600003,40.929933550000044],[26.290457160000074,40.93029136500007],[26.287992001000077,40.93041238500007],[26.287904169000058,40.930416697000055],[26.286582862000046,40.92253418400003],[26.292469794000056,40.91456543000004],[26.300451464000048,40.90376116600004],[26.298131282000043,40.89885886700006],[26.298100636000072,40.898794113000065],[26.29014707300007,40.89370054400007],[26.27836522700005,40.893158596000035],[26.270686768000076,40.897397279000074],[26.263624873000026,40.90445796700004],[26.263527905000046,40.90587362100007],[26.263012764000052,40.91339427100007],[26.255472780000048,40.907525073000045],[26.25254248400006,40.89562414300008],[26.24997877000004,40.885212025000044],[26.248986127000023,40.88512256300004],[26.23649529000005,40.88399681900006],[26.236326047000034,40.88389147100003],[26.23087244800007,40.88049672300008],[26.22930484500006,40.882707210000035],[26.225177005000035,40.88852790400006],[26.222363675000054,40.88321779300003],[26.22204744100003,40.877050723000025],[26.22160235900003,40.868370912000046],[26.22159395700004,40.868207039000026],[26.214992540000026,40.865512023000065],[26.208201218000056,40.86273947900003],[26.211618728000076,40.85588932600007],[26.211845039000025,40.85543570200008],[26.211565536000023,40.85516781800004],[26.20595601100007,40.84979147400003],[26.210968523000076,40.847069832000045],[26.211297917000024,40.84689098400003],[26.215251846000058,40.844744124000044],[26.21629355300007,40.84417850300008],[26.21585643900005,40.835320446000026],[26.20317915800007,40.82775737700007],[26.200622146000057,40.822145798000065],[26.19978132800003,40.82218140400005],[26.189962379000065,40.82259719600006],[26.166243913000073,40.810581254000056],[26.161036559000024,40.811322973000074],[26.15279785000007,40.81249646800006],[26.153944220000028,40.806551772000034],[26.129463817000044,40.773283622000065],[26.128974726000024,40.76118759900004],[26.12872617100004,40.75504043500007],[26.12329108800003,40.74289552500005],[26.08975008300007,40.734751851000055],[26.074542334000057,40.728015164000055],[26.032758030000025,40.730256858000075],[26.029412513000068,40.73752323600007],[26.03298740100007,40.74467358900006],[26.03477040000007,40.74823987600007],[26.033674133000034,40.77429760900003],[26.02850688600006,40.77649121800005],[26.024825364000037,40.77805410500008],[26.025420329000042,40.781098394000026],[26.025863383000058,40.78336539400004],[26.01981329700004,40.79250116900005],[26.01560746900003,40.793413764000036],[26.00343434800004,40.79605512900008],[26.00073194500004,40.803209234000064],[26.00054089500003,40.806551772000034],[26.000458176000052,40.80799899200008],[26.00038740100007,40.80923725900004],[25.99562028300005,40.81488303900005],[25.972736664000024,40.83178699200005],[25.950087861000043,40.841532193000035],[25.91472651400005,40.84740785500003],[25.89986312600007,40.84425374700004],[25.887400211000056,40.84160903600008],[25.883634764000078,40.84474959000005],[25.869590196000047,40.84148574900007],[25.823547939000036,40.84961071200007],[25.81875385400008,40.85045671200004],[25.790011433000075,40.85024591700005],[25.755235311000035,40.847727743000064],[25.730359973000077,40.845926494000025],[25.632429074000072,40.862804726000036],[25.587115823000033,40.86815591100003],[25.573875353000062,40.86273947900003],[25.572787052000024,40.86229427500007],[25.571537681000052,40.86178318000003],[25.562103844000035,40.85792397200004],[25.550706735000063,40.859363941000026],[25.54068385200003,40.86273947900003],[25.51019187600008,40.873008663000064],[25.507859822000057,40.87665994300005],[25.505256855000027,40.88073538900005],[25.481070068000065,40.88861860000003],[25.458311773000048,40.896036224000056],[25.42665603300003,40.90161257700004],[25.381250384000055,40.90961106000003],[25.375367204000042,40.91396540300008],[25.367189363000023,40.92483730600003],[25.358869250000055,40.93589834900007],[25.31379174400007,40.94493617100005],[25.294281683000065,40.94147636400004],[25.29043043200005,40.93796456500007],[25.286980194000023,40.93481843300003],[25.28326914400003,40.93454490200003],[25.280605870000045,40.93434860000008],[25.271139708000078,40.931654500000036],[25.268970968000076,40.92771722800006],[25.266227918000027,40.92273731700004],[25.258004484000026,40.925511923000045],[25.257905477000065,40.928032407000046],[25.257796564000046,40.930805056000054],[25.25016880000004,40.935626686000035],[25.24235155300005,40.93652992600005],[25.239619834000052,40.93684556100004],[25.219963500000063,40.939116743000056],[25.211315800000023,40.94116629600006],[25.18791213700007,40.94065293800003],[25.17606050200004,40.94039297300003],[25.169619382000064,40.94407032000004],[25.156844068000055,40.95136396800007],[25.152467384000033,40.952103701000055],[25.145693695000034,40.95324856700006],[25.131721579000043,40.95561008800007],[25.125798755000062,40.962119452000024],[25.130693391000023,40.97337486300006],[25.13526790900005,40.977288513000076],[25.13910538500005,40.98057159900003],[25.13954509000007,40.990687395000066],[25.128815434000046,40.99933018000007],[25.096278244000075,41.00617168300005],[25.068384114000025,41.00397719500006],[25.044549389000053,40.99108805100008],[25.031896802000063,40.97957432100003],[25.028270442000064,40.976274369000066],[25.021465254000077,40.97264593700004],[25.006135940000036,40.96447256000005],[24.998066309000023,40.95777239000006],[24.99707806400005,40.954193727000074],[24.998529662000067,40.95257800300004],[24.99989061900004,40.951063169000065],[24.986953786000072,40.93128779600005],[24.977657453000063,40.931622410000045],[24.957585851000033,40.932344871000055],[24.954011110000067,40.931684905000054],[24.938770438000063,40.928871181000034],[24.905372718000024,40.920297135000055],[24.877667917000053,40.908996398000056],[24.871586233000073,40.90506738100004],[24.85565558600007,40.89025097000007],[24.852075668000055,40.88757084800005],[24.845948965000048,40.88298406500007],[24.84289338900004,40.88121384900006],[24.83566099500007,40.87587006200005],[24.828373162000048,40.87170794600007],[24.82400505800007,40.86866767200007],[24.81960848500006,40.864707931000055],[24.81778973100006,40.86273947900003],[24.81348984300007,40.85808567600003],[24.805684840000026,40.849099910000064],[24.799159060000022,40.846828868000046],[24.77931909700004,40.85325200700004],[24.76125378200004,40.85910060700007],[24.73842174200007,40.85590566900004],[24.706969612000023,40.85150450200007],[24.697117121000076,40.85434766600008],[24.699573696000073,40.858720583000036],[24.699103485000023,40.85920289000006],[24.695655593000026,40.86273947900003],[24.692023352000035,40.866465160000075],[24.675468420000072,40.87148226200003],[24.661706949000063,40.87200894400007],[24.64568870900007,40.86542463600006],[24.638813107000033,40.862598415000036],[24.627891428000055,40.85930240400006],[24.625622685000053,40.86273947900003],[24.610040599000058,40.88634585400007],[24.609075807000067,40.887807484000064],[24.607893055000034,40.88869251600005],[24.588068477000036,40.903526888000044],[24.572316295000064,40.92070851700004],[24.56074315500007,40.94021410100004],[24.556627714000058,40.947150341000054],[24.548919339000065,40.95422354300007],[24.511314123000034,40.95831896200008],[24.506637470000044,40.956057283000064],[24.503545736000035,40.954562088000046],[24.49637854300005,40.95374546800008],[24.479220291000047,40.951790481000046],[24.469606740000074,40.95024849500004],[24.467918608000048,40.94733211700003],[24.46553538300003,40.94321491000005],[24.457689592000065,40.942202585000075],[24.451467754000078,40.94362497100008],[24.441349122000076,40.945938211000055],[24.43019988800006,40.94416036000007],[24.42587234100006,40.937857130000054],[24.424968402000047,40.93654051100003],[24.419066438000073,40.93584790700004],[24.414664826000035,40.930424568000035],[24.409601993000024,40.93419066200005],[24.409317222000027,40.93440249400004],[24.39582844100005,40.93380104500005],[24.392275711000025,40.92668223800007],[24.39062777600003,40.92338017800006],[24.387992798000028,40.92207581200006],[24.383923264000032,40.920061313000076],[24.37952825800005,40.912971897000034],[24.377345864000063,40.909451560000036],[24.368002027000045,40.90749851900006],[24.360518265000053,40.89960401500008],[24.352469202000066,40.90197054200007],[24.350967371000024,40.90241210000005],[24.341151371000024,40.898508856000035],[24.333960886000057,40.89004365900007],[24.333484207000026,40.88948247500008],[24.33233077400007,40.888124564000066],[24.330280386000027,40.88095443000003],[24.324766236000073,40.881805099000076],[24.320757325000045,40.88242355400007],[24.315412895000065,40.87175683400005],[24.31770776700006,40.866911395000045],[24.32457118800005,40.86407228300004],[24.32779318100006,40.86273947900003],[24.333960886000057,40.86018815600005],[24.335662064000076,40.859484449000036],[24.333960886000057,40.856099081000025],[24.33177016700006,40.85173951500008],[24.330623993000074,40.845176767000055],[24.327610289000063,40.843562192000036],[24.321021313000074,40.84893120700008],[24.318868171000076,40.850685690000034],[24.307912748000035,40.84364399700007],[24.307370993000063,40.82889895900007],[24.31104011800005,40.82715092500007],[24.315432582000028,40.825058279000075],[24.331924095000034,40.82932821300005],[24.333960886000057,40.82730611200003],[24.335882027000025,40.82539882800006],[24.333960886000057,40.82484176400004],[24.312196614000072,40.81853087500008],[24.307980245000067,40.81730827400003],[24.283288945000038,40.81014864900004],[24.261649802000022,40.79982347600003],[24.21622571000006,40.778047333000075],[24.210975594000047,40.77498990300006],[24.208658342000035,40.77466201100003],[24.20584499200004,40.77527239800003],[24.202594986000065,40.77425010800005],[24.20073906600004,40.77279318700005],[24.196155703000045,40.77084755000004],[24.190830171000073,40.767689172000075],[24.185724393000044,40.765438122000035],[24.175304571000026,40.759166856000036],[24.172677515000032,40.75710165000004],[24.151331277000054,40.74338870500003],[24.14732179200007,40.74081298900006],[24.124215827000057,40.73405468300007],[24.07089527100004,40.717991065000035],[24.04644683400005,40.71845570000005],[24.03892989700006,40.72104522500007],[24.035072753000065,40.72237398100003],[23.98547219900007,40.73402642900004],[23.967933392000077,40.73814674600004],[23.95584757200004,40.743343510000045],[23.930204753000055,40.75151256300006],[23.912892515000067,40.756148996000036],[23.885387497000067,40.76990538700005],[23.86774633600004,40.77872845700006],[23.835410430000024,40.783879745000036],[23.81082095200003,40.77754172900006],[23.783079644000054,40.770391318000065],[23.781255690000023,40.76958837700005],[23.777714159000027,40.76733814800008],[23.769348036000054,40.76065434000003],[23.765077322000025,40.75789233000006],[23.743797262000044,40.75783860800004],[23.735451358000034,40.752403978000075],[23.70595558100007,40.71209343900006],[23.69623437000007,40.69090755900004],[23.69379948900007,40.67458033300005],[23.69794573200005,40.666748107000046],[23.721550843000045,40.660776387000055],[23.74190912000006,40.655626064000046],[23.756864526000072,40.63456333400006],[23.766021960000046,40.63078259900004],[23.779640146000077,40.615824634000035],[23.780795582000053,40.60697584500008],[23.78113932100007,40.60434335600007],[23.783079644000054,40.594348772000046],[23.786978082000076,40.59155463600007],[23.790802910000025,40.59204764400005],[23.796535391000077,40.592786542000056],[23.79687893700003,40.58782278600006],[23.796955361000073,40.58671856600006],[23.802748603000055,40.58059185400003],[23.809329177000052,40.579165732000035],[23.818952675000048,40.57708015800006],[23.831222678000074,40.56394247500003],[23.83573165000007,40.55911464900004],[23.85473128900003,40.55931499700006],[23.87571560500004,40.554731883000045],[23.881892622000066,40.55581552500007],[23.888511995000044,40.55697677000006],[23.893840284000078,40.54905667700007],[23.896787558000028,40.544675780000034],[23.90544102100006,40.53925669600005],[23.915546262000078,40.53292846100004],[23.910809870000037,40.52699499800008],[23.909104040000045,40.52485803900004],[23.897297602000037,40.52064595400003],[23.88364407200004,40.52043904100003],[23.880130008000037,40.518369902000074],[23.843574669000077,40.51792262300006],[23.832260810000037,40.51778419100003],[23.82376037800003,40.506290456000045],[23.822992415000044,40.49571210000005],[23.821104685000023,40.48007653500008],[23.830228306000038,40.45393003600003],[23.83751084200003,40.44186956000004],[23.843263620000073,40.44052015800003],[23.846835304000024,40.43968236500007],[23.851688685000056,40.42979860600008],[23.854544247000035,40.42398334200004],[23.878753244000052,40.402607010000054],[23.885387497000067,40.39822513000007],[23.889695135000068,40.39537996300004],[23.89664528800006,40.39415753600008],[23.904756906000046,40.39273082500006],[23.912881871000025,40.388585470000066],[23.91644318300007,40.386768489000076],[23.929815862000055,40.38184884400005],[23.94918658100005,40.38038721500004],[23.950802078000038,40.380695133000074],[23.960610468000027,40.382564640000055],[23.964895845000058,40.37959513200008],[23.968049347000033,40.37740994500007],[23.98631487600005,40.38008954600008],[24.01098829800003,40.38943431300004],[23.997351429000048,40.41842170700005],[23.997013326000058,40.42658589800004],[23.996771788000046,40.43241831700004],[24.00147170100007,40.43638772400004],[23.998141342000054,40.43779717000007],[23.99300488700004,40.43997097600004],[24.007354315000043,40.45108312800005],[24.01186023400004,40.44868829500007],[24.012887590000048,40.43966218500003],[24.020689316000073,40.43439849600003],[24.024347625000075,40.41654648100007],[24.024689984000076,40.41487582100007],[24.02575297900006,40.41422322500006],[24.031108868000047,40.41093512800006],[24.03343471200003,40.40303656200007],[24.034357987000078,40.399901122000074],[24.037817207000046,40.39876907100006],[24.042876557000056,40.39711336700003],[24.05883041800007,40.37830727900007],[24.06755238200003,40.36802600400006],[24.095378523000022,40.36498412200007],[24.103246994000074,40.36050449500004],[24.120829711000056,40.36173890900005],[24.124403785000027,40.36198983100007],[24.126668549000044,40.360842080000054],[24.14157424900003,40.35328808300005],[24.152438044000064,40.35688396100005],[24.15686114300007,40.35834799100007],[24.164407420000032,40.35381857200008],[24.168839954000077,40.35115808100005],[24.173386660000062,40.349735629000065],[24.18845985100006,40.345019931000024],[24.192956249000076,40.338917706000075],[24.19134129400004,40.33539174100008],[24.188257864000036,40.32865962000005],[24.191808996000077,40.322320981000075],[24.21018476200004,40.31591536500008],[24.214883660000055,40.31662153600007],[24.22641843100007,40.318355032000056],[24.24684833300006,40.309332049000034],[24.254258734000075,40.29590725000003],[24.26792154900005,40.288078968000036],[24.266341005000072,40.27898240400003],[24.277601396000023,40.26677668000008],[24.278124801000047,40.26092563800006],[24.278345930000057,40.25845367800008],[24.287342033000073,40.24585663300007],[24.29899699500004,40.23914386700005],[24.330403742000044,40.22105490900003],[24.333960886000057,40.21811681600008],[24.339355684000054,40.21366087700005],[24.34024378500004,40.211744450000026],[24.342883363000055,40.206048519000035],[24.35780980800007,40.20007569200004],[24.37033604000004,40.19506331100007],[24.376067636000073,40.188631556000075],[24.384988477000036,40.181786285000044],[24.395415186000037,40.162640733000046],[24.398848309000073,40.13969820700004],[24.377230831000077,40.132538934000024],[24.367722573000037,40.13311747800003],[24.357753587000047,40.126884397000026],[24.34452079600004,40.12616284500007],[24.333960886000057,40.12267529800005],[24.306328697000026,40.113549410000076],[24.29093459300003,40.12647903200008],[24.291505638000046,40.13883442700006],[24.291601788000037,40.140914774000066],[24.279998343000045,40.16166868800008],[24.248747765000076,40.18444091900005],[24.236011699000073,40.187265344000025],[24.22985109600006,40.188631556000075],[24.219752697000047,40.20009086700003],[24.22188168100007,40.20873640100007],[24.223180410000055,40.21401037600003],[24.220324749000042,40.22019350800008],[24.20525090500007,40.23160722200004],[24.19377899500006,40.24029359900004],[24.17933241700007,40.25761004700007],[24.15908749500005,40.281876702000034],[24.12292916000007,40.289191102000075],[24.09477234800005,40.287528561000045],[24.09026919400003,40.28726266900003],[24.082295181000063,40.28920293900006],[24.060138765000033,40.294594130000064],[24.047727171000076,40.293841805000056],[24.04080883300003,40.29342245200007],[24.01993653900007,40.302238439000064],[24.005042944000024,40.31456769700003],[23.981346506000023,40.32525015200008],[23.976161644000058,40.33151067000006],[23.965423761000068,40.34447624300003],[23.956557300000043,40.35030708700003],[23.92677711600004,40.36224844700007],[23.919006310000043,40.36498681900008],[23.89892681400005,40.36379647800004],[23.89689100700008,40.363152521000075],[23.88988612000003,40.360936769000034],[23.885387497000067,40.362344921000044],[23.87316753700003,40.366169995000064],[23.860478433000026,40.37014192000004],[23.840497796000022,40.36731644900004],[23.81082095200003,40.356296033000035],[23.80879950900004,40.355545376000066],[23.793065425000066,40.34421638200007],[23.783079644000054,40.33702633200005],[23.77181598800007,40.34365541200003],[23.76816825000003,40.34580224200005],[23.75762171100007,40.347373978000064],[23.735549073000072,40.353401320000046],[23.726605763000066,40.343852724000044],[23.72746807900006,40.34132179200003],[23.728643803000068,40.33787099400007],[23.726925614000038,40.33423162500003],[23.716933508000068,40.33370608200005],[23.706421059000036,40.33315317100005],[23.706319535000034,40.32757655100005],[23.70208491900007,40.32234556000003],[23.695922395000025,40.30615006700003],[23.69466273200004,40.287711744000035],[23.708124441000052,40.260578948000045],[23.72233562400004,40.25092432400004],[23.73659156100007,40.23195494400005],[23.741738891000068,40.23438470700006],[23.74596369900007,40.236379],[23.74975195500008,40.22739809300003],[23.75035568000004,40.22596682900007],[23.75131850200006,40.22603221600008],[23.759512921000066,40.22658871600004],[23.760201336000023,40.218287247000035],[23.760752446000026,40.21164151600004],[23.775496477000047,40.19303234900008],[23.791146643000047,40.187691768000036],[23.800463388000026,40.18916386500007],[23.80128815000006,40.18988991400005],[23.806039471000076,40.19407257100005],[23.81082095200003,40.19164937600004],[23.822940754000058,40.183398554000064],[23.828638887000068,40.179519424000034],[23.85446305800008,40.17394829800003],[23.881295101000035,40.16815974100007],[23.885387497000067,40.166031403000034],[23.89153489800003,40.162834315000055],[23.89549932500006,40.16077252900004],[23.901891054000032,40.15972958200007],[23.91334919800005,40.15785994200007],[23.925810418000026,40.14674879800003],[23.934926485000062,40.13862038600007],[23.943676598000025,40.13598359200006],[23.975574446000053,40.12637136700005],[23.98187684100003,40.11732785400005],[23.99228408700003,40.112652824000065],[23.994984170000066,40.10843220100003],[23.98612415200006,40.10232795100006],[23.980947901000036,40.09876169100005],[23.979352840000047,40.08757406400008],[23.981659094000065,40.07909515500006],[23.991694211000038,40.07335967600005],[23.99617444300003,40.07079904100004],[24.006416769000055,40.058030332000044],[24.004938326000058,40.05317270900008],[24.003122234000045,40.05249089100005],[23.996206150000035,40.04989437900008],[23.98812169000007,40.04685922200008],[23.98864277200005,40.038855900000044],[23.99274609500003,40.036318960000074],[24.002179854000076,40.036413080000045],[24.015050209000037,40.03654148700008],[24.021149140000034,40.020103791000054],[24.015839034000066,40.004638777000025],[24.010551174000057,40.00011959600005],[24.00318803700003,39.999097050000046],[23.999210281000046,39.99854464400005],[23.99605338500004,39.994854442000076],[23.996965617000058,39.99026623900005],[23.997058538000033,39.98979888200006],[23.996472269000037,39.98956608300006],[23.988569804000065,39.98642812300005],[23.99115964600003,39.982026449000045],[23.997274365000067,39.97163392400006],[23.98152835600007,39.96718858700007],[23.969845861000067,39.963890442000036],[23.977363722000064,39.957981275000066],[23.980291618000024,39.957825195000055],[23.99067090400007,39.957271899000034],[23.992768106000028,39.95466106500004],[23.99114997600003,39.95227272000005],[23.979412039000067,39.94664194500007],[23.96284583700003,39.946580237000035],[23.957479886000044,39.94656024900007],[23.951979959000028,39.94323108700007],[23.94440805800008,39.93864773700005],[23.933401377000052,39.939450462000025],[23.930805245000045,39.946179020000045],[23.918500589000075,39.950462970000046],[23.917650889000072,39.95751981800004],[23.919068155000048,39.958412503000034],[23.924283975000037,39.96169776000005],[23.919519457000035,39.968400615000064],[23.916863200000023,39.96876496200008],[23.91522621000007,39.96285002800005],[23.91509579800004,39.962378811000065],[23.902879416000076,39.96173331800003],[23.89999485800007,39.97274735800005],[23.901790153000036,39.97836895000006],[23.902323830000057,39.980040048000035],[23.90069281700005,39.98539438300003],[23.889457020000066,39.994080962000055],[23.885387497000067,39.995115044000045],[23.883319952000022,39.995640415000025],[23.871092806000036,39.99874738300008],[23.86844664000006,40.00405895600005],[23.862728247000064,40.00917377900004],[23.85699111100007,40.01430536700008],[23.836737088000064,40.02341733000003],[23.829639806000046,40.022060958000054],[23.827596846000063,40.01811075200004],[23.82733610300005,40.017606586000056],[23.822483641000076,40.01783037800004],[23.820526140000027,40.01990944700003],[23.818940878000035,40.021593161000055],[23.813194173000056,40.02769675900004],[23.81082095200003,40.034021737000046],[23.81082095200003,40.03678277300003],[23.81082095200003,40.040043860000026],[23.81082095200003,40.043319661000055],[23.805256221000036,40.047192488000064],[23.79764312800006,40.05249089100005],[23.793460879000065,40.05540156600006],[23.78627778300006,40.06641257700005],[23.789840946000027,40.07602921200004],[23.791085120000048,40.079387120000035],[23.790817880000077,40.089130623000074],[23.78044518100006,40.09360548400008],[23.77840286000003,40.09448655700004],[23.773557222000022,40.09667938300004],[23.77336151800006,40.10685660200005],[23.77318998000004,40.115777138000055],[23.759177933000046,40.130477588000076],[23.750042810000025,40.13501275500005],[23.73479611700003,40.14258203500003],[23.730886869000074,40.15193583200005],[23.725123445000065,40.16572618200007],[23.700357714000063,40.188631556000075],[23.695587302000035,40.19166025800007],[23.693440579000026,40.19148161000004],[23.686847476000025,40.19093293700007],[23.67977422000007,40.19744736800004],[23.676417739000044,40.20739566700007],[23.653732124000044,40.22378602900005],[23.618280395000056,40.22856238700007],[23.606693974000052,40.227317483000036],[23.601796233000073,40.22692254000003],[23.584753308000074,40.225548238000044],[23.56122281200004,40.23391642200005],[23.526603675000047,40.23826640600004],[23.517554338000025,40.244326743000045],[23.49679221100007,40.25823113000007],[23.48066107300008,40.260052640000026],[23.46110393400005,40.26253723800005],[23.43762885900003,40.26999907000004],[23.42685249400006,40.27671284100006],[23.402189822000025,40.27930723600008],[23.38636070700005,40.272726506000026],[23.366223567000077,40.25496352500005],[23.34854429300003,40.238855226000055],[23.335722648000058,40.22081604700003],[23.329513983000027,40.19746190800004],[23.32109052000004,40.19814636700005],[23.314679974000057,40.21882793100008],[23.29853169000006,40.23374100500007],[23.281083221000074,40.237000022000075],[23.259292569000024,40.24642870500003],[23.25364402400004,40.24804518800005],[23.234026008000058,40.249433219000025],[23.209820550000074,40.25708252100003],[23.20112492800007,40.25756817100006],[23.19572559200003,40.257869724000045],[23.188637546000052,40.26223474900007],[23.184597878000034,40.26472249400007],[23.173272071000042,40.271146876000046],[23.162290136000024,40.27208086700006],[23.156886116000067,40.272540468000045],[23.140507469000056,40.274960254000064],[23.13077691600006,40.28385746600003],[23.125741422000033,40.28846171200007],[23.103169783000055,40.29842129900004],[23.08559097500006,40.30133136200004],[23.081451384000047,40.30522462000005],[23.06348302600003,40.309005426000056],[23.058325812000078,40.310090579000075],[23.02224237200005,40.32326062800007],[23.018742462000034,40.326076956000065],[23.018690727000035,40.335863982000035],[23.017339244000027,40.33828906400004],[23.014379037000026,40.34360082000006],[23.00415325700004,40.350336361000075],[22.987537704000033,40.365190831000064],[22.977683418000026,40.36939779800008],[22.95996117900006,40.37147506300005],[22.95896109000006,40.371592286000066],[22.95705969900007,40.372862948000034],[22.946071123000024,40.38020639800004],[22.91921313200004,40.38111698500006],[22.90882461500007,40.37884310700008],[22.89138455500006,40.375025761000074],[22.89690118900006,40.38689058700004],[22.901954033000038,40.39775792300003],[22.889470248000066,40.41175809600003],[22.882609009000078,40.425165236000055],[22.878591888000074,40.42702001200007],[22.86566108100004,40.432990397000026],[22.86506917300005,40.44322311700006],[22.860311870000032,40.45334315100007],[22.85412543600006,40.46650332200005],[22.845276185000046,40.471309553000026],[22.836695571000064,40.47301138000006],[22.818973636000067,40.476526242000034],[22.815427201000034,40.47874423400003],[22.81645396500005,40.482537008000065],[22.81772219100003,40.50213718400005],[22.828894434000063,40.50709608000005],[22.847732611000026,40.50619418600007],[22.850939121000067,40.50524822300008],[22.856721337000067,40.50354239300003],[22.867535575000034,40.50096241400007],[22.896500256000024,40.50315386400007],[22.912297052000042,40.505932923000046],[22.935575477000043,40.513148356000045],[22.943025636000073,40.516360933000044],[22.948866254000052,40.52146514800006],[22.947467408000023,40.52595116800006],[22.96000120800005,40.525633277000054],[22.961647759000073,40.52699499800008],[22.975039319000075,40.53807001200005],[22.979181668000024,40.541495793000024],[22.97949009100006,40.55267765700006],[22.969022478000056,40.56024541000005],[22.958565755000052,40.56610981600005],[22.935601048000024,40.57898903000006],[22.938214436000067,40.58696177200005],[22.942085044000066,40.58931704200006],[22.94817589400003,40.593023333000076],[22.95135286900006,40.62010538900006],[22.94633327400004,40.62733654400006],[22.932475373000045,40.63502883800004],[22.913897277000046,40.63737505600005],[22.913295937000044,40.63625620300007],[22.91176443200004,40.63340668400008],[22.906624054000076,40.63309474700003],[22.90226129200005,40.64055506600005],[22.900213136000048,40.64405741000007],[22.880644525000037,40.63897416000003],[22.879489886000044,40.63827073200008],[22.860409249000043,40.62664644800003],[22.854797855000072,40.627874328000075],[22.845972305000032,40.62980552700003],[22.835047291000024,40.619624058000056],[22.840022865000037,40.61573266500005],[22.847782395000024,40.61465789400006],[22.857033124000054,40.613376577000054],[22.856790259000036,40.59436205500003],[22.83695668100006,40.58104988400004],[22.826123621000022,40.57692463600006],[22.814092180000046,40.572343043000046],[22.812788718000036,40.57060299200003],[22.808862606000048,40.56536184500004],[22.800986098000067,40.56246357300006],[22.790311090000046,40.565011764000076],[22.773834630000067,40.56894479700003],[22.74491418300005,40.559739799000056],[22.742475211000055,40.553883607000046],[22.745434131000025,40.545640467000055],[22.74625783500005,40.54334574300003],[22.744681467000078,40.541659922000065],[22.741324634000023,40.53807001200005],[22.738065387000063,40.534584464000034],[22.742099821000068,40.52800661400005],[22.74272028200005,40.52699499800008],[22.744645589000072,40.52385592500008],[22.73944621000004,40.522312688000056],[22.736590729000056,40.52146514800006],[22.737339994000024,40.51992063500006],[22.739678833000028,40.51509942200005],[22.734985694000045,40.507802807000076],[22.729907652000065,40.511479637000036],[22.727382017000025,40.51330836000005],[22.724834268000052,40.51170464100005],[22.726673333000065,40.50780985500006],[22.726667706000057,40.50779999400004],[22.723456543000054,40.50217199300005],[22.71679285600004,40.50179671500007],[22.71260987200003,40.505607517000044],[22.70759240900003,40.50783576300006],[22.702331539000056,40.51805083800008],[22.701674697000044,40.51932623500005],[22.70022786900006,40.51920344200005],[22.694179089000045,40.518690081000045],[22.689367150000066,40.52146514800006],[22.690460950000045,40.52455474900006],[22.691324862000045,40.52699499800008],[22.69023736500003,40.52835234500003],[22.682408960000032,40.52896644500004],[22.678686234000054,40.529395935000025],[22.674284776000036,40.527571100000046],[22.669798834000062,40.52699499800008],[22.669271457000036,40.526927271000034],[22.661935103000076,40.52598510800004],[22.66005259700006,40.52500484700005],[22.65681799400005,40.52146514800006],[22.653687542000057,40.51803942500004],[22.653996662000054,40.50832770300008],[22.65916366400006,40.495761679000054],[22.663957371000038,40.491554663000045],[22.66764769200006,40.48738902900004],[22.661134670000024,40.485544385000026],[22.65745656400003,40.484502657000064],[22.652581292000036,40.47917199600005],[22.656161866000048,40.474955969000064],[22.659329245000038,40.471226468000054],[22.656869923000045,40.467387116000054],[22.641082605000065,40.47257646300005],[22.63865584200005,40.47337414900005],[22.63736661400003,40.47338352000003],[22.62703340400003,40.47345863000004],[22.62410412500003,40.47626393100006],[22.619832255000063,40.48035499900004],[22.61377347900003,40.47516243100006],[22.611396918000025,40.473125641000024],[22.609846832000073,40.47329771700004],[22.60022230000004,40.47436614000003],[22.592243219000068,40.471197464000056],[22.58605467900003,40.459359420000055],[22.59372051300005,40.452557918000025],[22.605732816000057,40.44190001700008],[22.605512730000044,40.42592829800003],[22.605502383000044,40.42517742900003],[22.60623262100006,40.424302614000055],[22.610313054000073,40.41941430700007],[22.610956961000056,40.41363393200004],[22.61173024900006,40.40669210900006],[22.616615006000075,40.400856727000075],[22.617640824000034,40.39963127400006],[22.61792488900005,40.39789870100003],[22.619324775000052,40.389360484000065],[22.623459758000024,40.38368018800003],[22.627276538000046,40.37689799900005],[22.63984088500007,40.372750100000076],[22.661745093000036,40.365518810000026],[22.65943451000004,40.35498965700003],[22.646911184000032,40.34130185200007],[22.64208670100004,40.33602876500004],[22.626070105000053,40.31665267500006],[22.611699438000073,40.292746659000045],[22.606505259000073,40.28436947000006],[22.600766191000048,40.27374762800008],[22.596524944000066,40.258714852000026],[22.594100661000027,40.253770143000054],[22.59113049000007,40.24771082800004],[22.586176386000034,40.22684206000008],[22.588764945000037,40.21496598300007],[22.589883731000043,40.20983309300004],[22.58484303700004,40.20456141900007],[22.578488393000043,40.19828809000006],[22.568706693000024,40.188631556000075],[22.554469405000077,40.16873891400007],[22.549453422000056,40.15724670800006],[22.54781038400006,40.144228559000055],[22.55907370500006,40.11093830000004],[22.56491189600007,40.10193624100003],[22.568159299000058,40.096928985000034],[22.567918906000045,40.087539063000065],[22.567548419000047,40.073067620000074],[22.570935940000027,40.055098798000074],[22.573681511000075,40.05249089100005],[22.574862231000054,40.05136937300006],[22.583806698000046,40.042873385000064],[22.584911460000058,40.04049701900004],[22.587484576000065,40.03680746500004],[22.588754653000024,40.02744636800003],[22.58951416800005,40.02486530600004],[22.58973905000005,40.024101087000076],[22.597767529000066,40.00946761700004],[22.642097370000045,39.982608956000036],[22.645502055000065,39.980933898000046],[22.66243008300006,39.97554794500007],[22.669271457000036,39.97229952500004],[22.704494313000055,39.95557501500008],[22.712803129000065,39.945579327000075],[22.71787074300005,39.93652861600003],[22.713953340000046,39.92761215100006],[22.713529678000043,39.922982157000035],[22.712670262000074,39.91359002400003],[22.720748724000032,39.89766544500003],[22.734994074000042,39.87095690900003],[22.74039642300005,39.86652863300003],[22.744561614000077,39.86639282300007],[22.747362897000073,39.866301484000076],[22.76917988100007,39.85488095200003],[22.78229271300006,39.842340179000075],[22.798785766000037,39.83196465900005],[22.800178474000063,39.83041560000004],[22.808862606000048,39.82075655300008],[22.812238182000044,39.817002022000054],[22.839695180000035,39.80485318400008],[22.85172807200007,39.799529016000065],[22.85928939100006,39.775717963000034],[22.860100543000044,39.770573186000036],[22.865061989000026,39.73910495400003],[22.87696365100004,39.705095355000026],[22.889419032000035,39.67957699600004],[22.892208477000054,39.66765029100003],[22.89750712700004,39.64499508700004],[22.91591100100004,39.60293592800008],[22.936323380000033,39.57423423600005],[22.946292930000027,39.570455526000046],[22.973854552000034,39.56000897700005],[22.981666467000025,39.55271903500005],[22.984471418000055,39.550101503000064],[22.98693432300007,39.55007770200007],[23.003481623000027,39.54991778900006],[23.006846290000055,39.54450183900008],[23.010823836000043,39.53809936500005],[23.014427547000025,39.53229863700005],[23.02112629800007,39.52860503900007],[23.024783628000023,39.52819809500005],[23.032221391000064,39.527370510000026],[23.034616466000045,39.52710401500008],[23.04944514700003,39.52650570800006],[23.055512114000067,39.52067598700006],[23.09773476600003,39.496779536000076],[23.108136270000045,39.478736629000025],[23.109889106000026,39.47569608200007],[23.11586274000007,39.46149059000004],[23.131814534000057,39.44735533700003],[23.144387942000037,39.435626831000036],[23.15961407800006,39.42110000400004],[23.16653462200003,39.41372702600006],[23.170428741000023,39.407987939000066],[23.172661774000062,39.40758222200003],[23.179219914000043,39.40639068300004],[23.181563978000042,39.40288510800008],[23.19220533400005,39.394597300000044],[23.192616135000037,39.39253363100005],[23.194263275000026,39.384259185000076],[23.200409584000056,39.38278788100007],[23.20491660600004,39.374027117000026],[23.20569013000005,39.371160762000045],[23.207540666000057,39.36430345300005],[23.21239477900008,39.36398312000006],[23.220062632000065,39.356379968000056],[23.222231171000033,39.351105827000026],[23.229089016000046,39.34681838100005],[23.23473927200007,39.340625714000055],[23.24391562200003,39.338003926000056],[23.25333987700003,39.33531130800003],[23.25509403800004,39.33481012400006],[23.25734404700006,39.33163644600006],[23.261246459000063,39.326132021000035],[23.267616376000035,39.322442100000046],[23.27569507100003,39.31224849700004],[23.274885407000056,39.30152893600007],[23.274698400000034,39.29905304700003],[23.27775938700006,39.29550904600006],[23.283688679000022,39.288644128000044],[23.28316703200005,39.28418209100005],[23.282509185000038,39.27855503400008],[23.284717672000056,39.273551901000076],[23.296816113000034,39.26080306600005],[23.304077379000034,39.25579051700004],[23.315726953000024,39.24774866100006],[23.316112213000054,39.241950573000054],[23.316403412000057,39.23756809500003],[23.32075478400003,39.23283381500005],[23.321471640000027,39.232288434000054],[23.330097753000075,39.225725718000035],[23.331380483000032,39.22416254600006],[23.333298305000028,39.211142908000056],[23.342622230000075,39.19825291800004],[23.351254888000028,39.186318580000034],[23.344179654000072,39.17128525600003],[23.333518639000033,39.16214549600005],[23.316359698000042,39.147435021000035],[23.300676519000035,39.14000499400004],[23.271211308000034,39.14037362000005],[23.248984671000073,39.127577322000036],[23.22995140200004,39.12691385200003],[23.227077438000038,39.12825420900003],[23.221300729000063,39.130948345000036],[23.212332915000047,39.126884645000075],[23.20766962600004,39.11786695500007],[23.211564717000044,39.11576186900004],[23.22131885300007,39.11049028700006],[23.204067465000037,39.10274695600003],[23.201297769000064,39.097076349000076],[23.19557327800004,39.10283586700007],[23.195519998000066,39.10284111300007],[23.18756128900003,39.10362476500006],[23.166432421000025,39.099853952000046],[23.165655379000043,39.09906618200006],[23.159061343000076,39.09238110800004],[23.134792230000073,39.09444788700006],[23.122077025000067,39.08514990100008],[23.094936225000026,39.08793538900005],[23.075226608000037,39.08562190600003],[23.067798594000067,39.091633916000035],[23.053049053000052,39.095539280000025],[23.051871092000056,39.09925559200008],[23.065213680000056,39.11721489900003],[23.069961697000053,39.13915142700006],[23.080886055000065,39.14602054200003],[23.094429830000024,39.14425764200007],[23.104770767000048,39.15479563700006],[23.109414236000077,39.14972350600004],[23.108783686000038,39.14428058900006],[23.116193382000063,39.132336801000065],[23.11036471600005,39.12188043200007],[23.10897652700004,39.11939008300004],[23.10114836100007,39.11469719200005],[23.09595428500006,39.106907859000046],[23.09425962200004,39.095924368000055],[23.11052085500006,39.10126877600004],[23.134242202000053,39.11578653600003],[23.141119825000033,39.11999572700006],[23.14450011200006,39.120214762000046],[23.152958626000043,39.12076285300003],[23.152269383000032,39.123568669000065],[23.150589860000025,39.13040578600004],[23.160189786000046,39.12698781900008],[23.160629089000054,39.12683140900003],[23.174515159000066,39.126844574000074],[23.176943935000054,39.14107191800008],[23.176762928000073,39.14203246000005],[23.17513928900007,39.15064856400005],[23.18155622100005,39.15742099900007],[23.189393444000075,39.15644281700003],[23.19153143500006,39.15287429700004],[23.193020016000048,39.150389708000034],[23.201962267000056,39.14464821100006],[23.211402837000037,39.14674396500004],[23.21592331200003,39.15076934700005],[23.211567479000053,39.157548236000025],[23.21480820900007,39.16214549600005],[23.218402146000074,39.16724381100005],[23.222032580000075,39.181038140000055],[23.21867612500006,39.186318580000034],[23.20309412200004,39.19825291800004],[23.202996857000073,39.19832741400006],[23.190192541000044,39.208134306000034],[23.18568951700007,39.22291574600007],[23.184031899000047,39.22416254600006],[23.178310380000028,39.22846606300004],[23.177717682000036,39.239297416000056],[23.17780904400007,39.239518528000076],[23.181400773000064,39.24821117500005],[23.171896169000036,39.261363439000036],[23.165884455000025,39.26391694700004],[23.16567079400005,39.264007700000036],[23.16547121900004,39.264762451000024],[23.163650622000034,39.27164756800005],[23.150251773000036,39.28005455400006],[23.144944816000077,39.286996903000045],[23.129292360000022,39.29446562100003],[23.120335456000078,39.304656530000045],[23.110414517000038,39.30758318200003],[23.10461996300006,39.30966457100004],[23.09773476600003,39.30769884400007],[23.07117865300006,39.315383911000026],[23.05987362600007,39.312072528000044],[23.058546730000046,39.31168386300004],[23.054656779000027,39.313025269000036],[23.048734643000046,39.31506745100006],[23.046596539000063,39.31551335900008],[23.04293436300003,39.31516610800003],[23.042093586000078,39.31508638500003],[23.03251097800006,39.31508987800004],[23.024783628000023,39.31731522300004],[23.015966367000033,39.319854443000054],[23.01186216700006,39.33126058600004],[23.011431965000043,39.33299125000008],[23.010079129000076,39.338433586000065],[23.001568554000073,39.34191890500006],[22.992109610000057,39.351016955000034],[22.980766801000073,39.34893482000007],[22.97405655700004,39.347703058000036],[22.96481929400005,39.34957104700004],[22.959104512000067,39.35262344700004],[22.95052820500007,39.357204255000056],[22.942650409000066,39.361208083000065],[22.930795439000065,39.35805341900004],[22.929557231000047,39.34836562500004],[22.94003973100007,39.34766286100006],[22.941270340000074,39.34559715900008],[22.94291161900003,39.342842104000056],[22.939932459000033,39.33901236000003],[22.937053409000043,39.33531130800003],[22.934194731000048,39.33163644600006],[22.92581604700007,39.32086555200004],[22.927980915000035,39.31672658800005],[22.93489730700003,39.31423027000005],[22.936356467000053,39.31370361900008],[22.93721367300003,39.308246361000045],[22.944199387000026,39.30033562800003],[22.937032774000045,39.295846761000064],[22.91617741300007,39.29509137400004],[22.906339761000027,39.29473505100003],[22.898383994000028,39.29024824100003],[22.89568955900006,39.28872866200004],[22.89385667600004,39.28901596500003],[22.87872742600007,39.29138746700005],[22.866596294000033,39.28716835800003],[22.85997419100005,39.289032133000035],[22.851766390000023,39.28318806400006],[22.84039846400003,39.28426807900007],[22.820259758000077,39.275203685000065],[22.816010388000052,39.26230991800003],[22.81492362000006,39.239478673000065],[22.818510161000063,39.23061360400004],[22.819660783000074,39.22416254600006],[22.82254264100004,39.20800516300005],[22.82736419300005,39.19825291800004],[22.831016086000034,39.190866468000024],[22.831968578000044,39.18861755300003],[22.83857217700006,39.18168732600003],[22.84555874800003,39.17197474000005],[22.847829731000047,39.16881766600005],[22.848045055000057,39.16746886800007],[22.84889488500005,39.16214549600005],[22.849853575000054,39.15614021300007],[22.854448384000023,39.15310289000007],[22.860101779000047,39.153569951000065],[22.864835800000037,39.15396105800005],[22.864673113000038,39.15527646100003],[22.866948239000067,39.16032005000005],[22.870031506000032,39.16214549600005],[22.873568759000023,39.16845143200004],[22.878544614000077,39.170992108000064],[22.874645314000077,39.179205755000055],[22.871841070000073,39.18511273200005],[22.880096834000028,39.18503547600005],[22.88618385600006,39.18843297500007],[22.889495237000062,39.18671155900006],[22.88835032000003,39.180778599000064],[22.887805858000036,39.17795719900005],[22.890063946000055,39.169638819000056],[22.89680869800003,39.16870821100008],[22.898478794000027,39.170009099000026],[22.90127303500003,39.17218561900006],[22.905586344000028,39.16245171600008],[22.905722037000032,39.16214549600005],[22.90702775500006,39.16091907800006],[22.913099652000028,39.15521594900008],[22.913040171000034,39.14846414400006],[22.91290031500006,39.13258896600007],[22.91695304500007,39.121297096000035],[22.923967858000026,39.11261039900006],[22.931455722000067,39.110078111000064],[22.940656687000057,39.114131764000035],[22.938528921000056,39.117957352000076],[22.931945320000068,39.12979424900004],[22.934405238000068,39.131469448000075],[22.944766686000037,39.121522052000046],[22.964114941000048,39.118815906000066],[22.967503088000058,39.10912388200006],[22.975188364000076,39.10546237800003],[22.98112291700005,39.09783565300006],[22.979575951000072,39.09465162400005],[22.97758251700003,39.09054865400003],[22.979019567000023,39.08438108200005],[22.990716614000064,39.07336709100008],[22.996775381000077,39.06766212800005],[22.992051079000078,39.059745700000065],[22.989584405000073,39.05561233900005],[22.992140403000064,39.05165358200003],[22.993407495000042,39.04969109700005],[22.991269395000074,39.04370985600008],[22.99262629100008,39.040753461000065],[22.99351462000004,39.038817978000054],[22.980336156000078,39.03668872900005],[22.973480438000024,39.03181347700007],[22.970582465000064,39.03195427600008],[22.96283525800004,39.03233067800005],[22.960348486000044,39.02534182000005],[22.96555336600005,39.02174350800004],[22.96009467300007,39.011306096000055],[22.964553429000034,39.00749067000004],[22.97661815300006,39.01434913800006],[22.99993039900005,39.019449344000066],[23.008255074000033,39.02563065800007],[23.01670484600004,39.02570946800006],[23.024783628000023,39.030882734000045],[23.027858773000048,39.03285191000003],[23.033657522000055,39.03656515200004],[23.063821606000033,39.03688004400004],[23.064386099000046,39.03176443500007],[23.056457282000054,39.02010381900004],[23.048548668000024,39.01876229000004],[23.028512892000037,39.01536364400005],[23.024783628000023,39.01082679600006],[23.018066513000065,39.00265506900007],[23.009633286000053,38.976156883000044],[22.999415414000055,38.96952025300004],[22.995155557000032,38.966753425000036],[22.99537896100003,38.962349248000066],[22.99581359800004,38.953780831000074],[22.991433208000046,38.94571779800003],[22.98312502300007,38.94830351500008],[22.970082431000037,38.95236270000004],[22.954706307000038,38.94585774800004],[22.95300362200004,38.94313617900008],[22.949657712000032,38.937788083000044],[22.94359834100004,38.938184782000064],[22.942406750000032,38.941063050000025],[22.941644388000043,38.94290452000007],[22.937198606000038,38.94424749900003],[22.933473758000048,38.938352620000046],[22.935430449000023,38.93627036300006],[22.94102485600007,38.93031694800004],[22.93149505100007,38.924900972000046],[22.92367223800005,38.92600143400006],[22.917650743000024,38.91992631800008],[22.910490889000073,38.92169427700003],[22.90758083700007,38.92241284600004],[22.90297219100006,38.92182741900007],[22.892667123000024,38.92051838800006],[22.882016082000064,38.92219851500005],[22.860101779000047,38.92565534100004],[22.856293059000052,38.92625614000008],[22.83850006600005,38.91026607300006],[22.839187087000028,38.90205603900006],[22.839723538000044,38.89564534200008],[22.836769197000024,38.892791929000055],[22.81556680800003,38.88646032400004],[22.808800063000035,38.886917776000075],[22.803448041000024,38.88727958900006],[22.800980500000037,38.88443244100006],[22.79864908600007,38.88174236300006],[22.785423663000074,38.877478720000056],[22.781797983000047,38.878335556000025],[22.774126015000036,38.88014862700004],[22.765853719000063,38.875371607000034],[22.758987369000067,38.871406481000065],[22.751098720000073,38.870144209000046],[22.744295274000024,38.87245372500007],[22.72546683300004,38.87524162700004],[22.71726586400007,38.88238099200004],[22.712966945000062,38.886123421000036],[22.703027169000052,38.88625053100003],[22.69929024000004,38.882784582000056],[22.694407870000077,38.878256253000075],[22.68349670500004,38.88085924300003],[22.679418544000043,38.88183213700006],[22.668407457000058,38.88276969300006],[22.652120592000074,38.89790329400006],[22.645679294000047,38.903888488000064],[22.625940471000035,38.90656985100003],[22.61988982300005,38.91141778400004],[22.606460312000024,38.909876600000075],[22.60014769000003,38.90543561700008],[22.596777162000024,38.90306442200006],[22.571286230000055,38.88808858500005],[22.56381725400007,38.886428187000035],[22.54871576900007,38.883071038000026],[22.547644149000064,38.87798956100005],[22.556040757000062,38.87567528300008],[22.55677599200004,38.87188708800005],[22.542239425000048,38.860503634000054],[22.545880499000077,38.85930562800007],[22.56217062500008,38.865072016000056],[22.564394287000027,38.86585914900007],[22.57041771200005,38.86483579500003],[22.563799869000036,38.85534975300004],[22.556026751000047,38.844207735000055],[22.556437671000026,38.836434917000076],[22.571535829000027,38.837251700000024],[22.57794256300008,38.82790209700005],[22.583200211000076,38.82668591400005],[22.59108452600003,38.832307882000066],[22.592074969000066,38.833014124000044],[22.593943100000047,38.84156815000006],[22.599888890000045,38.84004602600004],[22.598413093000033,38.83241829600007],[22.59958528900006,38.82979848100007],[22.602616730000022,38.823023317000036],[22.614135773000044,38.824207588000036],[22.617980294000063,38.827253219000056],[22.630294518000028,38.837008551000054],[22.64119486100003,38.83268556200005],[22.64441606500003,38.83140805900007],[22.662485090000075,38.83382686300007],[22.66823305400004,38.83901265700007],[22.66987870400004,38.84049735700006],[22.67580475500006,38.840784479000035],[22.68349670500004,38.84115716000008],[22.686298907000037,38.84324017100005],[22.695177082000043,38.84983974600004],[22.698347330000047,38.84609883400003],[22.700349947000063,38.84311402800006],[22.704633410000042,38.83672972900007],[22.709445225000024,38.829557944000044],[22.71568484100004,38.82511697900003],[22.72094307800006,38.824457374000076],[22.72326989900006,38.82416549200008],[22.738389446000042,38.811329700000044],[22.742481706000035,38.80785556100005],[22.75931012600006,38.78544148700007],[22.768926231000023,38.77949595500007],[22.77986991800003,38.777946142000076],[22.78645092200003,38.78280154500004],[22.79335291600006,38.78347367400005],[22.795208195000043,38.78365434500006],[22.795859585000073,38.783501992000026],[22.80711954700007,38.78086840800006],[22.812903808000044,38.78369453800008],[22.824875192000036,38.78954363200006],[22.835002045000067,38.778417588000025],[22.840678532000027,38.77218101500006],[22.860101779000047,38.75927365900003],[22.866424809000023,38.755071808000025],[22.875864549000028,38.75905333800006],[22.880305557000042,38.76465329200005],[22.884663094000075,38.770147992000034],[22.89920298800007,38.77672282700007],[22.92252510000003,38.77083019500003],[22.92715782600004,38.764148394000074],[22.930722901000024,38.75900647200007],[22.939832054000078,38.753340243000025],[22.971905423000067,38.74504659100006],[23.01840244300007,38.74896058400003],[23.018597722000038,38.74904193800006],[23.024783628000023,38.751619031000075],[23.033917772000052,38.75542438100007],[23.046844262000036,38.74284336300008],[23.049539355000036,38.73632690800008],[23.066197733000024,38.718156564000026],[23.062681745000077,38.70447806400006],[23.060834053000065,38.69728985300003],[23.06491280700004,38.68129333300004],[23.070570171000043,38.674576159000026],[23.07318241300004,38.67320308500007],[23.074714409000023,38.67239782200005],[23.08586203400006,38.655764487000056],[23.08891434700007,38.65111282000004],[23.090529080000067,38.64865199800005],[23.086513816000036,38.647041503000025],[23.087361083000076,38.641262923000056],[23.092080102000068,38.63862848700006],[23.097263119000047,38.63961100400007],[23.098642518000077,38.63369513300006],[23.101890724000043,38.62815935300006],[23.10659529700007,38.62517615300004],[23.120392667000033,38.63123616300004],[23.123704479000025,38.63751886800003],[23.130098321000048,38.63424562400007],[23.134857793000037,38.64135706900004],[23.13583414200008,38.64281589700005],[23.141499659000033,38.64578608800008],[23.156687694000027,38.64596217600007],[23.159284928000034,38.64599228800006],[23.166825347000042,38.641556397000045],[23.170015721000027,38.644706763000045],[23.176929124000026,38.64874989300006],[23.189173538000034,38.64957787000003],[23.19189220100003,38.655265145000044],[23.17605244400005,38.665025230000026],[23.169507157000055,38.66905828200004],[23.166201870000066,38.67505421000004],[23.195442067000045,38.68019557100007],[23.218869471000062,38.66537916100003],[23.220153692000054,38.66417083500005],[23.229619396000032,38.655264533000036],[23.249275019000038,38.64540608400006],[23.257935331000056,38.643643627000074],[23.267922998000074,38.64840972800005],[23.26929225500004,38.64906313600005],[23.282994316000043,38.64922228300003],[23.31227516100006,38.64208032800008],[23.322712675000048,38.63684013000005],[23.335233249000055,38.62381342200007],[23.336451304000036,38.61908768200004],[23.339634644000057,38.606737149000026],[23.338363376000075,38.60497224300008],[23.334194637000053,38.599184766000064],[23.319714189000024,38.591614237000044],[23.315802998000038,38.589569426000025],[23.308756086000074,38.58929488200005],[23.289922122000064,38.57189645700004],[23.287852573000066,38.56277924300008],[23.29023737400007,38.56131237500006],[23.298539110000036,38.56807748400007],[23.301702087000024,38.56824607900006],[23.316290416000072,38.56902367600003],[23.319330496000077,38.55539292200007],[23.319622553000045,38.55408342900006],[23.326740013000062,38.549078157000054],[23.327965498000026,38.543005841000024],[23.332180123000057,38.54237068700007],[23.329556684000067,38.53723921200003],[23.33364590800005,38.53488056900005],[23.336313733000054,38.53334178100005],[23.33886589900004,38.53488056900005],[23.34357201000006,38.53771804300004],[23.344403072000034,38.538219119000075],[23.355662794000068,38.53685546600008],[23.359600268000065,38.53488056900005],[23.37779036300003,38.52575705800007],[23.371567776000063,38.521560598000065],[23.355840601000068,38.52004183500003],[23.333815402000027,38.51791487700007],[23.33063616900006,38.51533494000006],[23.328288840000027,38.50122034900005],[23.333295061000058,38.498304388000065],[23.341476020000073,38.498381693000056],[23.351960118000022,38.503251989000034],[23.352108840000028,38.50363073600005],[23.354524308000066,38.50978216500005],[23.357925658000056,38.50600839100008],[23.36913303700004,38.50997936700003],[23.401180473000068,38.50916845900008],[23.403747250000038,38.50674496400006],[23.411045829000045,38.499853804000054],[23.418226950000076,38.49722448000006],[23.435716885000033,38.49955772800007],[23.443521282000063,38.50059887500004],[23.46200701600003,38.498976465000055],[23.469944084000076,38.493484436000074],[23.47242887400006,38.491304343000024],[23.477820034000047,38.48657427100005],[23.51534423000004,38.48070905900005],[23.52736533700005,38.493503091000036],[23.53099628900003,38.49736750400007],[23.53439413500007,38.50098382200008],[23.535832884000058,38.50761059600006],[23.539360225000053,38.51042345800005],[23.55868798700004,38.502724396000076],[23.55809064400006,38.49827023900008],[23.566551761000028,38.493503091000036],[23.574203616000034,38.48919189700007],[23.574225434000027,38.486375520000024],[23.574239874000057,38.48451143500006],[23.580713942000045,38.48196404200007],[23.58551207000005,38.47788477300003],[23.590433594000046,38.473700595000025],[23.59209067000006,38.46732061800003],[23.60463717700003,38.47367131900006],[23.617049133000023,38.471291903000065],[23.62541653100004,38.47983259400007],[23.626538766000067,38.493503091000036],[23.627684479000038,38.498214173000065],[23.634178314000053,38.50949057400004],[23.628911636000055,38.51567576800005],[23.628983867000045,38.527259652000055],[23.624517749000063,38.53488056900005],[23.626476655000033,38.54240788200008],[23.623012596000024,38.54484538100007],[23.61217735100007,38.552722750000044],[23.596587216000046,38.57279967000005],[23.594785671000068,38.57367304500008],[23.58970256500004,38.57377299800004],[23.58551207000005,38.57363961600004],[23.572130005000076,38.57321367000003],[23.57108488800003,38.57318040400003],[23.570380388000046,38.57363578600007],[23.55652143800006,38.58259407600008],[23.54313589000003,38.58020884900003],[23.528444540000066,38.577590935000046],[23.508728090000034,38.590129252000054],[23.501260686000023,38.60497224300008],[23.49755069100007,38.612346614000046],[23.49547335400007,38.61908768200004],[23.49485826700004,38.621083670000075],[23.49102548700006,38.63352124000005],[23.463358253000024,38.64809898000004],[23.45821467500008,38.64864685200007],[23.44991909400005,38.649530463000076],[23.445245353000075,38.66010493300007],[23.440183938000075,38.67155652800005],[23.435919323000064,38.675380655000026],[23.42944263100003,38.68258198400008],[23.413625747000026,38.691378118000046],[23.40135168200004,38.69397815200006],[23.388732994000065,38.69665118900008],[23.372920820000047,38.710745845000076],[23.348873884000056,38.72724670500003],[23.330016355000055,38.752117842000075],[23.322047971000075,38.762627320000036],[23.309484745000077,38.76413120600006],[23.300520772000027,38.77017019200008],[23.289552082000057,38.768231212000046],[23.284098266000058,38.76726711800006],[23.282218148000027,38.77030583900006],[23.27837149900006,38.77652294400008],[23.265276955000047,38.78193502800008],[23.26369096600007,38.78259053000005],[23.26154887200005,38.784673601000065],[23.25106479300007,38.79486879900003],[23.24423270400007,38.79739370000004],[23.233857629000056,38.801227965000066],[23.226561987000025,38.81037424500005],[23.221605303000047,38.816588257000035],[23.196601929000053,38.834670853000034],[23.184656075000078,38.836477527000056],[23.181355773000064,38.83697666000006],[23.17448421100005,38.83942826300006],[23.16415343500006,38.84311402800006],[23.146500415000048,38.84941218900008],[23.141574298000023,38.85142363800003],[23.133984938000026,38.85235760900008],[23.129554082000027,38.85196399700004],[23.125250292000032,38.84941218900008],[23.124095779000072,38.84871123500005],[23.117088582000065,38.844456867000076],[23.108880791000047,38.84311402800006],[23.09773476600003,38.841290478000076],[23.082843766000053,38.839058075000025],[23.073479048000024,38.84311402800006],[23.058937340000057,38.84941218900008],[23.04252684900007,38.855934303000026],[23.039624712000034,38.86329890400003],[23.032442942000046,38.88152370600005],[23.024783628000023,38.88167163400004],[23.01687584800004,38.88182436100004],[23.00375645500003,38.88173284900006],[22.98979646500004,38.881635473000074],[22.98550337200004,38.88306894100003],[22.96452630600004,38.89007320400003],[22.95032746100003,38.88161671600005],[22.949064754000062,38.87764754900007],[22.952166774000034,38.87481037800006],[22.96315792100006,38.87400927400006],[22.980194720000043,38.872767526000075],[22.989813628000036,38.866175362000035],[22.993098230000044,38.86077848900004],[22.992391825000027,38.85270692200004],[22.98674296100006,38.84941218900008],[22.97331356600006,38.84311402800006],[22.959418206000066,38.83659733800005],[22.945210149000047,38.835433382000076],[22.924572504000025,38.83659234800007],[22.885994330000074,38.83875881500006],[22.860101779000047,38.83263162500003],[22.852765755000064,38.83089563500005],[22.834492601000022,38.826571493000074],[22.83090253200004,38.82849463400004],[22.83358096300003,38.84311402800006],[22.834734854000033,38.84941218900008],[22.845983466000064,38.86069426900008],[22.850649791000023,38.87063339400004],[22.860101779000047,38.86973724000006],[22.863993812000047,38.869368232000056],[22.87788712300005,38.87787030700008],[22.894038459000058,38.87800075700005],[22.902011083000048,38.878065150000054],[22.904565538000043,38.88122446700004],[22.90681233400005,38.884003275000055],[22.91635277900008,38.886484239000026],[22.92121157500003,38.89074556500003],[22.936313074000054,38.89135092400005],[22.939593469000044,38.89652448600003],[22.983150687000034,38.90551932000005],[22.99102129700003,38.911240391000035],[22.998740920000046,38.91006381600005],[23.00082939300006,38.90974550400006],[23.00740593300003,38.910203918000036],[23.011253818000057,38.91702368800003],[23.01161643000006,38.917666360000055],[23.01253012500007,38.91784086000007],[23.023044068000047,38.919848847000026],[23.024783628000023,38.92084931100004],[23.033206886000073,38.92569373500004],[23.035336307000023,38.932442826000056],[23.03667863900006,38.936697276000075],[23.049323334000064,38.94308751500006],[23.05509751200003,38.94282541100006],[23.060737306000078,38.94141912500004],[23.071174690000078,38.93881655700005],[23.08190993200003,38.94120933100004],[23.087217029000044,38.948223959000075],[23.093767369000034,38.974227883000026],[23.093480648000025,38.97525901600005],[23.091809512000054,38.981268913000065],[23.09773476600003,38.98534117300005],[23.11990774800006,38.997929448000036],[23.129183,39.006939266000074],[23.139046928000027,39.00751498400007],[23.160377736000044,39.00865589000006],[23.17754520400007,39.00467508600008],[23.182246715000076,39.00358489700005],[23.204181437000045,39.00416950700003],[23.209213341000066,39.00926752600003],[23.21464129700007,39.014766801000064],[23.23124256500006,39.02238074700006],[23.246457259000067,39.02329110200003],[23.254883647000042,39.02379528600005],[23.268409193000025,39.031556737000074],[23.270557541000073,39.03278953700004],[23.281125157000076,39.037968],[23.319246474000067,39.037098455000034],[23.32620119300003,39.029503497000064],[23.337908482000046,39.016718455000046],[23.34647667100006,39.015930780000076],[23.355340571000056,39.009640802000035],[23.363859078000075,39.00820876900008],[23.375602555000057,39.006234591000066],[23.378019606000066,38.99443957200003],[23.376344087000064,38.99124860400008],[23.372532010000043,38.98398863400007],[23.373647792000043,38.977977096000075],[23.38173137700005,38.96481049800008],[23.391238791000035,38.95924762300007],[23.41127171900007,38.955391517000066],[23.41702239500006,38.954284579000046],[23.42641222800006,38.955818761000046],[23.429084158000023,38.95380232800005],[23.43162942400005,38.93900011200003],[23.42795886500005,38.93549632500003],[23.427336293000053,38.93127416500005],[23.427055650000057,38.92937089600008],[23.425915032000034,38.90888393200004],[23.438178684000036,38.88665135700006],[23.440595362000067,38.885227351000026],[23.444039966000048,38.88319764900007],[23.442636379000078,38.88159157100006],[23.438784129000055,38.877183572000035],[23.444312831000047,38.864196683000046],[23.462633174000075,38.84311402800006],[23.463887872000043,38.84167014900004],[23.47099908200005,38.83501047800007],[23.501675729000056,38.825757777000035],[23.51468585400005,38.82183365900005],[23.515856953000025,38.81836992900003],[23.518592168000055,38.81028004800004],[23.529868925000073,38.80787665100007],[23.540284720000045,38.798758656000075],[23.553409627000065,38.79802632900004],[23.56925626000003,38.78996020900007],[23.57316286100007,38.783185091000064],[23.57479388400003,38.780356450000056],[23.579566795000062,38.78464089600004],[23.581281353000065,38.78617998500005],[23.588872706000075,38.78449694600005],[23.586558748000073,38.777468087000045],[23.585868577000042,38.77537162900006],[23.590714873000024,38.76542465700004],[23.598184498000023,38.76820732300007],[23.605893172000037,38.77107904200005],[23.609328210000058,38.765974795000034],[23.609779349000064,38.76530443200005],[23.63806409700004,38.75316641000006],[23.647342870000045,38.75835895000006],[23.648279605000027,38.75888316100003],[23.65041554900006,38.75774337100006],[23.65451473400003,38.75555594800005],[23.659242877000054,38.75597490700005],[23.661809083000037,38.75620229700007],[23.663409201000036,38.75514022700003],[23.668089774000066,38.752033519000065],[23.683238551000045,38.75354766400005],[23.688914410000052,38.757384202000026],[23.693440579000026,38.760443620000046],[23.703184658000055,38.76703003000006],[23.716453810000075,38.75912219700007],[23.725396793000073,38.745837341000026],[23.737585055000068,38.734910023000054],[23.740531283000053,38.72792304800004],[23.749305049000043,38.725270968000075],[23.752196040000058,38.72028078200003],[23.751633824000066,38.717115335000074],[23.75108169300006,38.71400666400007],[23.756077751000078,38.70663403300006],[23.763659136000058,38.70321565000006],[23.767799827000033,38.70134864800008],[23.77171138700004,38.69958495800006],[23.782000157000027,38.69974804900005],[23.782057407000025,38.69973668400007],[23.79701128100004,38.69676820700005],[23.810027303000027,38.69418441100004],[23.822444765000057,38.68650509100007],[23.824909294000065,38.684980954000025],[23.82755288800007,38.68483158200007],[23.835361559000035,38.68439036400008],[23.846318994000058,38.678683482000054],[23.85726051000006,38.672984891000056],[23.876680906000047,38.672867463000046],[23.877632203000076,38.67286171100005],[23.89332532800006,38.67795057500007],[23.899592190000078,38.67342683100003],[23.92408534300006,38.66737535400006],[23.928955160000044,38.66617217700008],[23.95498430300006,38.66065469000006],[23.961046371000066,38.66369701200006],[23.96684202000006,38.66660562900006],[23.981066356000042,38.673744285000055],[23.980516656000077,38.67873729900003],[23.98354572900007,38.680843124000035],[23.988291841000034,38.677087209000035],[23.99914435200003,38.677763492000054],[24.006596518000038,38.67436045300008],[24.010017812000058,38.672798116000024],[24.010392728000056,38.67510097200005],[24.01115098300005,38.67975841400005],[24.025954166000076,38.68042746300006],[24.02897462900006,38.678725703000055],[24.031138792000036,38.677506391000065],[24.03338184100005,38.679585409000026],[24.038637020000067,38.68445628200004],[24.045652052000037,38.686424835000025],[24.048601356000063,38.68281822800003],[24.054515881000043,38.68368211400008],[24.06467296200003,38.678144958000075],[24.077608939000072,38.67906046400003],[24.09031050300007,38.67368090400004],[24.105072352000036,38.66742874000005],[24.12416326500005,38.666672610000035],[24.153634470000043,38.65137481600004],[24.15422256100004,38.64650219400005],[24.138667154000075,38.64458479500007],[24.13364486100005,38.639860672000054],[24.12333026700003,38.63015844600005],[24.122184532000063,38.61908768200004],[24.121618738000052,38.61362064800005],[24.121486386000072,38.61292717300006],[24.120169275000023,38.608964392000075],[24.121219205000045,38.60497224300008],[24.12380928300007,38.59512398800007],[24.134350706000077,38.58394823300006],[24.160188512000047,38.56658144000005],[24.175524970000026,38.558285726000065],[24.19594761700006,38.54723881800004],[24.212757488000022,38.53488056900005],[24.221296574000064,38.52860281900007],[24.228777241000046,38.526581349000026],[24.229482181000037,38.523690060000035],[24.223386316000074,38.51533494000006],[24.204960545000063,38.50226937800005],[24.202042583000036,38.500200275000054],[24.19939107700003,38.49832011400008],[24.18718205400006,38.48404424100005],[24.188867918000028,38.470416931000045],[24.19095615200007,38.45353714400005],[24.18999498000005,38.452852447000055],[24.183738885000025,38.44839587400003],[24.18619098000005,38.440188705000025],[24.180549693000046,38.43454017300007],[24.18524727500005,38.428659217000074],[24.191748217000054,38.42552947900003],[24.202906257000052,38.42015768300007],[24.206718584000043,38.41052635700004],[24.20330517800005,38.40691600100007],[24.195212664000053,38.41045338400005],[24.19275745500005,38.409801224000034],[24.189856494000026,38.40903066300007],[24.185755681000046,38.40407486300006],[24.188103392000073,38.39945190900005],[24.185086418000026,38.396037301000035],[24.18330812800008,38.39402463400006],[24.201413763000062,38.38355435600005],[24.205783912000072,38.38102715000008],[24.211525393000045,38.379427141000065],[24.211879061000047,38.368816483000046],[24.21803257700003,38.36400208800006],[24.214073505000044,38.35883129200005],[24.214813476000074,38.348917620000066],[24.214187602000038,38.34842663300003],[24.205337239000073,38.34148367200004],[24.206157993000033,38.337491372000045],[24.216994896000074,38.33288866600003],[24.218543512000053,38.33223093000004],[24.218290655000033,38.330198531000065],[24.217845797000052,38.326622874000066],[24.222919924000053,38.323533531000066],[24.22478930400007,38.32239537400005],[24.22779390900007,38.31690559000003],[24.23858019100004,38.31584339300008],[24.237334341000064,38.312130601000035],[24.235218841000062,38.30582614000008],[24.23483761600005,38.304690040000025],[24.236661122000044,38.30374961200005],[24.240131418000033,38.30195989400005],[24.24108504000003,38.29738026700005],[24.241636646000075,38.29473126100004],[24.243114709000054,38.294458047000035],[24.25129757700006,38.292945478000036],[24.255918761000032,38.28111213100004],[24.252079970000068,38.25590442500004],[24.257708614000023,38.24755059900008],[24.252983003000054,38.24434888400003],[24.24697724600003,38.24027984000003],[24.24854583700005,38.22821104700006],[24.259331535000058,38.22044634700006],[24.261333515000047,38.212116293000065],[24.270818526000028,38.20149661800008],[24.293760752000026,38.195113297000034],[24.30103996400004,38.18774363800003],[24.30310894300004,38.185648951000076],[24.31565985000003,38.181965923000064],[24.317106782000053,38.18255486100003],[24.327387016000046,38.18673917800004],[24.332732040000053,38.17772282300007],[24.33185577100005,38.173284599000056],[24.33065946100004,38.16722540100005],[24.333960886000057,38.16452385900004],[24.339759911000044,38.15977854300007],[24.346388783000066,38.16029408000003],[24.34819546400007,38.15639000900006],[24.35238868600004,38.15567443000003],[24.371172826000077,38.162994541000046],[24.37340358600005,38.16386386000005],[24.381036003000077,38.163963066000065],[24.396635307000054,38.16549138400006],[24.39892396500005,38.160568547000025],[24.399667273000034,38.15896971300003],[24.428052815000058,38.145794125000066],[24.446111878000067,38.14665617800006],[24.450304306000078,38.142931788000055],[24.45944133300003,38.14145808600006],[24.48037406000003,38.14254069400005],[24.482601414000044,38.14359648100003],[24.49108805000003,38.14761922800005],[24.50667074000006,38.14698610200003],[24.512579036000034,38.14428261300003],[24.514984361000074,38.14318199600007],[24.544744971000057,38.143292287000065],[24.547388255000044,38.14102169300003],[24.559224018000066,38.14252897500006],[24.56394391300006,38.145458259000065],[24.585076190000052,38.158573475000026],[24.590746108000076,38.155932403000065],[24.592216930000063,38.14950372900006],[24.58942205900007,38.13708290900007],[24.58540660500006,38.13330822700004],[24.58048087700007,38.11688093600003],[24.580303478000076,38.11662343000006],[24.574576310000054,38.10831006500007],[24.578822839000054,38.09360910100003],[24.579965429000026,38.09261113100007],[24.580924958000026,38.091773052000065],[24.579930524000076,38.09013175900003],[24.577687565000076,38.086429802000055],[24.577546334000033,38.078307504000065],[24.579715876000023,38.07488492900006],[24.58831473200007,38.06131975200003],[24.584229034000032,38.053380599000036],[24.581492745000048,38.024755937000066],[24.577011413000037,38.01892351200007],[24.567544543000054,38.010056502000054],[24.57062456400007,38.00485378800005],[24.571214128000065,38.003093481000064],[24.56458129600003,37.99768081900004],[24.56233246900007,37.98992553200003],[24.557449296000073,37.98739054600003],[24.55672607500003,37.97939561800007],[24.543882824000036,37.97601210500005],[24.538634715000057,37.97462950800008],[24.538397606000046,37.97193399200006],[24.53819375300003,37.969616537000036],[24.52972224800004,37.96638712200007],[24.528863272000024,37.966059673000075],[24.528738093000072,37.96575787100005],[24.52542299000004,37.95776528700003],[24.515996530000052,37.952588786000035],[24.498573277000048,37.94932945000005],[24.475758728000073,37.95609016100008],[24.47310492400004,37.96041947800006],[24.476669836000042,37.968655961000024],[24.47186223800003,37.977336998000055],[24.46120008300005,37.996589554000025],[24.45179227600005,38.00409977500004],[24.44905387700004,38.00485378800005],[24.435121588000072,38.00869002100006],[24.416561479000052,38.01321018800007],[24.392961515000025,38.00485378800005],[24.393979029000036,37.99816587300006],[24.38742735900007,37.99473109200005],[24.386602476000064,37.98634394800007],[24.389779739000062,37.98119890500004],[24.39131971100005,37.97870518000008],[24.397686358000044,37.97666625900007],[24.40091748100008,37.97851182100004],[24.402913498000032,37.97806753400005],[24.397686358000044,37.97225224300007],[24.387023740000075,37.97002255500007],[24.386595705000047,37.96076355900004],[24.374614232000056,37.963089790000026],[24.373617688000024,37.96836300900003],[24.36117190600004,37.97274485300005],[24.35599813400006,37.97882918200003],[24.349368731000027,37.97910716100006],[24.346464758000025,37.98447706600007],[24.33999424800004,37.986865461000036],[24.333960886000057,37.997141139000064],[24.33333506200006,37.99916850400007],[24.333200875000045,38.00351255100003],[24.333159444000046,38.00485378800005],[24.33295788500004,38.01137887600004],[24.321898935000036,38.014729457000044],[24.313998836000053,38.01712298700005],[24.30649985100007,38.02595699900007],[24.30725084000005,38.03304925100008],[24.31473390700006,38.03783471200006],[24.317582969000057,38.03965670200006],[24.320294854000053,38.04449543700008],[24.309580133000054,38.06608059400003],[24.29972426200004,38.070961286000056],[24.29437279900003,38.069672386000036],[24.286751306000042,38.067836750000026],[24.287098600000036,38.07614288800005],[24.28716803900005,38.077803636000056],[24.284620032000078,38.08282493000007],[24.259046715000068,38.09435324100008],[24.252261932000067,38.09253382700007],[24.24450259400004,38.09565947700003],[24.23736107600007,38.08857577900005],[24.237328973000047,38.088543936000065],[24.237172947000033,38.08855417900003],[24.20991733900007,38.09034352100008],[24.209891174000063,38.090345239000044],[24.202501742000038,38.08675124000007],[24.202132633000076,38.09119534600006],[24.207481133000044,38.09662199200005],[24.207795770000075,38.09694122600007],[24.20722894900007,38.11342267800006],[24.212869943000044,38.12226681000004],[24.20627078700005,38.12703062200006],[24.196095580000076,38.12596428300003],[24.182516344000078,38.124541210000075],[24.179331354000055,38.130393619000074],[24.19319800900007,38.14895978000004],[24.196791012000062,38.148536799000055],[24.199307429000044,38.148240557000065],[24.205599020000022,38.151949442000046],[24.210603108000043,38.16273515200004],[24.208111015000043,38.16899134400006],[24.206486132000066,38.180119845000036],[24.197766241000068,38.18572173800004],[24.195280574000037,38.18774363800003],[24.194262351000077,38.188571884000055],[24.192282969000075,38.19018195900003],[24.191564389000064,38.19275033200006],[24.185525061000078,38.21433631200006],[24.17910381300004,38.21783453300003],[24.15997512100006,38.22799894700006],[24.140316475000077,38.22536278700005],[24.140464380000026,38.22284981800004],[24.140745716000026,38.218069799000034],[24.132797604000075,38.21725611100004],[24.126641108000058,38.20808004200006],[24.11702635300003,38.22025701700005],[24.131538572000068,38.23322686100005],[24.132352001000072,38.23766730800003],[24.137347487000056,38.239387167000075],[24.139039714000035,38.24884458100007],[24.141907467000067,38.252515595000034],[24.149236579000046,38.26189760300008],[24.15779758000008,38.26773118500006],[24.154218826000033,38.27170543200003],[24.151371486000073,38.27958797800005],[24.140777117000027,38.28097880000007],[24.13016776300003,38.27178109700003],[24.12827954000005,38.26792170600004],[24.12295297000003,38.25703458600003],[24.11670889800007,38.252751956000054],[24.110923615000047,38.25362677900006],[24.10588236700005,38.25990030100007],[24.105293353000036,38.27391092500005],[24.099764578000077,38.27608892500007],[24.097255094000047,38.28058589700004],[24.106245842000078,38.28728364800003],[24.106818800000042,38.28733396800004],[24.113062484000068,38.28788231800007],[24.117682175000027,38.30073523300007],[24.110781433000056,38.30222272100008],[24.110110870000028,38.312130601000035],[24.109966830000076,38.31425886200003],[24.101089767000076,38.319191369000066],[24.09031050300007,38.32386220300003],[24.076890653000078,38.321577759000036],[24.07202152700006,38.326438634000056],[24.06312055500007,38.32491278700007],[24.049176293000073,38.32252239500008],[24.035412707000035,38.32380279600005],[24.023796579000077,38.328759141000035],[24.02693832700004,38.33650733400003],[24.033433179000042,38.333798957000056],[24.047697688000028,38.33615709000003],[24.049279838000075,38.33696829100006],[24.058896643000026,38.34189902600008],[24.059235193000063,38.349195601000076],[24.053615346000072,38.355319602000066],[24.052148834000036,38.360858251000025],[24.05062557100007,38.366611231000036],[24.049704907000034,38.37008834900007],[24.058398838000073,38.37724472800005],[24.04980960200004,38.39399270800004],[24.044375074000072,38.39512898700008],[24.03495540600005,38.39072821000008],[24.03168399900005,38.38919984000006],[24.01822915300005,38.39015591500004],[24.012541345000045,38.39465817100006],[24.010799057000042,38.396037301000035],[24.008226860000036,38.398073356000054],[23.997755217000076,38.39976530400003],[23.996632583000064,38.40321701700003],[23.993238749000056,38.40325104300007],[23.980889810000065,38.39649480800006],[23.980053585000064,38.396037301000035],[23.96331587800006,38.38687992600006],[23.961046371000066,38.38703540200004],[23.942388605000076,38.388313581000034],[23.925126179000074,38.384308360000034],[23.893854650000037,38.38411088600003],[23.88433572300005,38.39011461700005],[23.883035137000036,38.39093491600005],[23.879807509000045,38.391027423000025],[23.86872287400007,38.39134512100003],[23.863335405000043,38.39434790400003],[23.860304358000064,38.396037301000035],[23.85146702700007,38.400962915000036],[23.82338491400003,38.40477906000007],[23.812761675000047,38.397072551000065],[23.81133460700005,38.396037301000035],[23.80119866600006,38.388684298000044],[23.79701128100004,38.38941420900005],[23.782000157000027,38.39203082600005],[23.77404176500005,38.39077978800003],[23.767799827000033,38.393255976000034],[23.763659136000058,38.394898596000075],[23.76078870500004,38.396037301000035],[23.75401437100004,38.39872469200003],[23.74905179900003,38.400693354000055],[23.74555973200006,38.40037416200005],[23.736368561000063,38.39953404400006],[23.73177243600003,38.40306401400005],[23.723417523000023,38.40948085300005],[23.693440579000026,38.41245837200006],[23.68482977000008,38.408568940000066],[23.67564593000003,38.41060169000008],[23.67011154900007,38.40546859500006],[23.663765289000025,38.39958248800008],[23.65232709000003,38.40104144700007],[23.64869924900006,38.39869700400004],[23.639834188000066,38.40641886100008],[23.639806300000032,38.41417811100007],[23.63232821300005,38.421581701000036],[23.629315677000022,38.427140558000076],[23.621748656000022,38.42993777800007],[23.621312197000066,38.44117939100005],[23.621063222000032,38.44759208100004],[23.60792093300006,38.45630795100004],[23.60473182100003,38.450673262000066],[23.59766459800005,38.45269217100008],[23.594218083000044,38.446837575000075],[23.590149678000046,38.44666948500003],[23.58907258800008,38.448077037000076],[23.588490997000065,38.44883706500008],[23.592027689000076,38.45533876400003],[23.59220891700005,38.455671926000036],[23.588967136000065,38.460391807000065],[23.58551207000005,38.461079545000075],[23.581912266000074,38.46179609300003],[23.578349609000043,38.46250524800007],[23.577358203000074,38.46270258900006],[23.571195528000032,38.45767934500003],[23.570423874000028,38.45435009000005],[23.56938883400005,38.44988447600008],[23.571450123000034,38.44736717100005],[23.572655909000048,38.445894631000044],[23.577230834000034,38.44623385700004],[23.58106255100006,38.44651797500006],[23.58551207000005,38.444889052000065],[23.586364812000056,38.44457687200003],[23.598111368000048,38.440276580000045],[23.593841835000035,38.436426469000025],[23.601922810000076,38.425707052000064],[23.59276655900004,38.420593706000034],[23.594295405000025,38.417074365000076],[23.61053026700006,38.41739166200006],[23.612907256000028,38.417438118000064],[23.632236699000032,38.40996535900007],[23.628870447000054,38.39967756900006],[23.627679320000027,38.396037301000035],[23.627097958000036,38.39426056900004],[23.631664200000046,38.37743866400007],[23.639079697000057,38.37363065100004],[23.640823804000036,38.365955359000054],[23.65340260100004,38.35412563300008],[23.655134537000038,38.35249683400008],[23.665976760000035,38.349636376000035],[23.666488241000025,38.34950143400005],[23.666578764000064,38.34940635100003],[23.672548521000067,38.34313582400006],[23.679150813000035,38.33969496800006],[23.69041799400003,38.34029739600004],[23.693440579000026,38.338814306000074],[23.697288207000042,38.336926393000056],[23.712802787000044,38.335434389000056],[23.722468238000033,38.33856502000003],[23.727618093000046,38.340233054000066],[23.729508767000027,38.338184467000076],[23.734624378000035,38.33264158800006],[23.75100509300006,38.33518669100005],[23.76270837000004,38.33638996600007],[23.763659136000058,38.33648771900005],[23.767799827000033,38.33691344500005],[23.77219499200004,38.33736533500007],[23.77791544400003,38.33344217500007],[23.781015919000026,38.32768414200007],[23.783479698000065,38.32310854600007],[23.79133415000007,38.32157985200007],[23.794235144000027,38.32160196600006],[23.79701128100004,38.322111988000074],[23.79890791500003,38.322460431000025],[23.803304156000024,38.32459617200004],[23.808920124000053,38.32732446800003],[23.81491378900006,38.32396138100006],[23.83593189800007,38.31216797700006],[23.866868645000068,38.30779811900004],[23.885175708000077,38.29801460600004],[23.89559640600004,38.29561263100004],[23.90701152500003,38.29727045800007],[23.909012715000074,38.29756109300007],[23.924200444000064,38.29228892300006],[23.935550469000077,38.28834894900007],[23.94591927600004,38.28599457000007],[23.956131092000078,38.28367583800008],[23.961046371000066,38.27890727100004],[23.96664376900003,38.27347694500003],[23.975992752000025,38.26440701300004],[23.981873853000025,38.26183901400003],[24.030151701000023,38.22240088400008],[24.044965338000054,38.21573851800008],[24.04527977500004,38.21559710200006],[24.04539681700004,38.21542043300008],[24.05058122400004,38.207594878000066],[24.06341359000004,38.20213852300003],[24.071652485000072,38.198635323000076],[24.072292650000065,38.19252923100004],[24.06619721900006,38.19021680000003],[24.06406542800005,38.18940806000006],[24.06292877800007,38.18774363800003],[24.05920905800008,38.18229676300007],[24.065611078000074,38.170699564000074],[24.06928907500003,38.169745196000065],[24.074139571000046,38.168486588000064],[24.077264349000075,38.16407152700003],[24.07198171300007,38.16164576400007],[24.062168803000077,38.15713971800005],[24.05888410600005,38.140100861000064],[24.057593073000078,38.13340382500007],[24.053128598000058,38.13758085000006],[24.049300478000077,38.141162491000046],[24.028710965000073,38.13918524300004],[23.99291616000005,38.118951580000044],[23.980580802000077,38.103649165000036],[23.984736975000033,38.08644955600005],[23.988538364000078,38.081563999000025],[23.998883673000023,38.06826817600006],[23.99735367200003,38.05103420900008],[24.002146134000043,38.04050059100007],[24.001751100000035,38.034435624000025],[24.001627702000064,38.03254109100004],[24.00463918300005,38.03005568700007],[24.009042692000037,38.02642142800005],[24.010244132000025,38.02162417400007],[24.01063984700005,38.020044116000065],[24.01161860600007,38.019556556000055],[24.018450925000025,38.01615309500005],[24.018823174000033,38.01141673500007],[24.024127186000044,38.006805600000064],[24.024073329000032,38.00485378800005],[24.023966484000027,38.000981670000044],[24.02394570200005,38.00022850700003],[24.027155093000033,37.99590513000004],[24.029932140000028,37.99216416300004],[24.02112529200008,37.988452077000034],[24.012705465000067,37.98490312100006],[24.00717585900003,37.96803541500003],[24.00883956000007,37.95853193200003],[24.014053210000043,37.94806553800004],[24.015512500000057,37.94513601600005],[24.016883307000057,37.94238412300007],[24.009660712000027,37.93030549300005],[24.00931630900004,37.93001780000003],[24.004169293000075,37.925718310000036],[24.01532472200006,37.92192341100008],[24.022221108000053,37.92234079200006],[24.030005536000033,37.922811918000036],[24.04470750300004,37.903128905000074],[24.042309955000064,37.89575664700004],[24.03089687000005,37.89157275000008],[24.02028044800005,37.89204614700003],[24.010668003000035,37.89247477500004],[24.009567292000042,37.889237697000056],[24.015460160000032,37.88568279200007],[24.016644503000066,37.87916503200006],[24.02783890300003,37.870637454000075],[24.032668968000053,37.87147413300005],[24.042678718000047,37.87320805200005],[24.04353450800005,37.86417361100007],[24.043601396000042,37.86346748900007],[24.04662744600006,37.862095476000036],[24.057734335000077,37.857059606000064],[24.053934215000027,37.84814092200003],[24.049466409000047,37.83765521600003],[24.053017183000065,37.83467796700006],[24.05836501400006,37.830193923000024],[24.052523371000063,37.827428299000076],[24.050585799000032,37.82651098900004],[24.04845384300006,37.82179976800006],[24.05555752500004,37.817287743000065],[24.062963453000066,37.812583740000036],[24.064673655000036,37.80716345400003],[24.065321308000023,37.80511079200005],[24.066804666000053,37.80479677300008],[24.072959427000058,37.80349384200008],[24.08264721300003,37.796818647000066],[24.084968907000075,37.781249493000075],[24.08182512600007,37.77466166000005],[24.08021291800003,37.77128325800004],[24.07868098000006,37.75906039800003],[24.07507957400003,37.757044575000066],[24.077286642000047,37.750995035000074],[24.079335401000037,37.74537941500006],[24.07344770700007,37.74437984900004],[24.06552501300007,37.743034797000064],[24.066588938000052,37.74083773800004],[24.06738391400006,37.73919607300007],[24.06915289500006,37.73554304100003],[24.063992134000046,37.736296528000025],[24.05882711000004,37.73705063800003],[24.05374431300004,37.72805032600007],[24.05748575900003,37.72536631600008],[24.063485971000034,37.72106192800004],[24.063851210000053,37.71372650500007],[24.060607377000053,37.71194394100007],[24.057704984000054,37.71034900700005],[24.06254279500007,37.70362200400007],[24.065802855000072,37.69908887300005],[24.06382950400007,37.69808939500007],[24.058652636000033,37.69546737400003],[24.065634826000064,37.690326852000055],[24.070722508000074,37.68658112900005],[24.07076372100005,37.682153010000036],[24.061393791000057,37.675688199000035],[24.057516002000057,37.67608450900008],[24.05291591200006,37.676554639000074],[24.051229242000034,37.67313470800008],[24.049612616000047,37.66985680200003],[24.049611860000027,37.66985526800005],[24.049608816000045,37.66985380700004],[24.038690227000075,37.664613521000035],[24.032739794000065,37.65656136000007],[24.027961875000074,37.65009585300004],[24.023945911000055,37.650729772000034],[24.020493513000076,37.65535092700003],[24.019540479000057,37.65662659700007],[24.016188627000076,37.65631342900008],[24.009083383000075,37.65564957500004],[24.001616021000075,37.659571622000044],[23.999294330000055,37.660791033000066],[23.98943127900003,37.66251247400004],[23.989016771000024,37.662388606000036],[23.98296812700005,37.660581087000025],[23.98101708100006,37.65727556100006],[23.971668805000036,37.66533739000005],[23.963859704000072,37.66537692500003],[23.939935324000032,37.67188034600008],[23.93826146400005,37.67313470800008],[23.941313973000035,37.67936991300007],[23.93761305700008,37.685944488000075],[23.93896858200003,37.70179623400003],[23.936431241000037,37.708171048000054],[23.942170007000072,37.71277612000006],[23.944801648000066,37.71488787900006],[23.945285932000047,37.72161445900008],[23.93606295400008,37.72367965800004],[23.93224956800003,37.72127609900008],[23.922067987000048,37.71485869600008],[23.90951397500004,37.722860628000035],[23.904841263000037,37.73244198200007],[23.904435328000034,37.741333558000065],[23.90279796300007,37.75176076200006],[23.900855105000062,37.764133437000055],[23.902330660000075,37.76971476500006],[23.894668903000024,37.77735549200003],[23.89202038700006,37.77615389600004],[23.88491034900005,37.77292816900007],[23.88588257600003,37.78289531900003],[23.88607606100004,37.78487890900004],[23.865191654000057,37.80143338700003],[23.848906514000078,37.80591334600007],[23.842228324000075,37.812583740000036],[23.84023243100006,37.81457730300008],[23.834956049000027,37.812583740000036],[23.830581185000028,37.81093079600004],[23.827406161000056,37.80973118400004],[23.823792355000023,37.812583740000036],[23.820317154000065,37.81532688900006],[23.814615287000038,37.81982765500004],[23.804811535000056,37.818963161000056],[23.801973085000043,37.812583740000036],[23.79904492600008,37.80600269900003],[23.79701128100004,37.80143207900005],[23.796193995000067,37.799595228000044],[23.78773892600003,37.79846589500005],[23.786057473000028,37.80108030100007],[23.779126001000066,37.811857693000036],[23.768445781000025,37.814061468000034],[23.76335725900003,37.815111442000045],[23.76735588300005,37.82517046400005],[23.769723361000047,37.83112614200007],[23.766638413000067,37.836099983000054],[23.756402510000044,37.84294982000006],[23.755723379000074,37.84340429300005],[23.754933562000076,37.84419517500004],[23.749979308000036,37.849156108000045],[23.748882069000047,37.84932554900007],[23.742986990000077,37.85023589700006],[23.743593100000055,37.85380946600003],[23.748927699000035,37.859480922000046],[23.74121952200005,37.86575840100005],[23.73119732500004,37.87392039900004],[23.727383565000025,37.87916503200006],[23.717577680000034,37.892649954000035],[23.71798473700005,37.90181318200007],[23.700510288000032,37.91722090600007],[23.693440579000026,37.92188045700004],[23.683796674000064,37.92823662700005],[23.688727002000064,37.935443914000075],[23.682129812000028,37.942365359000064],[23.67222833200003,37.941893038000046],[23.65269821000004,37.93498417700005],[23.647203558000058,37.93876807000004],[23.645198746000062,37.937128072000064],[23.64853036900007,37.933874966000076],[23.648200926000072,37.93327341500003],[23.646889352000073,37.93087852900004],[23.634973652000042,37.92678198600004],[23.629071065000062,37.92878779200004],[23.625652114000047,37.936141829000064],[23.625898835000044,37.93622360400008],[23.639127880000046,37.94060832500003],[23.641432889000043,37.94624371900005],[23.637861087000033,37.947583863000034],[23.630663146000074,37.941440571000044],[23.619497309000053,37.941675356000076],[23.618138096000052,37.94170393600007],[23.61543375100007,37.94513601600005],[23.615228681000076,37.94539627000006],[23.616524236000032,37.94806553800004],[23.612617014000023,37.948298555000065],[23.607978340000045,37.94857519300007],[23.608397456000034,37.95303613500005],[23.608767795000063,37.95697791400005],[23.605826883000077,37.96109167600008],[23.59888231800005,37.95874371200006],[23.59596326600007,37.95775677700004],[23.592964194000047,37.95243702100004],[23.58551207000005,37.958162224000034],[23.55792379600007,37.962687620000054],[23.552634917000034,37.97726947000007],[23.552634917000034,37.98013630000003],[23.559622916000023,37.98371402500004],[23.567252739000025,37.98762035200008],[23.571394387000055,37.99322432400004],[23.568207250000057,37.99583820300006],[23.570414412000048,37.99894950400005],[23.576747427000043,37.99786403200005],[23.582947240000067,37.996801391000076],[23.58551207000005,37.998142452000025],[23.58960229400003,38.000281088000065],[23.59326628100007,38.00485378800005],[23.59615113600006,38.008454123000035],[23.59337662400003,38.01175861000007],[23.595406066000066,38.01378825200004],[23.597265892000053,38.015648261000024],[23.59848088600006,38.023790854000026],[23.595163376000073,38.031082602000026],[23.58551207000005,38.03830764600008],[23.578863066000054,38.04328514200006],[23.56733418700003,38.04607430000004],[23.564960561000078,38.03956319400004],[23.56462884800004,38.038653270000054],[23.558874993000074,38.039522727000076],[23.556837381000037,38.03983062700007],[23.556271578000064,38.039505414000075],[23.54623783900007,38.033738217000064],[23.534505883000065,38.03936067800004],[23.52700617000005,38.04295486400008],[23.520089553000048,38.043367929000055],[23.51123029000007,38.03674176800007],[23.498259503000043,38.03581961500004],[23.49622624500006,38.03222467400008],[23.49317430800005,38.02682863900003],[23.483848501000068,38.02594019600008],[23.469540375000065,38.02470078400006],[23.45103161000003,38.02309750100005],[23.44063911300003,38.012004459000025],[23.44040879000005,38.01175861000007],[23.440007483000045,38.011536352000064],[23.427941471000054,38.00485378800005],[23.419092619000025,37.99995299600005],[23.41672486300007,37.99428141300007],[23.414344096000036,37.98857866600008],[23.407013438000035,37.98708419700006],[23.39460376100004,37.98455429000006],[23.389447605000043,37.98012362900005],[23.39557779200004,37.97860914600005],[23.415146157000038,37.97377471800007],[23.41727125400007,37.97120814600004],[23.415165414000057,37.969785339000055],[23.40089165100005,37.96978257100005],[23.38892102400007,37.97386058300003],[23.388587003000055,37.97397437300003],[23.387420087000066,37.97387702800006],[23.37047331100007,37.97246331100007],[23.364589826000042,37.97412717000003],[23.352168322000068,37.97763999000006],[23.327676832000066,37.97717901800007],[23.322399542000028,37.97458943200007],[23.31768456800006,37.97227577600006],[23.305855162000057,37.97082517100006],[23.28777864700004,37.974968759000035],[23.276770445000068,37.97749211300004],[23.252271335000046,37.976469429000076],[23.226792912000064,37.971265998000035],[23.21032965200004,37.961511323000025],[23.199788940000076,37.95526582700006],[23.17969936800006,37.95159003400005],[23.16595779900007,37.94806553800004],[23.15482548600005,37.93858497300005],[23.133956217000048,37.920812167000065],[23.099654373000078,37.91557017400004],[23.08825338300005,37.91784219600004],[23.064046547000032,37.912397164000026],[23.057867026000054,37.91347938100006],[23.053245263000065,37.91865480700005],[23.051502821000042,37.920605984000076],[23.03765006900005,37.91887568100003],[23.027083941000058,37.91850565000004],[23.016753390000076,37.923133035000035],[23.013301213000034,37.921724693000044],[23.00918035500007,37.91366127100008],[23.01426683300008,37.903063099000065],[23.015745115000072,37.89998295400005],[23.00715039800008,37.89169525900007],[22.99415598300004,37.87916503200006],[22.99640578900005,37.87051647200008],[23.000395409000078,37.868030573000055],[22.998766579000062,37.86108960700005],[23.00388834300003,37.85109685600003],[23.01434118900005,37.84375883200005],[23.032477802000074,37.84729548400003],[23.039465781000047,37.844914103000065],[23.048496336000028,37.846083778000036],[23.064363454000045,37.84012215800004],[23.06676447600006,37.842889641000056],[23.07841839200006,37.841943386000025],[23.093262353000057,37.844345272000055],[23.11119599500006,37.847247096000046],[23.116119196000056,37.84130795500005],[23.125685485000076,37.84119634500007],[23.13443237300004,37.83321098600004],[23.140121,37.83186714300007],[23.147701796000035,37.82225611500007],[23.163118179000037,37.812583740000036],[23.165384052000036,37.811197572000026],[23.16615199100005,37.805511092000074],[23.166164537000043,37.80541819000007],[23.16625481400007,37.80544012800004],[23.17268761400004,37.807003320000035],[23.177974757000072,37.803078569000036],[23.174825053000063,37.79237592800007],[23.178328556000054,37.77794293100004],[23.174035176000075,37.77545460700003],[23.154941291000057,37.76438832300005],[23.15411917700004,37.76268801500004],[23.152113692000057,37.75854024300003],[23.132775947000027,37.758554909000054],[23.130507058000035,37.758556630000044],[23.13181824800006,37.76396052900003],[23.12722412900007,37.76568176100005],[23.11712955200005,37.75638143400005],[23.119303480000042,37.744662162000054],[23.12243284400006,37.74083773800004],[23.122976127000072,37.74017378600007],[23.127885508000077,37.73417398700008],[23.12090233200007,37.73299764500007],[23.119882819000054,37.73282590400004],[23.12003173900007,37.72998505400005],[23.14159018500004,37.72392690300006],[23.14677957200007,37.72084613700008],[23.157619856000053,37.71441062300005],[23.165100446000054,37.714586455000074],[23.174725738000063,37.71481269800006],[23.169926028000077,37.70640985800003],[23.17154394100004,37.700835608000034],[23.15783052300003,37.68392199600004],[23.15183159700007,37.67652314700007],[23.157446979000042,37.66762563300006],[23.161412389000077,37.66198042700006],[23.164482175000046,37.65761024300008],[23.164019179000036,37.65614993100007],[23.163339703000076,37.65400683000007],[23.165858632000038,37.65203570400007],[23.168632986000034,37.64986470100007],[23.168571842000063,37.64304385200006],[23.165593939000075,37.64162758500004],[23.158992930000068,37.638488196000026],[23.16364823500004,37.63408126500008],[23.16461741100005,37.633163797000066],[23.16258662000007,37.62996384200005],[23.15783058100004,37.62246966400005],[23.16393585800006,37.61479443200005],[23.176139857000067,37.61067185300004],[23.200378692000072,37.59665284400006],[23.205433028000073,37.59498209900005],[23.20602561000004,37.594687520000036],[23.21212402900005,37.59165593100005],[23.21431557300008,37.59126295400006],[23.222438969000052,37.58782184700004],[23.232959178000044,37.58449852500007],[23.235500071000047,37.58442938300004],[23.243066654000074,37.58422348200003],[23.262348581000026,37.57308368500003],[23.26538497000007,37.566944172000035],[23.270240883000042,37.55712562200006],[23.28677400600003,37.54916166700008],[23.28841316000006,37.54895405000008],[23.302466140000035,37.54717408100004],[23.306224800000052,37.54252720900007],[23.31109249900004,37.536509221000074],[23.321821089000025,37.53246208000007],[23.342341918000045,37.53603452200008],[23.367618263000054,37.55221536100004],[23.35789546500007,37.56612348900006],[23.35863828400005,37.575481883000066],[23.35318107100005,37.57822320500003],[23.348483358000067,37.580583008000076],[23.34736642300004,37.58421210700004],[23.346639733000075,37.58657323700004],[23.33367624400006,37.59977527900003],[23.32692254500006,37.60510655200005],[23.318363728000065,37.611862760000065],[23.30531786100005,37.61253660400007],[23.30864952400003,37.61865323300003],[23.320284961000027,37.622894674000065],[23.32422791600004,37.63163405500006],[23.333959595000067,37.63103920100008],[23.33641103800005,37.632273111000075],[23.339453356000035,37.63380443300008],[23.34372023700007,37.63595212700005],[23.383349812000063,37.64040379800008],[23.401857390000032,37.63485011400007],[23.413678384000036,37.61657082900007],[23.408511433000058,37.60231734800004],[23.40552843300003,37.592325869000035],[23.39370367600003,37.58175714300006],[23.38837873700004,37.57699782200007],[23.38890116600004,37.572264903000075],[23.38913444900004,37.57015148200003],[23.383349812000063,37.56006309700007],[23.382543875000067,37.55969961400007],[23.373300545000063,37.55553081000005],[23.370537811000077,37.555006551000076],[23.372365942000044,37.55200194100007],[23.383349812000063,37.54900140900003],[23.38636298600005,37.544409554000026],[23.402951132000055,37.53640314000006],[23.417635328000074,37.52931568400004],[23.412902416000065,37.52172485500006],[23.406888690000073,37.51922243700005],[23.40331186700007,37.51935484400008],[23.392427694000048,37.51975775400007],[23.389861834000044,37.51714289100005],[23.39183485800004,37.50967016300007],[23.39645145700007,37.50830680900003],[23.403047624000067,37.51040188400003],[23.422120782000036,37.504864747000056],[23.436810493000053,37.50451656600006],[23.444637344000057,37.49851311900005],[23.447968812000056,37.497348930000044],[23.455522747000032,37.49470918900005],[23.477382857000066,37.485382687000026],[23.47886515600004,37.47603806600006],[23.49569439000004,37.47192132400005],[23.499288918000047,37.47104203600003],[23.519050261000075,37.454403039000056],[23.51611078800005,37.43854489700004],[23.53073127600004,37.437732168000025],[23.532874305000064,37.43512785300004],[23.520220712000025,37.43460789000005],[23.497018859000036,37.42308413100005],[23.478998035000075,37.42195669900008],[23.450774097000078,37.41345102500003],[23.424419604000036,37.411701194000045],[23.409829096000067,37.40419109000004],[23.389497214000073,37.410832467000034],[23.377827490000072,37.41148080700003],[23.370329343000037,37.41202820900003],[23.34253485100004,37.414057343000025],[23.33378344700003,37.412437484000066],[23.318406966000055,37.40329311000005],[23.311782126000026,37.401671485000065],[23.31077474800003,37.399578750000046],[23.30838443600004,37.39461309700005],[23.297363994000023,37.39406085600007],[23.289206856000078,37.39686374300004],[23.285071583000047,37.398284671000056],[23.278784269000028,37.404746584000065],[23.26961232900004,37.405897786000025],[23.262209037000048,37.400451478000036],[23.260105897000074,37.393639516000064],[23.25922915500007,37.39079979300004],[23.254339309000045,37.38956833000003],[23.24935858200007,37.38831398000008],[23.249880205000068,37.38642022300007],[23.250696296000058,37.383457399000065],[23.24563700300007,37.38342454000008],[23.234682170000042,37.38335339200006],[23.22599863800008,37.37907271700004],[23.225408445000028,37.37240590600004],[23.229064015000063,37.36673870000004],[23.239294044000076,37.368783732000054],[23.241981492000036,37.36802901500005],[23.249358676000043,37.365957277000064],[23.247054939000066,37.36076909800005],[23.24636917500004,37.359224710000035],[23.247725884000033,37.35546004200006],[23.250813811000057,37.35539028900007],[23.266064048000032,37.35504580300005],[23.274147861000074,37.34964216800006],[23.27229270600003,37.34544026200007],[23.263810256000056,37.34317593900005],[23.23793848200006,37.344724849000045],[23.229774660000032,37.34521360700006],[23.202574338000034,37.340896471000065],[23.192328127000053,37.34036124200003],[23.18104934100006,37.33074407400005],[23.17965717900006,37.32187037800003],[23.18508553500004,37.31868330400005],[23.186582386000055,37.317804479000074],[23.190043049000053,37.31577267000006],[23.198624344000052,37.30382057700007],[23.19704519000004,37.29365618200006],[23.183281645000022,37.29409410300008],[23.175953828000047,37.28794883100005],[23.169202918000053,37.28726112500004],[23.160650041000054,37.294905011000026],[23.145902789000047,37.298041795000074],[23.13798590500005,37.308814623000046],[23.143891783000072,37.31568634800004],[23.14423578000003,37.31608660200004],[23.15471142100006,37.31868330400005],[23.155193548000057,37.321035222000035],[23.152166046000048,37.32511398300005],[23.14466804600005,37.32720130200005],[23.140779458000054,37.32042079900003],[23.139783012000066,37.31868330400005],[23.137954394000076,37.31789447400007],[23.12730408500005,37.31633591700006],[23.123786323000047,37.31868330400005],[23.111802596000075,37.33074407400005],[23.116086263000057,37.33447676000003],[23.117319450000025,37.33428330500004],[23.122323721000043,37.333498263000024],[23.124700709000024,37.33692554600003],[23.123241473000064,37.342014575000064],[23.10862925200007,37.350682240000026],[23.09613817500008,37.35087792500008],[23.072965733000046,37.35124094400004],[23.06691530300003,37.35400913600006],[23.071658051000043,37.36079218900005],[23.073441755000033,37.363343232000034],[23.07374034000003,37.37458785600006],[23.073759524000025,37.37531030200006],[23.06568429200007,37.392113137000024],[23.079030989000046,37.38906863700004],[23.085266130000036,37.387646346000054],[23.10046760700004,37.39088965900004],[23.106511950000026,37.39918498900005],[23.110217098000078,37.39945232200006],[23.112109495000027,37.40647030000008],[23.11138893100008,37.40897253600008],[23.109923343000048,37.41406194600006],[23.111672567000028,37.42137103400006],[23.12412358000006,37.416805827000076],[23.125525582000023,37.41629177800007],[23.131288141000027,37.40988217300003],[23.13976227300003,37.41196357100006],[23.14070060000006,37.41639573800006],[23.131011908000062,37.42199381300003],[23.13309509800007,37.42632691400007],[23.13136525300007,37.43742424100003],[23.12157698900006,37.440975954000066],[23.123131969000042,37.44208907600006],[23.123096066000073,37.44750510700004],[23.11876596700006,37.45069388200005],[23.09036640100004,37.45452350900007],[23.07493012900005,37.45207732600005],[23.06066062000008,37.44981603900004],[23.044081083000037,37.45737855400006],[23.05121842500006,37.461997617000065],[23.053989520000073,37.463790982000035],[23.04604570300006,37.47785130400007],[23.039439497000046,37.47952015300007],[23.01892797200003,37.471489304000045],[23.017007095000054,37.47073722600004],[23.004563252000025,37.45997687000005],[23.00322404800005,37.47137366100003],[22.997335677000024,37.47793586900008],[22.992777553000053,37.48301560400006],[22.98989677700007,37.49249875500004],[22.988423399000055,37.497348930000044],[22.981763197000078,37.511424401000056],[22.976129918000026,37.516431114000056],[22.94780193500003,37.51957925100004],[22.935772368000073,37.52091611700007],[22.935652008000034,37.524756652000065],[22.935508517000073,37.52933530300004],[22.924580736000053,37.53562732300003],[22.91913396800004,37.53402525300004],[22.922739900000067,37.52634504300005],[22.89929531200005,37.53205347800008],[22.884083172000032,37.52936365100004],[22.873096488000044,37.527759169000035],[22.864797573000033,37.525062510000055],[22.860101779000047,37.51964504100005],[22.856509714000026,37.51550092800005],[22.854346419000024,37.513005167000074],[22.85216586400003,37.51480703100003],[22.84557456300007,37.52025363800004],[22.845118392000074,37.52032686300004],[22.83638581100007,37.521728618000054],[22.829452582000044,37.529007851000074],[22.820090949000075,37.52860586500003],[22.81788236400007,37.535153672000035],[22.822409950000065,37.53844137800007],[22.821315782000056,37.54239124500003],[22.82066057700007,37.544756489000065],[22.81797425800005,37.54548874900007],[22.812632506000057,37.546944849000056],[22.79973593400007,37.56156232400008],[22.792899397000042,37.56303143200006],[22.79580988600003,37.566034529000035],[22.801321889000064,37.571721919000026],[22.79060593400004,37.58354230500004],[22.786611910000033,37.58691751600003],[22.78114157300007,37.58884823200003],[22.77218907400004,37.58991660800007],[22.761283796000043,37.58865334700005],[22.74709519700008,37.584636653000075],[22.74330694300005,37.582832652000036],[22.738654862000033,37.58068045700003],[22.734342489000028,37.578685422000035],[22.730268555000066,37.57627091300003],[22.72508586300006,37.57263950300006],[22.719190970000056,37.56567860700005],[22.717838911000058,37.55900026200004],[22.722901811000042,37.54437661700007],[22.727871926000034,37.53610551700007],[22.735592089000022,37.52325787800004],[22.737954013000035,37.511534840000024],[22.731483138000044,37.49925992900006],[22.73047573100007,37.497348930000044],[22.727879104000067,37.48694172200004],[22.733708926000077,37.47693946800007],[22.74041386500005,37.47090415500003],[22.74838617300003,37.46372804600003],[22.746914614000048,37.45861818900005],[22.746202268000047,37.45614463000004],[22.748980584000037,37.45040560600006],[22.749449777000052,37.44063283600008],[22.758104359000072,37.43439498600003],[22.76121153500003,37.431598001000054],[22.77127895600006,37.42253561700005],[22.768882880000035,37.41551386500004],[22.763726267000038,37.41344103400007],[22.763560023000025,37.41337420800005],[22.75685326100006,37.405069652000066],[22.753722168000024,37.393375554000045],[22.76211486400007,37.38714417500006],[22.764118119000045,37.386935839000046],[22.766787717000057,37.38683951400003],[22.77378949200005,37.386586875000035],[22.789829997000027,37.36412155000005],[22.797694079000053,37.35942381800004],[22.79815168500005,37.354752844000075],[22.79861062200007,37.350068289000035],[22.802586225000027,37.34850441200007],[22.803322800000046,37.34821466600005],[22.80384925800007,37.346570400000076],[22.80561256200008,37.34106314500008],[22.808115713000063,37.340037421000034],[22.814092798000047,37.33758817100005],[22.813423578000027,37.334604702000036],[22.81193932800005,37.33418253700006],[22.808751017000077,37.333275687000025],[22.809746999000026,37.32951757500007],[22.817163513000025,37.326183040000046],[22.826688957000044,37.32190030900006],[22.822832752000068,37.31750205600008],[22.820848540000043,37.315238933000046],[22.827977089000058,37.309304231000056],[22.834036670000046,37.29584742600008],[22.838693400000068,37.293215548000035],[22.840894751000064,37.291971395000076],[22.84042401000005,37.29056556300003],[22.838139983000076,37.28374448500006],[22.839605964000043,37.27964224400006],[22.85125630600004,37.27397868600008],[22.861516837000067,37.26899075400007],[22.858052674000078,37.26357179400003],[22.85523452700005,37.259163390000026],[22.859428802000025,37.24898158600007],[22.869767470000056,37.245633594000026],[22.873457943000062,37.24443850000006],[22.882156331000033,37.23336894800008],[22.889870260000066,37.222204101000045],[22.892478663000077,37.21842879700006],[22.89355647700006,37.209206841000025],[22.894615867000027,37.20014251900005],[22.900891882000053,37.19797455200006],[22.903005019000034,37.197244597000065],[22.909030854000036,37.19066071100008],[22.90132214500005,37.178470600000026],[22.90041273500003,37.17703251000006],[22.89939700900004,37.16662166800006],[22.896331185000065,37.156498104000036],[22.895216599000037,37.152817664000054],[22.892350193000027,37.14335259400008],[22.894432573000074,37.13625213600005],[22.892542570000046,37.13020545300003],[22.89549265000005,37.12255321300006],[22.90945503000006,37.110499212000036],[22.92443376700004,37.109068266000065],[22.92557643400005,37.11126348300007],[22.929576187000066,37.11894754300005],[22.94415711000005,37.11457600500006],[22.956539147000058,37.11644256200003],[22.96007575300007,37.10913054900004],[22.958755675000077,37.105904476000035],[22.955891455000028,37.09890474900004],[22.962679224000055,37.09604540600003],[22.962576376000072,37.09010291000004],[22.968733231000044,37.08933867200005],[22.972220571000037,37.08358152400007],[22.976117626000075,37.083326717000034],[22.982708881000065,37.08289575100008],[22.981648198000073,37.077983964000055],[22.984462945000075,37.073297757000034],[22.982162794000033,37.07056288600006],[22.97750828900007,37.068916622000074],[22.973388189000048,37.07060783900005],[22.967978146000064,37.07282855200003],[22.96520194900006,37.07076190200007],[22.96843010300006,37.06436148700004],[22.971024641000042,37.05921733500003],[22.97483789900008,37.05739198200007],[22.978557607000027,37.05561141100003],[22.980757526000048,37.047947271000055],[22.99164690400005,37.04382959700007],[23.003388433000055,37.023921477000044],[22.997946932000048,37.016218337000055],[23.002662212000075,37.00881811700003],[23.00115403600006,37.00061781200003],[23.005275803000075,36.986240302000056],[22.999556201000075,36.98418545900006],[22.996077515000025,36.98293569500004],[22.992160634000072,36.974166119000074],[22.998752611000043,36.96699567600007],[23.00130491300007,36.96755105900007],[23.008652683000037,36.96914994100007],[23.00734098500004,36.95811684700004],[23.012602092000066,36.949354361000076],[23.018751015000078,36.945835260000024],[23.012500068000065,36.94072681200004],[23.011495208000042,36.939905613000064],[23.016689557000063,36.92951502000005],[23.017903905000026,36.92777890000008],[23.031706693000046,36.908045438000045],[23.034339776000024,36.89771489800006],[23.038621732000024,36.88738508000006],[23.03658279800004,36.884081120000076],[23.039439497000046,36.880599551000046],[23.04935113500005,36.86510217600005],[23.047886473000062,36.86183665600004],[23.047467419000043,36.86090235900008],[23.039439497000046,36.85966169500006],[23.039439497000046,36.85759950500005],[23.046356848000073,36.85598782300008],[23.047038884000074,36.84923652800006],[23.05710372300007,36.842720230000054],[23.053281945000037,36.838033616000075],[23.06272240900006,36.83244593300003],[23.071341205000067,36.83128813700006],[23.071425684000076,36.83127678900007],[23.071681108000064,36.830845433000036],[23.073876965000068,36.82713709600006],[23.078805080000052,36.82062800800003],[23.07965939500008,36.82045414600003],[23.08869945600003,36.818614395000054],[23.084757767000042,36.81147085400005],[23.083435421000047,36.80907436200005],[23.084552297000073,36.80684998800007],[23.08981663900005,36.79636549700007],[23.088626223000063,36.78354844900008],[23.095314531000042,36.78594738000004],[23.096881075000056,36.78650926100005],[23.098821432000022,36.77855724400007],[23.107167823000054,36.775870714000064],[23.109255758000074,36.772070244000076],[23.100082890000067,36.765243343000066],[23.09083729200006,36.76197531100007],[23.084844314000065,36.75985697900006],[23.084920864000026,36.74853733300006],[23.08494915800003,36.74435339100006],[23.088413742000057,36.738844319000066],[23.08571911100006,36.729962424000064],[23.067718943000045,36.73558322400004],[23.065829260000044,36.73853883700008],[23.062457264000045,36.74381290300005],[23.052522234000037,36.74284740000007],[23.04670948300003,36.74108006000006],[23.048196561000054,36.73465096500007],[23.046085092000055,36.731566514000065],[23.04595852600005,36.73138162500004],[23.045885441000053,36.73139865600007],[23.034807473000058,36.73398010100004],[23.026954473000046,36.728361551000035],[23.02353026700007,36.71413804900004],[23.030086421000078,36.708179219000044],[23.032490707000022,36.70597291800004],[23.03536378700005,36.70333642800006],[23.032837346000065,36.69670164100006],[23.03211900200006,36.69481516900004],[23.032948886000042,36.69371836800008],[23.037746067000057,36.687378264000074],[23.03821423200003,36.67784010400004],[23.03371104200005,36.67333359400004],[23.03016595300005,36.66978589300004],[23.026167996000027,36.65345159800006],[23.030447287000072,36.63686076700003],[23.03107589900003,36.634423636000065],[23.032936951000067,36.62720832700006],[23.044469555000035,36.61867262700008],[23.047682673000054,36.61016127400006],[23.052522234000037,36.60958528000003],[23.05633573800003,36.606831578000026],[23.05926439700005,36.59568065600007],[23.066217682000058,36.591444946000024],[23.069827504000045,36.583828055000026],[23.100231722000046,36.563924659000065],[23.109445170000072,36.56033007000008],[23.11105647000005,36.55970142800004],[23.12438777600005,36.56002186500007],[23.131404493000048,36.55260091400004],[23.131728493000026,36.550924219000024],[23.133059391000074,36.544036851000044],[23.133337906000065,36.542595541000026],[23.135193592000064,36.54186610000005],[23.15109085000006,36.53561713900007],[23.139242223000053,36.528166905000035],[23.141531128000054,36.51317766100004],[23.138737562000074,36.510801496000056],[23.132828897000024,36.50577567700003],[23.129147516000046,36.49991651100004],[23.130506301000025,36.49601667600007],[23.143335815000057,36.48661497200004],[23.154476715000044,36.485482352000076],[23.158859869000025,36.48503674700004],[23.16353807400003,36.48115025300007],[23.167450677000033,36.47589466100004],[23.167104619000042,36.47539039000003],[23.164243402000068,36.47122107000007],[23.166549149000048,36.46637355100006],[23.176952012000072,36.46735499500005],[23.177523803000042,36.467063590000066],[23.194525552000073,36.45839891600008],[23.200630571000033,36.45005393400004],[23.200307629000065,36.44435076700006],[23.200077633000035,36.440289015000076],[23.196385185000054,36.435315426000045],[23.162717885000063,36.43874351100004],[23.14555179100006,36.440491404000056],[23.14103136400007,36.43830822500007],[23.138824185000033,36.433989315000076],[23.136641988000065,36.42971928600008],[23.12824206600004,36.42846048200005],[23.113874827000075,36.43387767400003],[23.109457806000023,36.437944293000044],[23.10682577700004,36.44036752400007],[23.100699425000073,36.440984171000025],[23.099892560000058,36.44106538600005],[23.094993414000044,36.43834723200007],[23.084840136000025,36.44435076700006],[23.06461865700004,36.470868960000075],[23.066842051000037,36.47557572100004],[23.068449172000044,36.478977876000044],[23.068195641000045,36.48656873600004],[23.06234427000004,36.48924429300007],[23.067156929000078,36.493826752000075],[23.066096750000042,36.50354692900004],[23.03696745600007,36.52479123000006],[23.027119123000034,36.527733252000075],[23.01225452700004,36.527527518000056],[23.007706624000036,36.526487650000036],[23.001565699000025,36.52389351700003],[22.985622324000076,36.51715849900006],[22.979411413000037,36.52081294100003],[22.96944035000007,36.520589235000045],[22.962605670000073,36.53190957800007],[22.952696574000072,36.550924219000024],[22.951513205000026,36.55319499400008],[22.938049763000038,36.56044257800005],[22.94205426700006,36.568144636000056],[22.944460735000064,36.57277311300004],[22.925984775000074,36.593363158000045],[22.916042680000032,36.59585438800008],[22.905419435000056,36.60272229800006],[22.897027071000025,36.60814794700008],[22.886219820000065,36.60969264800008],[22.88388539300007,36.61494956400003],[22.877356175000045,36.62198897500008],[22.871977982000033,36.62778741900007],[22.877356175000045,36.62880919100007],[22.879708555000036,36.629807268000036],[22.879842882000048,36.62986426100008],[22.882598855000026,36.634423636000065],[22.88234839100005,36.63686076700003],[22.880643348000035,36.65345159800006],[22.870002231000058,36.66127996600005],[22.870168817000035,36.66426745200005],[22.860101779000047,36.66946060300006],[22.85276042000004,36.673247693000064],[22.84649725400004,36.68489058000006],[22.83223261300003,36.68880267600008],[22.82822277100007,36.68638236700008],[22.828186663000054,36.67867372200004],[22.828164410000056,36.673922928000025],[22.821613803000048,36.66274276100006],[22.822562247000064,36.656712939000045],[22.819906574000072,36.65563127100006],[22.817341911000028,36.665589211000054],[22.808801061000054,36.67090181100008],[22.804821186000027,36.677231275000054],[22.805293449000033,36.68343747400007],[22.81255217000006,36.68931366500004],[22.80984892500004,36.69714914200006],[22.814822494000055,36.69961906800006],[22.818498589000058,36.701444655000046],[22.820746763000045,36.71238823400006],[22.808807423000076,36.73958571900005],[22.802507182000056,36.74464020600004],[22.802293543000076,36.74481160200003],[22.79937813500004,36.74969089600006],[22.79958341500003,36.75034224500007],[22.800881659000027,36.754461554000045],[22.796065315000078,36.75935391100006],[22.796892376000073,36.76674557000007],[22.792378833000043,36.77360821800005],[22.793270303000043,36.78172270400006],[22.785804538000036,36.79317097000006],[22.783778890000065,36.79810313100006],[22.77555982800004,36.801450731000045],[22.751291053000045,36.80464204300006],[22.722600618000058,36.80560903400004],[22.720059497000022,36.80559894600003],[22.689247029000057,36.80389060400006],[22.68349670500004,36.80378594200005],[22.680832210000062,36.80373744600007],[22.66397094200005,36.80575029900007],[22.661440129000027,36.80605244900005],[22.657089119000034,36.806571862000055],[22.654293202000076,36.806487892000064],[22.647464253000066,36.80684998800007],[22.64110013100003,36.80684998800007],[22.634733765000078,36.80660666400007],[22.63109985400007,36.806789396000056],[22.620805732000065,36.80590446000008],[22.61842889600007,36.80482115900003],[22.617504239000027,36.800343533000046],[22.61413570800005,36.80041901800007],[22.59610107700007,36.79130119900003],[22.58389680700003,36.78918691500007],[22.580463445000078,36.78557592300007],[22.56609788000003,36.77566076900007],[22.563468,36.770003304000056],[22.570344569000042,36.75400037900005],[22.570410964000075,36.75384586700005],[22.57043457800006,36.74244803700003],[22.575391165000042,36.73414381900005],[22.553790796000044,36.72683235000005],[22.538355783000043,36.721607781000046],[22.53289972400006,36.71437059900006],[22.526397882000026,36.711462667000035],[22.522395216000064,36.70579837200006],[22.52292869200005,36.70153599500003],[22.529358196000032,36.696213088000036],[22.52082703700006,36.68983275800008],[22.52226866500007,36.67977491600004],[22.52543326700004,36.67721506700008],[22.535076751000076,36.67800252700005],[22.537140875000034,36.67817107800005],[22.53895321600004,36.674019678000036],[22.547350805000065,36.67140625800005],[22.545684488000063,36.66244426000003],[22.55162019000005,36.65345159800006],[22.549689627000078,36.649747423000065],[22.541933292000067,36.647983649000025],[22.536305898000023,36.65345159800006],[22.531828227000062,36.662991643000055],[22.53094727100006,36.66327183900006],[22.514402485000062,36.668534055000066],[22.50862860700005,36.66793944400007],[22.501478099000053,36.662682896000035],[22.50113658600003,36.65345159800006],[22.502273075000062,36.652045841000074],[22.503896256000075,36.65080249400006],[22.506528805000073,36.64992496700006],[22.506973307000067,36.647685824000064],[22.508174960000076,36.64602646000003],[22.51430866000004,36.63816806300008],[22.51723129100003,36.634423636000065],[22.52457144300007,36.629220746000044],[22.52848345500007,36.620023711000044],[22.52029555400003,36.60807168300005],[22.50830568200007,36.603655195000044],[22.503107714000066,36.61350299000003],[22.501606048000042,36.616347967000024],[22.494832754000072,36.61902870700004],[22.479344964000063,36.61684302000003],[22.476056456000038,36.609239595000076],[22.47257435000006,36.59215169400005],[22.477124012000047,36.581730598000036],[22.476966936000053,36.57409291500005],[22.479938868000033,36.562149317000035],[22.481629291000047,36.555355845000065],[22.480048316000023,36.550924219000024],[22.479501162000076,36.54939049500007],[22.475127997000072,36.53713208900007],[22.472573279000073,36.528388721000056],[22.482713199000045,36.51353590300005],[22.484652939000057,36.51232048500003],[22.48848153600005,36.50992153100003],[22.486797505000027,36.50508213100005],[22.486652581000044,36.50466566400007],[22.48698496800006,36.504449402000034],[22.50206184600006,36.49463990100003],[22.503676932000076,36.48025945300003],[22.502473318000057,36.46059083600005],[22.49660147000003,36.45783557000004],[22.502012747000038,36.44825074600004],[22.501694928000063,36.44435076700006],[22.496132080000052,36.43819116000003],[22.494030916000042,36.437868912000056],[22.48892400400007,36.437085685000056],[22.484728708000034,36.43322575800005],[22.49262043400006,36.42598666600003],[22.495671445000028,36.423187969000026],[22.494166963000055,36.40875518300004],[22.496473870000045,36.402236078000044],[22.48828033600006,36.39947279300003],[22.48383539200006,36.39046392600005],[22.469440658000053,36.406708098000024],[22.469355848000077,36.419425241000056],[22.469333637000034,36.422755719000065],[22.47145810300003,36.42290368000005],[22.474211024000056,36.42309541100008],[22.475887964000037,36.42782661600006],[22.473045331000037,36.43105296900006],[22.462536214000068,36.435548306000044],[22.458068765000064,36.44165249400004],[22.458134895000057,36.44435076700006],[22.45829425000005,36.450852878000035],[22.44421264400006,36.45925148600003],[22.438306210000064,36.45791295400005],[22.420959175000064,36.463661073000026],[22.413861659000077,36.469734878000054],[22.402633610000066,36.47822572600006],[22.399163094000073,36.478902755000036],[22.395375057000024,36.47169255500006],[22.39299468400003,36.46716172200007],[22.383229070000027,36.47071275500008],[22.377034663000074,36.47296520300006],[22.366194301000064,36.481300598000075],[22.36262445600005,36.48696855000003],[22.35152503100005,36.50459144400003],[22.347258443000044,36.521180755000046],[22.348443323000026,36.52558614900005],[22.356612349000045,36.525717490000034],[22.36262445600005,36.53067612500007],[22.366247617000056,36.54070231400004],[22.36986902600006,36.539972798000065],[22.370506748000025,36.53984433200003],[22.37608804300004,36.535690369000065],[22.383229070000027,36.53845589500003],[22.39090909500004,36.54143016100005],[22.38434986200008,36.54669101700006],[22.38325984000005,36.550924219000024],[22.384788959000048,36.56079691300005],[22.382338634000064,36.56749883200007],[22.386977969000043,36.57194907500008],[22.379554781000024,36.57644092700008],[22.372887975000026,36.58047508300007],[22.37509560500007,36.58664403500006],[22.37888928900003,36.58889579300006],[22.38623869500003,36.59325806700008],[22.383229070000027,36.59646352300007],[22.378386128000045,36.59831258000003],[22.36514547300004,36.60336792100003],[22.365657852000027,36.60912904300005],[22.374845510000057,36.616434551000054],[22.367232434000073,36.62296168300003],[22.365091633000077,36.634423636000065],[22.364636439000037,36.63686076700003],[22.376219121000076,36.638868728000034],[22.37756025500005,36.63910122600004],[22.38109061700004,36.642766031000065],[22.375778681000043,36.64711169100008],[22.36499912100004,36.65593037900004],[22.36262445600005,36.66396463600006],[22.361900286000036,36.666414736000036],[22.36262445600005,36.669499184000074],[22.363911458000075,36.67498090200007],[22.368997885000056,36.679568166000024],[22.37401046900004,36.68020426900006],[22.377813911000032,36.680686931000025],[22.379826490000028,36.684962978000044],[22.383229070000027,36.68696788700004],[22.389053372000035,36.690399752000076],[22.388310201000024,36.69357344500003],[22.383750992000046,36.69630449400006],[22.368580837000025,36.69302401200008],[22.366878350000036,36.692655856000044],[22.36262445600005,36.69381305300004],[22.351654514000074,36.69679723100006],[22.347499063000043,36.70746742400007],[22.338837623000074,36.713885453000046],[22.33141722700003,36.73783517900006],[22.323932119000062,36.743590065000035],[22.323278600000037,36.749915989000044],[22.31633761100005,36.76045275300004],[22.311782789000063,36.770599541000024],[22.304272517000072,36.772850333000065],[22.307967509000036,36.780741901000056],[22.303062668000052,36.79110175300008],[22.30104009100006,36.79580217500006],[22.296089150000057,36.80730804900003],[22.29424663700007,36.81600383000006],[22.283557899000073,36.821711382000046],[22.278663823000045,36.82432471200008],[22.278503175000026,36.827576144000034],[22.278320333000067,36.83127678900007],[22.276947105000033,36.833476862000055],[22.269517601000075,36.838001691000045],[22.26657817100005,36.83979190700006],[22.258648074000064,36.84025584600005],[22.257847785000024,36.85154163800007],[22.257450148000032,36.85714918200006],[22.25169938700003,36.85867534000005],[22.246922882000035,36.85994294600005],[22.247124064000047,36.86398387600008],[22.247295419000068,36.867425714000035],[22.241246216000036,36.87080367100003],[22.24005629900006,36.87146813700008],[22.240021847000037,36.872224250000045],[22.239707973000066,36.87911272000008],[22.226251984000044,36.89324980600003],[22.211702538000054,36.89579883300007],[22.201768999000024,36.90586829200004],[22.188064540000028,36.89743978100006],[22.186802938000028,36.896663871000044],[22.18182698100003,36.89716151400006],[22.17939698200007,36.889717122000036],[22.17026798300003,36.89059223700008],[22.167728169000043,36.890835706000075],[22.160587509000038,36.89521816600006],[22.127262604000066,36.914421907000076],[22.13184763000004,36.92707082600003],[22.142585969000038,36.930484498000055],[22.145716936000042,36.94225602200004],[22.146440520000056,36.944976489000055],[22.145927182000037,36.94563392800006],[22.142485365000027,36.95004191000004],[22.140929277000055,36.96394176200005],[22.146270646000062,36.97424839200005],[22.148120117000076,36.98086658400007],[22.148698335000063,36.98293569500004],[22.15024010600007,36.98845280300003],[22.15442666900003,36.99554539400003],[22.154149017000066,37.008586982000054],[22.15145300300003,37.016269556000054],[22.14362952600004,37.02020037400007],[22.12374191400005,37.02446312300003],[22.067568806000054,37.02841082800006],[22.02053247200007,37.02178936900003],[21.995683321000058,37.01369856900004],[21.969027695000023,37.00357119500006],[21.961431708000077,37.00032806100006],[21.95655817000005,36.997505611000065],[21.954398809000054,36.996416013000044],[21.951102521000053,36.99475273100006],[21.94689549900005,36.992629898000075],[21.93211064700006,36.98293569500004],[21.927538043000027,36.96430533400007],[21.93423518700007,36.95349919300003],[21.934420897000052,36.93165380000005],[21.92891714700005,36.91095368100008],[21.92545853100006,36.904320695000024],[21.924501596000027,36.87925688200005],[21.921977302000073,36.865791252000065],[21.92559037600006,36.85770783400005],[21.925922722000053,36.84884437900007],[21.930717130000062,36.84091932300004],[21.93187832900003,36.82656581400005],[21.932278736000058,36.822159276000036],[21.93817127600005,36.808635637000066],[21.944269688000077,36.80525192500005],[21.963488552000058,36.79458831300008],[21.94324023200005,36.783752261000075],[21.935980232000077,36.77986701400005],[21.931993550000072,36.77240593700003],[21.932533592000027,36.768960126000025],[21.933699637000075,36.76152000800005],[21.931659698000033,36.75768619300004],[21.919855813000027,36.753739437000036],[21.91692018200007,36.74678809400007],[21.905040434000057,36.74424690700005],[21.896232990000044,36.733949591000055],[21.877341271000034,36.72031961600004],[21.86928966200003,36.73155840100003],[21.869182098000067,36.73961238800007],[21.865341408000063,36.74506722500007],[21.861023317000047,36.75120010200004],[21.857670623000047,36.752544070000056],[21.84816971300006,36.75635262600008],[21.837557699000058,36.77198813700005],[21.83153989500005,36.77477338400007],[21.828025070000024,36.781440098000076],[21.824037302000022,36.78900386200007],[21.824924803000044,36.80191078900003],[21.811934058000077,36.80702189700003],[21.794803452000053,36.80403136800004],[21.77640769900006,36.79759015700006],[21.76622597900007,36.797641956000064],[21.766062358000056,36.79732618400004],[21.760823060000064,36.787214824000046],[21.754847878000078,36.79688465700008],[21.74667988500005,36.79966837300003],[21.730056343000058,36.79955682000008],[21.724896699000055,36.80303335100007],[21.720925927000053,36.811986395000076],[21.715425066000023,36.81633700100008],[21.70924737000007,36.81688563500006],[21.70479606300006,36.81272867600006],[21.697252771000024,36.83423748600006],[21.696207195000056,36.836803531000044],[21.68999584100004,36.84154249200003],[21.69043995100003,36.85427708000003],[21.68487280100004,36.861703619000025],[21.683721598000034,36.87268040200007],[21.68127819600005,36.87618006100007],[21.680549317000043,36.890684892000024],[21.689271005000023,36.902431825000065],[21.68980098000003,36.91267331300003],[21.69293835700006,36.91472614600008],[21.70774996800003,36.924417609000045],[21.70964913800003,36.94185323100004],[21.702955719000045,36.94878475300004],[21.684972148000043,36.95571565600005],[21.675536322000028,36.956014233000076],[21.66520954200007,36.95175750900006],[21.663852735000034,36.94980880800006],[21.663066792000052,36.948680006000075],[21.664322909000077,36.941787076000026],[21.674817852000047,36.91796590900003],[21.673509942000067,36.91204839100004],[21.669054879000043,36.91036071900004],[21.664133028000037,36.91740963600006],[21.66416715200006,36.92569872300004],[21.65433336800004,36.94654415900004],[21.65652693000004,36.950425522000046],[21.65440854900004,36.958709964000036],[21.657257840000057,36.960763341000074],[21.662421815000073,36.964484826000046],[21.657448206000026,36.96668820900004],[21.657720398000038,36.97473452300005],[21.65281452800008,36.98293569500004],[21.647627028000045,36.991607670000064],[21.637312604000044,37.00663652600008],[21.624061466000057,37.01304425200004],[21.61920215300006,37.015394023000056],[21.60454233400003,37.03575894900007],[21.594822047000036,37.04631615900007],[21.575064817000055,37.05908193000005],[21.576638830000036,37.06436148700004],[21.578999387000067,37.07227927400004],[21.578639572000043,37.08601122300007],[21.581240016000038,37.090788875000044],[21.58223717900006,37.092620906000036],[21.58088131900007,37.09389603400007],[21.575982706000048,37.09850296500008],[21.57407426800006,37.12105332600004],[21.566939784000056,37.14620645300005],[21.566549520000024,37.156498104000036],[21.56626958800007,37.16388015500007],[21.577899520000074,37.193230580000034],[21.596033386000045,37.213527492000026],[21.612940888000026,37.224462706000054],[21.62823541000006,37.231303688000025],[21.631715735000057,37.232860379000044],[21.64262259000003,37.24109891100005],[21.645202418000054,37.24461361400006],[21.646661524000024,37.24660146800005],[21.65057273900004,37.25193002300006],[21.657557489000055,37.254305662000036],[21.66965923300006,37.25842168300005],[21.685875016000068,37.28936878800005],[21.691376524000077,37.292708885000025],[21.698209225000028,37.31377090500007],[21.695304462000024,37.336842913000055],[21.693760129000054,37.343733031000056],[21.68023314100003,37.37743373500007],[21.666961910000055,37.40634836700008],[21.65804987300004,37.423577941000076],[21.65322312400008,37.432155462000026],[21.65057524100007,37.43629862700004],[21.646661524000024,37.442422445000034],[21.639885072000027,37.45302560300007],[21.63576319200007,37.45918667600006],[21.633531692000076,37.46179209400003],[21.632742122000025,37.463516596000034],[21.631181826000045,37.46533217700005],[21.625131691000036,37.47409460400007],[21.616042793000076,37.48618711700004],[21.60948414300003,37.494072],[21.607338597000023,37.49640698700006],[21.58346180700005,37.522391979000076],[21.569458001000044,37.536887937000074],[21.552604390000056,37.552337315000045],[21.53906256600004,37.56317499600004],[21.53364214100003,37.56711604700007],[21.530187597000065,37.568882106000046],[21.52332720100003,37.57339081600003],[21.52000043000004,37.57461554400004],[21.510749797000074,37.580181190000076],[21.507391061000078,37.581866912000066],[21.506114558000036,37.58213911100006],[21.505512666000072,37.58226745800005],[21.50431566900005,37.58317601500005],[21.50347694800007,37.58381262900008],[21.50231003300007,37.58433208900004],[21.486646310000026,37.59130490300004],[21.477208887000074,37.59667183900007],[21.473600431000023,37.599178677000054],[21.459884303000024,37.60634614500003],[21.45639271600004,37.60783740100004],[21.45439895100003,37.60909242300005],[21.45083794100003,37.61047759100006],[21.449645865000036,37.61187347500004],[21.445934437000062,37.61381162200007],[21.435472662000052,37.622344826000074],[21.43390922800006,37.62375920000005],[21.42877217100005,37.62840648400004],[21.41928230700006,37.63581437500005],[21.41084276500004,37.641467987000055],[21.404335058000072,37.64507310100004],[21.400556293000022,37.64779303600005],[21.393434308000053,37.650917089000075],[21.387469959000043,37.65403767300006],[21.38292155700003,37.655873161000045],[21.37796211500006,37.65752790800008],[21.371756577000042,37.659026882000035],[21.361980526000025,37.661388446000046],[21.35581393500007,37.662189487000035],[21.33357935600003,37.662529093000046],[21.328071529000056,37.66140347000004],[21.31903931900007,37.65371642500003],[21.319090808000055,37.65087963600007],[21.319251542000075,37.64202388100006],[21.311237216000052,37.63343432900007],[21.304575451000062,37.64424846000003],[21.308191942000065,37.65770296900007],[21.310076870000046,37.66471550700004],[21.306543012000077,37.66667866700004],[21.303217608000068,37.66852602400007],[21.30539176900004,37.67294528100007],[21.307082906000062,37.67638273100005],[21.306318532000034,37.67744186900006],[21.304166977000023,37.68042312600005],[21.307670581000025,37.68269308200007],[21.313059019000036,37.686184206000064],[21.31814586200005,37.694411898000055],[21.31876264400006,37.709167560000026],[21.31553420800003,37.714015681000035],[21.308105701000045,37.72517102200004],[21.309313530000054,37.73293347900005],[21.30938167100004,37.73337140900003],[21.303395184000067,37.75290032400005],[21.302745567000045,37.75859977300007],[21.297181027000022,37.76630595300003],[21.270726796000076,37.788676305000024],[21.267706330000067,37.79029141900003],[21.26298896800006,37.793601944000045],[21.25924125800003,37.79549403100003],[21.24029889700006,37.80456149500003],[21.235254551000025,37.80696503100006],[21.220765092000022,37.812583740000036],[21.216592965000075,37.81420160400006],[21.211810324000055,37.815827238000054],[21.20438215000007,37.81835185700004],[21.19575734600005,37.820860140000036],[21.18742215700007,37.82328419600003],[21.18565792000004,37.82370132600005],[21.178234960000054,37.82545638600004],[21.143688016000056,37.831670373000065],[21.116878937000024,37.83991472200006],[21.105860712000037,37.84932125800003],[21.107664044000046,37.85477048400003],[21.108021930000064,37.87916503200006],[21.11267201800007,37.89119843000003],[21.121159619000025,37.91316246100007],[21.12720672100005,37.938184239000066],[21.13934781000006,37.94305451500003],[21.148158661000025,37.93462017000007],[21.149078037000038,37.933257207000054],[21.14941974800007,37.93275062600003],[21.15118576800006,37.931552690000046],[21.15495904000005,37.93020267500003],[21.15827182700008,37.92956882500005],[21.160347001000048,37.92818843900005],[21.16470561600005,37.92744465900006],[21.169812895000064,37.92743284200003],[21.17555995200007,37.92808561900006],[21.18184091200004,37.92940533900003],[21.187937145000035,37.93132377400008],[21.19754181600007,37.93532212300005],[21.205650728000023,37.939803907000055],[21.21163202500003,37.94425194000007],[21.21609191600004,37.94806553800004],[21.227098599000044,37.957477217000076],[21.257477806000054,37.97544205600008],[21.278392550000035,38.001106779000054],[21.281446069000026,38.00485378800005],[21.28448499600006,38.00858289000007],[21.29216810400004,38.01588290900003],[21.305018188000076,38.02809227300003],[21.325347089000047,38.05864588400004],[21.32838926200003,38.066185680000046],[21.341785327000025,38.09938681500006],[21.348021214000028,38.103332600000044],[21.35107437000005,38.10213846100004],[21.35844465100007,38.108301082000025],[21.365939035000054,38.12185106900006],[21.36868518600005,38.137713621000046],[21.367156015000035,38.151351111000054],[21.365373142000067,38.15928200700006],[21.36458233600007,38.16279981200006],[21.36429246800003,38.18021217200004],[21.36797795800004,38.18720040300008],[21.37378386300003,38.19820925300007],[21.37290683200007,38.20448023300003],[21.371571672000073,38.21402695000006],[21.38293266100004,38.21407284600008],[21.39051667700005,38.21158847600003],[21.40508447800005,38.19718196000008],[21.40985117200006,38.19246803900006],[21.419769221000024,38.19115792900004],[21.42624247200007,38.19356820100006],[21.43762130400006,38.197805034000055],[21.450665427000047,38.19822198000003],[21.48881887500005,38.17895493700007],[21.497455530000025,38.173241759000064],[21.510259347000044,38.16477198800004],[21.51465991500004,38.16247949500007],[21.531054666000045,38.155193851000035],[21.53754774400005,38.15502539900007],[21.538778415000024,38.15539362000004],[21.545720096000025,38.15747059600005],[21.564545010000074,38.151855133000026],[21.574034872000027,38.15203749300008],[21.58233972100004,38.14851012100007],[21.583100712000032,38.14818690000004],[21.60522241900003,38.142891021000025],[21.62354318100006,38.151351111000054],[21.623647487000028,38.15143178400007],[21.62566001400006,38.15298832700006],[21.627319654000075,38.15481534000003],[21.630347761000053,38.155456668000056],[21.63798571800004,38.15700623600003],[21.64748105900003,38.15893262600008],[21.650367324000058,38.15978597900005],[21.65223323300006,38.16082389200005],[21.65422050600006,38.163276653000025],[21.654400543000065,38.16338803200006],[21.657081300000073,38.16504646900006],[21.659548219000044,38.16552748400005],[21.65984856800003,38.16550612900005],[21.663518657000054,38.16524517700003],[21.668510491000063,38.16613731800004],[21.671233939000047,38.16775903100006],[21.67370627500003,38.17008582400007],[21.674660045000053,38.17369899400006],[21.67688233900003,38.18211772400008],[21.68892333200006,38.18858721300006],[21.690555285000073,38.191345187000024],[21.690733585000032,38.19334041700006],[21.694827996000072,38.19529359200004],[21.696812004000037,38.19820925300007],[21.70424194700007,38.20261366600005],[21.70990579900007,38.205971153000064],[21.718289887000026,38.217214184000056],[21.722453846000064,38.22963119700006],[21.724896699000055,38.236915837000026],[21.72639613700005,38.243692174000046],[21.73073415300007,38.24797445200005],[21.735117681000077,38.25230165800008],[21.737205498000037,38.26231033700003],[21.738967913000067,38.27075909000007],[21.74534783400003,38.28016563400007],[21.74887274500003,38.28138848300006],[21.75824173700005,38.28463873900006],[21.769384580000064,38.29706943700006],[21.776054086000045,38.305644061000066],[21.78058783800003,38.31147286200007],[21.78377858700003,38.310135728000034],[21.785009428000023,38.30961992400006],[21.79881646900003,38.31214642400005],[21.814273762000028,38.318352498000024],[21.82473336000004,38.31668425500004],[21.835563235000052,38.32479467400003],[21.842596050000054,38.33115800600007],[21.85076473500004,38.338549079000074],[21.86659749000006,38.33640505100004],[21.874196695000023,38.32979947700005],[21.879444312000032,38.32523801000008],[21.883791162000023,38.32565006300007],[21.894498217000034,38.32666502200004],[21.899474509000072,38.325453347000064],[21.90587488600005,38.32389492300007],[21.917044893000025,38.32565639100005],[21.926383875000056,38.32712911400006],[21.958681671000022,38.32623275100008],[21.963511376000042,38.323815108000076],[21.986824393000063,38.31214513100008],[21.994760056000075,38.31184704100008],[22.007148096000037,38.31313775800004],[22.009530924000046,38.313386026000046],[22.018493257000046,38.31029516000007],[22.025961136000035,38.29898027100006],[22.026031800000055,38.295116879000034],[22.026148678000027,38.28872684900006],[22.03864586800006,38.28021502200005],[22.039686006000068,38.279506585000036],[22.04024517000005,38.279036767000036],[22.04398647100004,38.275893272000076],[22.045441432000075,38.276211501000034],[22.05241570800007,38.27773691500005],[22.05916119400007,38.275800479000054],[22.074201324000057,38.26342016600006],[22.076733211000032,38.259197811000035],[22.079640709000046,38.25434906000004],[22.090075398000067,38.25607606600005],[22.093246478000026,38.257793339000045],[22.107881732000067,38.265718943000024],[22.114209994000078,38.261457774000064],[22.114849692000064,38.261027031000026],[22.119522032000077,38.257880886000066],[22.12738555100003,38.25373609400003],[22.13553758300003,38.24373135400003],[22.137150276000057,38.241585308000026],[22.14859984000003,38.22792751900005],[22.148210197000026,38.22255388600007],[22.14797614300005,38.21932600100007],[22.148851162000028,38.21849649600006],[22.15306094400006,38.21689945600008],[22.155233510000073,38.21339408500006],[22.159436799000048,38.21203591900007],[22.163774438000075,38.20985047900007],[22.166275634000044,38.20770657300005],[22.16789781600005,38.206779607000044],[22.169462063000026,38.20512383300007],[22.17554900600004,38.20157028500006],[22.182391573000075,38.20209397100007],[22.188255407000042,38.20295470100007],[22.18995966400007,38.203204862000064],[22.19872588000004,38.19971503000005],[22.205861582000068,38.191387647000056],[22.21370975900004,38.18222880400003],[22.21994948100007,38.17972561000005],[22.23089403000006,38.17866360600004],[22.232552637000026,38.17927986400008],[22.239768769000023,38.181961028000046],[22.246850832000064,38.17636096900003],[22.256710824000038,38.17570768300004],[22.264119523000033,38.17272655900007],[22.267743917000075,38.171268170000076],[22.27750704400006,38.172429640000075],[22.29408264700004,38.17440155500003],[22.30185743100003,38.17329909700004],[22.313535597000055,38.17164314300004],[22.321859888000063,38.17401330700005],[22.32778012600005,38.17569896800006],[22.334946156000058,38.176124008000045],[22.339739230000077,38.17290900800003],[22.34193698400003,38.166823675000046],[22.34416227300005,38.160662100000025],[22.35114644600003,38.15210858000006],[22.36262445600005,38.15010956100008],[22.372972485000048,38.142223657000045],[22.377641245000063,38.14228999100004],[22.383229070000027,38.139602022000076],[22.383409089000054,38.13951542500007],[22.391125318000036,38.13580360700007],[22.413540418000025,38.130858802000034],[22.41765416000004,38.13226175200003],[22.42840142500006,38.13592699600008],[22.436078760000044,38.13552100600003],[22.44366959200005,38.132789900000034],[22.449977440000055,38.130520399000034],[22.468326113000046,38.13234674300003],[22.471535060000065,38.133355607000055],[22.478328909000027,38.13549153200006],[22.485545325000032,38.13589065200006],[22.502864860000045,38.13183364100007],[22.51812316300004,38.12091318700004],[22.526111359000026,38.11519598900003],[22.54876047500005,38.10440687900007],[22.552602669000066,38.10346995300006],[22.556383742000037,38.10281589600004],[22.561470231000044,38.10193602600003],[22.563242453000043,38.10118498500003],[22.56662345600006,38.10147855300005],[22.60022929300004,38.08943938700003],[22.601040556000044,38.08900715200008],[22.61072453500003,38.08384758900007],[22.62925758700004,38.08028190300007],[22.637393032000034,38.078716676000056],[22.651239625000073,38.07160535700007],[22.653040580000038,38.07015065300004],[22.66439637900004,38.06097811700005],[22.66972740500006,38.05952430600007],[22.67400011600006,38.05728159700004],[22.677840812000056,38.05656783300003],[22.68349670500004,38.05261595500008],[22.685292960000027,38.051360878000025],[22.689353909000033,38.05033517500004],[22.691526474000057,38.04925911400005],[22.69569380400003,38.047801924000055],[22.700093872000025,38.04574961600008],[22.701930814000036,38.044345848000034],[22.705053314000054,38.04284293400008],[22.708070932000055,38.04109532900003],[22.71125985900005,38.040168605000076],[22.713834473000077,38.038799346000076],[22.719815770000025,38.03736082900008],[22.719827743000053,38.037358880000056],[22.722132673000033,38.03698359200007],[22.72454397100006,38.03659061800005],[22.72660266300005,38.03502657100006],[22.72945469700005,38.031241040000054],[22.732919584000058,38.026642063000054],[22.736743798000077,38.02258735100003],[22.760209020000048,38.005743703000064],[22.76239632900007,38.00485378800005],[22.767018301000064,38.00297332300005],[22.772338906000073,38.000808617000075],[22.774479007000025,37.999458694000054],[22.774456033000035,37.99754711300005],[22.777686912000036,37.99414062100004],[22.77787791700007,37.991799712000045],[22.777940628000067,37.99103114900004],[22.784931793000055,37.978843108000035],[22.78596113900005,37.97731798500007],[22.79104594000006,37.97192743800008],[22.794967545000077,37.96868906200007],[22.797342384000046,37.967128684000045],[22.818655110000066,37.957713338000076],[22.825441393000062,37.954715355000076],[22.833818834000056,37.95279788700003],[22.838745483000025,37.94903131500007],[22.840905177000025,37.94806553800004],[22.844323832000043,37.94513601600005],[22.846237087000077,37.94349650600003],[22.860101779000047,37.93793169700007],[22.86948403300005,37.93416598400006],[22.900739504000057,37.932537076000074],[22.906683072000078,37.93500807800007],[22.926403975000028,37.94320692300005],[22.93431839300007,37.94122945700008],[22.938365641000075,37.94021822700006],[22.94846800700003,37.94260696500004],[22.951671301000033,37.94513601600005],[22.955381831000068,37.94806553800004],[22.95821021000006,37.95029858800007],[22.972632891000046,37.97021061000004],[22.971000283000024,37.97986382800008],[22.952252086000044,37.98885476400005],[22.92839920700004,38.00485378800005],[22.912495637000063,38.015520912000056],[22.889365208000072,38.022882638000056],[22.860127684000076,38.032188071000064],[22.886745716000064,38.05060297600005],[22.906976085000053,38.05551964700004],[22.921177846000035,38.06528289400006],[22.934485110000026,38.067434509000066],[22.94206781400004,38.07462447900008],[22.951586001000067,38.077971889000025],[22.965264624000042,38.07849661000006],[22.98503585800006,38.073728499000026],[22.99712660000006,38.06473908800007],[22.997335677000024,38.06458364000008],[23.007856056000037,38.05996245800003],[23.011697496000068,38.05984080500008],[23.01490508200004,38.05973922600003],[23.019517846000042,38.057211847000076],[23.02405133900004,38.054727901000035],[23.025587334000022,38.057090810000034],[23.02818744800004,38.061090716000024],[23.039439497000046,38.06284335000004],[23.042252559000076,38.05773515100003],[23.043317543000057,38.055801261000056],[23.055165594000073,38.05260530100003],[23.07769817700006,38.05869489200006],[23.117532032000042,38.06064574000004],[23.169992786000023,38.074353588000065],[23.172126707000075,38.07737548400007],[23.17822118500004,38.08600602000007],[23.18332050500004,38.08913601000006],[23.195177070000057,38.090270316000044],[23.195475805000058,38.090298896000036],[23.21428605500006,38.09939490600004],[23.21737407200004,38.112703226000065],[23.206304147000026,38.12490886900008],[23.199819138000066,38.12320007100004],[23.19926924200007,38.12305517400006],[23.179674394000074,38.12659250000007],[23.176132057000075,38.142669537000074],[23.183412562000058,38.141126815000064],[23.191891457000054,38.142646769000066],[23.20791136300005,38.14551855000008],[23.22054892600005,38.144902011000056],[23.223973157000046,38.149443347000044],[23.22289459500007,38.154790536000064],[23.184150181000064,38.165872841000066],[23.162935322000067,38.16770132600004],[23.15948617300006,38.166479999000046],[23.152001952000035,38.163829872000065],[23.12996121900005,38.163148740000054],[23.12557870300003,38.16441477600006],[23.126179050000076,38.16839985300004],[23.13661560500003,38.17935579500005],[23.141899349000028,38.181262686000025],[23.138817113000073,38.18572173800004],[23.13495044700005,38.18774363800003],[23.12570723400006,38.19257696300008],[23.123594556000057,38.199977380000064],[23.115062308000063,38.205367943000056],[23.10724977700005,38.20471154100005],[23.08877179900003,38.18774363800003],[23.08782879200004,38.186422193000055],[23.087328934000027,38.18572173800004],[23.074405373000047,38.17259215100006],[23.067757904000075,38.17063968400004],[23.060736693000024,38.17600122600004],[23.059086584000056,38.177261283000064],[23.052134703000036,38.177760084000056],[23.039439497000046,38.17867097200008],[23.031056687000046,38.17949729000003],[23.034322074000045,38.18572173800004],[23.041177341000036,38.18774363800003],[23.04187359200006,38.18794899100004],[23.050539265000054,38.19050485500003],[23.049882351000065,38.19603445600006],[23.039582900000028,38.20089337300004],[23.02882027100003,38.20538185800007],[23.023666758000047,38.21296035800003],[22.997335677000024,38.21127372800004],[22.99676217800004,38.21123699300006],[22.990073390000077,38.21080854400003],[22.964256567000064,38.21260461800006],[22.955603052000072,38.21159134800007],[22.954552378000074,38.21425174800004],[22.95171678400004,38.22143172500006],[22.937762058000033,38.216119013000025],[22.933637734000058,38.21848717300003],[22.92390753600006,38.212892354000076],[22.921998013000064,38.202240603000064],[22.92882677700004,38.20021176700004],[22.935927950000064,38.202550114000076],[22.945728123000038,38.20577721600006],[22.95497788800003,38.20201437000003],[22.961989250000045,38.19035818300006],[22.943036499000073,38.183783118000065],[22.929781809000076,38.188334130000044],[22.919210860000078,38.19196367600006],[22.918085175000044,38.19156721100006],[22.906090472000074,38.18734269200007],[22.898758539000028,38.208711261000076],[22.89532700500007,38.21871230200003],[22.894026652000036,38.23361967500006],[22.88755666800006,38.23423246900006],[22.88432750000004,38.229175774000055],[22.880290927000033,38.22285473000005],[22.869097664000037,38.230080016000045],[22.865145923000057,38.232630878000066],[22.860101779000047,38.231101919000025],[22.858756112000037,38.23069402600004],[22.839731543000028,38.22492738300008],[22.808614419000037,38.231444235000026],[22.80730575900003,38.22669435000006],[22.80408142500005,38.22604712100008],[22.791154058000075,38.233138704000055],[22.779332604000047,38.23352631900008],[22.770678005000036,38.24266565500005],[22.76361724000003,38.243182637000075],[22.76686584400005,38.250812609000036],[22.77703444800005,38.25800559100003],[22.777192352000043,38.25798861900006],[22.785909493000077,38.25705170400005],[22.785686854000062,38.265026748000025],[22.797656550000056,38.269177024000044],[22.797272797000062,38.27430870000006],[22.792854524000063,38.27742011200007],[22.782142081000075,38.28016563400007],[22.77205838800006,38.282750012000065],[22.755670848000022,38.28695002000006],[22.75108964100008,38.29318676200006],[22.74834887000003,38.29691797900006],[22.737673502000064,38.29986436100006],[22.717875007000032,38.30532870800005],[22.69183494400005,38.31871350800003],[22.68349670500004,38.32935338200008],[22.68085073900005,38.332729724000046],[22.678260975000057,38.34394949000006],[22.68337400400003,38.34579313300003],[22.68349670500004,38.34583737600008],[22.68571892400007,38.346638658000074],[22.688349181000035,38.35546491800005],[22.68349670500004,38.36376219500005],[22.676710161000074,38.375366546000066],[22.658564211000055,38.38548610700008],[22.646234734000075,38.38469355500007],[22.62851235000005,38.37438146900007],[22.631622278000066,38.369861042000025],[22.64045771600007,38.36813428200003],[22.64732053700004,38.36679304200004],[22.64627121700005,38.358451012000046],[22.637337810000076,38.35074792300003],[22.625751157000025,38.351616842000055],[22.62135594500006,38.35619192400003],[22.62075774300007,38.359105929000066],[22.619820488000073,38.36367155700003],[22.612806942000077,38.35929121300006],[22.60948464100005,38.357216254000036],[22.608068681000077,38.35940163300006],[22.601062038000066,38.35225159400005],[22.59425976800003,38.350832094000054],[22.58810298700007,38.33287589100007],[22.588458640000056,38.32585598500003],[22.594580355000062,38.322716607000075],[22.59881613300007,38.32054438700004],[22.601164484000037,38.31584920100005],[22.59412949800003,38.308937386000025],[22.590652099000067,38.305520871000056],[22.590746985000067,38.30152637700007],[22.59085040900004,38.297172454000076],[22.587491855000053,38.29013243300005],[22.58145504500004,38.28750482500004],[22.582675550000033,38.280879956000035],[22.558697085000063,38.281665297000075],[22.552756128000055,38.286132880000025],[22.550841129000048,38.29566678100008],[22.546595211000067,38.301908164000054],[22.538067753000064,38.314443295000046],[22.529139643000065,38.32121843700003],[22.520852809000075,38.32750694300006],[22.523196523000024,38.33372689300006],[22.531124973000033,38.33543730900004],[22.537726536000037,38.336861473000056],[22.537023093000073,38.343948725000075],[22.526095309000027,38.352162649000036],[22.514735228000063,38.36070151100006],[22.508176414000047,38.372987194000075],[22.50317324300005,38.382358915000054],[22.48497220200005,38.39468938500005],[22.481402185000036,38.397107927000036],[22.463550472000065,38.41429908400005],[22.46317229400006,38.41507817300004],[22.45919452100003,38.42327282600007],[22.452598446000025,38.428118131000076],[22.442205735000073,38.427160342000036],[22.43379382100005,38.42638510200004],[22.419236863000037,38.432451237000066],[22.419920430000047,38.43653708000005],[22.42033077800005,38.43898983200006],[22.41669145800006,38.443967058000055],[22.408792336000033,38.44265642200003],[22.40365126100005,38.448239261000026],[22.40009073300007,38.44811665000003],[22.39847390500006,38.43232739300004],[22.405906793000042,38.427743243000066],[22.40690434800007,38.42542606200004],[22.412510231000056,38.41240438500006],[22.40122516200006,38.40979261500007],[22.38799578800007,38.406730863000064],[22.383229070000027,38.400641191000034],[22.37962535400004,38.396037301000035],[22.375468901000033,38.390727267000045],[22.383229070000027,38.382745818000046],[22.386077087000047,38.379816590000075],[22.38862172200004,38.37958755900007],[22.395726996000064,38.378948044000026],[22.398948102000077,38.373709623000025],[22.40029435100007,38.36413010600006],[22.393986507000022,38.36332386300006],[22.38462413900004,38.36212720300006],[22.383229070000027,38.355708965000076],[22.383229070000027,38.35267543100008],[22.384569354000064,38.35178959900003],[22.391565266000043,38.34716580200006],[22.383229070000027,38.34218406300005],[22.377876241000024,38.335143096000024],[22.37186345500004,38.33373177400006],[22.36262445600005,38.33722591900005],[22.35978842700007,38.338298492000035],[22.358356628000024,38.34137847000005],[22.355461516000048,38.34760621700008],[22.34360589700003,38.34841752700004],[22.33288766900006,38.346337590000076],[22.32400100900003,38.344613079000055],[22.312677105000034,38.34727953000004],[22.306391149000035,38.350879477000035],[22.298843361000024,38.355202070000075],[22.29727272200006,38.34872396800006],[22.295758085000045,38.34718103900008],[22.29218751700006,38.34354377500006],[22.292999113000064,38.338672477000046],[22.280118248000065,38.34045590900007],[22.266966999000033,38.347586754000076],[22.262964064000073,38.35157622200006],[22.25230464200007,38.36219978200006],[22.244135666000034,38.36030909600004],[22.24300924100004,38.35714602100006],[22.241144228000053,38.35190894200008],[22.237698262000038,38.35458166800004],[22.232101227000044,38.358922783000025],[22.226782823000065,38.35609066400008],[22.20774229500006,38.343421584000055],[22.19963474800005,38.34182356400004],[22.193289916000026,38.337059501000056],[22.19149172500005,38.33227130100005],[22.188445872000045,38.32416084000005],[22.184196405000023,38.32162819000007],[22.172537549000026,38.33112402200004],[22.171196001000055,38.333803868000075],[22.17026798300003,38.335657655000034],[22.16651716800004,38.343150198000046],[22.155326418000072,38.34962183400006],[22.151985058000037,38.345998837000025],[22.14973967800006,38.34356419900007],[22.142497054000046,38.34484544000003],[22.13912140800005,38.34708420000004],[22.13717120900003,38.35540256200005],[22.13649835600006,38.358272545000034],[22.130705119000027,38.359507190000045],[22.12969600100007,38.35972225200004],[22.12910632100005,38.36052209500008],[22.124504423000076,38.36676412700007],[22.117576360000044,38.366683796000075],[22.11160852000006,38.36661459800007],[22.10977588000003,38.36833856900006],[22.108014929000035,38.36999510100003],[22.106393793000052,38.369056036000075],[22.103354162000073,38.36729528800004],[22.098581619000072,38.37071328900004],[22.096324622000054,38.37232970600007],[22.079538503000038,38.37632780800004],[22.06454115100007,38.383800559000065],[22.061832335000076,38.38843830800005],[22.050584367000056,38.39445723000006],[22.036252239000078,38.393250925000075],[22.031072659000074,38.392814970000074],[22.022345012000073,38.39422812600003],[22.00777630700003,38.38945507600005],[22.00100797500005,38.39113101600003],[21.996214463000058,38.396037301000035],[21.99451102000006,38.39778082000004],[21.982970910000063,38.40032345100008],[21.96769888500006,38.40368833500003],[21.934631743000068,38.405998485000055],[21.926379991000033,38.39821634500004],[21.92439452700006,38.396037301000035],[21.92362649000006,38.39519438100007],[21.913352554000028,38.38391875100007],[21.89623427600003,38.37140591600007],[21.877570304000074,38.36872869700005],[21.851722662000043,38.374525220000066],[21.847637766000048,38.38542867100006],[21.831833387000074,38.392012314000056],[21.80936149100006,38.37784560600005],[21.79930224800006,38.37415072600004],[21.788913096000044,38.37410305800006],[21.784311710000054,38.369122677000064],[21.777179164000074,38.35513881300005],[21.77416807800006,38.34923536500003],[21.77020905300003,38.33446791200004],[21.765981596000074,38.32880334400005],[21.72801155700006,38.33797263100007],[21.726114473000052,38.33971149300004],[21.724896699000055,38.34082770200007],[21.716296019000026,38.34624207200005],[21.700910281000063,38.35018248600005],[21.681103361000055,38.34626512500006],[21.68015179100007,38.34607692600008],[21.678687840000066,38.34661682600006],[21.663691395000058,38.352147460000026],[21.65867251700007,38.35135943000006],[21.65126931800006,38.351444841000045],[21.646661524000024,38.353343308000035],[21.638626397000053,38.35665387900008],[21.625075396000057,38.35042422400005],[21.622665151000035,38.347785127000066],[21.617884808000042,38.34255089200008],[21.606545836000066,38.340761831000066],[21.60463865500003,38.341149847000054],[21.589983792000055,38.34413138000008],[21.583091731000025,38.33879028600006],[21.579601239000056,38.33193395500007],[21.577928220000047,38.32864766300003],[21.552991699000074,38.32213938800004],[21.545767389000048,38.320253888000025],[21.544209058000035,38.31890663100006],[21.53906446800005,38.31445886900008],[21.52764350700005,38.31280910300006],[21.527058233000048,38.31272456000005],[21.526854660000026,38.312518741000076],[21.519125410000072,38.30470419400007],[21.50887639700005,38.29754530100007],[21.501025241000036,38.30129928800005],[21.49532613100007,38.300913568000055],[21.494962747000045,38.30088897400003],[21.489824059000057,38.30054118400005],[21.48584502600005,38.29676673200004],[21.48109129100004,38.298185602000046],[21.478205022000054,38.301787500000046],[21.487677364000035,38.30481368900007],[21.487508158000026,38.320253888000025],[21.487121557000023,38.32299011900005],[21.48635918900004,38.328385912000044],[21.48377162500003,38.33243222500005],[21.477882950000037,38.34164066300008],[21.479505913000025,38.34445554300004],[21.485712206000073,38.35521978500003],[21.47685253800006,38.35439310600003],[21.475458137000032,38.354262997000035],[21.46666553700004,38.35344257700007],[21.465515491000076,38.356476703000055],[21.463522624000063,38.36173441600005],[21.468244824000067,38.366313940000055],[21.466042952000066,38.36867063700004],[21.449552922000066,38.363825775000066],[21.441195771000025,38.36838797000007],[21.432657120000044,38.36379253900003],[21.425148972000045,38.35975171600006],[21.422925331000044,38.36240322200007],[21.417619900000034,38.36185431000007],[21.41605505600006,38.35849484700003],[21.419758143000024,38.354396648000034],[21.417041852000068,38.33305398500005],[21.425423934000037,38.33449736800003],[21.42681912000006,38.33401545900006],[21.43772281100007,38.33024923500005],[21.439136286000064,38.33040280500006],[21.443782248000048,38.330907575000026],[21.44537830300004,38.328313457000036],[21.439346985000043,38.32396071100004],[21.434144806000063,38.32440369600005],[21.422759101000054,38.32537323200006],[21.420322790000057,38.32558069300006],[21.411822035000057,38.32962678400003],[21.415166101000068,38.35217889000006],[21.413333144000035,38.364598353000076],[21.397523714000044,38.37590893500004],[21.372307144000047,38.39409948200006],[21.370756854000035,38.396037301000035],[21.365903798000033,38.40210348200003],[21.35923130300006,38.416371034000065],[21.363216650000027,38.425272250000035],[21.364358706000075,38.42782301600005],[21.361328141000058,38.43779531200005],[21.362026051000043,38.450522944000056],[21.356428165000068,38.46099676100005],[21.33245619300004,38.48651012400006],[21.320154699000057,38.498138323000035],[21.305018188000076,38.49309578100008],[21.305018188000076,38.49073284200006],[21.300442443000065,38.48529554400005],[21.305018188000076,38.47819682000005],[21.312687270000026,38.46629915400007],[21.320477191000066,38.46064019800008],[21.322572190000074,38.45911829400006],[21.33354613700004,38.45573260400005],[21.348120995000045,38.43455138400003],[21.347082193000062,38.429964495000036],[21.34064022900003,38.43196680400007],[21.336630163000052,38.43004566900004],[21.33633156600007,38.42990261800003],[21.337290172000053,38.423935061000066],[21.33752253800003,38.42369798100003],[21.342789436000032,38.41832423100004],[21.335958767000022,38.401481638000064],[21.33554825400006,38.396037301000035],[21.334847471000046,38.386743325000054],[21.324687503000064,38.38526444100006],[21.319743995000067,38.388740605000066],[21.31498809800007,38.36908752100004],[21.309508567000023,38.369503817000066],[21.305018188000076,38.37396742200008],[21.301695583000026,38.377270217000046],[21.30128957100004,38.37767380900004],[21.294398693000062,38.370350872000074],[21.287500945000033,38.363020635000055],[21.285966286000075,38.36235476300004],[21.279692621000038,38.359632687000044],[21.27923565900005,38.35597238200006],[21.27882887100003,38.352713977000064],[21.27076282300004,38.34610367800008],[21.276150667000024,38.340531112000065],[21.260555830000044,38.339122633000045],[21.255503357000066,38.33718628400004],[21.227013258000056,38.326267520000044],[21.21449381800005,38.31711143100006],[21.220540647000064,38.31000008600006],[21.226163713000062,38.30338710600006],[21.15923345400006,38.30119385800003],[21.142105463000064,38.309154153000065],[21.12943980400007,38.32968297200006],[21.12596751700005,38.335310942000035],[21.11887718500003,38.33676021200006],[21.113300784000046,38.33790003400003],[21.101054282000064,38.33530796600007],[21.10011786700005,38.34635562300008],[21.102891403000058,38.34967391200007],[21.106736907000027,38.35427471400004],[21.107509564000054,38.36039220600003],[21.100626246000047,38.367803639000044],[21.100114207000047,38.36835496300006],[21.09226751800003,38.364851301000044],[21.09033501700003,38.36740798100004],[21.09828791900003,38.38271071300005],[21.10315823600007,38.384454393000055],[21.101689021000027,38.37213651500008],[21.104801303000045,38.372201930000074],[21.115887697000062,38.372434946000055],[21.113394738000068,38.379449384000054],[21.125101835000066,38.38374020600003],[21.12902069300003,38.396037301000035],[21.12744305700005,38.40028597500003],[21.12193875300005,38.39988213600003],[21.121929274000024,38.401139528000044],[21.12184417900005,38.41242805400003],[21.12220122100007,38.412516878000076],[21.131179174000067,38.414750396000045],[21.149430992000077,38.40878470000007],[21.153257867000036,38.41301026100007],[21.131112245000054,38.419807684000034],[21.118534242000067,38.42071811000005],[21.116182194000032,38.420888357000024],[21.117208305000077,38.423683580000045],[21.11948287900003,38.42987973100003],[21.115838721000046,38.43760932300006],[21.11065511700008,38.43880509300004],[21.11067217300007,38.445274479000034],[21.10909691100005,38.45106170100007],[21.102552054000057,38.45646242600003],[21.092825384000037,38.464488739000046],[21.093858927000042,38.469182647000025],[21.096232632000067,38.470595873000036],[21.10149302900004,38.47372774100006],[21.101882015000058,38.47882644200007],[21.09329930100006,38.47715629600003],[21.087648303000037,38.47605664500003],[21.083950134000077,38.48404762400003],[21.07834727000005,38.483800117000044],[21.081510759000025,38.488169449000054],[21.091723135000052,38.48591970800004],[21.092735317000063,38.48569672900004],[21.095524443000045,38.487431978000075],[21.095236732000046,38.49108292400007],[21.091170791000025,38.49198697700007],[21.084352134000028,38.493503091000036],[21.087346592000074,38.497151237000026],[21.08583688300007,38.50840797600006],[21.089005775000032,38.51576877700006],[21.094348766000053,38.528179640000076],[21.095644812000046,38.531190138000056],[21.08795376100005,38.53481741600007],[21.078823683000053,38.532636972000034],[21.073784153000076,38.528179640000076],[21.071173981000072,38.52587101200004],[21.064487841000073,38.519957298000065],[21.044503570000074,38.50426211000007],[21.03418633900003,38.50606714800006],[21.03109895600005,38.501503472000024],[21.026426912000034,38.50493310500008],[21.02589114600005,38.506889425000054],[21.020976029000053,38.52483667000007],[21.017430715000046,38.528179640000076],[21.014271337000025,38.53115870100004],[21.009791990000053,38.53406735900006],[21.014020815000038,38.53699470300006],[21.015270745000066,38.54349270300003],[21.012427928000022,38.545722941000065],[21.016548587000045,38.55910034200008],[21.019603956000026,38.56901936400004],[21.022112954000022,38.59559632700007],[21.02299709700003,38.604961751000076],[21.009984601000042,38.618701507000026],[21.00961886600004,38.61908768200004],[21.008124273000078,38.620665806000034],[21.006756323000047,38.624475956000026],[21.004273381000075,38.631391689000054],[21.00171757800007,38.633488802000045],[20.997629029000052,38.63684357900007],[20.990756572000066,38.64248263700006],[20.98833019500006,38.648414229000025],[20.98945885200004,38.65541609300004],[20.98954732900006,38.65596498000008],[20.988582484000062,38.66761964700004],[20.981736686000033,38.671580034000044],[20.961831849000077,38.67288886000006],[20.95190139700003,38.66954644900005],[20.95105492600004,38.66926154200007],[20.944469491000063,38.667045004000045],[20.93915136000004,38.674036261000026],[20.938572717000056,38.67479695000003],[20.932705096000063,38.67700240000005],[20.93196861900003,38.67656559900007],[20.923903684000038,38.67178232300006],[20.921367349000036,38.670284682000045],[20.91480013900002,38.675131030000045],[20.896198558000037,38.705734104000044],[20.89487666100007,38.70791647500005],[20.89403199700007,38.72769144600005],[20.893814340000063,38.732787157000075],[20.879359441000076,38.764077314000076],[20.88021917800006,38.77746095100008],[20.877413095000065,38.78769427900005],[20.870979182000042,38.794965682000054],[20.854485287000045,38.796163412000055],[20.835311123000054,38.789211400000056],[20.820568278000053,38.774700385000074],[20.809718609000072,38.764021326000034],[20.80394106800003,38.76689894700007],[20.803048889000024,38.76734331500006],[20.793342907000067,38.76573224800006],[20.789014979000058,38.763699029000065],[20.786999756000057,38.76275229700008],[20.781250535000027,38.75551298600004],[20.77875098800007,38.75830191600005],[20.77142337600003,38.75552737100003],[20.76369286000005,38.75792080700006],[20.75826250600005,38.772430522000036],[20.758972568000047,38.77496509000008],[20.75970860900003,38.77759239300008],[20.75280638600003,38.78723774700006],[20.738911208000047,38.792436690000045],[20.73756837600007,38.79293911600007],[20.730302992000077,38.79445844600008],[20.73143327200006,38.80291892900004],[20.729047614000024,38.807731456000056],[20.72881946900003,38.814282185000025],[20.734150671000066,38.82204922900007],[20.73466473800005,38.82279817500006],[20.734512892000055,38.82325554200003],[20.732873014000063,38.82819492200008],[20.737510131000022,38.83323732300005],[20.739881671000035,38.83581613500007],[20.738902421000034,38.83787410100007],[20.73467031000007,38.84676820100003],[20.741171218000034,38.85766791400005],[20.74402040900003,38.85813842300007],[20.74628489500003,38.85318223200005],[20.75772113100004,38.860842570000045],[20.761033756000074,38.86122700800007],[20.785534315000064,38.86407035600007],[20.792387382000072,38.86947196300008],[20.799238883000044,38.86727902300004],[20.797817509000026,38.872173135000025],[20.782175149000068,38.87699237700008],[20.774597825000058,38.88672311100004],[20.772048597000037,38.88843635400008],[20.76279572800007,38.89465486800003],[20.753889350000065,38.90628024400007],[20.747318758000063,38.92351340100004],[20.75950113300007,38.93187583500003],[20.766166586000054,38.95684392900006],[20.772137894000025,38.95136589500004],[20.776791520000074,38.94218139900005],[20.783680652000044,38.92858486200004],[20.795434966000073,38.919716555000036],[20.837681605000057,38.922245995000026],[20.846073371000045,38.92957017900005],[20.847535004000065,38.934627239000065],[20.848307659000056,38.93730052500007],[20.855068843000026,38.939876893000076],[20.85717836300006,38.94068073100004],[20.85741288500003,38.94151024400003],[20.85997818800007,38.950583831000074],[20.86383526800006,38.95393579500006],[20.870309296000073,38.937846044000025],[20.869848638000065,38.93725266600006],[20.866875612000058,38.93342307900008],[20.875706340000022,38.92523571600003],[20.873032524000052,38.92073679500004],[20.90301157400006,38.92189190700003],[20.91959485800004,38.937582743000064],[20.91960034300007,38.93800283500008],[20.91972254800004,38.94736320900006],[20.93016436100004,38.941201627000055],[20.94212225900003,38.93414542200003],[20.95105492600004,38.93658834800004],[20.964822053000034,38.94035341500006],[20.978021582000054,38.94396325300005],[20.98734931900003,38.93793620400004],[20.989913584000078,38.93368179200007],[20.996067125000025,38.92347235700004],[21.010562065000045,38.92497039300008],[21.020946440000046,38.926043606000064],[21.02994914100003,38.91621460300007],[21.028450149000037,38.908692547000044],[21.02589114600005,38.90708497700007],[21.024198601000023,38.906021718000034],[21.020093505000034,38.903442890000065],[21.02006721600003,38.89671367200003],[21.02589114600005,38.89523717000003],[21.028187984000056,38.89465486800003],[21.033872046000056,38.89321382500003],[21.049001289000046,38.88210312000007],[21.05539381600005,38.88104330200008],[21.060193209000033,38.880247610000026],[21.067753149000055,38.87402666700007],[21.079098518000023,38.86469076000003],[21.08222703200005,38.86406966200008],[21.08266873900004,38.86785501600008],[21.079636247000053,38.874481357000036],[21.09098659800003,38.87899813100006],[21.089760652000052,38.88782330400005],[21.088811647000057,38.89465486800003],[21.087904093000077,38.90118804700006],[21.09674506500005,38.912555660000066],[21.105377286000078,38.910675060000074],[21.112499840000055,38.91254009900007],[21.112622876000046,38.90466732300007],[21.123875588000033,38.90433697000003],[21.12709609500007,38.898376909000035],[21.13341817500003,38.89465486800003],[21.134707113000047,38.893896023000025],[21.138681482000038,38.891556164000065],[21.13930937600003,38.89177562500004],[21.145934648000036,38.89409128500006],[21.150848085000064,38.89158989300006],[21.153662840000038,38.88516256300005],[21.159821344000022,38.871099979000064],[21.16568287000007,38.864757172000054],[21.173866005000036,38.867325994000055],[21.17576642000006,38.87632749800008],[21.16927342200006,38.89465486800003],[21.16588277900007,38.90422541600003],[21.16080800700007,38.90670815200008],[21.159460032000027,38.907439715000066],[21.145704082000066,38.91490524300008],[21.140341230000047,38.92108279100006],[21.142305720000024,38.952588465000076],[21.14048596600003,38.96191408300007],[21.14761949900003,38.96545704500005],[21.151560802000063,38.97250128200005],[21.154753534000065,38.97820760800005],[21.164084365000065,38.97646001600003],[21.160367680000036,38.986913704000074],[21.15541233500005,38.98952338600003],[21.133725836000053,39.01911502100006],[21.118951671000048,39.03447995300007],[21.116629527000043,39.041150842000036],[21.108608481000033,39.046146484000076],[21.100150189000033,39.051724480000075],[21.083043029000066,39.05366685700005],[21.074229226000057,39.04736015100008],[21.07581678300005,39.04081617500003],[21.075846203000026,39.04069490400008],[21.073973340000066,39.03166111000007],[21.070675032000054,39.03515574200003],[21.065922106000073,39.04019157400006],[21.059783631000073,39.03796209600006],[21.058788320000076,39.03039152700006],[21.047592442000052,39.022192526000026],[21.055828699000074,39.01881176200004],[21.06379219200005,39.01554296100005],[21.06641869300006,39.01167782300007],[21.04994423200003,39.00925868100006],[21.054442812000048,39.00529876500008],[21.04565628900008,39.00358294800003],[21.02589114600005,39.00654603700008],[21.00498798800004,39.011491008000064],[20.997629029000052,39.015395856000055],[20.995643174000065,39.016449600000044],[20.98652086900006,39.01620970500005],[20.981408273000056,39.023821077000036],[20.97411790700005,39.02608227700006],[20.972514725000053,39.02852496300005],[20.96875804800004,39.03424881700005],[20.95497141900006,39.036137962000055],[20.95486978400004,39.03615188900005],[20.95105492600004,39.034731445000034],[20.948326246000022,39.03371543500003],[20.939475961000028,39.041001290000054],[20.93601466700005,39.04907380000003],[20.936073231000023,39.04955208100006],[20.937555598000074,39.06165819700004],[20.928377656000066,39.061428473000035],[20.921141384000066,39.064092896000034],[20.91887828600005,39.06492617600003],[20.915644026000052,39.06405293100005],[20.91148178000003,39.06292913100003],[20.910748265000052,39.06388533100005],[20.907309848000068,39.06836760200008],[20.895982306000064,39.07433718100003],[20.889405658000044,39.07477021500006],[20.890996891000043,39.070881083000074],[20.88793915900004,39.065967482000076],[20.89003612600004,39.06159198200004],[20.891497231000073,39.05854326000008],[20.881820423000022,39.060682299000064],[20.878353582000045,39.06144863700007],[20.875520567000024,39.05998474800003],[20.86809839400007,39.05614952700006],[20.864285564000056,39.04411341200006],[20.87315425500003,39.03565062500007],[20.86564866200007,39.03225863800003],[20.86099579100005,39.03407703500005],[20.858791610000026,39.03857427500003],[20.85881838000006,39.05338884100007],[20.861080307000066,39.05838585200007],[20.86319800700005,39.063064240000074],[20.855740404000073,39.06321361900007],[20.846470044000057,39.06942390000006],[20.842615335000062,39.06769321000007],[20.840604161000044,39.06679023200007],[20.83773492200004,39.07062134200004],[20.834897170000033,39.07441041000004],[20.831992635000063,39.07406657800004],[20.82646537200003,39.07341227400008],[20.82355317400004,39.06948234500004],[20.816074873000048,39.074847687000045],[20.81723639300003,39.07770620000008],[20.830262249000043,39.079350616000056],[20.830434118000028,39.07937231300008],[20.839335876000064,39.092965261000074],[20.822628140000063,39.110660635000045],[20.81789307500003,39.11172061900004],[20.81231426200003,39.10532073500008],[20.808636398000033,39.103728439000065],[20.798833681000076,39.09948444500003],[20.790435811000066,39.09584866600005],[20.78774296000006,39.09006672000004],[20.77215405800007,39.08326733800004],[20.786629608000055,39.07950568500007],[20.79497209300007,39.077337785000054],[20.787649973000043,39.06974304600004],[20.77949682800005,39.04612356100006],[20.77769285000005,39.043461457000035],[20.776273441000058,39.042232581000064],[20.773242837000055,39.04115690800006],[20.771290047000036,39.04096623800007],[20.76964736700006,39.04080584700006],[20.76739089600005,39.04014212300007],[20.764471168000057,39.03741811300006],[20.762428457000055,39.03493918000004],[20.760422206000044,39.03142934300007],[20.759439307000036,39.028384912000035],[20.757495985000048,39.02476882500008],[20.75497427600004,39.02013471500004],[20.741790081000033,39.01775024600005],[20.740341929000067,39.01454485900007],[20.744496922000053,39.006985013000076],[20.757367788000067,39.00371593400007],[20.761335682000038,38.99894684100008],[20.775307347000023,38.99453569700006],[20.78490156400005,38.99150660400005],[20.809616789000074,38.973841391000065],[20.82696444100003,38.969730937000065],[20.829834982000023,38.95933391900007],[20.820177944000022,38.955129777000025],[20.810672363000037,38.960949811000035],[20.803352570000072,38.96075927900006],[20.793228412000076,38.96728639300005],[20.786928818000035,38.971347784000045],[20.774276051000072,38.969611935000046],[20.760853261000022,38.97162541400007],[20.75622046500007,38.96478292100005],[20.755535645000066,38.95794642800007],[20.754606075000027,38.94866663000005],[20.74289664500003,38.94491327900005],[20.73020964400007,38.94939863700006],[20.724018172000058,38.95338405500007],[20.70879570900007,38.98045373600007],[20.705276509000043,38.98619439300006],[20.70408434500007,38.98897161900004],[20.703423577000024,38.99150660400005],[20.701558187000046,38.99960336200007],[20.711067640000067,39.00262066100004],[20.71115332200003,39.00264784700005],[20.71521210800006,39.01362724400008],[20.714119389000075,39.02905377800005],[20.708420140000044,39.042644600000074],[20.69791159700003,39.05637550600005],[20.674795333000077,39.07720269200007],[20.64997082900004,39.09372134100005],[20.64381547100004,39.093685261000076],[20.637253259000033,39.09364679600003],[20.62162584400005,39.10796766400006],[20.60611471800007,39.11533637400004],[20.58087114700004,39.136208698000075],[20.577436428000055,39.14227640200005],[20.572564742000054,39.14719443100006],[20.566885402000025,39.15324110200004],[20.556667951000065,39.16411940100005],[20.548058207000054,39.17542235800005],[20.519985225000028,39.19737901800005],[20.518211119000057,39.19825291800004],[20.493230802000028,39.210557874000074],[20.49298725400007,39.21044976500008],[20.48812160700004,39.208289937000075],[20.484219564000057,39.21101719300003],[20.485165094000024,39.21538274200003],[20.476167652000072,39.21726804800005],[20.477416902000073,39.22461312900003],[20.474529149000034,39.23276664000008],[20.479938555000047,39.23526400600008],[20.47907775300007,39.239463440000065],[20.472906504000036,39.24114022200007],[20.47664965000007,39.24903175900005],[20.47302086700006,39.254581607000034],[20.470928333000074,39.262840021000045],[20.47782156900007,39.27484149000003],[20.468236535000074,39.279299629000036],[20.46424713600004,39.273101858000075],[20.462265625000043,39.27031737800007],[20.458520080000028,39.270827550000035],[20.452735441000073,39.274204042000065],[20.44036502700004,39.281424651000066],[20.434855334000076,39.28038718100004],[20.432512055000075,39.276140326000075],[20.431558675000076,39.27441246200004],[20.416768733000026,39.275580053000056],[20.41244775900003,39.27806137700003],[20.403630087000067,39.28312493400006],[20.39167523800006,39.28477587500004],[20.38812241000005,39.28039040200008],[20.386865769000053,39.27883925300006],[20.36962217000007,39.28216170300004],[20.368909982000048,39.28229892500008],[20.364992664000056,39.28260495300003],[20.338773441000058,39.284653250000076],[20.335554769000055,39.290920404000076],[20.333867917000077,39.294204914000034],[20.300678563000076,39.31573522900004],[20.287474228000065,39.327497652000034],[20.28667394300004,39.335127760000034],[20.28665469200007,39.33531130800003],[20.286078624000027,39.34080367900003],[20.282729067000048,39.349042792000034],[20.28665532800005,39.35634146800004],[20.277944727000033,39.36582690800003],[20.276794366000047,39.36707959800003],[20.27714915000007,39.36862481500003],[20.27963340900004,39.37944469100006],[20.269703325000023,39.39028140500005],[20.26397604600004,39.39253363100005],[20.245781296000075,39.39968863300004],[20.239571479000062,39.39889898100006],[20.231835191000073,39.39791522100006],[20.222355506000042,39.40180556300004],[20.228531303000068,39.40690261200007],[20.233806311000023,39.41125621600003],[20.227014328000053,39.42617145600008],[20.220042405000072,39.441481846000045],[20.241716676000067,39.44254826500003],[20.270177630000035,39.443948602000034],[20.275509879000026,39.44799150600005],[20.27486920700005,39.453732511000055],[20.25945028700005,39.45964230300007],[20.250368920000028,39.46588092200005],[20.242247733000056,39.47145992700007],[20.235460127000067,39.471412291000036],[20.23339785400003,39.47614289200004],[20.217366021000032,39.48603837200005],[20.215277490000062,39.49068033100008],[20.226468242000067,39.49535597400006],[20.247248418000027,39.48730603900003],[20.256209614000056,39.48383460300005],[20.262443417000043,39.494224486000064],[20.264091647000043,39.496970936000025],[20.26234237600005,39.50795806200006],[20.23662507100005,39.518922959000065],[20.222846744000037,39.516374247000044],[20.21570048800004,39.515052334000075],[20.20752244600004,39.51630851600004],[20.17701992900004,39.531163194000044],[20.168839561000027,39.53514702000007],[20.15686371000004,39.53309735500005],[20.15693818400007,39.53277008400005],[20.157941546000075,39.528360863000046],[20.142210050000074,39.527026969000076],[20.13867601000004,39.53078700300006],[20.147654948000024,39.54450183900008],[20.14922778500005,39.546904261000066],[20.150306786000044,39.54855237600003],[20.15159213000004,39.555069557000024],[20.160244723000062,39.55437863900005],[20.171620032000078,39.57815562900004],[20.17308462400007,39.58121696100005],[20.171183470000074,39.58272828500003],[20.16320342700004,39.589072024000075],[20.177916823000032,39.599294618000044],[20.180137544000047,39.60083753300006],[20.186338480000074,39.610921647000055],[20.183471272000077,39.62509246900004],[20.162218881000058,39.63790244000006],[20.149658386000056,39.63776477600004],[20.14082115900004,39.63766792000007],[20.138617217000046,39.64284475200003],[20.13860592700007,39.64287127100005],[20.111443760000043,39.65984097300003],[20.107230320000042,39.658979405000025],[20.105019903000027,39.65852741600003],[20.104901013000074,39.658357376000026],[20.10018823100006,39.65161700900006],[20.08878363200006,39.66120835900006],[20.093536252000035,39.663586234000036],[20.09494809000006,39.66429261800005],[20.08876820200004,39.66765029100003],[20.085492472000055,39.669430068000054],[20.076275709000072,39.67152770700005],[20.066191916000037,39.673822673000075],[20.064076256000078,39.677140602000065],[20.061235572000044,39.681595566000055],[20.055275746000063,39.68216339600008],[20.044488708000074,39.68382692400007],[20.03335530800007,39.68146454400005],[20.02451744900003,39.67958925100004],[20.01487062600006,39.68304511400004],[20.015959872000053,39.68712038700005],[20.016865282000026,39.69050786200006],[20.00881264700007,39.69129224100004],[20.030805556000075,39.699210151000045],[20.03591607800007,39.69458409400005],[20.038652107000075,39.692107434000036],[20.048734473000025,39.69095133700006],[20.062914458000023,39.689325386000064],[20.072810943000036,39.68412802100005],[20.077986113000065,39.68141016200008],[20.08274115000006,39.681313782000075],[20.08962432800007,39.68117426600003],[20.098835558000076,39.673993763000055],[20.107230320000042,39.667449727000076],[20.124280190000036,39.65759502700007],[20.134681930000056,39.65503692400006],[20.15125696100006,39.655339456000036],[20.192964379000045,39.64499322000006],[20.216630146000057,39.64716905700004],[20.22569648500007,39.64773436200005],[20.227113141000075,39.65217984800006],[20.222828710000044,39.65872401200005],[20.21903256400003,39.66452235600008],[20.220342094000046,39.66765029100003],[20.221087210000064,39.669430068000054],[20.22846671900004,39.67496713400004],[20.230801953000025,39.68323277500008],[20.233928890000072,39.68478500400005],[20.24612464200004,39.68245571400007],[20.254849602000036,39.677470706000065],[20.264818140000045,39.671775178000075],[20.264088491000052,39.679757712000026],[20.263730991000045,39.68366885200004],[20.266322113000058,39.693843024000046],[20.276549914000043,39.700061023000046],[20.28415235400007,39.71126906200004],[20.290568781000047,39.71366300700004],[20.292861618000074,39.714234033000025],[20.30328453000004,39.716829837000034],[20.311276101000033,39.72482520400007],[20.32088130900007,39.72809409200005],[20.322380129000067,39.732536596000045],[20.307972027000062,39.743435831000056],[20.307178169000053,39.74403635800007],[20.30606583100007,39.74684442200004],[20.30432245700007,39.75124551600004],[20.30267483800003,39.752908071000036],[20.29289226700007,39.76277932100004],[20.29345326600003,39.76725008900007],[20.300014514000054,39.771901453000055],[20.303384418000064,39.77429042700004],[20.305989906000036,39.783721437000054],[20.299566388000073,39.791838151000036],[20.290175676000047,39.803704191000065],[20.302345083000034,39.812743116000036],[20.30551760900005,39.81553518800007],[20.317541574000074,39.80973293900007],[20.347544612000036,39.80382705400007],[20.357317756000043,39.79682622900003],[20.36955929100003,39.78805721300006],[20.379770810000025,39.784961157000055],[20.391307880000056,39.78848354300004],[20.396201676000032,39.79632843400003],[20.40360688900006,39.80356047500004],[20.412808984000037,39.812547377000044],[20.41446293000007,39.82324217400003],[20.413006331000076,39.83359961700006],[20.415978266000025,39.841221036000036],[20.40966405100005,39.84757126000005],[20.399930217000076,39.85736060700003],[20.396201676000032,39.861343540000064],[20.38918171100005,39.86948387100006],[20.38365412400003,39.88079965000003],[20.384296911000035,39.88559211300003],[20.384698787000048,39.88858840200004],[20.379417512000032,39.89066464700005],[20.373406758000044,39.89302767400005],[20.369704759000058,39.899191365000036],[20.36413028800007,39.90847265300005],[20.358317853000074,39.913205670000025],[20.348794416000032,39.91754832400005],[20.340651052000055,39.921261669000046],[20.338207399000055,39.92480436100004],[20.339234240000053,39.93021304600006],[20.341970810000078,39.93734867400008],[20.344901227000037,39.944989762000034],[20.341344376000052,39.95393403800006],[20.336521377000054,39.958702913000025],[20.319208617000072,39.97582139000008],[20.31321392600006,39.99038747600008],[20.335888622000027,39.99021420500003],[20.357880843000032,39.99004614900008],[20.374055715000054,39.988836966000065],[20.375765299000022,39.989426637000065],[20.378801397000075,39.99287654600005],[20.380502990000025,39.99380786900008],[20.38829226000007,39.99501543300005],[20.38852975100008,39.99507602700004],[20.38905286800008,39.995209497000076],[20.393698364000045,39.99639476200008],[20.396201676000032,39.99963792700004],[20.399221511000064,40.008249024000065],[20.39841387000007,40.01537097700003],[20.411983209000027,40.03212535600005],[20.41378988500003,40.03943947100004],[20.411554269000078,40.04632059900007],[20.410643480000033,40.04912396900005],[20.41354526500004,40.05249089100005],[20.420926864000023,40.06105571000006],[20.448689353000077,40.07277423900007],[20.46287667200005,40.074461048000046],[20.47062371100003,40.06857804200007],[20.472202220000042,40.06737934200004],[20.47440275400004,40.066211664000036],[20.482991628000036,40.063901473000044],[20.485087779000025,40.06358918700005],[20.489674639000043,40.06395116400006],[20.49139670900007,40.06479589800006],[20.495643949000055,40.06591544100007],[20.503865490000067,40.07414241400005],[20.511826297000027,40.082108481000034],[20.525155849000043,40.075876347000076],[20.550917003000052,40.063831907000065],[20.588784564000036,40.070662113000026],[20.600610429000028,40.07156643900004],[20.612876563000043,40.079653474000054],[20.62496569900003,40.08961819600006],[20.649414444000058,40.09086106800004],[20.651821469000026,40.09098343100004],[20.670826757000043,40.097154498000066],[20.678365169000074,40.096003188000054],[20.678386645000046,40.096301191000066],[20.67730238100006,40.11272671800003],[20.676423560000046,40.126039975000026],[20.680797942000027,40.134204071000056],[20.68599093800003,40.14175010500003],[20.693197644000065,40.15222229700004],[20.682413344000054,40.16091909800008],[20.675495393000062,40.16649795300003],[20.67807145000006,40.17551522900004],[20.680170875000044,40.182864094000024],[20.67987114600004,40.18494212000007],[20.67920835900003,40.18953722200007],[20.699914781000075,40.19718190900005],[20.706885390000025,40.19975541600007],[20.724712726000064,40.22447906600007],[20.724440531000027,40.22556547500005],[20.721143391000055,40.23424550300007],[20.72099275200003,40.23464207400008],[20.721005999000056,40.23510326400003],[20.721467363000045,40.251165954000044],[20.71788009900007,40.25461872900007],[20.710112035000066,40.26209556400005],[20.708750378000047,40.26991164700007],[20.713965957000028,40.28247634500008],[20.73152109600005,40.29820809200004],[20.735555815000055,40.308845088000055],[20.74437010200006,40.31198833000008],[20.748683362000065,40.313526471000046],[20.76316978600005,40.321788354000034],[20.75978930900004,40.328611230000035],[20.75828640000003,40.331644578000066],[20.76413250400003,40.34173485300005],[20.778451800000028,40.34873059900008],[20.77676798500005,40.35558354300008],[20.78612142700007,40.35913851200007],[20.78951266200005,40.36334852600004],[20.791865530000052,40.38421052800004],[20.787323335000053,40.39993777300003],[20.791931616000056,40.41278144300003],[20.785962340000026,40.42442811700005],[20.795661213000074,40.43378956200007],[20.79836917800003,40.43479087500003],[20.811563634000038,40.439950311000075],[20.814248115000055,40.440040571000054],[20.82142155300005,40.44028176100005],[20.82197162400007,40.44296174100003],[20.822491524000043,40.44549472500006],[20.830950397000038,40.45557792200003],[20.833566417000043,40.46790181000006],[20.845166062000033,40.479390583000054],[20.856108352000035,40.478188928000066],[20.85774237800007,40.47738364000003],[20.87020040400006,40.471244022000064],[20.889048844000058,40.475222045000066],[20.895398234000027,40.47531128400004],[20.907616614000062,40.47548300900007],[20.915940498000055,40.47028970200006],[20.923903684000038,40.46532143600007],[20.92714743500005,40.46329764600006],[20.941410868000048,40.46535034800007],[20.954236008000066,40.469375859000024],[20.954317115000038,40.47427463400004],[20.954346084000065,40.47602434500004],[20.95933220300003,40.48075619200006],[20.967599060000055,40.48860147100004],[20.96897636500006,40.49806163300008],[20.968076332000066,40.50036791300005],[20.964747205000037,40.508898603000034],[20.97127140200007,40.52017939600006],[20.975901734000047,40.52255440500005],[20.984559141000034,40.52699499800008],[20.99598216100003,40.53285414100003],[21.00196000400007,40.54486011300003],[21.00394923400006,40.548855306000064],[21.012700971000072,40.553341594000074],[21.02303884400004,40.556013644000075],[21.025720732000025,40.555781280000076],[21.033661316000064,40.55509329200004],[21.041592842000057,40.55829204500003],[21.04238919900007,40.56337151100007],[21.046303511000076,40.57629061000006],[21.043740531000026,40.58310307900007],[21.040823879000072,40.590855617000045],[21.045602443000064,40.59778175800005],[21.047687678000045,40.60080413800006],[21.046727818000022,40.606653831000074],[21.04563654900005,40.61330436600008],[21.05606836900006,40.61669533600008],[21.05247906200003,40.635660571000074],[21.054156351000074,40.647982616000036],[21.05673319400006,40.66691315300005],[21.04692411700006,40.67989285400006],[21.044070814000065,40.683299687000044],[21.04105469500007,40.68845448700006],[21.037522653000053,40.69367818600006],[21.036260068000047,40.69521711900006],[21.034582448000037,40.69753794700006],[21.01036988100003,40.72260430000006],[20.998114781000027,40.729168866000066],[20.997629029000052,40.729429064000044],[20.98802554400004,40.73457326700003],[20.984041553000054,40.74023459800003],[20.985702464000042,40.748118231000035],[20.98596943000007,40.749385406000044],[20.983169161000035,40.761642521000056],[20.976802032000023,40.76276171400008],[20.97310084700007,40.76341229600007],[20.960837938000054,40.77146564700007],[20.97006566300007,40.77789125700008],[20.977008240000032,40.78272563200005],[20.984212624000065,40.79290417900006],[20.984749797000063,40.80105636600007],[20.984515060000035,40.803043839000054],[20.983246380000026,40.81853087500008],[20.980525967000062,40.85173951500008],[20.98020439100003,40.85566505600008],[20.997629029000052,40.85554224200007],[21.06259973500005,40.85508430800007],[21.07110251900008,40.85502437800005],[21.119612154000038,40.85468288200008],[21.152442859000075,40.856943372000046],[21.168716518000053,40.866428144000054],[21.17678280000007,40.87446894000004],[21.194327461000057,40.87720555300007],[21.206082867000077,40.88352316100003],[21.24282656400004,40.87418613800003],[21.25151341700007,40.86268389700007],[21.259598019000066,40.85945800200005],[21.266305268000053,40.862261198000056],[21.272189679000064,40.86472050100008],[21.285128128000053,40.86506633500005],[21.301197124000055,40.865495846000044],[21.34182111900003,40.87361059500006],[21.365783264000072,40.88200003000003],[21.388381438000067,40.89768243000003],[21.390346735000037,40.89903581400006],[21.40149632200007,40.906456492000075],[21.417948988000035,40.91740666700008],[21.439988620000065,40.91677329200007],[21.444832233000056,40.914935988000025],[21.451675503000047,40.91234016400006],[21.465147366000053,40.90723017700003],[21.488343522000037,40.911694633000025],[21.489736470000025,40.91196272700006],[21.499217222000027,40.91110896500004],[21.502939051000055,40.910607345000074],[21.53101377100006,40.90761451800006],[21.540135022000072,40.896979232000035],[21.554159647000063,40.880626662000054],[21.560997581000038,40.876824330000034],[21.56346562300007,40.87545194000006],[21.564544858000033,40.87339737700006],[21.56815250300008,40.86652942200004],[21.581082398000035,40.86846004500006],[21.585012604000042,40.86904688300007],[21.58743150600003,40.86838032600008],[21.593141423000077,40.86680689200006],[21.59943789600004,40.87415453600005],[21.60367476400006,40.879098733000035],[21.60821814800005,40.879240062000065],[21.609677435000037,40.87928545600005],[21.61383807200008,40.88249512500005],[21.62080650100006,40.887870828000075],[21.623147220000078,40.88788698700006],[21.628786511000044,40.887925919000054],[21.634793432000038,40.89463247900005],[21.637746985000035,40.89793003900007],[21.650684839000064,40.90112316700004],[21.66036586900003,40.900317044000076],[21.67025022300004,40.89949399000005],[21.671468340000047,40.90628508100008],[21.668758410000066,40.91423671700005],[21.66695899800004,40.91951665800008],[21.685069252000062,40.94004035900008],[21.686750978000077,40.94076895400008],[21.70513463700007,40.943303135000065],[21.712540756000067,40.94004035900008],[21.726831512000047,40.932969107000076],[21.731091975000027,40.93086097400004],[21.737949056000048,40.93074687700005],[21.744995569000025,40.93062962800008],[21.75043522800007,40.92825107900006],[21.756192817000056,40.92573351200008],[21.780222580000043,40.92942693600003],[21.78737777400005,40.93112536500007],[21.790563814000052,40.93803223100008],[21.794383365000044,40.94004035900008],[21.797126628000058,40.941482628000074],[21.802816377000056,40.94447401100007],[21.806107283000074,40.95117908200007],[21.802717432000065,40.95590896600004],[21.800367385000072,40.959188005000044],[21.80063897200006,40.97520109900006],[21.813533230000075,40.984480835000056],[21.81595511100005,40.98622381200005],[21.819383791000064,40.986895580000066],[21.824921198000027,40.98798050400006],[21.82882163900007,40.990790935000064],[21.829046161000065,40.99095271300007],[21.832143795000036,40.99318468700005],[21.840693041000065,40.99569070900003],[21.846008494000046,40.99724881700007],[21.84724920000008,41.001517636000074],[21.849266011000054,41.00845674800007],[21.860799652000026,41.01917302900006],[21.867081744000075,41.020541379000065],[21.87179394900005,41.021567780000055],[21.875545072000023,41.02595889500003],[21.883569117000036,41.02841409700005],[21.88308919700006,41.035896025000056],[21.88282839900006,41.03996186400008],[21.890161153000065,41.039871566000045],[21.899207999000055,41.03976016000007],[21.91203007300004,41.04939249700004],[21.908385492000036,41.059425187000045],[21.904492452000056,41.07014182800003],[21.910150180000073,41.08194656300003],[21.91048803800004,41.091605954000045],[21.92205283800007,41.09480513300008],[21.929438064000067,41.100350408000054],[21.950817894000068,41.11090438800005],[21.954547473000048,41.11544631400005],[21.955280334000065,41.11633880100004],[21.956365164000033,41.11653911900004],[21.96231003300005,41.11763686100005],[21.968610862000048,41.12390129600004],[21.97378000200007,41.12904057800006],[21.977619066000045,41.12777101000006],[21.979222078000078,41.12764161700005],[21.99244883800003,41.12657396700007],[22.027885027000025,41.13306043800003],[22.040066331000048,41.142406125000036],[22.046738121000033,41.14752482700004],[22.050069333000067,41.148512409000034],[22.058907272000056,41.151132535000045],[22.060399579000034,41.15481845800008],[22.06265447100003,41.160387928000034],[22.07725534800005,41.153517581000074],[22.079353471000047,41.14691796200003],[22.080088514000067,41.14460589300006],[22.088612311000077,41.13851502700004],[22.10224804300003,41.13569498800007],[22.113231083000073,41.13342355800006],[22.114215755000032,41.13244944000007],[22.11965239500006,41.12707107500006],[22.12854406100007,41.123527042000035],[22.14619188300003,41.12678708200008],[22.166242365000073,41.149268722000045],[22.173053519000064,41.15690574100006],[22.18184559100007,41.15837362700006],[22.192246109000052,41.16011005300004],[22.20209473500006,41.16175433700005],[22.21621616500005,41.17045740100008],[22.22818075600003,41.164599371000065],[22.23833755900006,41.16299702400005],[22.25919077700007,41.16586927600008],[22.271337105000043,41.16271570400005],[22.276826138000047,41.156145382000034],[22.287666753000053,41.15493742800004],[22.304672295000046,41.146106856000074],[22.320600265000053,41.149461150000036],[22.321768604000056,41.14313526400008],[22.327074266000068,41.13665374300007],[22.32637976600006,41.123868766000044],[22.332051845000024,41.120272525000075],[22.33413573400003,41.12778934600004],[22.34892207300004,41.135081771000046],[22.36262445600005,41.13307950400008],[22.371837682000034,41.13701094800007],[22.385700115000077,41.132629234000035],[22.400079298000037,41.136913750000076],[22.40459667400006,41.12814177900003],[22.418649294000033,41.118568871000036],[22.430916937000063,41.12055645300006],[22.446185159000038,41.11850299900004],[22.453674583000065,41.12126630900008],[22.465146918000073,41.11744333000007],[22.477007685000046,41.12030415400005],[22.536926238000035,41.13011394600005],[22.560720479000054,41.13086339800003],[22.57392948100005,41.11970148900008],[22.584946519000027,41.11719623600004],[22.60569616600003,41.126569037000024],[22.609398517000045,41.128614070000026],[22.611713922000035,41.12989199500004],[22.617663754000034,41.13359734800008],[22.624492101000044,41.14259164400005],[22.627193573000056,41.14495360800004],[22.629127906000065,41.14664454200005],[22.63264995800006,41.149723539000036],[22.64172338900005,41.16068742700003],[22.644207290000054,41.16959404100004],[22.64689824800007,41.17924311000007],[22.666470055000048,41.18633961200004],[22.669271457000036,41.182757698000046],[22.68281373900004,41.16544233400003],[22.704891995000025,41.14466250400005],[22.711362387000065,41.140446749000034],[22.732122188000062,41.146881938000035],[22.746819044000063,41.16308259200008],[22.748710886000026,41.17306498000005],[22.751274513000055,41.19255762200004],[22.755758987000036,41.226658978000046],[22.75830663200003,41.24604403600006],[22.760717468000053,41.26559768300007],[22.757268380000028,41.27568372600007],[22.76514204500006,41.29279203500005],[22.757236831000057,41.30299111200003],[22.763958855000055,41.32153587200003],[22.76902854700006,41.325401095000075],[22.779613253000036,41.32705913900003],[22.792036395000025,41.32995996500006],[22.799353130000043,41.34089947900003],[22.805675545000042,41.339101819000064],[22.808862606000048,41.340620210000054],[22.809383806000028,41.34086852200005],[22.81251870400007,41.342362061000074],[22.814098143000024,41.34085397200005],[22.819312763000028,41.33587491900005],[22.82616322000007,41.33463158100005],[22.85754741100004,41.337785978000056],[22.879178668000065,41.34065311900008],[22.89815257500004,41.33853017400003],[22.913314790000072,41.34116748100007],[22.927591411000037,41.33853933600005],[22.932853959000056,41.34007239500005],[22.94996837000008,41.337058210000066],[22.96890461000004,41.33372316500004],[22.98211404400007,41.33493049500004],[22.983910541000057,41.33509469300003],[22.98664863700003,41.334630351000044],[23.015187240000046,41.32979061300006],[23.023007307000057,41.33222377900006],[23.025725430000023,41.33306950600007],[23.05028840800003,41.327484233000064],[23.095308447000036,41.31724731400004],[23.107297303000053,41.316901752000035],[23.118811538000045,41.32011552300003],[23.119757047000064,41.320379427000034],[23.14151408500004,41.32104906500007],[23.16510472400006,41.32177513800008],[23.174006748000068,41.321011458000044],[23.18141837400003,41.31939459400007],[23.198439500000063,41.32267855100008],[23.215137651000077,41.32980411500006],[23.223327056000073,41.33565902300006],[23.23044488000005,41.34902641200006],[23.229019195000035,41.35646211900007],[23.22700744100007,41.36695448300003],[23.232812946000024,41.375359607000064],[23.25668131200007,41.383023293000065],[23.28312852600004,41.399496010000064],[23.321559187000048,41.39923263900005],[23.327701157000035,41.38794017400005],[23.339877873000034,41.36555238500006],[23.343480315000022,41.365244379000046],[23.352940002000025,41.36842517400004],[23.362583562000054,41.37875976200007],[23.375654519000022,41.38189722900006],[23.38604694600008,41.38931353800007],[23.38793799000007,41.390663036000035],[23.397717530000023,41.39547087300008],[23.404470925000055,41.40114337400007],[23.41977593400003,41.398939143000064],[23.438673743000038,41.40583583400007],[23.47045389400006,41.400922981000065],[23.482271680000053,41.39909608500005],[23.50658111200005,41.40249422900007],[23.52438879300007,41.40498351200006],[23.53275077400008,41.40241493000008],[23.53566792500004,41.397189368000056],[23.53695300100003,41.39488737900007],[23.549751143000037,41.38678113700007],[23.56907070400007,41.38909081700007],[23.578731670000025,41.39024579900007],[23.587860802000023,41.38453513200005],[23.59778732700005,41.378325661000076],[23.62430828500004,41.375698389000036],[23.637490634000073,41.37598675400005],[23.645756211000048,41.38045547100006],[23.64635637300006,41.38403888800008],[23.647978058000035,41.39372155400008],[23.674023652000074,41.409330641000054],[23.68351906500004,41.407112108000035],[23.693440579000026,41.404794020000054],[23.703495463000024,41.40547933000005],[23.730627411000057,41.40732856000005],[23.75568944400004,41.40312751100004],[23.75879193000003,41.40095965300003],[23.76395204000005,41.397354034000045],[23.768289722000077,41.397451680000074],[23.788340769000058,41.41802476200007],[23.789733108000064,41.42232454400005],[23.79091296100006,41.42596813400007],[23.800759433000053,41.436950239000055],[23.81029869200006,41.43687389100006],[23.81082095200003,41.43686971100004],[23.822908081000037,41.43677297100004],[23.850155037000036,41.440642092000076],[23.85338986000005,41.44531591300006],[23.856487377000064,41.44979134700003],[23.865729844000043,41.44978927100004],[23.88210909600008,41.45382941300005],[23.885387497000067,41.45279116000006],[23.887741289000076,41.45204572600005],[23.891266635000022,41.45092926700005],[23.905750837000028,41.45761027300006],[23.906819359000053,41.46059124800007],[23.908209380000073,41.468671390000054],[23.909572019000052,41.476592364000055],[23.914576279000073,41.480484485000034],[23.930046160000074,41.47235379500006],[23.934322544000054,41.465011426000046],[23.93460916300006,41.46451931400003],[23.93759721400005,41.462747825000065],[23.941234808000047,41.46059124800007],[23.941353348000064,41.46015141200007],[23.943863127000043,41.450839021000036],[23.970817244000045,41.43896316200005],[23.979464345000054,41.43985834400007],[23.995163959000024,41.449734446000036],[23.996433057000047,41.45400710000007],[23.996563451000043,41.45444609500004],[23.997577792000072,41.45460757500007],[24.006660492000037,41.45605351000006],[24.01075757700005,41.46059124800007],[24.01235249100006,41.46235770000004],[24.01727767500006,41.46781260100005],[24.020166209000024,41.46298608400008],[24.021599450000053,41.46059124800007],[24.023999204000063,41.45658144400005],[24.034314281000036,41.45632764900006],[24.039157875000058,41.45160434400003],[24.046779112000024,41.451286104000076],[24.054510050000033,41.45857384100003],[24.05575519000007,41.459747599000025],[24.05670161300003,41.46013635500003],[24.057809044000066,41.46059124800007],[24.072871044000067,41.46677817700004],[24.070220995000057,41.479798490000064],[24.068913004000024,41.48060258800007],[24.06126600700003,41.485303645000045],[24.06538881800003,41.49655730100005],[24.06629873600008,41.49904101900006],[24.063621743000056,41.504557213000055],[24.060351422000053,41.51129601500003],[24.059744082000066,41.52211217900003],[24.074744268000074,41.53149595900004],[24.074843780000037,41.53176808500007],[24.078516053000044,41.541810318000046],[24.10137730100007,41.549946179000074],[24.103733994000038,41.547426184000074],[24.107568368000045,41.543326113000035],[24.11646084800003,41.54021079600005],[24.130850096000074,41.54074884100004],[24.134666262000053,41.533890118000045],[24.148101464000035,41.53824367500005],[24.14998253600004,41.53885322000008],[24.15793876400005,41.53705314800004],[24.159636127000056,41.53312037100005],[24.161518043000058,41.52875998600007],[24.17392978400005,41.52266118800003],[24.17522715800004,41.515445396000075],[24.190883993000057,41.51862889800003],[24.19151295100005,41.52599062200005],[24.192001110000035,41.531704338000054],[24.207249433000072,41.54303504200004],[24.20768283700005,41.54335709600008],[24.207972857000073,41.54381859400007],[24.21249434200007,41.55101347100003],[24.221419428000047,41.54938778300004],[24.229234339000072,41.547964311000044],[24.233974561000025,41.553116061000026],[24.24269832300007,41.56259718600006],[24.261836593000055,41.57358945000004],[24.274220227000058,41.568158795000045],[24.27294409600006,41.56262510800008],[24.271932925000044,41.558240365000074],[24.28527338200007,41.55220845400004],[24.287545575000024,41.550792244000036],[24.296346743000072,41.54530666100004],[24.30188479900005,41.53797894100006],[24.300104446000034,41.53357976900003],[24.29658591200007,41.524885632000064],[24.304127137000023,41.511510067000074],[24.313467870000068,41.51358534700006],[24.32086190900003,41.51888893600005],[24.32200271000005,41.51970720800006],[24.324169264000034,41.51999206100004],[24.33098111700008,41.52088766700007],[24.333960886000057,41.52318548200003],[24.33412644400005,41.523313150000035],[24.337332857000035,41.525785738000025],[24.343153159000053,41.52485266000008],[24.35167573900003,41.52421184900004],[24.35586862100007,41.52163121700005],[24.36316531500006,41.517140254000026],[24.36843867700003,41.51820664100006],[24.37050630400006,41.52275085000008],[24.371245986000076,41.523416722000036],[24.385386981000067,41.536146647000066],[24.40603357300006,41.539305048000074],[24.409982282000044,41.53778697800004],[24.411505482000052,41.53498650100005],[24.414503791000072,41.529473961000065],[24.43732196800005,41.52852663200008],[24.440150395000046,41.52840920600005],[24.442334885000037,41.52727228700007],[24.45153868600005,41.52248216300006],[24.46261693300005,41.52974554700006],[24.46306763700005,41.53576267600005],[24.463609189000067,41.54299268400007],[24.47187956500005,41.54639765300004],[24.475718580000034,41.55220845400004],[24.486158344000046,41.557302951000054],[24.490246385000034,41.556047300000046],[24.495489194000072,41.55443695900004],[24.499024089000045,41.55845921700006],[24.49915912000006,41.55861286500004],[24.499677064000025,41.55863864000003],[24.509111661000077,41.55910813600008],[24.516474181000035,41.56325411200004],[24.525106854000057,41.56811533500007],[24.53399527600004,41.56484290000003],[24.53453440800007,41.560902412000075],[24.535161679000055,41.55631771600008],[24.53977815500008,41.55704479700006],[24.542455336000046,41.557466445000045],[24.551750069000036,41.55220845400004],[24.55264498500003,41.548842783000055],[24.55082584400003,41.545784808000064],[24.546897037000065,41.53918048400004],[24.556272411000066,41.52965058700005],[24.556597235000027,41.529320409000036],[24.556594331000042,41.52869697300008],[24.556573338000078,41.52419093700007],[24.559504553000068,41.52007609700007],[24.562804108000023,41.51544418200007],[24.562155965000045,41.512221889000045],[24.559988548000035,41.50144640000008],[24.568015839000054,41.491212371000074],[24.57375703200006,41.475302783000075],[24.585092030000055,41.47004790200003],[24.59605382500007,41.46496603600008],[24.59762131100007,41.46059124800007],[24.598794912000074,41.457315778000066],[24.597625248000043,41.45437836200006],[24.595974286000057,41.45023224600004],[24.597205126000063,41.44269221600007],[24.60883502300004,41.427250542000024],[24.616751712000053,41.42428205500005],[24.620859669000026,41.42680748600003],[24.627804654000045,41.43107702400005],[24.656395559000032,41.43459296800006],[24.663041621000048,41.43169920400004],[24.658454034000044,41.426168775000065],[24.658419691000063,41.42598969200003],[24.657013869000025,41.418658968000045],[24.65912119400008,41.41678231900005],[24.668883880000067,41.418053119000035],[24.672798168000043,41.41856263900007],[24.682359693000024,41.42452958200005],[24.693790571000022,41.419001524000066],[24.71427737700003,41.42019663000008],[24.721863365000047,41.41649149800003],[24.72258472200008,41.41613917500007],[24.72336670100003,41.416176291000056],[24.729269715000044,41.416456477000054],[24.734962302000042,41.41161033800006],[24.737149670000065,41.39726182000004],[24.739128506000043,41.39400423100005],[24.746926580000036,41.38116692700004],[24.75523766300006,41.377874965000046],[24.760570935000032,41.37576249400007],[24.76089583600003,41.374390445000074],[24.761647159000063,41.37121762800007],[24.769025671000065,41.36543364400006],[24.783955942000034,41.36018914500005],[24.804110354000045,41.34588834600004],[24.815341716000034,41.353487673000075],[24.815184070000043,41.36573349100007],[24.815130821000025,41.36986981900003],[24.81855439800006,41.37813917400007],[24.82157911400003,41.38544511300006],[24.821318692000034,41.38831413300005],[24.820205289000057,41.400580296000044],[24.851832556000033,41.39930687200007],[24.861464450000028,41.39408000800006],[24.866479453000068,41.39135855500007],[24.881535083000074,41.392180136000036],[24.88368112300003,41.39566482300006],[24.88524123800005,41.39819809800008],[24.89698913600006,41.40679533500003],[24.916963877000057,41.40841002800005],[24.918862069000056,41.40432476900003],[24.919086540000023,41.40384166700005],[24.941593171000022,41.38715681200006],[24.954011110000067,41.386994497000046],[24.97703262500005,41.376905650000026],[25.01098772100005,41.37152185000008],[25.055142001000036,41.364520904000074],[25.06307269100006,41.35946121100005],[25.066172248000044,41.35449672100003],[25.069924944000036,41.348486112000046],[25.084260834000077,41.33904891700007],[25.099529662000066,41.33536185200006],[25.108105916000056,41.33975313700006],[25.112951468000063,41.34223419800003],[25.125402275000056,41.341595056000074],[25.124446184000078,41.33673850500003],[25.123818177000032,41.33354848400006],[25.13121987900007,41.325275325000064],[25.142052515000046,41.32276752200005],[25.143918453000026,41.32233554900006],[25.144419726000024,41.32196966500004],[25.152467384000033,41.31609560900006],[25.15834440100008,41.31727642300007],[25.159419970000044,41.31749252700007],[25.16020863600005,41.31664809200004],[25.165175693000037,41.31132979800003],[25.171475633000057,41.31263516400003],[25.179375287000028,41.31018806800006],[25.179814320000048,41.30220016100003],[25.183381805000067,41.29860003500005],[25.204663641000025,41.292463559000055],[25.208045750000053,41.291488350000066],[25.22120323300004,41.28086509900004],[25.225130302000025,41.27174217600003],[25.224698492000073,41.264630847000035],[25.23261807600005,41.25594995100005],[25.232981951000056,41.24868171800006],[25.23884713500007,41.24524454500005],[25.24687700800007,41.24484225800006],[25.26482449300005,41.24394311000003],[25.274132723000037,41.23954707000007],[25.281375473000026,41.23612650300004],[25.288047495000058,41.23532989600005],[25.289470333000054,41.23785278200006],[25.291828502000044,41.24203413600003],[25.296843163000062,41.244633288000045],[25.328339681000045,41.24164057300004],[25.335707581000065,41.240940495000075],[25.338439470000026,41.24384400300005],[25.341573824000022,41.24717525900007],[25.35614855500006,41.25106781100004],[25.367380234000052,41.259353135000026],[25.381846535000022,41.25735682900006],[25.385825502000046,41.256807743000024],[25.416050193000046,41.26587920900005],[25.426806017000047,41.264532874000054],[25.431267767000065,41.272741893000045],[25.432544575000065,41.275091048000036],[25.44221433900003,41.27614961300003],[25.44346082000004,41.27628606700006],[25.444416686000068,41.27683521400007],[25.450605651000046,41.280390785000066],[25.460652582000023,41.281889525000054],[25.469239737000066,41.283170505000044],[25.47204031900003,41.28543458200005],[25.47528951000004,41.288061328000026],[25.481070068000065,41.28772151600003],[25.502428733000045,41.28646593900004],[25.516831638000042,41.282903659000056],[25.51929756100003,41.28105799700006],[25.52456368000003,41.277116481000064],[25.529515050000043,41.27738884900003],[25.540351243000032,41.29936233500007],[25.545321511000054,41.309440978000055],[25.55784013300007,41.31590514900006],[25.561327326000026,41.31828226400006],[25.571537681000052,41.318086289000064],[25.57440412300008,41.31803127100005],[25.584529161000034,41.31331411300005],[25.585000243000025,41.31250843000004],[25.58675223000006,41.309512039000026],[25.623078977000034,41.30412530500007],[25.629559721000078,41.30733089000006],[25.63666300500006,41.31084440300003],[25.65740912600006,41.313942],[25.663464926000074,41.30996387300007],[25.665564262000032,41.30858479400007],[25.66835651400004,41.30818293100003],[25.684200975000067,41.30590258400008],[25.693714450000073,41.30135586500006],[25.696942874000058,41.29777513600004],[25.700892493000026,41.29339451200008],[25.710671114000036,41.29178616100006],[25.713609425000072,41.29339500800006],[25.712508006000064,41.30140194100005],[25.712437866000073,41.30191183100004],[25.720794562000037,41.31762062100006],[25.73891182600005,41.31836135400005],[25.739814504000037,41.31802230000005],[25.744856353000046,41.316128536000065],[25.753083197000024,41.31976988400004],[25.76239785000007,41.323892715000056],[25.766954786000042,41.32159687300003],[25.76964308400005,41.320242474000054],[25.78006897000006,41.32150859800004],[25.78310439300003,41.32540775100006],[25.788149821000047,41.331888856000035],[25.803754920000074,41.33486596100005],[25.815156306000063,41.33704109200005],[25.818837522000024,41.341773990000036],[25.82307271600007,41.34721913000004],[25.846556238000062,41.336821247000046],[25.847809699000038,41.33542246500008],[25.854703379000057,41.32772956200006],[25.865165345000037,41.328056350000054],[25.871439415000054,41.32825232600004],[25.872712268000043,41.32158403300008],[25.871968001000027,41.320097102000034],[25.86875218700004,41.31367239600007],[25.884259373000077,41.30476317500006],[25.906437452000034,41.307575076000035],[25.928481113000032,41.315113318000044],[25.935563654000077,41.32031397500003],[25.948626170000068,41.320341917000064],[25.976558614000055,41.31883382600006],[25.981545117000053,41.321578060000036],[25.98846953700007,41.32538879300006],[25.99106225500003,41.32582255800003],[25.998971205000032,41.32714573700008],[26.001185087000067,41.33178245400006],[26.004282001000036,41.33826858100008],[26.01065016800004,41.34396291100006],[26.025370157000054,41.346021603000054],[26.02888432700007,41.34651308400004],[26.03313225000005,41.348656196000036],[26.035981208000067,41.35009351900004],[26.04099116200007,41.349219866000055],[26.053855535000025,41.34697653200004],[26.067783014000042,41.34939837700006],[26.08297416100004,41.345491571000025],[26.091551125000024,41.34637769900007],[26.096280637000064,41.353185428000074],[26.09704185700008,41.35428113900008],[26.106753681000043,41.356482422000056],[26.111489437000046,41.35427625900007],[26.11324270500006,41.35345949500004],[26.11730738700004,41.35469354300005],[26.120893398000078,41.35578226600006],[26.123934417000044,41.35516885800007],[26.129603700000075,41.35402529900006],[26.136678052000036,41.36445347700004],[26.136896686000057,41.36763500700005],[26.137398354000027,41.37493520000004],[26.14304613400003,41.37591621900003],[26.14713469700007,41.376626402000056],[26.151199211000062,41.38657916600005],[26.15585442500003,41.38922383700003],[26.163930746000062,41.406865581000034],[26.162415139000075,41.41354963500004],[26.160809865000033,41.420629130000066],[26.17470092800005,41.43319056800004],[26.188631729000065,41.43801398000005],[26.192470640000067,41.43730690600006],[26.19708034200005,41.436457862000054],[26.20052186500004,41.438470435000056],[26.177735618000042,41.46059124800007],[26.174720238000077,41.46351856900003],[26.167509533000043,41.467479301000026],[26.156082086000026,41.473756225000045],[26.153307165000058,41.484263276000036],[26.157599469000047,41.48782298500004],[26.162804271000027,41.48997756000006],[26.170774979000043,41.49327710600005],[26.173353125000062,41.50551614300008],[26.184897376000038,41.52011909700008],[26.181733826000027,41.53984278100006],[26.17645533700005,41.554799315000025],[26.163430362000042,41.55332808300005],[26.157557878000034,41.55266475800005],[26.148227580000025,41.55496267900003],[26.149395663000064,41.58839185100004],[26.15142467100003,41.595399894000025],[26.153841680000028,41.60374806300007],[26.14830412400005,41.60768859400008],[26.138053600000035,41.614982879000024],[26.13728718300007,41.62576211100003],[26.136832941000023,41.63215077600006],[26.12399197600007,41.63052741800004],[26.12272239600003,41.62892010200005],[26.119379451000043,41.62468786100004],[26.09516843700004,41.626783369000066],[26.09337892700006,41.63227388200005],[26.09029268200004,41.64174299600006],[26.082862593000073,41.641526716000044],[26.08179242800003,41.64149556500007],[26.070986781000045,41.650363334000076],[26.06464119800006,41.663164806000054],[26.066934548000063,41.66972012400004],[26.06788652000006,41.67244124300004],[26.064589015000024,41.680464732000075],[26.061339908000036,41.688370458000065],[26.061883824000063,41.69744457300004],[26.065620573000047,41.69896012400005],[26.067426805000025,41.69969269600006],[26.069546668000044,41.70690075500005],[26.07018593500004,41.70907442300006],[26.087065300000063,41.71636814200008],[26.10538039000005,41.71458686600005],[26.112248118000025,41.713918930000034],[26.11710501400006,41.72214632600003],[26.122037764000027,41.73050221500006],[26.12738349600005,41.73206828700006],[26.138460918000078,41.735313502000054],[26.149282554000024,41.73951308900007],[26.173060875000033,41.748740817000055]]]]}}]}