{"type":"FeatureCollection","metadata":{"countryCode":"GR","layer":"400","sourceProviders":["ArcGIS OSM Europe","OpenStreetMap Overpass API"],"license":"ODbL 1.0","attribution":"© OpenStreetMap contributors"},"features":[{"type":"Feature","properties":{"assetId":"GR-line-way-1000743727-part-1","countryCode":"GR","assetType":"line","powerType":"cable","osmType":"way","osmId":"1000743727","actualVoltagesKv":[400],"actualVoltageKv":400,"gridClass":"400","displayClass":"400 kV sınıfı","name":"ΚΥΤ ΑΛΙΒΕΡΙΟΥ - ΚΥΤ ΛΑΡΙΜΝΑΣ - ΚΥΤ ΑΓΙΟΥ ΣΤΕΦΑΝΟΥ","ref":null,"operator":"IPTO","from":null,"to":null,"displayLabel":"ΚΥΤ ΑΛΙΒΕΡΙΟΥ - ΚΥΤ ΛΑΡΙΜΝΑΣ - ΚΥΤ ΑΓΙΟΥ ΣΤΕΦΑΝΟΥ","labelSource":"osm-name","voltageRaw":"400000","circuits":null,"cables":null,"frequency":null,"location":"underground","sourceProvider":"ArcGIS OSM Europe","sourceFallback":null,"sourceLicense":"ODbL 1.0","osmTimestamp":"2022-05-29T21:54:01Z"},"geometry":{"type":"LineString","coordinates":[[23.60309026415142,38.44720366207632],[23.60406044194211,38.44734067485916]]}},{"type":"Feature","properties":{"assetId":"GR-line-way-1000743727-part-2","countryCode":"GR","assetType":"line","powerType":"cable","osmType":"way","osmId":"1000743727","actualVoltagesKv":[400],"actualVoltageKv":400,"gridClass":"400","displayClass":"400 kV sınıfı","name":"ΚΥΤ ΑΛΙΒΕΡΙΟΥ - ΚΥΤ ΛΑΡΙΜΝΑΣ - ΚΥΤ ΑΓΙΟΥ ΣΤΕΦΑΝΟΥ","ref":null,"operator":"IPTO","from":null,"to":null,"displayLabel":"ΚΥΤ ΑΛΙΒΕΡΙΟΥ - ΚΥΤ ΛΑΡΙΜΝΑΣ - ΚΥΤ ΑΓΙΟΥ ΣΤΕΦΑΝΟΥ","labelSource":"osm-name","voltageRaw":"400000","circuits":null,"cables":null,"frequency":null,"location":"underground","sourceProvider":"ArcGIS OSM Europe","sourceFallback":null,"sourceLicense":"ODbL 1.0","osmTimestamp":"2022-05-29T21:54:01Z"},"geometry":{"type":"LineString","coordinates":[[23.618390726111695,38.44936446073833],[23.6801275,38.4580832]]}},{"type":"Feature","properties":{"assetId":"GR-line-way-1255381984","countryCode":"GR","assetType":"line","powerType":"cable","osmType":"way","osmId":"1255381984","actualVoltagesKv":[400],"actualVoltageKv":400,"gridClass":"400","displayClass":"400 kV sınıfı","name":null,"ref":null,"operator":null,"from":null,"to":null,"displayLabel":"400 kV · OSM 1255381984","labelSource":"generated-identifier","voltageRaw":"400000","circuits":null,"cables":"3","frequency":"50","location":"overground","sourceProvider":"ArcGIS OSM Europe","sourceFallback":null,"sourceLicense":"ODbL 1.0","osmTimestamp":"2024-02-27T20:44:00Z"},"geometry":{"type":"LineString","coordinates":[[22.6888677,38.3561704],[22.6890635,38.3561978],[22.689254,38.3562209],[22.6893425,38.3563198],[22.689254,38.3563597],[22.6893076,38.3564313],[22.6891682,38.3564922]]}},{"type":"Feature","properties":{"assetId":"GR-line-way-148320057","countryCode":"GR","assetType":"line","powerType":"cable","osmType":"way","osmId":"148320057","actualVoltagesKv":[400],"actualVoltageKv":400,"gridClass":"400","displayClass":"400 kV sınıfı","name":"HVDC Italy-Greece","ref":null,"operator":null,"from":null,"to":null,"displayLabel":"HVDC Italy-Greece","labelSource":"osm-name","voltageRaw":"400000","circuits":null,"cables":null,"frequency":"0","location":"underground","sourceProvider":"ArcGIS OSM Europe","sourceFallback":null,"sourceLicense":"ODbL 1.0","osmTimestamp":"2022-12-08T07:11:32Z"},"geometry":{"type":"LineString","coordinates":[[20.0193168,39.6833965],[20.0173632,39.6845135],[20.0158608,39.6842745],[20.0151158,39.6838903]]}},{"type":"Feature","properties":{"assetId":"GR-line-way-161367310","countryCode":"GR","assetType":"line","powerType":"cable","osmType":"way","osmId":"161367310","actualVoltagesKv":[400],"actualVoltageKv":400,"gridClass":"400","displayClass":"400 kV sınıfı","name":"HVDC Italy–Greece","ref":null,"operator":null,"from":null,"to":null,"displayLabel":"HVDC Italy–Greece","labelSource":"osm-name","voltageRaw":"400000","circuits":null,"cables":null,"frequency":"0","location":"underwater","sourceProvider":"ArcGIS OSM Europe","sourceFallback":null,"sourceLicense":"ODbL 1.0","osmTimestamp":"2014-02-20T21:49:20Z"},"geometry":{"type":"LineString","coordinates":[[20.015091165577584,39.683870234299505],[20.0151157997808,39.6838903002876]]}},{"type":"Feature","properties":{"assetId":"GR-line-way-1034457570","countryCode":"GR","assetType":"line","powerType":"line","osmType":"way","osmId":"1034457570","actualVoltagesKv":[400],"actualVoltageKv":400,"gridClass":"400","displayClass":"400 kV sınıfı","name":"Марица Изток - Неа Санта","ref":null,"operator":"ЕСО","from":null,"to":null,"displayLabel":"Марица Изток - Неа Санта","labelSource":"osm-name","voltageRaw":"400000","circuits":null,"cables":null,"frequency":null,"location":null,"sourceProvider":"ArcGIS OSM Europe","sourceFallback":null,"sourceLicense":"ODbL 1.0","osmTimestamp":"2022-02-23T11:27:38Z"},"geometry":{"type":"LineString","coordinates":[[25.53201831037862,41.282464926630176],[25.5320871,41.2824022]]}},{"type":"Feature","properties":{"assetId":"GR-line-way-1054073400","countryCode":"GR","assetType":"line","powerType":"line","osmType":"way","osmId":"1054073400","actualVoltagesKv":[400],"actualVoltageKv":400,"gridClass":"400","displayClass":"400 kV sınıfı","name":"Λγκαδάς - Φίλιπποι","ref":null,"operator":"ΑΔΜΗΕ","from":null,"to":null,"displayLabel":"Λγκαδάς - Φίλιπποι","labelSource":"osm-name","voltageRaw":"400000","circuits":null,"cables":"6","frequency":null,"location":null,"sourceProvider":"ArcGIS OSM Europe","sourceFallback":null,"sourceLicense":"ODbL 1.0","osmTimestamp":"2023-10-31T13:51:02Z"},"geometry":{"type":"LineString","coordinates":[[24.2616664,41.0460075],[24.2568689,41.0458445],[24.2544364,41.0450299],[24.2507547,41.043592],[24.2473924,41.0421541],[24.2460588,41.0406523],[24.2441146,41.0387538],[24.2415506,41.0361398],[24.2393999,41.0337027],[24.2372491,41.0313577],[24.232788,41.0294306],[24.2289654,41.0278931],[24.2251711,41.0263202],[24.2212453,41.0247543],[24.217404,41.0231813],[24.2141262,41.021835],[24.2111865,41.0205666],[24.2076552,41.0191069],[24.2039078,41.0175692],[24.2003013,41.0160456],[24.1968638,41.0145575],[24.1929286,41.0129204],[24.1888619,41.0112267],[24.1858283,41.0100006],[24.1817522,41.008321],[24.1781363,41.0068043],[24.174511,41.0053371],[24.1705476,41.0036715],[24.1660395,41.0017791],[24.1632407,41.0006166],[24.1602071,40.9993762],[24.1560653,40.997675],[24.1530599,40.9964062],[24.1501487,40.9951881],[24.1462363,40.9935592],[24.1422612,40.993307],[24.1383488,40.9931336],[24.1345547,40.9929602],[24.13051,40.9928446],[24.1269457,40.9926817],[24.123444,40.9925293],[24.1200607,40.9923874],[24.1160995,40.9922193],[24.11257,40.9920564],[24.1085322,40.9919198],[24.1045363,40.991883],[24.1020162,40.9914206],[24.0974633,40.9901962],[24.0906966,40.9883097],[24.0870626,40.9864652],[24.0832976,40.9846989],[24.0788459,40.9825223],[24.0761034,40.981239],[24.0732295,40.9799202],[24.0705528,40.9785517],[24.0659695,40.9763182],[24.0635182,40.975205],[24.0595924,40.973262],[24.0564649,40.9717587],[24.0530556,40.9701064],[24.050501,40.9688867],[24.0474111,40.9673975],[24.0433444,40.9676528],[24.037681,40.9678372],[24.0335486,40.9680924],[24.0290874,40.9683548],[24.0250958,40.9685392],[24.019517,40.9687874],[24.0155912,40.9689647],[24.0122571,40.9690924],[24.0086694,40.9693122],[24.0048765,40.9695185],[24.0010034,40.9697139],[23.997017,40.9674793],[23.9942758,40.9659956],[23.9917045,40.9646279],[23.9882033,40.9626557],[23.9852761,40.9610132],[23.9818639,40.9591386],[23.9776106,40.9564334],[23.9750797,40.9547724],[23.9703979,40.9528915],[23.9670503,40.9511326],[23.9637028,40.9491967],[23.9604279,40.9473706],[23.9569186,40.9454406],[23.9548324,40.9442985],[23.9512423,40.9423867],[23.9479836,40.9404994],[23.9456629,40.9392716],[23.9428005,40.9376774],[23.9405445,40.9364435],[23.9371565,40.9345437],[23.9343668,40.9329249],[23.9292727,40.9301881],[23.9261045,40.9284875],[23.9202349,40.925255],[23.9155427,40.9226675],[23.9116129,40.9204863],[23.9086049,40.918861],[23.9049662,40.9167836],[23.9001227,40.9142294],[23.8967832,40.9123413],[23.8932092,40.9103492],[23.8898455,40.9085037],[23.8853011,40.9074281],[23.8810803,40.9064014],[23.8776599,40.9055214],[23.8729539,40.9043725],[23.8691535,40.9034558],[23.8654501,40.9025024],[23.8619731,40.9015734],[23.8577522,40.9005161],[23.8531594,40.8993793],[23.8483644,40.8981997],[23.8445963,40.897289],[23.8408687,40.8963416],[23.8367895,40.8953533],[23.8326473,40.8943535],[23.8284495,40.8932852],[23.8239871,40.8921696],[23.8198797,40.8911749],[23.8149091,40.8898908],[23.8108296,40.8889067],[23.8070147,40.8879488],[23.8030465,40.8869594],[23.7983474,40.8857699],[23.7941078,40.8847331],[23.7907941,40.8838805],[23.7865266,40.8828541],[23.7837837,40.8821909],[23.7794119,40.8811014],[23.7758962,40.8802171],[23.7713155,40.8790592],[23.7681201,40.8782907],[23.7635463,40.8780327],[23.7595434,40.8778643],[23.7552759,40.8776274],[23.7519901,40.8774432],[23.7487877,40.8772221],[23.7452721,40.8770537],[23.7413458,40.87688],[23.7365701,40.8766221],[23.7322957,40.8763904],[23.7289123,40.8762009],[23.7243316,40.8759746],[23.7207185,40.8757325],[23.7163884,40.8754903],[23.7121209,40.875285],[23.7080832,40.8750639],[23.7035094,40.8748271],[23.6999729,40.8746481],[23.6959282,40.8744323],[23.6919531,40.874227],[23.6877483,40.8739848],[23.6836061,40.8738585],[23.6796519,40.8737374],[23.6759901,40.8736321],[23.6725024,40.8734795],[23.6680678,40.8733584],[23.6644408,40.8732531],[23.6609113,40.8731478],[23.6566229,40.8730373],[23.6521327,40.8728794],[23.6481994,40.8727162],[23.6435977,40.8724688],[23.6402283,40.8722477],[23.6360722,40.8707316],[23.6324383,40.8694681],[23.6283379,40.867952],[23.6242653,40.8664884],[23.620882,40.8652776],[23.6172968,40.8640193],[23.6132103,40.8625083],[23.6095137,40.8612131],[23.6068404,40.8602232],[23.600937,40.8581066],[23.5939684,40.8556003],[23.5907313,40.8544524],[23.5874802,40.8532782],[23.5835678,40.8518512],[23.5781795,40.8498975],[23.5750607,40.8487969],[23.5720393,40.8476489],[23.5685794,40.846443],[23.5639847,40.8447736],[23.5602951,40.8434306],[23.5566263,40.8419929],[23.5529645,40.8405814],[23.5498179,40.8393385],[23.5457592,40.8381113],[23.5426195,40.8378585],[23.5377741,40.837414],[23.5327437,40.8370367],[23.529983,40.8368102],[23.5257878,40.8350651],[23.5214532,40.833152],[23.5161899,40.8309461],[23.5113342,40.829082],[23.5053453,40.8265644],[23.5010036,40.8248556],[23.4960946,40.8227589],[23.4924402,40.8213472],[23.4885021,40.8195971],[23.4846404,40.8180038],[23.4811832,40.8165734],[23.478534,40.8159247],[23.4743886,40.8148945],[23.4706506,40.8139563],[23.4667436,40.8129895],[23.4627614,40.8119873],[23.4587135,40.8109921],[23.4543556,40.8098689],[23.4514441,40.8091225],[23.4473586,40.8081202],[23.4433952,40.807125],[23.4397418,40.8062008],[23.4362949,40.8053691],[23.4330359,40.8045231],[23.4289223,40.8035065],[23.4251284,40.8025404],[23.421441,40.801629],[23.4182468,40.8008387],[23.4138663,40.7996044],[23.407229,40.7977413],[23.4029818,40.7964902],[23.3994854,40.7955283],[23.3958825,40.7958175],[23.3925105,40.7960933],[23.3891518,40.7963489],[23.3811417,40.7965137],[23.3764325,40.7966011],[23.3704705,40.7967256],[23.3676849,40.7967928],[23.3626914,40.7969375],[23.3573424,40.797035],[23.3528243,40.7970888],[23.3478041,40.797183],[23.3441478,40.7972502],[23.3401183,40.7969274],[23.3366841,40.7966449],[23.334214,40.7964632],[23.3297358,40.7961101],[23.3257729,40.7957839],[23.3196376,40.7963926],[23.3149195,40.7968332],[23.3119296,40.7971763],[23.3089575,40.7974419],[23.3024845,40.7980406],[23.2965092,40.7981751],[23.2902406,40.7983029],[23.2868597,40.7983399],[23.2816441,40.7984442],[23.2780233,40.7985282],[23.2729231,40.7986022],[23.2690358,40.7986863],[23.2630827,40.7987805],[23.2584801,40.7988679],[23.2551747,40.7989655],[23.2508787,40.7989957],[23.2459385,40.7990832],[23.2436549,40.7991538],[23.2382838,40.7992311],[23.2321707,40.7993522],[23.2294873,40.7993892],[23.2242494,40.7994935],[23.2212195,40.7995338],[23.2189227,40.7995809],[23.214751,40.7996515],[23.2097042,40.7997255],[23.2042708,40.7998634],[23.1992906,40.7999374],[23.1949101,40.8000181],[23.1894901,40.8001224],[23.1865135,40.8001627],[23.1828439,40.8002199],[23.1788277,40.8002804],[23.1746161,40.8003342],[23.1693071,40.800499],[23.1635272,40.8005394],[23.1586536,40.8005831],[23.154833,40.8005696],[23.1487865,40.8005259],[23.1441484,40.8004519],[23.1385062,40.800351],[23.1341257,40.8003073],[23.1297897,40.8002602],[23.1262045,40.8001594],[23.1217396,40.7996852],[23.1154533,40.7990529],[23.1129698,40.7987469],[23.1078963,40.7982357],[23.1038979,40.7978287],[23.1008325,40.7974823],[23.0980558,40.7971527],[23.0943418,40.7966953],[23.0912808,40.7969072],[23.0860651,40.7957805],[23.0834395,40.7958579],[23.077784,40.795989],[23.0729726,40.794933],[23.0692719,40.7942031],[23.0651269,40.7933555],[23.0624702,40.7927938],[23.0601822,40.7914115],[23.0577299,40.7900358],[23.0527994,40.78976],[23.0494312,40.790097],[23.048249,40.7897611]]}},{"type":"Feature","properties":{"assetId":"GR-line-way-1132459987","countryCode":"GR","assetType":"line","powerType":"line","osmType":"way","osmId":"1132459987","actualVoltagesKv":[400],"actualVoltageKv":400,"gridClass":"400","displayClass":"400 kV sınıfı","name":"Αμύνταιο - Θεσσαλονίκη","ref":null,"operator":null,"from":null,"to":null,"displayLabel":"Αμύνταιο - Θεσσαλονίκη","labelSource":"osm-name","voltageRaw":"400000","circuits":null,"cables":"6","frequency":null,"location":null,"sourceProvider":"ArcGIS OSM Europe","sourceFallback":null,"sourceLicense":"ODbL 1.0","osmTimestamp":"2023-01-16T13:53:35Z"},"geometry":{"type":"LineString","coordinates":[[22.7810413,40.7355197],[22.7832793,40.7348959],[22.7849787,40.7344222],[22.7884227,40.7334142],[22.7928108,40.7322191],[22.7965552,40.7311215],[22.8007287,40.7300077],[22.8043872,40.7289589],[22.8081316,40.7279263],[22.8120369,40.7268287],[22.8159743,40.725731],[22.8198796,40.7246171],[22.8238279,40.7235276],[22.8272074,40.7225762],[22.8319174,40.7212752],[22.8364664,40.7199742],[22.8405756,40.7188602],[22.8447169,40.7182503],[22.8494483,40.7175022],[22.8546518,40.7167134],[22.8589541,40.7160954],[22.8635353,40.715396],[22.8670543,40.7148837],[22.8720647,40.7141518],[22.8757983,40.71355],[22.8799182,40.7129483],[22.883963,40.7123221],[22.8880721,40.7117203],[22.892192,40.7111103],[22.8963977,40.7105004],[22.9009363,40.7096501],[22.9037362,40.7076242],[22.9066125,40.7055824],[22.9095215,40.7034841],[22.912382,40.7014559],[22.915636,40.6991117],[22.9179647,40.6974463],[22.9188738,40.6960306],[22.9211498,40.6933732]]}},{"type":"Feature","properties":{"assetId":"GR-line-way-1132459988","countryCode":"GR","assetType":"line","powerType":"line","osmType":"way","osmId":"1132459988","actualVoltagesKv":[400],"actualVoltageKv":400,"gridClass":"400","displayClass":"400 kV sınıfı","name":null,"ref":null,"operator":null,"from":null,"to":null,"displayLabel":"400 kV · OSM 1132459988","labelSource":"generated-identifier","voltageRaw":"400000","circuits":null,"cables":"3","frequency":null,"location":null,"sourceProvider":"ArcGIS OSM Europe","sourceFallback":null,"sourceLicense":"ODbL 1.0","osmTimestamp":"2023-10-28T20:27:34Z"},"geometry":{"type":"LineString","coordinates":[[22.9224093,40.692486],[22.9224277,40.6922746],[22.9224498,40.6919676],[22.9224747,40.6916642],[22.9225017,40.6913385]]}},{"type":"Feature","properties":{"assetId":"GR-line-way-1217721368","countryCode":"GR","assetType":"line","powerType":"line","osmType":"way","osmId":"1217721368","actualVoltagesKv":[400],"actualVoltageKv":400,"gridClass":"400","displayClass":"400 kV sınıfı","name":"ΚΥΤ ΛΑΡΙΜΝΑΣ - ΚΥΤ ΑΛΙΒΕΡΙΟΥ - ΚΥΤ ΑΓΙΟΥ ΣΤΕΦΑΝΟΥ","ref":null,"operator":"IPTO","from":null,"to":null,"displayLabel":"ΚΥΤ ΛΑΡΙΜΝΑΣ - ΚΥΤ ΑΛΙΒΕΡΙΟΥ - ΚΥΤ ΑΓΙΟΥ ΣΤΕΦΑΝΟΥ","labelSource":"osm-name","voltageRaw":"400000","circuits":null,"cables":null,"frequency":null,"location":null,"sourceProvider":"ArcGIS OSM Europe","sourceFallback":null,"sourceLicense":"ODbL 1.0","osmTimestamp":"2023-10-23T09:09:27Z"},"geometry":{"type":"LineString","coordinates":[[23.4641436,38.3818544],[23.4642275,38.3821684]]}},{"type":"Feature","properties":{"assetId":"GR-line-way-1219084043","countryCode":"GR","assetType":"line","powerType":"line","osmType":"way","osmId":"1219084043","actualVoltagesKv":[400],"actualVoltageKv":400,"gridClass":"400","displayClass":"400 kV sınıfı","name":null,"ref":null,"operator":null,"from":null,"to":null,"displayLabel":"400 kV · OSM 1219084043","labelSource":"generated-identifier","voltageRaw":"400000","circuits":null,"cables":"3","frequency":null,"location":null,"sourceProvider":"ArcGIS OSM Europe","sourceFallback":null,"sourceLicense":"ODbL 1.0","osmTimestamp":"2023-10-28T20:27:34Z"},"geometry":{"type":"LineString","coordinates":[[22.9219186,40.6913363],[22.9218955,40.6916595],[22.9218633,40.6919711],[22.9218496,40.6922755],[22.9218365,40.6924996]]}},{"type":"Feature","properties":{"assetId":"GR-line-way-1219084054","countryCode":"GR","assetType":"line","powerType":"line","osmType":"way","osmId":"1219084054","actualVoltagesKv":[400],"actualVoltageKv":400,"gridClass":"400","displayClass":"400 kV sınıfı","name":null,"ref":null,"operator":null,"from":null,"to":null,"displayLabel":"400 kV · OSM 1219084054","labelSource":"generated-identifier","voltageRaw":"400000","circuits":null,"cables":"3","frequency":null,"location":null,"sourceProvider":"ArcGIS OSM Europe","sourceFallback":null,"sourceLicense":"ODbL 1.0","osmTimestamp":"2023-10-28T20:27:34Z"},"geometry":{"type":"LineString","coordinates":[[22.9215225,40.6924916],[22.921535,40.692276],[22.9215526,40.691973],[22.921571,40.691657],[22.9215897,40.6913344]]}},{"type":"Feature","properties":{"assetId":"GR-line-way-1219084055","countryCode":"GR","assetType":"line","powerType":"line","osmType":"way","osmId":"1219084055","actualVoltagesKv":[400],"actualVoltageKv":400,"gridClass":"400","displayClass":"400 kV sınıfı","name":null,"ref":null,"operator":null,"from":null,"to":null,"displayLabel":"400 kV · OSM 1219084055","labelSource":"generated-identifier","voltageRaw":"400000","circuits":null,"cables":"3","frequency":null,"location":null,"sourceProvider":"ArcGIS OSM Europe","sourceFallback":null,"sourceLicense":"ODbL 1.0","osmTimestamp":"2023-10-28T20:27:34Z"},"geometry":{"type":"LineString","coordinates":[[22.922221,40.6906111],[22.9221914,40.6910451],[22.92218,40.6913393],[22.9221788,40.6913751]]}},{"type":"Feature","properties":{"assetId":"GR-line-way-1219773345","countryCode":"GR","assetType":"line","powerType":"line","osmType":"way","osmId":"1219773345","actualVoltagesKv":[400],"actualVoltageKv":400,"gridClass":"400","displayClass":"400 kV sınıfı","name":"Θεσσαλονίκη - Φίλοπποι","ref":null,"operator":null,"from":null,"to":null,"displayLabel":"Θεσσαλονίκη - Φίλοπποι","labelSource":"osm-name","voltageRaw":"400000","circuits":null,"cables":"6","frequency":null,"location":null,"sourceProvider":"ArcGIS OSM Europe","sourceFallback":null,"sourceLicense":"ODbL 1.0","osmTimestamp":"2023-10-31T13:51:02Z"},"geometry":{"type":"LineString","coordinates":[[23.0458067,40.7892032],[23.0467127,40.7895611]]}},{"type":"Feature","properties":{"assetId":"GR-line-way-1219773346","countryCode":"GR","assetType":"line","powerType":"line","osmType":"way","osmId":"1219773346","actualVoltagesKv":[400],"actualVoltageKv":400,"gridClass":"400","displayClass":"400 kV sınıfı","name":"Αμύνταιο - Λαγκαδάς","ref":null,"operator":null,"from":null,"to":null,"displayLabel":"Αμύνταιο - Λαγκαδάς","labelSource":"osm-name","voltageRaw":"400000","circuits":null,"cables":"6","frequency":null,"location":null,"sourceProvider":"ArcGIS OSM Europe","sourceFallback":null,"sourceLicense":"ODbL 1.0","osmTimestamp":"2023-10-31T13:51:02Z"},"geometry":{"type":"LineString","coordinates":[[23.045515,40.7896594],[23.0466208,40.7897558]]}},{"type":"Feature","properties":{"assetId":"GR-line-way-1219773347","countryCode":"GR","assetType":"line","powerType":"line","osmType":"way","osmId":"1219773347","actualVoltagesKv":[400],"actualVoltageKv":400,"gridClass":"400","displayClass":"400 kV sınıfı","name":null,"ref":null,"operator":null,"from":null,"to":null,"displayLabel":"400 kV · OSM 1219773347","labelSource":"generated-identifier","voltageRaw":"400000","circuits":null,"cables":"3","frequency":null,"location":null,"sourceProvider":"ArcGIS OSM Europe","sourceFallback":null,"sourceLicense":"ODbL 1.0","osmTimestamp":"2023-10-31T13:51:02Z"},"geometry":{"type":"LineString","coordinates":[[23.0463293,40.7903933],[23.0471839,40.7906405],[23.0477645,40.7908147],[23.0484903,40.7910112]]}},{"type":"Feature","properties":{"assetId":"GR-line-way-1219773348","countryCode":"GR","assetType":"line","powerType":"line","osmType":"way","osmId":"1219773348","actualVoltagesKv":[400],"actualVoltageKv":400,"gridClass":"400","displayClass":"400 kV sınıfı","name":null,"ref":null,"operator":null,"from":null,"to":null,"displayLabel":"400 kV · OSM 1219773348","labelSource":"generated-identifier","voltageRaw":"400000","circuits":null,"cables":"3","frequency":null,"location":null,"sourceProvider":"ArcGIS OSM Europe","sourceFallback":null,"sourceLicense":"ODbL 1.0","osmTimestamp":"2023-10-31T13:51:02Z"},"geometry":{"type":"LineString","coordinates":[[23.0464279,40.7901921],[23.047854,40.7905921],[23.0485886,40.7908012]]}},{"type":"Feature","properties":{"assetId":"GR-line-way-1219773349","countryCode":"GR","assetType":"line","powerType":"line","osmType":"way","osmId":"1219773349","actualVoltagesKv":[400],"actualVoltageKv":400,"gridClass":"400","displayClass":"400 kV sınıfı","name":null,"ref":null,"operator":null,"from":null,"to":null,"displayLabel":"400 kV · OSM 1219773349","labelSource":"generated-identifier","voltageRaw":"400000","circuits":null,"cables":"3","frequency":null,"location":null,"sourceProvider":"ArcGIS OSM Europe","sourceFallback":null,"sourceLicense":"ODbL 1.0","osmTimestamp":"2023-10-31T13:51:02Z"},"geometry":{"type":"LineString","coordinates":[[23.0465221,40.7899836],[23.0479505,40.7903887]]}},{"type":"Feature","properties":{"assetId":"GR-line-way-1219773350","countryCode":"GR","assetType":"line","powerType":"line","osmType":"way","osmId":"1219773350","actualVoltagesKv":[400],"actualVoltageKv":400,"gridClass":"400","displayClass":"400 kV sınıfı","name":null,"ref":null,"operator":null,"from":null,"to":null,"displayLabel":"400 kV · OSM 1219773350","labelSource":"generated-identifier","voltageRaw":"400000","circuits":null,"cables":"3","frequency":null,"location":null,"sourceProvider":"ArcGIS OSM Europe","sourceFallback":null,"sourceLicense":"ODbL 1.0","osmTimestamp":"2023-10-31T13:51:02Z"},"geometry":{"type":"LineString","coordinates":[[23.0466208,40.7897558],[23.0480423,40.7901749]]}},{"type":"Feature","properties":{"assetId":"GR-line-way-1219773351","countryCode":"GR","assetType":"line","powerType":"line","osmType":"way","osmId":"1219773351","actualVoltagesKv":[400],"actualVoltageKv":400,"gridClass":"400","displayClass":"400 kV sınıfı","name":null,"ref":null,"operator":null,"from":null,"to":null,"displayLabel":"400 kV · OSM 1219773351","labelSource":"generated-identifier","voltageRaw":"400000","circuits":null,"cables":"3","frequency":null,"location":null,"sourceProvider":"ArcGIS OSM Europe","sourceFallback":null,"sourceLicense":"ODbL 1.0","osmTimestamp":"2023-10-31T13:51:02Z"},"geometry":{"type":"LineString","coordinates":[[23.0467127,40.7895611],[23.0481641,40.7899697]]}},{"type":"Feature","properties":{"assetId":"GR-line-way-1219773352","countryCode":"GR","assetType":"line","powerType":"line","osmType":"way","osmId":"1219773352","actualVoltagesKv":[400],"actualVoltageKv":400,"gridClass":"400","displayClass":"400 kV sınıfı","name":null,"ref":null,"operator":null,"from":null,"to":null,"displayLabel":"400 kV · OSM 1219773352","labelSource":"generated-identifier","voltageRaw":"400000","circuits":null,"cables":"3","frequency":null,"location":null,"sourceProvider":"ArcGIS OSM Europe","sourceFallback":null,"sourceLicense":"ODbL 1.0","osmTimestamp":"2023-10-31T13:51:02Z"},"geometry":{"type":"LineString","coordinates":[[23.0468183,40.789342],[23.048249,40.7897611]]}},{"type":"Feature","properties":{"assetId":"GR-line-way-1219773353","countryCode":"GR","assetType":"line","powerType":"line","osmType":"way","osmId":"1219773353","actualVoltagesKv":[400],"actualVoltageKv":400,"gridClass":"400","displayClass":"400 kV sınıfı","name":null,"ref":null,"operator":null,"from":null,"to":null,"displayLabel":"400 kV · OSM 1219773353","labelSource":"generated-identifier","voltageRaw":"400000","circuits":null,"cables":"3","frequency":null,"location":null,"sourceProvider":"ArcGIS OSM Europe","sourceFallback":null,"sourceLicense":"ODbL 1.0","osmTimestamp":"2023-10-31T13:51:02Z"},"geometry":{"type":"LineString","coordinates":[[23.0469148,40.7891456],[23.0483478,40.7895437],[23.0490875,40.789766]]}},{"type":"Feature","properties":{"assetId":"GR-line-way-1219773354","countryCode":"GR","assetType":"line","powerType":"line","osmType":"way","osmId":"1219773354","actualVoltagesKv":[400],"actualVoltageKv":400,"gridClass":"400","displayClass":"400 kV sınıfı","name":null,"ref":null,"operator":null,"from":null,"to":null,"displayLabel":"400 kV · OSM 1219773354","labelSource":"generated-identifier","voltageRaw":"400000","circuits":null,"cables":"3","frequency":null,"location":null,"sourceProvider":"ArcGIS OSM Europe","sourceFallback":null,"sourceLicense":"ODbL 1.0","osmTimestamp":"2023-10-31T13:51:02Z"},"geometry":{"type":"LineString","coordinates":[[23.047025,40.7889404],[23.0484626,40.7893264],[23.0491986,40.7895357]]}},{"type":"Feature","properties":{"assetId":"GR-line-way-1219773355","countryCode":"GR","assetType":"line","powerType":"line","osmType":"way","osmId":"1219773355","actualVoltagesKv":[400],"actualVoltageKv":400,"gridClass":"400","displayClass":"400 kV sınıfı","name":null,"ref":null,"operator":null,"from":null,"to":null,"displayLabel":"400 kV · OSM 1219773355","labelSource":"generated-identifier","voltageRaw":"400000","circuits":null,"cables":null,"frequency":null,"location":null,"sourceProvider":"ArcGIS OSM Europe","sourceFallback":null,"sourceLicense":"ODbL 1.0","osmTimestamp":"2023-10-31T13:51:02Z"},"geometry":{"type":"LineString","coordinates":[[23.0494312,40.790097],[23.0481641,40.7899697]]}},{"type":"Feature","properties":{"assetId":"GR-line-way-1251995799","countryCode":"GR","assetType":"line","powerType":"line","osmType":"way","osmId":"1251995799","actualVoltagesKv":[400],"actualVoltageKv":400,"gridClass":"400","displayClass":"400 kV sınıfı","name":null,"ref":null,"operator":null,"from":null,"to":null,"displayLabel":"400 kV · OSM 1251995799","labelSource":"generated-identifier","voltageRaw":"400000","circuits":null,"cables":"3","frequency":null,"location":null,"sourceProvider":"ArcGIS OSM Europe","sourceFallback":null,"sourceLicense":"ODbL 1.0","osmTimestamp":"2024-02-27T20:44:00Z"},"geometry":{"type":"LineString","coordinates":[[22.689718,38.3545193],[22.6896041,38.354387],[22.6892581,38.3539364],[22.689138,38.3517913],[22.6905709,38.3498182],[22.6928723,38.3476389],[22.6966488,38.3460718],[22.6987418,38.3451698],[22.7032284,38.3443427],[22.7053499,38.3453229],[22.7067773,38.3468175],[22.7087593,38.3476113],[22.7108297,38.3475419],[22.7125179,38.3480943],[22.7149898,38.3531227],[22.7157563,38.3547971],[22.7162021,38.3601235],[22.7150929,38.3647184],[22.7123723,38.3679531],[22.7100652,38.3706678],[22.7093291,38.3728182],[22.7091557,38.3748631],[22.7089929,38.3769718],[22.7106421,38.3787724],[22.7119127,38.3817327],[22.7127161,38.3856333],[22.7124206,38.3886044],[22.7103174,38.3916129],[22.7069434,38.3937205],[22.7032685,38.3960171],[22.6996905,38.3982537],[22.6965758,38.4011488],[22.6925668,38.4048685],[22.6925668,38.4099149],[22.6925855,38.4134242],[22.6925745,38.4154858],[22.6925808,38.4173394],[22.6925851,38.4210705],[22.6913349,38.4225918],[22.6879987,38.426601],[22.6851667,38.4306608],[22.6848987,38.4342473],[22.685811,38.4360592],[22.6857419,38.4373521],[22.6861972,38.4378712],[22.6872095,38.4381737],[22.6879255,38.4383327]]}},{"type":"Feature","properties":{"assetId":"GR-line-way-1251995800","countryCode":"GR","assetType":"line","powerType":"line","osmType":"way","osmId":"1251995800","actualVoltagesKv":[400],"actualVoltageKv":400,"gridClass":"400","displayClass":"400 kV sınıfı","name":"ΘΗΣ ΑΓ. ΝΙΚΟΛΑΟΥ- ΚΥΤ ΑΧΕΛΩΟΥ- ΚΥΤ ΔΙΣΤΟΜΟΥ","ref":null,"operator":"IPTO","from":null,"to":null,"displayLabel":"ΘΗΣ ΑΓ. ΝΙΚΟΛΑΟΥ- ΚΥΤ ΑΧΕΛΩΟΥ- ΚΥΤ ΔΙΣΤΟΜΟΥ","labelSource":"osm-name","voltageRaw":"400000","circuits":null,"cables":"3","frequency":null,"location":null,"sourceProvider":"ArcGIS OSM Europe","sourceFallback":null,"sourceLicense":"ODbL 1.0","osmTimestamp":"2024-02-27T20:59:12Z"},"geometry":{"type":"LineString","coordinates":[[22.6717713,38.3975495],[22.6686687,38.4009085],[22.666737,38.4030288],[22.6644053,38.405639],[22.6601918,38.4102336],[22.6583529,38.4122475],[22.6570233,38.4137182],[22.6556744,38.4151661],[22.6532583,38.4178051],[22.6513137,38.4199259],[22.6485777,38.4229337],[22.6461905,38.4255805],[22.6459563,38.4258472]]}},{"type":"Feature","properties":{"assetId":"GR-line-way-1251995801","countryCode":"GR","assetType":"line","powerType":"line","osmType":"way","osmId":"1251995801","actualVoltagesKv":[400],"actualVoltageKv":400,"gridClass":"400","displayClass":"400 kV sınıfı","name":"ΘΗΣ ΑΓ. ΝΙΚΟΛΑΟΥ- ΚΥΤ ΑΧΕΛΩΟΥ- ΚΥΤ ΔΙΣΤΟΜΟΥ","ref":null,"operator":"IPTO","from":null,"to":null,"displayLabel":"ΘΗΣ ΑΓ. ΝΙΚΟΛΑΟΥ- ΚΥΤ ΑΧΕΛΩΟΥ- ΚΥΤ ΔΙΣΤΟΜΟΥ","labelSource":"osm-name","voltageRaw":"400000","circuits":null,"cables":"3","frequency":null,"location":null,"sourceProvider":"ArcGIS OSM Europe","sourceFallback":null,"sourceLicense":"ODbL 1.0","osmTimestamp":"2024-02-27T20:44:00Z"},"geometry":{"type":"LineString","coordinates":[[22.6717713,38.3975495],[22.6703632,38.4011293],[22.6709802,38.4038855],[22.6740097,38.4061997],[22.6758235,38.4075753],[22.6796356,38.4104986],[22.6808897,38.4130683],[22.6830099,38.4173479],[22.6846191,38.4206479],[22.6856606,38.4249509],[22.685236,38.4270028],[22.6844715,38.4306473],[22.6840592,38.4326157],[22.6832841,38.4352245],[22.683486,38.4370878],[22.6847827,38.4378713],[22.6860997,38.4381864],[22.687127,38.4383881],[22.6878504,38.4385337]]}},{"type":"Feature","properties":{"assetId":"GR-line-way-1255381978","countryCode":"GR","assetType":"line","powerType":"line","osmType":"way","osmId":"1255381978","actualVoltagesKv":[400],"actualVoltageKv":400,"gridClass":"400","displayClass":"400 kV sınıfı","name":null,"ref":null,"operator":null,"from":null,"to":null,"displayLabel":"400 kV · OSM 1255381978","labelSource":"generated-identifier","voltageRaw":"400000","circuits":null,"cables":"3","frequency":"50","location":null,"sourceProvider":"ArcGIS OSM Europe","sourceFallback":null,"sourceLicense":"ODbL 1.0","osmTimestamp":"2024-02-27T20:44:00Z"},"geometry":{"type":"LineString","coordinates":[[22.6892137,38.3552576],[22.6890635,38.3561978]]}},{"type":"Feature","properties":{"assetId":"GR-line-way-1255381979","countryCode":"GR","assetType":"line","powerType":"line","osmType":"way","osmId":"1255381979","actualVoltagesKv":[400],"actualVoltageKv":400,"gridClass":"400","displayClass":"400 kV sınıfı","name":null,"ref":null,"operator":null,"from":null,"to":null,"displayLabel":"400 kV · OSM 1255381979","labelSource":"generated-identifier","voltageRaw":"400000","circuits":null,"cables":"3","frequency":"50","location":null,"sourceProvider":"ArcGIS OSM Europe","sourceFallback":null,"sourceLicense":"ODbL 1.0","osmTimestamp":"2024-02-27T20:44:00Z"},"geometry":{"type":"LineString","coordinates":[[22.6892137,38.3552576],[22.6888677,38.3561704]]}},{"type":"Feature","properties":{"assetId":"GR-line-way-1255381980","countryCode":"GR","assetType":"line","powerType":"line","osmType":"way","osmId":"1255381980","actualVoltagesKv":[400],"actualVoltageKv":400,"gridClass":"400","displayClass":"400 kV sınıfı","name":null,"ref":null,"operator":null,"from":null,"to":null,"displayLabel":"400 kV · OSM 1255381980","labelSource":"generated-identifier","voltageRaw":"400000","circuits":null,"cables":"3","frequency":"50","location":null,"sourceProvider":"ArcGIS OSM Europe","sourceFallback":null,"sourceLicense":"ODbL 1.0","osmTimestamp":"2024-02-27T20:44:00Z"},"geometry":{"type":"LineString","coordinates":[[22.689718,38.3545193],[22.6892137,38.3552576]]}},{"type":"Feature","properties":{"assetId":"GR-line-way-1255381989","countryCode":"GR","assetType":"line","powerType":"line","osmType":"way","osmId":"1255381989","actualVoltagesKv":[400],"actualVoltageKv":400,"gridClass":"400","displayClass":"400 kV sınıfı","name":"ΘΗΣ ΑΓ. ΝΙΚΟΛΑΟΥ- ΚΥΤ ΑΧΕΛΩΟΥ- ΚΥΤ ΔΙΣΤΟΜΟΥ","ref":null,"operator":"IPTO","from":null,"to":null,"displayLabel":"ΘΗΣ ΑΓ. ΝΙΚΟΛΑΟΥ- ΚΥΤ ΑΧΕΛΩΟΥ- ΚΥΤ ΔΙΣΤΟΜΟΥ","labelSource":"osm-name","voltageRaw":"400000","circuits":null,"cables":"6","frequency":null,"location":null,"sourceProvider":"ArcGIS OSM Europe","sourceFallback":null,"sourceLicense":"ODbL 1.0","osmTimestamp":"2024-02-27T20:59:12Z"},"geometry":{"type":"LineString","coordinates":[[22.689718,38.3545193],[22.6897368,38.3543258],[22.6898119,38.3535013],[22.6902439,38.3535817],[22.6924683,38.3544046],[22.6947359,38.3562533],[22.6943715,38.3584015],[22.6977361,38.3586562],[22.7023744,38.3622756],[22.701817,38.364199],[22.6992337,38.3658966],[22.6961863,38.3678919],[22.6928677,38.3705709],[22.6905146,38.3724534],[22.6893425,38.3755275],[22.6877397,38.3800431],[22.6834861,38.3846818],[22.6802649,38.3882215],[22.6776103,38.3911473],[22.6750308,38.3938643],[22.6736162,38.3955125],[22.6717713,38.3975495]]}},{"type":"Feature","properties":{"assetId":"GR-line-way-1255385653","countryCode":"GR","assetType":"line","powerType":"line","osmType":"way","osmId":"1255385653","actualVoltagesKv":[400],"actualVoltageKv":400,"gridClass":"400","displayClass":"400 kV sınıfı","name":null,"ref":null,"operator":null,"from":null,"to":null,"displayLabel":"400 kV · OSM 1255385653","labelSource":"generated-identifier","voltageRaw":"400000","circuits":null,"cables":null,"frequency":null,"location":null,"sourceProvider":"ArcGIS OSM Europe","sourceFallback":null,"sourceLicense":"ODbL 1.0","osmTimestamp":"2024-02-27T20:54:44Z"},"geometry":{"type":"LineString","coordinates":[[22.948299,38.2387089],[22.9481435,38.2389533],[22.9480791,38.2390965]]}},{"type":"Feature","properties":{"assetId":"GR-line-way-1255385654","countryCode":"GR","assetType":"line","powerType":"line","osmType":"way","osmId":"1255385654","actualVoltagesKv":[400],"actualVoltageKv":400,"gridClass":"400","displayClass":"400 kV sınıfı","name":null,"ref":null,"operator":null,"from":null,"to":null,"displayLabel":"400 kV · OSM 1255385654","labelSource":"generated-identifier","voltageRaw":"400000","circuits":null,"cables":null,"frequency":null,"location":null,"sourceProvider":"ArcGIS OSM Europe","sourceFallback":null,"sourceLicense":"ODbL 1.0","osmTimestamp":"2024-02-27T20:54:44Z"},"geometry":{"type":"LineString","coordinates":[[22.9494819,38.239046],[22.9490657,38.2389274],[22.948803,38.2388525],[22.948299,38.2387089]]}},{"type":"Feature","properties":{"assetId":"GR-line-way-1255385655","countryCode":"GR","assetType":"line","powerType":"line","osmType":"way","osmId":"1255385655","actualVoltagesKv":[400],"actualVoltageKv":400,"gridClass":"400","displayClass":"400 kV sınıfı","name":null,"ref":null,"operator":null,"from":null,"to":null,"displayLabel":"400 kV · OSM 1255385655","labelSource":"generated-identifier","voltageRaw":"400000","circuits":null,"cables":null,"frequency":null,"location":null,"sourceProvider":"ArcGIS OSM Europe","sourceFallback":null,"sourceLicense":"ODbL 1.0","osmTimestamp":"2024-02-27T20:54:44Z"},"geometry":{"type":"LineString","coordinates":[[22.9495248,38.2386141],[22.9493148,38.2385543],[22.9490463,38.2384777],[22.948342,38.238277]]}},{"type":"Feature","properties":{"assetId":"GR-line-way-1255387370","countryCode":"GR","assetType":"line","powerType":"line","osmType":"way","osmId":"1255387370","actualVoltagesKv":[400],"actualVoltageKv":400,"gridClass":"400","displayClass":"400 kV sınıfı","name":"ΚΥΤ ΑΧΕΛΩΟΥ- ΚΥΤ ΔΙΣΤΟΜΟΥ","ref":null,"operator":"IPTO","from":null,"to":null,"displayLabel":"ΚΥΤ ΑΧΕΛΩΟΥ- ΚΥΤ ΔΙΣΤΟΜΟΥ","labelSource":"osm-name","voltageRaw":"400000","circuits":null,"cables":"6","frequency":"50","location":null,"sourceProvider":"ArcGIS OSM Europe","sourceFallback":null,"sourceLicense":"ODbL 1.0","osmTimestamp":"2024-02-27T20:59:12Z"},"geometry":{"type":"LineString","coordinates":[[22.6459563,38.4258472],[22.6497265,38.4273624],[22.6532822,38.4288323],[22.6578508,38.4307209],[22.6631172,38.432898],[22.6665864,38.4343236],[22.6704291,38.4359026],[22.6745638,38.4376324],[22.6784178,38.4376164],[22.6830911,38.4376236],[22.6864282,38.4375833]]}},{"type":"Feature","properties":{"assetId":"GR-line-way-1256844079","countryCode":"GR","assetType":"line","powerType":"line","osmType":"way","osmId":"1256844079","actualVoltagesKv":[400],"actualVoltageKv":400,"gridClass":"400","displayClass":"400 kV sınıfı","name":"ΑΜΚ","ref":null,"operator":null,"from":null,"to":null,"displayLabel":"ΑΜΚ","labelSource":"osm-name","voltageRaw":"400000","circuits":null,"cables":"3","frequency":"50","location":null,"sourceProvider":"ArcGIS OSM Europe","sourceFallback":null,"sourceLicense":"ODbL 1.0","osmTimestamp":"2024-03-02T11:54:59Z"},"geometry":{"type":"LineString","coordinates":[[21.7830157,40.4054735],[21.7828724,40.4059995]]}},{"type":"Feature","properties":{"assetId":"GR-line-way-1256844080","countryCode":"GR","assetType":"line","powerType":"line","osmType":"way","osmId":"1256844080","actualVoltagesKv":[400],"actualVoltageKv":400,"gridClass":"400","displayClass":"400 kV sınıfı","name":"ΑΜΚ","ref":null,"operator":null,"from":null,"to":null,"displayLabel":"ΑΜΚ","labelSource":"osm-name","voltageRaw":"400000","circuits":null,"cables":"3","frequency":"50","location":null,"sourceProvider":"ArcGIS OSM Europe","sourceFallback":null,"sourceLicense":"ODbL 1.0","osmTimestamp":"2024-03-02T11:54:59Z"},"geometry":{"type":"LineString","coordinates":[[21.7827365,40.4054236],[21.7831322,40.4044354]]}},{"type":"Feature","properties":{"assetId":"GR-line-way-1256844081","countryCode":"GR","assetType":"line","powerType":"line","osmType":"way","osmId":"1256844081","actualVoltagesKv":[400],"actualVoltageKv":400,"gridClass":"400","displayClass":"400 kV sınıfı","name":"ΚΑΔ","ref":null,"operator":null,"from":null,"to":null,"displayLabel":"ΚΑΔ","labelSource":"osm-name","voltageRaw":"400000","circuits":null,"cables":"3","frequency":"50","location":null,"sourceProvider":"ArcGIS OSM Europe","sourceFallback":null,"sourceLicense":"ODbL 1.0","osmTimestamp":"2024-03-02T11:54:59Z"},"geometry":{"type":"LineString","coordinates":[[21.7824454,40.4053789],[21.7825279,40.4043337]]}},{"type":"Feature","properties":{"assetId":"GR-line-way-1256844082","countryCode":"GR","assetType":"line","powerType":"line","osmType":"way","osmId":"1256844082","actualVoltagesKv":[400],"actualVoltageKv":400,"gridClass":"400","displayClass":"400 kV sınıfı","name":"ΚΑΔ","ref":null,"operator":null,"from":null,"to":null,"displayLabel":"ΚΑΔ","labelSource":"osm-name","voltageRaw":"400000","circuits":null,"cables":"3","frequency":"50","location":null,"sourceProvider":"ArcGIS OSM Europe","sourceFallback":null,"sourceLicense":"ODbL 1.0","osmTimestamp":"2024-03-02T11:54:59Z"},"geometry":{"type":"LineString","coordinates":[[21.782154,40.4053247],[21.7820074,40.4058629]]}},{"type":"Feature","properties":{"assetId":"GR-line-way-1256844083","countryCode":"GR","assetType":"line","powerType":"line","osmType":"way","osmId":"1256844083","actualVoltagesKv":[400],"actualVoltageKv":400,"gridClass":"400","displayClass":"400 kV sınıfı","name":null,"ref":null,"operator":null,"from":null,"to":null,"displayLabel":"400 kV · OSM 1256844083","labelSource":"generated-identifier","voltageRaw":"400000","circuits":null,"cables":"3","frequency":"50","location":null,"sourceProvider":"ArcGIS OSM Europe","sourceFallback":null,"sourceLicense":"ODbL 1.0","osmTimestamp":"2024-03-02T11:54:59Z"},"geometry":{"type":"LineString","coordinates":[[21.7818814,40.4052695],[21.781965,40.4041775]]}},{"type":"Feature","properties":{"assetId":"GR-line-way-1256844084","countryCode":"GR","assetType":"line","powerType":"line","osmType":"way","osmId":"1256844084","actualVoltagesKv":[400],"actualVoltageKv":400,"gridClass":"400","displayClass":"400 kV sınıfı","name":null,"ref":null,"operator":null,"from":null,"to":null,"displayLabel":"400 kV · OSM 1256844084","labelSource":"generated-identifier","voltageRaw":"400000","circuits":null,"cables":"3","frequency":"50","location":null,"sourceProvider":"ArcGIS OSM Europe","sourceFallback":null,"sourceLicense":"ODbL 1.0","osmTimestamp":"2024-03-02T11:54:59Z"},"geometry":{"type":"LineString","coordinates":[[21.7815832,40.4052033],[21.7814285,40.4057715]]}},{"type":"Feature","properties":{"assetId":"GR-line-way-1256844085","countryCode":"GR","assetType":"line","powerType":"line","osmType":"way","osmId":"1256844085","actualVoltagesKv":[400],"actualVoltageKv":400,"gridClass":"400","displayClass":"400 kV sınıfı","name":null,"ref":null,"operator":null,"from":null,"to":null,"displayLabel":"400 kV · OSM 1256844085","labelSource":"generated-identifier","voltageRaw":"400000","circuits":null,"cables":"3","frequency":"50","location":null,"sourceProvider":"ArcGIS OSM Europe","sourceFallback":null,"sourceLicense":"ODbL 1.0","osmTimestamp":"2024-03-02T11:54:59Z"},"geometry":{"type":"LineString","coordinates":[[21.7812846,40.405154],[21.7813583,40.4041767]]}},{"type":"Feature","properties":{"assetId":"GR-line-way-1256844086","countryCode":"GR","assetType":"line","powerType":"line","osmType":"way","osmId":"1256844086","actualVoltagesKv":[400],"actualVoltageKv":400,"gridClass":"400","displayClass":"400 kV sınıfı","name":null,"ref":null,"operator":null,"from":null,"to":null,"displayLabel":"400 kV · OSM 1256844086","labelSource":"generated-identifier","voltageRaw":"400000","circuits":null,"cables":"3","frequency":"50","location":null,"sourceProvider":"ArcGIS OSM Europe","sourceFallback":null,"sourceLicense":"ODbL 1.0","osmTimestamp":"2024-03-02T11:54:59Z"},"geometry":{"type":"LineString","coordinates":[[21.7809813,40.4050774],[21.7808185,40.4056752]]}},{"type":"Feature","properties":{"assetId":"GR-line-way-1256844087","countryCode":"GR","assetType":"line","powerType":"line","osmType":"way","osmId":"1256844087","actualVoltagesKv":[400],"actualVoltageKv":400,"gridClass":"400","displayClass":"400 kV sınıfı","name":null,"ref":null,"operator":null,"from":null,"to":null,"displayLabel":"400 kV · OSM 1256844087","labelSource":"generated-identifier","voltageRaw":"400000","circuits":null,"cables":"3","frequency":"50","location":null,"sourceProvider":"ArcGIS OSM Europe","sourceFallback":null,"sourceLicense":"ODbL 1.0","osmTimestamp":"2024-03-02T11:54:59Z"},"geometry":{"type":"LineString","coordinates":[[21.7807627,40.4062531],[21.7809158,40.4056906]]}},{"type":"Feature","properties":{"assetId":"GR-line-way-1256844088","countryCode":"GR","assetType":"line","powerType":"line","osmType":"way","osmId":"1256844088","actualVoltagesKv":[400],"actualVoltageKv":400,"gridClass":"400","displayClass":"400 kV sınıfı","name":null,"ref":null,"operator":null,"from":null,"to":null,"displayLabel":"400 kV · OSM 1256844088","labelSource":"generated-identifier","voltageRaw":"400000","circuits":null,"cables":"3","frequency":"50","location":null,"sourceProvider":"ArcGIS OSM Europe","sourceFallback":null,"sourceLicense":"ODbL 1.0","osmTimestamp":"2024-03-02T11:54:59Z"},"geometry":{"type":"LineString","coordinates":[[21.7810219,40.4063081],[21.7811787,40.4057321]]}},{"type":"Feature","properties":{"assetId":"GR-line-way-1256844089","countryCode":"GR","assetType":"line","powerType":"line","osmType":"way","osmId":"1256844089","actualVoltagesKv":[400],"actualVoltageKv":400,"gridClass":"400","displayClass":"400 kV sınıfı","name":null,"ref":null,"operator":null,"from":null,"to":null,"displayLabel":"400 kV · OSM 1256844089","labelSource":"generated-identifier","voltageRaw":"400000","circuits":null,"cables":"3","frequency":"50","location":null,"sourceProvider":"ArcGIS OSM Europe","sourceFallback":null,"sourceLicense":"ODbL 1.0","osmTimestamp":"2024-03-02T11:54:59Z"},"geometry":{"type":"LineString","coordinates":[[21.7812728,40.4063433],[21.7814285,40.4057715]]}},{"type":"Feature","properties":{"assetId":"GR-line-way-1256844090","countryCode":"GR","assetType":"line","powerType":"line","osmType":"way","osmId":"1256844090","actualVoltagesKv":[400],"actualVoltageKv":400,"gridClass":"400","displayClass":"400 kV sınıfı","name":null,"ref":null,"operator":null,"from":null,"to":null,"displayLabel":"400 kV · OSM 1256844090","labelSource":"generated-identifier","voltageRaw":"400000","circuits":null,"cables":"3","frequency":"50","location":null,"sourceProvider":"ArcGIS OSM Europe","sourceFallback":null,"sourceLicense":"ODbL 1.0","osmTimestamp":"2024-03-02T11:54:59Z"},"geometry":{"type":"LineString","coordinates":[[21.7815691,40.4064163],[21.7811999,40.4073334]]}},{"type":"Feature","properties":{"assetId":"GR-line-way-1256844091","countryCode":"GR","assetType":"line","powerType":"line","osmType":"way","osmId":"1256844091","actualVoltagesKv":[400],"actualVoltageKv":400,"gridClass":"400","displayClass":"400 kV sınıfı","name":null,"ref":null,"operator":null,"from":null,"to":null,"displayLabel":"400 kV · OSM 1256844091","labelSource":"generated-identifier","voltageRaw":"400000","circuits":null,"cables":"3","frequency":"50","location":null,"sourceProvider":"ArcGIS OSM Europe","sourceFallback":null,"sourceLicense":"ODbL 1.0","osmTimestamp":"2024-03-02T11:54:59Z"},"geometry":{"type":"LineString","coordinates":[[21.7818434,40.4064655],[21.7820074,40.4058629]]}},{"type":"Feature","properties":{"assetId":"GR-line-way-1256844092","countryCode":"GR","assetType":"line","powerType":"line","osmType":"way","osmId":"1256844092","actualVoltagesKv":[400],"actualVoltageKv":400,"gridClass":"400","displayClass":"400 kV sınıfı","name":null,"ref":null,"operator":null,"from":null,"to":null,"displayLabel":"400 kV · OSM 1256844092","labelSource":"generated-identifier","voltageRaw":"400000","circuits":null,"cables":"3","frequency":"50","location":null,"sourceProvider":"ArcGIS OSM Europe","sourceFallback":null,"sourceLicense":"ODbL 1.0","osmTimestamp":"2024-03-02T11:54:59Z"},"geometry":{"type":"LineString","coordinates":[[21.7821378,40.4065088],[21.7818089,40.4073522]]}},{"type":"Feature","properties":{"assetId":"GR-line-way-1256844093","countryCode":"GR","assetType":"line","powerType":"line","osmType":"way","osmId":"1256844093","actualVoltagesKv":[400],"actualVoltageKv":400,"gridClass":"400","displayClass":"400 kV sınıfı","name":"KYT KARDIAS - ALBANIA","ref":null,"operator":"IPTO","from":null,"to":null,"displayLabel":"KYT KARDIAS - ALBANIA","labelSource":"osm-name","voltageRaw":"400000","circuits":null,"cables":"3","frequency":"50","location":null,"sourceProvider":"ArcGIS OSM Europe","sourceFallback":null,"sourceLicense":"ODbL 1.0","osmTimestamp":"2024-03-02T11:54:59Z"},"geometry":{"type":"LineString","coordinates":[[21.7824266,40.406562],[21.7825918,40.4059552]]}},{"type":"Feature","properties":{"assetId":"GR-line-way-1256844094","countryCode":"GR","assetType":"line","powerType":"line","osmType":"way","osmId":"1256844094","actualVoltagesKv":[400],"actualVoltageKv":400,"gridClass":"400","displayClass":"400 kV sınıfı","name":null,"ref":null,"operator":null,"from":null,"to":null,"displayLabel":"400 kV · OSM 1256844094","labelSource":"generated-identifier","voltageRaw":"400000","circuits":null,"cables":"3","frequency":"50","location":null,"sourceProvider":"ArcGIS OSM Europe","sourceFallback":null,"sourceLicense":"ODbL 1.0","osmTimestamp":"2024-03-02T11:54:59Z"},"geometry":{"type":"LineString","coordinates":[[21.7805618,40.4066012],[21.7807627,40.4062531]]}},{"type":"Feature","properties":{"assetId":"GR-line-way-1256844095","countryCode":"GR","assetType":"line","powerType":"line","osmType":"way","osmId":"1256844095","actualVoltagesKv":[400],"actualVoltageKv":400,"gridClass":"400","displayClass":"400 kV sınıfı","name":null,"ref":null,"operator":null,"from":null,"to":null,"displayLabel":"400 kV · OSM 1256844095","labelSource":"generated-identifier","voltageRaw":"400000","circuits":null,"cables":"3","frequency":"50","location":null,"sourceProvider":"ArcGIS OSM Europe","sourceFallback":null,"sourceLicense":"ODbL 1.0","osmTimestamp":"2024-03-02T11:54:59Z"},"geometry":{"type":"LineString","coordinates":[[21.7808407,40.406638],[21.7810219,40.4063081]]}},{"type":"Feature","properties":{"assetId":"GR-line-way-135177713","countryCode":"GR","assetType":"line","powerType":"line","osmType":"way","osmId":"135177713","actualVoltagesKv":[400],"actualVoltageKv":400,"gridClass":"400","displayClass":"400 kV sınıfı","name":"ΚΥΤ ΛΑΡΙΣΑΣ-ΚΥΤ ΛΑΡΥΜΝΑΣ","ref":null,"operator":"IPTO","from":null,"to":null,"displayLabel":"ΚΥΤ ΛΑΡΙΣΑΣ-ΚΥΤ ΛΑΡΥΜΝΑΣ","labelSource":"osm-name","voltageRaw":"400000","circuits":null,"cables":"6","frequency":null,"location":null,"sourceProvider":"ArcGIS OSM Europe","sourceFallback":null,"sourceLicense":"ODbL 1.0","osmTimestamp":"2022-05-30T07:19:07Z"},"geometry":{"type":"LineString","coordinates":[[23.1672394,38.5249983],[23.1655306,38.5253416],[23.1611558,38.5262707],[23.1566283,38.5272307],[23.1523418,38.5276388],[23.1504493,38.5278109],[23.1501092,38.5278436],[23.1472836,38.5281155],[23.1446308,38.5283847],[23.1412718,38.5286946],[23.1372165,38.5290714],[23.1308493,38.5296857],[23.1268717,38.5300542],[23.1228883,38.5304219],[23.1202064,38.5306848],[23.1138336,38.5318096],[23.1070845,38.5330506],[23.1029564,38.5343702],[23.0987352,38.5356677],[23.096206,38.5364606],[23.0937218,38.5372394],[23.0906208,38.537458],[23.0872181,38.5376711],[23.084092,38.5378669],[23.0803752,38.5380879],[23.0761347,38.53834],[23.0734887,38.5384973],[23.0699395,38.5387083],[23.0655264,38.5389707],[23.0611421,38.5392314],[23.0575996,38.539442],[23.0531785,38.5397048],[23.0495965,38.5399178],[23.0453699,38.5401691],[23.0407438,38.5404441],[23.0376053,38.5406307],[23.0334904,38.5408764],[23.0286886,38.5411631],[23.0239255,38.5414475],[23.0194325,38.5417162],[23.0137097,38.5420584],[23.0089388,38.5423437],[23.0040661,38.5426351],[22.9995124,38.5429074],[22.9966025,38.5430814],[22.9927146,38.5433139],[22.9886494,38.543557],[22.9850106,38.5437746],[22.9809986,38.5440027],[22.9771489,38.5442452],[22.9739562,38.5444299],[22.9692778,38.5447077],[22.9667582,38.5448023],[22.9653418,38.5448555],[22.9637567,38.545661],[22.9611695,38.5469756],[22.9584393,38.548286],[22.9544992,38.5501948],[22.9510805,38.5518473],[22.9480124,38.5533375],[22.9449535,38.554824],[22.9420099,38.5562347],[22.9382821,38.5580314],[22.9349233,38.5596657],[22.9300898,38.5619887],[22.9282249,38.5629117],[22.9242903,38.5650233],[22.9218912,38.5663277],[22.9189606,38.5679208],[22.9156756,38.5697128],[22.9109918,38.5722379],[22.9086207,38.5735312],[22.9062053,38.5748678],[22.9019215,38.5772902],[22.8989002,38.5788154],[22.8956354,38.5805535],[22.8910254,38.5830637],[22.8879249,38.5847717],[22.8840494,38.586875],[22.8794006,38.5894533],[22.8763793,38.5898909],[22.8739061,38.5903045],[22.8696881,38.590987],[22.866412,38.5915316],[22.8626206,38.5921723],[22.8592001,38.593941],[22.8564104,38.5953776],[22.8536703,38.5967788],[22.8497726,38.5987727],[22.8450506,38.6011782],[22.8406167,38.6034341],[22.836771,38.6053853],[22.8330465,38.6072737],[22.8290231,38.6093104],[22.82688,38.6103134],[22.8243915,38.6117112],[22.8214201,38.6128424],[22.8168031,38.6146305],[22.8120861,38.6163119],[22.8083066,38.6177175],[22.8036449,38.6194622],[22.7994483,38.6210309],[22.7950339,38.6226717],[22.7893941,38.6247768],[22.7869728,38.6256938],[22.7821746,38.6275017],[22.7780001,38.6290645],[22.7741231,38.6305018],[22.7703215,38.6319218],[22.7660676,38.6335076],[22.7626849,38.6347589],[22.7581825,38.6350853],[22.7528593,38.6354556],[22.7485065,38.6357445],[22.7434585,38.6360796],[22.7388723,38.6363681],[22.7345834,38.6366693],[22.7295439,38.6369985],[22.7249234,38.638426],[22.7211852,38.6395676],[22.7173221,38.6407592],[22.7130481,38.6420494],[22.7087698,38.6433542],[22.7032129,38.6450728],[22.6992934,38.6462849],[22.6952293,38.6475418],[22.6929734,38.6482394],[22.6916494,38.6501724],[22.6901827,38.6523138],[22.6883134,38.655043],[22.6862533,38.6580505],[22.6864702,38.662021],[22.6866168,38.664703],[22.6868363,38.6687212],[22.6869898,38.6717166],[22.6871294,38.6744407],[22.6874179,38.679051],[22.6876336,38.6819752],[22.6881634,38.6853269],[22.6886053,38.68839],[22.6888526,38.6898247],[22.6883982,38.6927455],[22.687611,38.6980874],[22.6871798,38.7005756],[22.6867635,38.7033086],[22.6861903,38.7070471],[22.6858102,38.7094624],[22.6855501,38.7111418],[22.6826254,38.7143125],[22.6809368,38.7160961],[22.6792331,38.7178747],[22.6771228,38.7201389],[22.6745569,38.7210212],[22.671091,38.7222129],[22.668349,38.7231557],[22.6651561,38.7242536],[22.6603394,38.7259098],[22.6565743,38.7272043],[22.653269,38.7283408],[22.6495225,38.7296289],[22.6461584,38.7307855],[22.6409506,38.7325743],[22.6357637,38.7343559],[22.6314418,38.7358404],[22.6276518,38.7371422],[22.6243934,38.7382613],[22.6207622,38.7395085],[22.6174149,38.7406581],[22.6138718,38.7418749],[22.611123,38.742819],[22.6069821,38.7442664],[22.6049308,38.7469721],[22.6029611,38.7495697],[22.6010682,38.7520659],[22.5996685,38.753922],[22.5963599,38.7583089],[22.5950861,38.7604445],[22.5929481,38.7640289],[22.5918917,38.7676034],[22.5914504,38.7690964],[22.5904149,38.7726002],[22.5894823,38.7757552],[22.5886787,38.7784739],[22.5880598,38.7805678],[22.5871797,38.7835449],[22.5847789,38.785594],[22.5804341,38.7893023],[22.5774229,38.7897722],[22.5720328,38.7906134],[22.5677196,38.7912866],[22.5638898,38.7920478],[22.5601015,38.7928007],[22.5571968,38.7933781],[22.5535091,38.794111],[22.5497686,38.7948544],[22.5496511,38.7948778],[22.5453975,38.7957526],[22.5405907,38.7966678],[22.5355422,38.7975453],[22.5308628,38.7983135],[22.5268237,38.7989766],[22.5228146,38.799637],[22.5187435,38.8003093],[22.5150735,38.8009146],[22.5110622,38.8015762],[22.5072377,38.802207],[22.5038026,38.8027902],[22.4997225,38.8034464],[22.4979941,38.8059884],[22.4962176,38.8086011],[22.4944468,38.8112054],[22.4921009,38.8146551],[22.4903757,38.817192],[22.4881925,38.8203941],[22.486329,38.8231465],[22.4842853,38.8261473],[22.4811777,38.8287038],[22.4806864,38.8314237],[22.4789165,38.8339984],[22.4769193,38.8369187],[22.4749913,38.8397379],[22.4732513,38.842282],[22.4713824,38.845026],[22.4696392,38.8475777],[22.4680985,38.8498328],[22.4665313,38.8519701],[22.4645642,38.8546497],[22.4628519,38.8569823],[22.4610891,38.8593938],[22.4588801,38.8624154],[22.4569428,38.8650652],[22.455152,38.8675147],[22.4540944,38.8696431],[22.4546989,38.8711734],[22.4574171,38.8740153],[22.4598242,38.8765429],[22.4621647,38.8790006],[22.4644013,38.881349],[22.4663904,38.8834335],[22.4682561,38.8853795],[22.4697733,38.8879523],[22.4714318,38.8907776],[22.4729117,38.893277],[22.4751199,38.8970275],[22.4774792,38.9003977],[22.479212,38.902873],[22.4807757,38.9051758],[22.481839,38.9067416],[22.4827703,38.9103251],[22.4834128,38.9127877],[22.4840725,38.915361],[22.4852669,38.919917],[22.4860474,38.9228926],[22.4873914,38.9280871],[22.4881673,38.9311029],[22.4888241,38.9333426],[22.4905646,38.9373121],[22.4917943,38.9401166],[22.4929399,38.942729],[22.4935973,38.9442498],[22.4944742,38.9462782],[22.4956251,38.9489404],[22.4967676,38.9515309],[22.4983017,38.9550147],[22.4996537,38.9581122],[22.5006617,38.9604217],[22.501625,38.9626285],[22.5029052,38.965499],[22.5031177,38.9691021],[22.5032953,38.9722372],[22.5033973,38.9740369],[22.5036817,38.979056],[22.5038224,38.9815396],[22.5039858,38.9844233],[22.5041689,38.9876549],[22.5044413,38.9924628],[22.5046617,38.9963517],[22.5060152,39.000534],[22.5069194,39.0033274],[22.5080378,39.0067828],[22.5080512,39.0094136],[22.5080628,39.0117069],[22.5080866,39.0163931],[22.5081023,39.019474],[22.5081233,39.0236169],[22.5062564,39.0269476],[22.5051326,39.0289524],[22.5030766,39.03262],[22.5020126,39.034518],[22.5000214,39.0380697],[22.4990034,39.0398855],[22.4974014,39.0427429],[22.4952201,39.0475872],[22.4934259,39.0516511],[22.4916601,39.0556505],[22.4898928,39.0596532],[22.4888387,39.0620402],[22.4874448,39.0651969],[22.4858521,39.0688035],[22.4843618,39.072178],[22.482721,39.0758932],[22.4818934,39.0777671],[22.4794401,39.0832654],[22.4779132,39.0864716],[22.4763353,39.0897846],[22.4744228,39.0938],[22.4729367,39.0969198],[22.4713116,39.1003315],[22.4702716,39.1024975],[22.4683878,39.1064209],[22.4671404,39.1090189],[22.4649367,39.113608],[22.4630494,39.1175382],[22.4618186,39.120101],[22.4625506,39.1225222],[22.4636541,39.1261718],[22.4648975,39.1302838],[22.4655741,39.1325213],[22.4663592,39.1351173],[22.4672397,39.1380284],[22.4683901,39.141832],[22.4694463,39.1453238],[22.470269,39.1480434],[22.4711488,39.1509517],[22.4722582,39.154619],[22.4736645,39.1592667],[22.4745981,39.1623522],[22.4758904,39.1666227],[22.4769017,39.1699646],[22.4777659,39.1728201],[22.4790775,39.1771539],[22.4806444,39.1823309],[22.4814152,39.1848773],[22.4828498,39.1896168],[22.48389,39.1930528],[22.4847896,39.1960331],[22.4854488,39.1982169],[22.4863554,39.2012199],[22.487373,39.2045909],[22.4882573,39.20752],[22.489365,39.211181],[22.4904425,39.214742],[22.491456,39.2180911],[22.4923644,39.221093],[22.4933827,39.2244578],[22.4942045,39.2271733],[22.4956274,39.2318747],[22.4966531,39.2352636],[22.4967556,39.23701],[22.4970312,39.2417044],[22.4972579,39.2455674],[22.4974096,39.2481513],[22.4976236,39.2517965],[22.4977946,39.2547084],[22.4979615,39.2575509],[22.498172,39.2611366],[22.4983819,39.2647105],[22.4986316,39.2689637],[22.4987854,39.271582],[22.499052,39.2761226],[22.4992719,39.279866],[22.4994298,39.2825544],[22.4996289,39.2859454],[22.4998693,39.2900377],[22.5000177,39.2925639],[22.5001385,39.2946195],[22.5003284,39.2978527],[22.5007138,39.3013114],[22.5010136,39.3040025],[22.5014359,39.3077923],[22.5017205,39.3103458],[22.5021869,39.3145305],[22.5022524,39.3177137],[22.5023165,39.3208267],[22.5024098,39.3253592],[22.5024999,39.3297385],[22.5025845,39.3338486],[22.5026605,39.3375394],[22.5028459,39.3406934],[22.5030393,39.3439826],[22.5033152,39.3486761],[22.5035712,39.3530298],[22.5038598,39.3579388],[22.5040081,39.3604615],[22.5042132,39.3639491],[22.5044453,39.3678969],[22.504639,39.3711906],[22.5048826,39.375332],[22.505121,39.3793848],[22.5053199,39.3827678],[22.5055905,39.3873686],[22.506144,39.3894575],[22.507093,39.3930394],[22.508089,39.3967985],[22.5087228,39.3991905],[22.5097607,39.4031076],[22.5105955,39.4062577],[22.5113425,39.4090777],[22.5121566,39.4121502],[22.5129851,39.4152773],[22.5139177,39.4187974],[22.5152004,39.4236185],[22.5160945,39.426979],[22.5168912,39.4299731],[22.5176691,39.4328965],[22.5188621,39.4373799],[22.5194475,39.4395797],[22.5204231,39.4432457],[22.5215699,39.4475545],[22.522695,39.4517818],[22.5237942,39.4559114],[22.5246579,39.4591563],[22.5254306,39.4620588],[22.5261242,39.4646642],[22.5271484,39.4685114],[22.528022,39.4717927],[22.5290888,39.4757994],[22.5297336,39.4782212],[22.5305893,39.4814349],[22.5316546,39.4854273],[22.5323138,39.4878976],[22.5333726,39.4918653],[22.5342676,39.4952173],[22.535011,39.4980013],[22.5358049,39.5009747],[22.5367012,39.504331],[22.5373986,39.5069424],[22.5385444,39.5112327],[22.5393571,39.5142758],[22.538577,39.517054],[22.537528,39.5207894],[22.5363589,39.5249523],[22.5338082,39.5266755],[22.5305156,39.5288921],[22.5278719,39.5306718],[22.5248833,39.5326836],[22.5217551,39.5348106],[22.5188813,39.5367682],[22.5171334,39.5374661]]}},{"type":"Feature","properties":{"assetId":"GR-line-way-135595039","countryCode":"GR","assetType":"line","powerType":"line","osmType":"way","osmId":"135595039","actualVoltagesKv":[400],"actualVoltageKv":400,"gridClass":"400","displayClass":"400 kV sınıfı","name":"ΚΥΤ ΚΑΡΔΙΑΣ - ΑΗΣ ΚΑΡΔΙΑΣ","ref":null,"operator":null,"from":null,"to":null,"displayLabel":"ΚΥΤ ΚΑΡΔΙΑΣ - ΑΗΣ ΚΑΡΔΙΑΣ","labelSource":"osm-name","voltageRaw":"400000","circuits":null,"cables":"6","frequency":"50","location":null,"sourceProvider":"ArcGIS OSM Europe","sourceFallback":null,"sourceLicense":"ODbL 1.0","osmTimestamp":"2021-11-11T09:44:17Z"},"geometry":{"type":"LineString","coordinates":[[21.7818089,40.4073522],[21.7834058,40.4086554]]}},{"type":"Feature","properties":{"assetId":"GR-line-way-135710700","countryCode":"GR","assetType":"line","powerType":"line","osmType":"way","osmId":"135710700","actualVoltagesKv":[400],"actualVoltageKv":400,"gridClass":"400","displayClass":"400 kV sınıfı","name":"Αμύνταιο - Λαγκαδάς","ref":null,"operator":null,"from":null,"to":null,"displayLabel":"Αμύνταιο - Λαγκαδάς","labelSource":"osm-name","voltageRaw":"400000","circuits":null,"cables":"6","frequency":null,"location":null,"sourceProvider":"ArcGIS OSM Europe","sourceFallback":null,"sourceLicense":"ODbL 1.0","osmTimestamp":"2023-01-16T13:53:35Z"},"geometry":{"type":"LineString","coordinates":[[21.6882144,40.6180309],[21.6891071,40.6177387],[21.6932847,40.6162659],[21.697878,40.6145326],[21.701729,40.6132658],[21.7046496,40.6141993],[21.7091224,40.615629],[21.7134788,40.6170213],[21.7168134,40.6180872],[21.7207836,40.619356],[21.7248344,40.6206507],[21.7283044,40.6217646],[21.7323306,40.623057],[21.7358698,40.6241931],[21.7394574,40.6253447],[21.743802,40.6266947],[21.7472515,40.6277939],[21.7515225,40.6291547],[21.7552877,40.6303544],[21.7589292,40.6315146],[21.7631143,40.632848],[21.7666751,40.6339825],[21.7689464,40.6370796],[21.7714101,40.6404388],[21.7742189,40.6442683],[21.7757937,40.6464153],[21.7773471,40.6485331],[21.7796252,40.6516388],[21.7812345,40.6538326],[21.7837719,40.6572915],[21.7857307,40.6599615],[21.788212,40.6633436],[21.7918107,40.668243],[21.7946983,40.6721742],[21.7967625,40.6749843],[21.8039327,40.6769375],[21.8104309,40.6787075],[21.8149239,40.6799207],[21.8186604,40.6809295],[21.8239002,40.6823443],[21.8261088,40.6827289],[21.8300244,40.6834107],[21.8350776,40.6842624],[21.841173,40.6852897],[21.8466985,40.6862209],[21.8518169,40.6870835],[21.8575414,40.6880542],[21.8620982,40.6888268],[21.8643161,40.6892028],[21.8684329,40.6899009],[21.8728592,40.6921678],[21.8755536,40.6935477],[21.8796383,40.695602],[21.8819613,40.6967703],[21.8856116,40.698606],[21.8881558,40.6999048],[21.8912714,40.7013021],[21.8951665,40.703473],[21.8993215,40.7055827],[21.904403,40.7081628],[21.911266,40.7079257],[21.9144977,40.7078141],[21.9194076,40.7076445],[21.922981,40.7075211],[21.9292733,40.7073037],[21.9342004,40.7071335],[21.9382085,40.7069951],[21.9426924,40.7068402],[21.9479926,40.7080987],[21.9546686,40.7096837],[21.9595664,40.7108466],[21.9647641,40.7120806],[21.9697235,40.713258],[21.9752642,40.7145735],[21.9790428,40.7154705],[21.9811469,40.71597],[21.9860127,40.7171252],[21.9878754,40.7172983],[21.9915344,40.7176382],[21.9950793,40.7179676],[22.0011451,40.7185312],[22.0039252,40.7187895],[22.0114691,40.7190069],[22.0160824,40.7191399],[22.0217733,40.7193039],[22.0285623,40.719499],[22.0330594,40.7196283],[22.0397352,40.7198201],[22.0459695,40.7206993],[22.0489233,40.7211158],[22.0532495,40.7204779],[22.057538,40.7202437],[22.0619679,40.7213115],[22.0688955,40.7229813],[22.0743121,40.7264682],[22.0783833,40.729089],[22.0820514,40.7314501],[22.0860975,40.7340545],[22.0883282,40.7343238],[22.0932187,40.734914],[22.0976376,40.7354474],[22.1008327,40.735833],[22.1051759,40.7363572],[22.1105396,40.7370046],[22.1144763,40.7374797],[22.1198817,40.738133],[22.1242945,40.7386664],[22.1276594,40.7390654],[22.1313413,40.739502],[22.1346661,40.7398741],[22.1397305,40.7404409],[22.1435542,40.7409702],[22.148954,40.7411853],[22.1534668,40.7413241],[22.1578527,40.741459],[22.1622205,40.7415933],[22.1663692,40.7417209],[22.1703449,40.7418431],[22.174204,40.7419618],[22.1789865,40.7421089],[22.1829706,40.7422314],[22.1871587,40.7423602],[22.1914139,40.7425355],[22.1963864,40.7426439],[22.2008465,40.7427811],[22.2049219,40.7429064],[22.2094236,40.7430448],[22.2134614,40.7431708],[22.2163734,40.7441481],[22.2197863,40.7452936],[22.2236358,40.7465926],[22.2276998,40.7479639],[22.2316393,40.7492932],[22.2354276,40.7505702],[22.2395407,40.7519568],[22.2432803,40.7532174],[22.2461554,40.7541865],[22.249456,40.7552991],[22.2533592,40.7566042],[22.2573507,40.7579388],[22.2613346,40.7592818],[22.2653699,40.7606421],[22.2692892,40.7619697],[22.2729943,40.7632247],[22.2770428,40.7631721],[22.2803582,40.763129],[22.2836089,40.7630867],[22.2877663,40.7630326],[22.2916031,40.7629833],[22.2956933,40.7629308],[22.2997744,40.7628783],[22.3050814,40.7628101],[22.3083638,40.7627679],[22.3126611,40.7627127],[22.3171872,40.7626562],[22.3213349,40.7626045],[22.3258213,40.7625486],[22.3295122,40.7625026],[22.3340961,40.7624454],[22.3387338,40.7623876],[22.3434694,40.7623241],[22.3482416,40.7622601],[22.3519445,40.7622104],[22.3562327,40.7621529],[22.3604334,40.7620966],[22.3645694,40.7620411],[22.3690193,40.7619814],[22.3736304,40.7619196],[22.3776929,40.7618667],[22.382193,40.7618082],[22.3865,40.7617522],[22.3909403,40.7616944],[22.3952056,40.7616389],[22.3992913,40.7615858],[22.4037947,40.7615272],[22.4078678,40.761485],[22.4116755,40.7615685],[22.4160592,40.7616741],[22.4197761,40.7617637],[22.4236399,40.7618568],[22.4273103,40.7619452],[22.4321423,40.7620616],[22.4357579,40.7621487],[22.4400507,40.7622521],[22.4443572,40.7623559],[22.4492736,40.7624736],[22.4534889,40.7623613],[22.4564052,40.7622836],[22.4593915,40.7631713],[22.4622581,40.7640234],[22.465051,40.7649197],[22.4690659,40.7661405],[22.47148,40.7668746],[22.476716,40.7684667],[22.4807966,40.7694709],[22.4851287,40.770537],[22.4908923,40.7719553],[22.4941608,40.7727596],[22.4989041,40.7739269],[22.5021089,40.7747155],[22.5063861,40.775768],[22.5115482,40.7770382],[22.5153453,40.7779725],[22.5193597,40.7789603],[22.5234453,40.7799656],[22.5286751,40.7812524],[22.5323904,40.7821666],[22.5364251,40.7831593],[22.5413753,40.7843772],[22.5456857,40.7854377],[22.551287,40.7868158],[22.5544408,40.7875917],[22.5566456,40.7881342],[22.5616966,40.7893768],[22.5665843,40.7905793],[22.5707955,40.790481],[22.5748778,40.7903856],[22.5790061,40.7902892],[22.5826821,40.7902034],[22.5867482,40.7901084],[22.5911585,40.7900054],[22.5951789,40.7899115],[22.5990375,40.7898214],[22.6024272,40.7898021],[22.6067463,40.7896524],[22.610912,40.7895541],[22.6150447,40.7894565],[22.6192684,40.7893568],[22.6235014,40.7892569],[22.6277584,40.7891564],[22.6316876,40.7890637],[22.6359529,40.788963],[22.640231,40.788862],[22.6445163,40.7887608],[22.6503201,40.7886238],[22.6530763,40.7871062],[22.6569241,40.7849875],[22.660099,40.7832393],[22.6637608,40.781223],[22.6667086,40.7795997],[22.6701297,40.7777158],[22.6741008,40.7755289],[22.6776156,40.7735932],[22.6806732,40.7719049],[22.6839022,40.7701219],[22.6871278,40.7683408],[22.690201,40.7666437],[22.693125,40.765029],[22.6967767,40.7630124],[22.6991113,40.7617231],[22.7018571,40.7602067],[22.7044166,40.7593397],[22.7078195,40.758187],[22.7122202,40.7566962],[22.7164541,40.7552619],[22.719642,40.7541819],[22.7232095,40.7529733],[22.7266424,40.7518103],[22.7308315,40.750391],[22.7340243,40.7493093],[22.738637,40.7477465],[22.7424365,40.7464592],[22.7462155,40.7452095],[22.7503782,40.7440471],[22.7542192,40.7430066],[22.7582532,40.7418686],[22.7619654,40.7408525],[22.7661282,40.7396819],[22.7699798,40.7385683],[22.773971,40.7374627],[22.775321,40.737037],[22.7769058,40.7365373]]}},{"type":"Feature","properties":{"assetId":"GR-line-way-135710702","countryCode":"GR","assetType":"line","powerType":"line","osmType":"way","osmId":"135710702","actualVoltagesKv":[400],"actualVoltageKv":400,"gridClass":"400","displayClass":"400 kV sınıfı","name":null,"ref":null,"operator":null,"from":null,"to":null,"displayLabel":"400 kV · OSM 135710702","labelSource":"generated-identifier","voltageRaw":"400000","circuits":null,"cables":"6","frequency":null,"location":null,"sourceProvider":"ArcGIS OSM Europe","sourceFallback":null,"sourceLicense":"ODbL 1.0","osmTimestamp":"2015-07-17T16:55:03Z"},"geometry":{"type":"LineString","coordinates":[[21.68846699976,40.6184358005913],[21.6893418995579,40.6181662002481],[21.6928232997803,40.6179585000711],[21.6965575002966,40.6191246004263],[21.7002228997437,40.6225220001091],[21.7006628002467,40.6249809006624],[21.699149899866,40.6274337000759],[21.6971954999811,40.6306023006009],[21.6957034998038,40.6330211003067],[21.6941528998256,40.6355347006515],[21.6924967001907,40.6382195005827],[21.6909277000205,40.6407628002997],[21.6893310002986,40.6433508000466],[21.6860962999111,40.6450132000662],[21.6827494996577,40.6467331004057],[21.6791849998817,40.6485649001778],[21.6763254997372,40.6500343002914],[21.6729903003274,40.6517482004739],[21.6692027003573,40.6536786001621],[21.6657811997981,40.6554223000274],[21.6622915000408,40.6572007003231],[21.6588660998949,40.658946300054],[21.6543561996392,40.6612445006201],[21.6494861001073,40.663719400231],[21.6484509004385,40.6668147005909],[21.6486970999118,40.6702029003557],[21.6489268000282,40.6732262000491],[21.6486625004003,40.6764218001215],[21.6483401004347,40.6798157002105],[21.648015600208,40.6832305002233],[21.6476747003375,40.6868179002924],[21.6473759997257,40.6899605000386],[21.6470328998811,40.6932928003109],[21.6467705001899,40.6961937004031],[21.6465110002605,40.6990623005581],[21.646144699627,40.702759200181],[21.6458246999599,40.7059893000391],[21.6454637999979,40.7096315003054],[21.6452410995541,40.7118793005375],[21.6448009996251,40.7163198001618],[21.6445429998822,40.7190255004813],[21.6443507002243,40.7210408003553],[21.6439257997898,40.7254960004089],[21.6436440997948,40.7284486000572],[21.6433134002943,40.731915300164],[21.6428333001823,40.7369511000839],[21.6425789997018,40.7396185000608],[21.6404476002648,40.741232400143],[21.6364632997902,40.7442490005741],[21.6340591996808,40.7471119003686],[21.629011399911,40.7507834004493],[21.6289876996589,40.7564326000381],[21.6289853002587,40.7584746006093],[21.6275277998799,40.7601687004264],[21.6259721001658,40.7617107000537],[21.6250240002487,40.7638630006288],[21.6251849999071,40.7662475006646],[21.6253221996005,40.7691521001675]]}},{"type":"Feature","properties":{"assetId":"GR-line-way-135784409","countryCode":"GR","assetType":"line","powerType":"line","osmType":"way","osmId":"135784409","actualVoltagesKv":[400],"actualVoltageKv":400,"gridClass":"400","displayClass":"400 kV sınıfı","name":null,"ref":null,"operator":null,"from":null,"to":null,"displayLabel":"400 kV · OSM 135784409","labelSource":"generated-identifier","voltageRaw":"400000","circuits":null,"cables":"6","frequency":null,"location":null,"sourceProvider":"ArcGIS OSM Europe","sourceFallback":null,"sourceLicense":"ODbL 1.0","osmTimestamp":"2015-07-17T16:54:59Z"},"geometry":{"type":"LineString","coordinates":[[21.6253221996005,40.7691521001675],[21.622673100167,40.7725555000844],[21.6194217000984,40.7748517004686],[21.6168511996589,40.776666900379],[21.6133908999643,40.7791105002655],[21.6106978998628,40.781012100375],[21.607009100201,40.783616800277],[21.6037476003737,40.7859198001943],[21.6010230002355,40.7878436004866],[21.5976986003719,40.7901907004566],[21.5951324998808,40.7920024003358],[21.5944717997691,40.7945448006669],[21.5934554000426,40.7984557004989],[21.5928913999779,40.80062600007],[21.5920140998816,40.8041456004579],[21.5923583998754,40.808542900162],[21.5953336003335,40.810837400142]]}},{"type":"Feature","properties":{"assetId":"GR-line-way-136363782","countryCode":"GR","assetType":"line","powerType":"line","osmType":"way","osmId":"136363782","actualVoltagesKv":[400],"actualVoltageKv":400,"gridClass":"400","displayClass":"400 kV sınıfı","name":"HVDC Italy-Greece","ref":null,"operator":null,"from":null,"to":null,"displayLabel":"HVDC Italy-Greece","labelSource":"osm-name","voltageRaw":"400000","circuits":null,"cables":"1","frequency":"0","location":null,"sourceProvider":"ArcGIS OSM Europe","sourceFallback":null,"sourceLicense":"ODbL 1.0","osmTimestamp":"2018-04-06T09:51:29Z"},"geometry":{"type":"LineString","coordinates":[[20.019316799953,39.6833965005047],[20.0235222000736,39.684151300444],[20.0259197999736,39.6846789002289],[20.0295834000952,39.68550530022],[20.0321619000322,39.6860609005696],[20.0360800000602,39.6858436002034],[20.0399045001273,39.6856870000562],[20.0423775001207,39.6855962003177],[20.0475491003131,39.6854104000863],[20.0521408002603,39.6851544001099],[20.0560354003605,39.6849851998995],[20.0588195004116,39.6848366004709],[20.064838599989,39.6846632004227],[20.0684596002032,39.6825245001914],[20.0710074002154,39.6810302003959],[20.074562299696,39.6789402000687]]}},{"type":"Feature","properties":{"assetId":"GR-line-way-146294038","countryCode":"GR","assetType":"line","powerType":"line","osmType":"way","osmId":"146294038","actualVoltagesKv":[400],"actualVoltageKv":400,"gridClass":"400","displayClass":"400 kV sınıfı","name":"Γραμμή 400 kV ΚΥΤ Αράχθου - ΚΥΤ Αχελώου","ref":null,"operator":null,"from":null,"to":null,"displayLabel":"Γραμμή 400 kV ΚΥΤ Αράχθου - ΚΥΤ Αχελώου","labelSource":"osm-name","voltageRaw":"400000","circuits":null,"cables":"3","frequency":"50","location":null,"sourceProvider":"ArcGIS OSM Europe","sourceFallback":null,"sourceLicense":"ODbL 1.0","osmTimestamp":"2022-10-23T00:51:18Z"},"geometry":{"type":"LineString","coordinates":[[21.4211227,38.7192105],[21.4215228,38.7189555],[21.4219422,38.7171703],[21.4215193,38.7148754],[21.4186772,38.7122733],[21.4154467,38.7093154],[21.4121999,38.7084294],[21.4101839,38.7085055],[21.4064084,38.7081289],[21.4030596,38.710269],[21.4004579,38.7118834],[21.3959426,38.7149227],[21.3934734,38.7165372],[21.3894072,38.7191959],[21.3870348,38.7207471],[21.3833124,38.7231765],[21.3805996,38.724947],[21.3776073,38.7268998],[21.3738738,38.7293275],[21.3720057,38.7305422],[21.3669019,38.7338606],[21.3652802,38.7354259],[21.3630529,38.7375673],[21.3596264,38.7407971],[21.3575882,38.7424713],[21.3560006,38.744371],[21.3540235,38.7465549],[21.3499331,38.7490693],[21.3478035,38.7503537],[21.3441584,38.752548],[21.3402209,38.754966],[21.3377962,38.7577792],[21.3355726,38.7603644],[21.3330594,38.7632485],[21.3316163,38.7650492],[21.3296181,38.7674459],[21.3269734,38.7705953],[21.3250825,38.7728517],[21.323382,38.7759862],[21.3217914,38.7790245],[21.3202894,38.7818639],[21.3193747,38.7836098],[21.3178003,38.7865996],[21.316081,38.7898026],[21.3140291,38.793689],[21.3124439,38.796647],[21.3109043,38.799561],[21.3087827,38.8035451],[21.306181,38.8084758],[21.3051456,38.8104029],[21.3035336,38.8134564],[21.3017204,38.8169235],[21.2996122,38.8208607],[21.2982711,38.8233746],[21.2961793,38.8272822],[21.29428,38.830874],[21.292668,38.8338577],[21.2911472,38.8367326],[21.2895232,38.8402046],[21.2884322,38.8423534],[21.2854958,38.8453795],[21.2846562,38.8480304],[21.2838382,38.8507836],[21.2829691,38.8536181],[21.2820706,38.8565778],[21.2808287,38.8602852],[21.2798685,38.8633971],[21.2783557,38.866064],[21.2760061,38.8702867],[21.2742493,38.8734295],[21.2732354,38.8752817],[21.2713176,38.8786915],[21.269204,38.8824708],[21.2677234,38.8850535],[21.2668276,38.8867384],[21.26495,38.8901497],[21.2623778,38.8947404],[21.2606773,38.8976692],[21.2597385,38.8993308],[21.2581292,38.9023158],[21.2554255,38.9071771],[21.2532851,38.910936],[21.2521344,38.9130189],[21.2501174,38.9169048],[21.2486878,38.9199037],[21.247167,38.9229399],[21.244922,38.9264393],[21.2428701,38.9299698],[21.2405205,38.9339842],[21.2395602,38.9357952],[21.2382165,38.9382361],[21.2372938,38.9398405],[21.2349012,38.9442402],[21.2328601,38.9477531],[21.2307063,38.9517749],[21.2297165,38.9534707],[21.2284774,38.9555982],[21.22675,38.9587893],[21.2246713,38.9624851],[21.2231478,38.9650461],[21.2204361,38.9682744],[21.2182796,38.9708894],[21.2154338,38.9746158],[21.2144038,38.9759754],[21.2128401,38.9780709],[21.2108472,38.9807086],[21.2088409,38.9833106],[21.2063518,38.9865527],[21.2047103,38.9886688],[21.2024841,38.9916145],[21.2009901,38.9936471],[21.1997455,38.9960799],[21.197463,39.0008346],[21.1954647,39.003065],[21.1931151,39.0056975],[21.1918357,39.0070648],[21.1901245,39.0088405],[21.1864069,39.0128129],[21.1848754,39.0148845],[21.1831051,39.0171498],[21.1796665,39.0216885],[21.1779875,39.0239119],[21.1760348,39.0264436],[21.1733741,39.0300296],[21.1708581,39.0333716],[21.1689484,39.0358863],[21.1659256,39.0397509],[21.1640373,39.0422841],[21.1621624,39.0446965],[21.160073,39.0473983],[21.1579916,39.05015],[21.1555347,39.0531848],[21.1542526,39.054874],[21.1513799,39.0585856],[21.1474827,39.0624802],[21.1448112,39.0651355],[21.1431885,39.0667494],[21.1417964,39.0681239],[21.1389318,39.070956],[21.1370677,39.0728051],[21.1348924,39.0749623],[21.1325347,39.0772403],[21.1301878,39.0795598],[21.1262745,39.0834699],[21.1246249,39.0850689],[21.120446,39.0891931],[21.118378,39.0907753],[21.1161625,39.0920598],[21.1144111,39.0930756],[21.1129975,39.0943018],[21.109508,39.0972411],[21.1081535,39.0988126],[21.1056268,39.1016622],[21.1041731,39.1033461],[21.1011207,39.1068178],[21.0984546,39.1098294],[21.0962096,39.1132696],[21.0944366,39.1160146],[21.0925484,39.1188926],[21.0909095,39.1214459],[21.0894048,39.1236974],[21.0881764,39.1255992],[21.0868996,39.1275967],[21.0848451,39.1307052],[21.0835844,39.1326693],[21.0814118,39.1360231],[21.0803497,39.1376708],[21.0778284,39.1415361],[21.0759455,39.1443943],[21.0737461,39.1478349],[21.072067,39.1506347],[21.0702002,39.1534593],[21.0683388,39.1562048],[21.0668421,39.1585674],[21.0647821,39.1616163],[21.0622448,39.1639664],[21.0595277,39.1663101],[21.0571969,39.1683147],[21.0549331,39.1702736],[21.0525835,39.1718519],[21.0486487,39.1745633],[21.0457572,39.1765574],[21.0422114,39.1788903],[21.0402775,39.1802043],[21.0361576,39.1812439],[21.0331509,39.1821171],[21.0276443,39.1812501],[21.0218909,39.1848095],[21.018852,39.1866411],[21.0149521,39.1890484],[21.012986,39.1902459],[21.0107276,39.1916553],[21.0090834,39.1926428],[21.0041428,39.1956715],[21.0032319,39.1959997],[21.0020721,39.1964177],[20.9972066,39.1975152],[20.9938779,39.1982324],[20.990434,39.1974508],[20.9855175,39.1962597],[20.9796649,39.1958461],[20.9743622,39.1954574],[20.9704918,39.1951248],[20.9667903,39.1930003],[20.9664407,39.1910846],[20.9661332,39.1893998],[20.9657469,39.187088],[20.9654748,39.1857814],[20.9654063,39.1854419]]}},{"type":"Feature","properties":{"assetId":"GR-line-way-146563352","countryCode":"GR","assetType":"line","powerType":"line","osmType":"way","osmId":"146563352","actualVoltagesKv":[400],"actualVoltageKv":400,"gridClass":"400","displayClass":"400 kV sınıfı","name":null,"ref":null,"operator":null,"from":null,"to":null,"displayLabel":"400 kV · OSM 146563352","labelSource":"generated-identifier","voltageRaw":"400000","circuits":null,"cables":"3","frequency":"50","location":null,"sourceProvider":"ArcGIS OSM Europe","sourceFallback":null,"sourceLicense":"ODbL 1.0","osmTimestamp":"2021-08-12T18:17:09Z"},"geometry":{"type":"LineString","coordinates":[[21.8830350996107,39.5576027003952],[21.8829677996263,39.5584061005279]]}},{"type":"Feature","properties":{"assetId":"GR-line-way-162561396","countryCode":"GR","assetType":"line","powerType":"line","osmType":"way","osmId":"162561396","actualVoltagesKv":[400],"actualVoltageKv":400,"gridClass":"400","displayClass":"400 kV sınıfı","name":null,"ref":null,"operator":null,"from":null,"to":null,"displayLabel":"400 kV · OSM 162561396","labelSource":"generated-identifier","voltageRaw":"400000","circuits":null,"cables":null,"frequency":null,"location":null,"sourceProvider":"ArcGIS OSM Europe","sourceFallback":null,"sourceLicense":"ODbL 1.0","osmTimestamp":"2023-10-31T13:51:02Z"},"geometry":{"type":"LineString","coordinates":[[22.925021,40.6920098],[22.9249062,40.6926795],[22.9247967,40.6933072],[22.9239742,40.6933347],[22.9231394,40.6933224],[22.9231418,40.6929399],[22.9229884,40.6925105]]}},{"type":"Feature","properties":{"assetId":"GR-line-way-162955336","countryCode":"GR","assetType":"line","powerType":"line","osmType":"way","osmId":"162955336","actualVoltagesKv":[400],"actualVoltageKv":400,"gridClass":"400","displayClass":"400 kV sınıfı","name":null,"ref":null,"operator":null,"from":null,"to":null,"displayLabel":"400 kV · OSM 162955336","labelSource":"generated-identifier","voltageRaw":"400000","circuits":null,"cables":"3","frequency":null,"location":null,"sourceProvider":"ArcGIS OSM Europe","sourceFallback":null,"sourceLicense":"ODbL 1.0","osmTimestamp":"2012-05-10T11:03:51Z"},"geometry":{"type":"LineString","coordinates":[[22.9239687,40.6919587],[22.9233392,40.6919624],[22.9230259,40.6919642],[22.9227269,40.691966],[22.9224498,40.6919676],[22.9221468,40.6919694],[22.9218633,40.6919711],[22.9215526,40.691973]]}},{"type":"Feature","properties":{"assetId":"GR-line-way-162955338","countryCode":"GR","assetType":"line","powerType":"line","osmType":"way","osmId":"162955338","actualVoltagesKv":[400],"actualVoltageKv":400,"gridClass":"400","displayClass":"400 kV sınıfı","name":null,"ref":null,"operator":null,"from":null,"to":null,"displayLabel":"400 kV · OSM 162955338","labelSource":"generated-identifier","voltageRaw":"400000","circuits":null,"cables":"3","frequency":null,"location":null,"sourceProvider":"ArcGIS OSM Europe","sourceFallback":null,"sourceLicense":"ODbL 1.0","osmTimestamp":"2023-10-28T20:27:34Z"},"geometry":{"type":"LineString","coordinates":[[22.9236918,40.691674],[22.9233957,40.6916716],[22.9233627,40.6916713],[22.9231055,40.6916693],[22.9230487,40.6916688],[22.922727,40.6916662],[22.9224747,40.6916642],[22.9221691,40.6916617],[22.9218955,40.6916595],[22.921571,40.691657],[22.921426,40.6916557]]}},{"type":"Feature","properties":{"assetId":"GR-line-way-162957653","countryCode":"GR","assetType":"line","powerType":"line","osmType":"way","osmId":"162957653","actualVoltagesKv":[400],"actualVoltageKv":400,"gridClass":"400","displayClass":"400 kV sınıfı","name":null,"ref":null,"operator":null,"from":null,"to":null,"displayLabel":"400 kV · OSM 162957653","labelSource":"generated-identifier","voltageRaw":"400000","circuits":null,"cables":"3","frequency":null,"location":null,"sourceProvider":"ArcGIS OSM Europe","sourceFallback":null,"sourceLicense":"ODbL 1.0","osmTimestamp":"2023-10-28T20:27:34Z"},"geometry":{"type":"LineString","coordinates":[[22.9221094,40.6924966],[22.9216693,40.6933291]]}},{"type":"Feature","properties":{"assetId":"GR-line-way-162957654","countryCode":"GR","assetType":"line","powerType":"line","osmType":"way","osmId":"162957654","actualVoltagesKv":[400],"actualVoltageKv":400,"gridClass":"400","displayClass":"400 kV sınıfı","name":"Θεσσαλονίκη - Λαγκαδάς - Φιλίπποι","ref":null,"operator":null,"from":null,"to":null,"displayLabel":"Θεσσαλονίκη - Λαγκαδάς - Φιλίπποι","labelSource":"osm-name","voltageRaw":"400000","circuits":null,"cables":"6","frequency":null,"location":null,"sourceProvider":"ArcGIS OSM Europe","sourceFallback":null,"sourceLicense":"ODbL 1.0","osmTimestamp":"2023-08-06T15:43:32Z"},"geometry":{"type":"LineString","coordinates":[[22.9218365,40.6924996],[22.9216693,40.6933291],[22.9212816,40.693777],[22.9210705,40.6940209],[22.9192168,40.6961623],[22.9183006,40.6976494],[22.9159053,40.6993566],[22.9126808,40.7016749],[22.909831,40.7037015],[22.9069065,40.7058041],[22.9048954,40.7072252],[22.9042833,40.7087613],[22.9031068,40.71165],[22.902244,40.7137956],[22.9013043,40.7161233],[22.900367,40.7184863],[22.8993952,40.7209016],[22.8992529,40.7230593],[22.8990435,40.7262913],[22.8988592,40.7291315],[22.8986721,40.7320134],[22.8985524,40.7338569],[22.8983175,40.7374763],[22.8982085,40.7391551],[22.8980883,40.7410062],[22.8981099,40.7433361],[22.898123,40.7447492],[22.9001595,40.7477994],[22.9011312,40.7521783],[22.9020776,40.7570149],[22.9028377,40.7607777],[22.902608,40.7636214],[22.9023812,40.7664298],[22.9029517,40.7700095],[22.9033575,40.7725557],[22.9062038,40.7762073],[22.910151,40.7786561],[22.9139331,40.7810025],[22.9177076,40.783344],[22.9226314,40.7863985],[22.9254699,40.7875523],[22.9285817,40.7888172],[22.9315355,40.7900179],[22.9356529,40.7916915],[22.9413488,40.7940067],[22.9471114,40.7963489],[22.9508693,40.7978763],[22.9559614,40.7986728],[22.9601709,40.7999624],[22.9620619,40.7994733],[22.9662252,40.7983967],[22.9718675,40.7982505],[22.9771783,40.7981368],[22.9827358,40.7980718],[22.9861369,40.7980149],[22.9912224,40.79795],[22.9959645,40.797885],[23.0011573,40.7977632],[23.0061998,40.7976982],[23.0124118,40.7975763],[23.0163815,40.7974626],[23.0201258,40.7974058],[23.0231576,40.7974099],[23.0272649,40.7973317]]}},{"type":"Feature","properties":{"assetId":"GR-line-way-162957656","countryCode":"GR","assetType":"line","powerType":"line","osmType":"way","osmId":"162957656","actualVoltagesKv":[400],"actualVoltageKv":400,"gridClass":"400","displayClass":"400 kV sınıfı","name":null,"ref":null,"operator":null,"from":null,"to":null,"displayLabel":"400 kV · OSM 162957656","labelSource":"generated-identifier","voltageRaw":"400000","circuits":null,"cables":"3","frequency":null,"location":null,"sourceProvider":"ArcGIS OSM Europe","sourceFallback":null,"sourceLicense":"ODbL 1.0","osmTimestamp":"2012-05-10T11:03:44Z"},"geometry":{"type":"LineString","coordinates":[[22.9240517,40.692272],[22.9233173,40.6922732],[22.923005,40.6922737],[22.9227173,40.6922741],[22.9224277,40.6922746],[22.9221274,40.6922751],[22.9218496,40.6922755],[22.921535,40.692276]]}},{"type":"Feature","properties":{"assetId":"GR-line-way-162957657","countryCode":"GR","assetType":"line","powerType":"line","osmType":"way","osmId":"162957657","actualVoltagesKv":[400],"actualVoltageKv":400,"gridClass":"400","displayClass":"400 kV sınıfı","name":null,"ref":null,"operator":null,"from":null,"to":null,"displayLabel":"400 kV · OSM 162957657","labelSource":"generated-identifier","voltageRaw":"400000","circuits":null,"cables":"3","frequency":null,"location":null,"sourceProvider":"ArcGIS OSM Europe","sourceFallback":null,"sourceLicense":"ODbL 1.0","osmTimestamp":"2023-10-28T20:27:34Z"},"geometry":{"type":"LineString","coordinates":[[22.9211498,40.6933732],[22.9215225,40.6924916]]}},{"type":"Feature","properties":{"assetId":"GR-line-way-174413643","countryCode":"GR","assetType":"line","powerType":"line","osmType":"way","osmId":"174413643","actualVoltagesKv":[400],"actualVoltageKv":400,"gridClass":"400","displayClass":"400 kV sınıfı","name":null,"ref":null,"operator":null,"from":null,"to":null,"displayLabel":"400 kV · OSM 174413643","labelSource":"generated-identifier","voltageRaw":"400000","circuits":null,"cables":null,"frequency":null,"location":null,"sourceProvider":"ArcGIS OSM Europe","sourceFallback":null,"sourceLicense":"ODbL 1.0","osmTimestamp":"2022-04-22T21:00:28Z"},"geometry":{"type":"LineString","coordinates":[[24.2616667,41.0458182],[24.2616664,41.0460075],[24.2616661,41.0461961],[24.2616653,41.0466769],[24.261665,41.0468199]]}},{"type":"Feature","properties":{"assetId":"GR-line-way-174415684","countryCode":"GR","assetType":"line","powerType":"line","osmType":"way","osmId":"174415684","actualVoltagesKv":[400],"actualVoltageKv":400,"gridClass":"400","displayClass":"400 kV sınıfı","name":null,"ref":null,"operator":null,"from":null,"to":null,"displayLabel":"400 kV · OSM 174415684","labelSource":"generated-identifier","voltageRaw":"400000","circuits":null,"cables":null,"frequency":null,"location":null,"sourceProvider":"ArcGIS OSM Europe","sourceFallback":null,"sourceLicense":"ODbL 1.0","osmTimestamp":"2023-10-28T20:27:34Z"},"geometry":{"type":"LineString","coordinates":[[22.9233957,40.6916716],[22.9234056,40.6913936],[22.9234069,40.6913574],[22.9234271,40.6911428],[22.9234672,40.6907186],[22.9234823,40.690558]]}},{"type":"Feature","properties":{"assetId":"GR-line-way-174415687","countryCode":"GR","assetType":"line","powerType":"line","osmType":"way","osmId":"174415687","actualVoltagesKv":[400],"actualVoltageKv":400,"gridClass":"400","displayClass":"400 kV sınıfı","name":null,"ref":null,"operator":null,"from":null,"to":null,"displayLabel":"400 kV · OSM 174415687","labelSource":"generated-identifier","voltageRaw":"400000","circuits":null,"cables":null,"frequency":null,"location":null,"sourceProvider":"ArcGIS OSM Europe","sourceFallback":null,"sourceLicense":"ODbL 1.0","osmTimestamp":"2023-10-28T20:27:34Z"},"geometry":{"type":"LineString","coordinates":[[22.9238077,40.6905591],[22.9237967,40.6907152],[22.92377,40.6910948],[22.9237519,40.6911545],[22.9236932,40.6913489],[22.9236929,40.6914097],[22.9236918,40.691674]]}},{"type":"Feature","properties":{"assetId":"GR-line-way-174415705","countryCode":"GR","assetType":"line","powerType":"line","osmType":"way","osmId":"174415705","actualVoltagesKv":[400],"actualVoltageKv":400,"gridClass":"400","displayClass":"400 kV sınıfı","name":null,"ref":null,"operator":null,"from":null,"to":null,"displayLabel":"400 kV · OSM 174415705","labelSource":"generated-identifier","voltageRaw":"400000","circuits":null,"cables":null,"frequency":null,"location":null,"sourceProvider":"ArcGIS OSM Europe","sourceFallback":null,"sourceLicense":"ODbL 1.0","osmTimestamp":"2023-10-28T20:27:34Z"},"geometry":{"type":"LineString","coordinates":[[22.9233587,40.6929193],[22.9233561,40.6927536],[22.9232916,40.6925205],[22.9233173,40.6922732],[22.9233392,40.6919624],[22.9233627,40.6916713]]}},{"type":"Feature","properties":{"assetId":"GR-line-way-191211976","countryCode":"GR","assetType":"line","powerType":"line","osmType":"way","osmId":"191211976","actualVoltagesKv":[400],"actualVoltageKv":400,"gridClass":"400","displayClass":"400 kV sınıfı","name":"ΚΥΤ ΔΙΣΤΟΜΟΥ- ΚΥΤ ΤΡΙΚΑΛΩΝ","ref":null,"operator":"IPTO","from":null,"to":null,"displayLabel":"ΚΥΤ ΔΙΣΤΟΜΟΥ- ΚΥΤ ΤΡΙΚΑΛΩΝ","labelSource":"osm-name","voltageRaw":"400000","circuits":null,"cables":"6","frequency":"50","location":null,"sourceProvider":"ArcGIS OSM Europe","sourceFallback":null,"sourceLicense":"ODbL 1.0","osmTimestamp":"2024-02-27T20:44:00Z"},"geometry":{"type":"LineString","coordinates":[[22.6896588,38.4388001],[22.6914919,38.441533],[22.6910115,38.443797],[22.6900747,38.4486774],[22.6891544,38.4534047],[22.6881593,38.458183],[22.6869188,38.4640134],[22.6862679,38.4672641],[22.685581,38.4705375],[22.6849156,38.4737087],[22.6862021,38.4770672],[22.6872152,38.4796946],[22.6889029,38.4840713],[22.6907374,38.4887438],[22.6919298,38.4917899],[22.6950316,38.4944504],[22.6977817,38.4966945],[22.6999527,38.498466],[22.7012892,38.5010224],[22.7030052,38.5041932],[22.7060996,38.5100419],[22.7079364,38.5135283],[22.7093824,38.5162862],[22.7102626,38.5179372],[22.7116606,38.5205722],[22.7113502,38.5225368],[22.7105839,38.5270303],[22.7099293,38.5310092],[22.7092366,38.5353332],[22.7085636,38.5392482],[22.7079524,38.542849],[22.7072389,38.5471214],[22.706172,38.5535104],[22.7052553,38.5589987],[22.7047996,38.5617677],[22.702228,38.5641599],[22.699573,38.5666295],[22.6970593,38.5689675],[22.6937092,38.5720537],[22.6900587,38.5754553],[22.6871225,38.5782007],[22.6850797,38.5800994],[22.682922,38.582105],[22.6806643,38.5842033],[22.6782984,38.5864023],[22.6754137,38.5890833],[22.6730723,38.5912592],[22.6708014,38.5933699],[22.6688387,38.5943783],[22.6657029,38.596005],[22.6625846,38.5976225],[22.658897,38.5995353],[22.6543898,38.6018733],[22.6498399,38.6042332],[22.6461159,38.6061647],[22.6430898,38.6077235],[22.640059,38.6092846],[22.6387288,38.6099745],[22.6380346,38.6103345],[22.6367081,38.6110225],[22.6334987,38.6126893],[22.6303285,38.6143567],[22.6273157,38.6158774],[22.6225904,38.6183459],[22.6179325,38.6207714],[22.6157765,38.6218947],[22.6122747,38.6236958],[22.6089591,38.6253457],[22.6074917,38.6279231],[22.6060998,38.6301301],[22.6050085,38.6319119],[22.6032392,38.6346812],[22.6009388,38.6383259],[22.5991817,38.6410736],[22.5973444,38.6439684],[22.5956002,38.6467162],[22.5934054,38.6502049],[22.591181,38.6537169],[22.5902308,38.6552146],[22.5878882,38.658928],[22.5862505,38.6615027],[22.5823141,38.6640191],[22.5789118,38.6662278],[22.5755834,38.668372],[22.571603,38.6709305],[22.5680736,38.6732451],[22.5648433,38.675283],[22.5616535,38.6773197],[22.5585675,38.6792765],[22.5545501,38.6818836],[22.5509989,38.6842567],[22.5474387,38.6864565],[22.544179,38.6884042],[22.5409603,38.6903189],[22.5375863,38.6923333],[22.5337948,38.6945972],[22.5301153,38.6967943],[22.5266417,38.6988966],[22.5232677,38.7009131],[22.5202355,38.7027196],[22.5167198,38.7048201],[22.5130167,38.7070313],[22.5099509,38.7088675],[22.5060182,38.7112044],[22.5026613,38.7132026],[22.5000202,38.7147538],[22.4960425,38.7171237],[22.492024,38.7195197],[22.4866122,38.7227502],[22.4821566,38.7253855],[22.4781654,38.7277934],[22.4743232,38.7300884],[22.4686767,38.7334778],[22.4654382,38.7353929],[22.463153,38.7367271],[22.4607391,38.738192],[22.458152,38.7397273],[22.457782,38.7418371],[22.457199,38.7451619],[22.4592355,38.7512695],[22.4552275,38.7552547],[22.4536872,38.756736],[22.4522557,38.7581253],[22.4507325,38.7595999],[22.4509978,38.761705],[22.4530686,38.7676998],[22.4540483,38.7705286],[22.4554818,38.7746689],[22.4532397,38.7802882],[22.4515198,38.782813],[22.4500352,38.7850808],[22.4485095,38.7868681],[22.4469631,38.7886961],[22.4447465,38.7925324],[22.4441914,38.7934928],[22.4425841,38.7962928],[22.4412123,38.7986723],[22.439301,38.8019948],[22.4377457,38.8046899],[22.4358536,38.8068195],[22.4342422,38.8086641],[22.4336932,38.8092925],[22.4313931,38.8118443],[22.4290684,38.8144772],[22.427001,38.816792],[22.4251007,38.8189468],[22.4233264,38.8208925],[22.4211167,38.8233586],[22.4188741,38.8258907],[22.4167821,38.8287086],[22.4149804,38.8311105],[22.4131175,38.8335724],[22.4116728,38.8354954],[22.409573,38.8383773],[22.407948,38.8406035],[22.4058912,38.8433557],[22.4040699,38.845812],[22.4013493,38.8496085],[22.3958964,38.8528053],[22.3940209,38.8538808],[22.3903106,38.8560576],[22.3877247,38.8575128],[22.3847078,38.85924],[22.3809628,38.8614127],[22.375659,38.8644688],[22.3725283,38.867829],[22.370507,38.8698821],[22.3680362,38.8725682],[22.3655473,38.8751632],[22.3630209,38.8778607],[22.3602741,38.8808034],[22.3582852,38.8828256],[22.3557532,38.8854774],[22.3532186,38.8881327],[22.3511366,38.8903005],[22.3490939,38.8924275],[22.3468627,38.8947799],[22.3443358,38.8974184],[22.3421062,38.8997719],[22.3399365,38.9020474],[22.3377968,38.904276],[22.335261,38.9069873],[22.3332224,38.9093625],[22.3313779,38.9114994],[22.3297711,38.9133599],[22.3281206,38.915316],[22.3259646,38.9178142],[22.3236747,38.9204718],[22.3221559,38.9222526],[22.3215376,38.9229776],[22.3196159,38.9252266],[22.3169074,38.9283762],[22.3160706,38.9298593],[22.3143461,38.9329709],[22.3128112,38.9357539],[22.3113114,38.9384769],[22.3095655,38.9416246],[22.3080087,38.9444348],[22.3063539,38.9474223],[22.304865,38.9501064],[22.3034488,38.9526883],[22.3019781,38.955225],[22.2958055,38.9574189],[22.2942867,38.9600365],[22.2941715,38.9624374],[22.2940595,38.9666175],[22.294004,38.9684757],[22.291369,38.9721135],[22.2899956,38.9740228],[22.2870347,38.9780831],[22.2843523,38.9817357],[22.2837466,38.9866296],[22.2826038,38.9932097],[22.2823307,38.9952159],[22.281511,39.0003489],[22.2814489,39.002007],[22.2813225,39.0054164],[22.2812338,39.0079689],[22.2800222,39.0097991]]}},{"type":"Feature","properties":{"assetId":"GR-line-way-216239725","countryCode":"GR","assetType":"line","powerType":"line","osmType":"way","osmId":"216239725","actualVoltagesKv":[400],"actualVoltageKv":400,"gridClass":"400","displayClass":"400 kV sınıfı","name":"Γραμμή 400 kV ΚΥΤ Φιλίππων – ΚΥΤ Νέας Σάντας","ref":null,"operator":null,"from":null,"to":null,"displayLabel":"Γραμμή 400 kV ΚΥΤ Φιλίππων – ΚΥΤ Νέας Σάντας","labelSource":"osm-name","voltageRaw":"400000","circuits":null,"cables":null,"frequency":null,"location":null,"sourceProvider":"ArcGIS OSM Europe","sourceFallback":null,"sourceLicense":"ODbL 1.0","osmTimestamp":"2013-12-16T04:36:21Z"},"geometry":{"type":"LineString","coordinates":[[24.2616653000644,41.0466769006848],[24.2626624003853,41.0466719001545]]}},{"type":"Feature","properties":{"assetId":"GR-line-way-234412866","countryCode":"GR","assetType":"line","powerType":"line","osmType":"way","osmId":"234412866","actualVoltagesKv":[400],"actualVoltageKv":400,"gridClass":"400","displayClass":"400 kV sınıfı","name":"Melitis - Bitola 400 kV Line","ref":null,"operator":null,"from":null,"to":null,"displayLabel":"Melitis - Bitola 400 kV Line","labelSource":"osm-name","voltageRaw":"400000","circuits":null,"cables":null,"frequency":null,"location":null,"sourceProvider":"ArcGIS OSM Europe","sourceFallback":null,"sourceLicense":"ODbL 1.0","osmTimestamp":"2013-12-16T03:41:40Z"},"geometry":{"type":"LineString","coordinates":[[21.5970474996574,40.8111281001189],[21.5959881999861,40.8111531002656]]}},{"type":"Feature","properties":{"assetId":"GR-line-way-234809196","countryCode":"GR","assetType":"line","powerType":"line","osmType":"way","osmId":"234809196","actualVoltagesKv":[400],"actualVoltageKv":400,"gridClass":"400","displayClass":"400 kV sınıfı","name":"ΚΥΤ ΑΛΙΒΕΡΙΟΥ - ΚΥΤ ΛΑΡΙΜΝΑΣ - ΚΥΤ ΑΓΙΟΥ ΣΤΕΦΑΝΟΥ","ref":null,"operator":"IPTO","from":null,"to":null,"displayLabel":"ΚΥΤ ΑΛΙΒΕΡΙΟΥ - ΚΥΤ ΛΑΡΙΜΝΑΣ - ΚΥΤ ΑΓΙΟΥ ΣΤΕΦΑΝΟΥ","labelSource":"osm-name","voltageRaw":"400000","circuits":null,"cables":null,"frequency":null,"location":null,"sourceProvider":"ArcGIS OSM Europe","sourceFallback":null,"sourceLicense":"ODbL 1.0","osmTimestamp":"2022-07-15T22:01:49Z"},"geometry":{"type":"LineString","coordinates":[[23.6801275,38.4580832],[23.6807378,38.4591448],[23.6850518,38.4599932],[23.6911222,38.4584922],[23.6937902,38.4578577],[23.6979107,38.4567861],[23.7011034,38.4560579],[23.7033308,38.4553956],[23.707148,38.4542027],[23.7105766,38.4531636],[23.7138067,38.4521971],[23.7160039,38.4515353],[23.7167523,38.4513099],[23.7204996,38.4501813],[23.7247302,38.448907],[23.7299925,38.4473219],[23.7350511,38.4483317],[23.7372105,38.4487628],[23.7405892,38.4494373],[23.7451126,38.4501621],[23.7481288,38.4506455],[23.7525403,38.4513524],[23.7560234,38.4519138],[23.7608024,38.4527068],[23.763647,38.4531789],[23.7665485,38.451967],[23.7690888,38.450906],[23.7739655,38.4504978],[23.7769921,38.4502445],[23.7811507,38.4498964],[23.7845881,38.4496087],[23.7883962,38.4492899],[23.7936597,38.4488437],[23.7984574,38.448437],[23.8005068,38.4482632],[23.8034457,38.4480302],[23.8082583,38.4476061],[23.8112729,38.447375],[23.816196,38.4469629],[23.8186667,38.4449192],[23.8203833,38.4434993],[23.8234194,38.4411712],[23.828317,38.4391355],[23.8304265,38.4383287],[23.8332832,38.4377751],[23.8388522,38.4369933],[23.8432185,38.4375982],[23.8467217,38.4380836],[23.8500475,38.4389088],[23.8538517,38.4398526],[23.8563694,38.4404772],[23.8591581,38.4437052],[23.8606362,38.4454161],[23.8633674,38.4485772],[23.8662246,38.4501472],[23.8694903,38.4519416],[23.8738611,38.4543431],[23.877919,38.4565727],[23.8803047,38.4578835],[23.8839968,38.4599119],[23.8870892,38.4616109],[23.8901661,38.4624164],[23.8941609,38.4634622],[23.8983731,38.4645648],[23.9036827,38.4631727],[23.906377,38.4624662],[23.9110373,38.462858],[23.9152686,38.4632137],[23.9190731,38.4635335],[23.9216444,38.4637497],[23.9259711,38.4641134],[23.9292166,38.4643862],[23.9325514,38.4646665],[23.9356025,38.4656099],[23.9387187,38.4665734],[23.9423758,38.4655157],[23.9459233,38.4644898],[23.9501314,38.4632728],[23.9529846,38.4595541],[23.9544953,38.457585],[23.957624,38.4535068],[23.9594967,38.4520007],[23.9618594,38.4501004],[23.9638398,38.4485076],[23.9672607,38.4457561],[23.9691608,38.4445417],[23.9717051,38.4429154],[23.9750403,38.4407837],[23.9775272,38.4391941],[23.9818937,38.4364031],[23.9843794,38.4348142],[23.9866673,38.4325182],[23.9897449,38.4294298],[23.9916989,38.4274688],[23.9937318,38.4254285],[23.9966045,38.4245635],[23.9998267,38.4235932],[24.0036333,38.422447],[24.0072531,38.4225938],[24.0108084,38.4227381],[24.0154246,38.4229255],[24.0190477,38.4230725],[24.0219445,38.42319],[24.0259539,38.4233527],[24.0310787,38.4260132],[24.0333758,38.4272056],[24.0370589,38.4291395],[24.0406308,38.4310149],[24.0441228,38.4312135],[24.049091,38.4314961],[24.0541396,38.4317833],[24.0575415,38.4319767],[24.0602451,38.4316614],[24.0649398,38.4311137],[24.0674099,38.4285863],[24.0675944,38.4256332],[24.0672589,38.4219995],[24.066663,38.4164042],[24.0658701,38.4089593],[24.0656186,38.4066283],[24.0653742,38.4043632],[24.0661084,38.4020197],[24.0642428,38.3978781],[24.061035,38.3949829],[24.0594395,38.3934744],[24.0569725,38.3924937]]}},{"type":"Feature","properties":{"assetId":"GR-line-way-241553157","countryCode":"GR","assetType":"line","powerType":"line","osmType":"way","osmId":"241553157","actualVoltagesKv":[150,400],"actualVoltageKv":400,"gridClass":"400","displayClass":"400 kV sınıfı","name":"ΚΥΤ ΑΡΓΥΡΟΥΠΟΛΗΣ - KYT ΠΑΛΛΗΝΗΣ","ref":null,"operator":"IPTO","from":null,"to":null,"displayLabel":"ΚΥΤ ΑΡΓΥΡΟΥΠΟΛΗΣ - KYT ΠΑΛΛΗΝΗΣ","labelSource":"osm-name","voltageRaw":"400000 (temp 150000)","circuits":null,"cables":"6","frequency":null,"location":null,"sourceProvider":"ArcGIS OSM Europe","sourceFallback":null,"sourceLicense":"ODbL 1.0","osmTimestamp":"2022-07-10T21:45:51Z"},"geometry":{"type":"LineString","coordinates":[[23.8480087,37.9918581],[23.8494289,37.9936074],[23.8509523,37.9946598],[23.8525824,37.9944181]]}},{"type":"Feature","properties":{"assetId":"GR-line-way-250746373","countryCode":"GR","assetType":"line","powerType":"line","osmType":"way","osmId":"250746373","actualVoltagesKv":[400],"actualVoltageKv":400,"gridClass":"400","displayClass":"400 kV sınıfı","name":null,"ref":null,"operator":null,"from":null,"to":null,"displayLabel":"400 kV · OSM 250746373","labelSource":"generated-identifier","voltageRaw":"400000","circuits":null,"cables":"3","frequency":null,"location":null,"sourceProvider":"ArcGIS OSM Europe","sourceFallback":null,"sourceLicense":"ODbL 1.0","osmTimestamp":"2013-12-15T00:40:46Z"},"geometry":{"type":"LineString","coordinates":[[20.9647490001007,39.1836525000157],[20.9647834001862,39.1834061004082]]}},{"type":"Feature","properties":{"assetId":"GR-line-way-250746377","countryCode":"GR","assetType":"line","powerType":"line","osmType":"way","osmId":"250746377","actualVoltagesKv":[400],"actualVoltageKv":400,"gridClass":"400","displayClass":"400 kV sınıfı","name":null,"ref":null,"operator":null,"from":null,"to":null,"displayLabel":"400 kV · OSM 250746377","labelSource":"generated-identifier","voltageRaw":"400000","circuits":null,"cables":"3","frequency":null,"location":null,"sourceProvider":"ArcGIS OSM Europe","sourceFallback":null,"sourceLicense":"ODbL 1.0","osmTimestamp":"2013-12-15T00:40:46Z"},"geometry":{"type":"LineString","coordinates":[[20.9642532998454,39.183613300041],[20.9642874996066,39.1833682998777]]}},{"type":"Feature","properties":{"assetId":"GR-line-way-250746384","countryCode":"GR","assetType":"line","powerType":"line","osmType":"way","osmId":"250746384","actualVoltagesKv":[400],"actualVoltageKv":400,"gridClass":"400","displayClass":"400 kV sınıfı","name":null,"ref":null,"operator":null,"from":null,"to":null,"displayLabel":"400 kV · OSM 250746384","labelSource":"generated-identifier","voltageRaw":"400000","circuits":null,"cables":"3","frequency":null,"location":null,"sourceProvider":"ArcGIS OSM Europe","sourceFallback":null,"sourceLicense":"ODbL 1.0","osmTimestamp":"2013-12-15T00:40:46Z"},"geometry":{"type":"LineString","coordinates":[[20.9634669999857,39.1835510000486],[20.9640974996358,39.1836009002079]]}},{"type":"Feature","properties":{"assetId":"GR-line-way-250746389","countryCode":"GR","assetType":"line","powerType":"line","osmType":"way","osmId":"250746389","actualVoltagesKv":[400],"actualVoltageKv":400,"gridClass":"400","displayClass":"400 kV sınıfı","name":"Γραμμή 400 kV ΚΥΤ Αράχθου - ΚΥΤ Τρικάλων","ref":null,"operator":null,"from":null,"to":null,"displayLabel":"Γραμμή 400 kV ΚΥΤ Αράχθου - ΚΥΤ Τρικάλων","labelSource":"osm-name","voltageRaw":"400000","circuits":null,"cables":"3","frequency":"50","location":null,"sourceProvider":"ArcGIS OSM Europe","sourceFallback":null,"sourceLicense":"ODbL 1.0","osmTimestamp":"2021-11-23T09:00:48Z"},"geometry":{"type":"LineString","coordinates":[[20.9651228995832,39.1854202000061],[20.965019899651,39.1857517002959],[20.9652962995858,39.1871400000938],[20.9656692001418,39.1893831002927],[20.9658452995819,39.1903585003252],[20.9663584999172,39.1932019002261],[20.9703282000734,39.1954635998828],[20.9743273002923,39.1958274003851],[20.9796058997165,39.1962577003865],[20.9855336002054,39.1967273999842],[20.9904768998565,39.1979038998665],[20.9938806002984,39.1987001002463],[20.994852999644,39.1984888001583],[20.9974398997272,39.1979268002186],[21.0036330999933,39.196536200306],[21.0087158999232,39.1934535002908],[21.01083760025,39.1921376000914],[21.0131603004183,39.1907323001485],[21.0176986000135,39.1879092001715],[21.022290599998,39.1851463002954],[21.0278024999863,39.181744900158],[21.0329094996316,39.1824622000304],[21.0366215997954,39.1815661002955],[21.0406503004012,39.180597299979],[21.0457705996043,39.1815286998601],[21.0502069997035,39.1823312001665],[21.0537904997461,39.1830110999803],[21.0571191001319,39.1840215003797],[21.0609439002362,39.1851754004061],[21.0658120998313,39.1866535000081],[21.0677031002168,39.1871691000754],[21.0715493997008,39.1883125003477],[21.0754036995807,39.1894372002639],[21.0810356998309,39.1911476003966],[21.0840135997264,39.1919879002838],[21.0879644999404,39.1931333003516],[21.0920468003243,39.1943348999713],[21.0962954004269,39.1967046001868],[21.100291900023,39.1988539000349],[21.1050770000644,39.2015331000523],[21.1083815004477,39.2033560002283],[21.1124021000464,39.2055778003566],[21.1151889004332,39.2070826003171],[21.1181365998671,39.2078952003986],[21.1216959001943,39.2088969000869],[21.1272614996736,39.2103850005031],[21.1304157999448,39.2112848999082],[21.1344632995946,39.2123842003823],[21.1386796995858,39.2135354999984],[21.1412358000312,39.21424000021],[21.145846500245,39.2155368004656],[21.1514792002828,39.2155699999003],[21.1548453996548,39.215599099939],[21.1581336998203,39.215771600122],[21.1642063003612,39.2169894004229],[21.1705067998964,39.2183152000939],[21.1748465996615,39.2193666001557],[21.1771291002208,39.219836300426],[21.1793661002127,39.2202643001036],[21.1855835001942,39.2215236001984],[21.1891535003547,39.2227682000806],[21.1929809998965,39.2243848001562],[21.1961647999433,39.2250414001464],[21.1998903999891,39.2257852000612],[21.2043750000933,39.22670360038],[21.2083178999113,39.2275701003686],[21.2136795997875,39.2287003002156],[21.2187435997751,39.229776600182],[21.2252265004321,39.231106299965],[21.2313070995723,39.2323529002014],[21.2337023000722,39.2352781004589],[21.2353239001955,39.2372932003129],[21.2358104996187,39.237897800249],[21.2380153003975,39.2396718998567],[21.2384276001634,39.2400174000024],[21.2396617003109,39.2410515003716],[21.2412903001069,39.2424161003849],[21.24611820038,39.2456005000461],[21.2483042003182,39.2489780003962],[21.2478401998127,39.2557677003248],[21.2510186000864,39.258384600373],[21.2543151000738,39.2611632998298],[21.2582150002342,39.2644238004012],[21.2615275001151,39.2655057004601],[21.2640621999955,39.2663550003115],[21.2665191003824,39.2671047001254],[21.2702823003128,39.268321500386],[21.2731147000817,39.270530900122],[21.2764754996805,39.2731888003162],[21.2794983000689,39.2743412003954],[21.2820517998916,39.2753025004063],[21.2858524999934,39.2767435004854],[21.2885883003266,39.2770361999506],[21.2927887004243,39.277563600246],[21.2984106000174,39.2781740000579],[21.3014576001212,39.2785248998518],[21.3085358996569,39.2782798998365],[21.3127228995855,39.2780702001373],[21.315614299804,39.2777567001208],[21.3207345999054,39.2771857003345],[21.326080299888,39.2766251002389],[21.3303316003263,39.2762016000298],[21.3347143000362,39.2757572000039],[21.3393143004166,39.2751509000707],[21.3446169998432,39.2747252998726],[21.347047099892,39.2744907002715],[21.3520118998211,39.273788900239],[21.356614499926,39.2732615000407],[21.3633817003024,39.2741460000114],[21.3656375002365,39.2745280004345],[21.3712138004475,39.2764902003731],[21.3772667997489,39.2786694001716],[21.3823210997281,39.2805524004281],[21.3847238999753,39.2814154003226],[21.3882341998987,39.282714799995],[21.391466700312,39.2837793004335],[21.3967940001027,39.2854467001653],[21.399423100343,39.2863745004052],[21.4034046995836,39.2876748002369],[21.4069380996844,39.2887974001169],[21.4112726002877,39.2900948002627],[21.4134961003975,39.2907923002428],[21.4167175003288,39.2919194998645],[21.4186782000989,39.2951806000327],[21.4226880998642,39.2980762004454],[21.4242276999717,39.2994067003472],[21.4274006995739,39.3016732004399],[21.4286613000222,39.3044752002126],[21.4303618997883,39.3081734999215],[21.4314990995643,39.3098629004027],[21.4330386996719,39.314955499895],[21.4354580998872,39.3170182002018],[21.4425283999254,39.316671599973],[21.4484721003078,39.3163769999652],[21.4524472002373,39.3143578002012],[21.4546974997869,39.3145736998241],[21.4578035003402,39.3159163001164],[21.4647960996996,39.314862100337],[21.4678270001968,39.3142541004793],[21.4716356997963,39.3134799999889],[21.4740147997914,39.3129985999509],[21.4764288002336,39.3130256002143],[21.4776786999502,39.3143392003442],[21.4781426995574,39.3160926998988],[21.4792612000025,39.318723900243],[21.481192399997,39.3204938998767],[21.4848830995957,39.324149900066],[21.4879972002579,39.3263140002511],[21.4906793999147,39.3281834004975],[21.4932810997423,39.3291480999671],[21.4962663999591,39.3301689003785],[21.4987475000614,39.3324654998634],[21.5020949003895,39.3354696001326],[21.5041736001603,39.3373574000807],[21.5076926002672,39.3405727999843],[21.5089585995903,39.3418879002997],[21.5103105003126,39.3438814004141],[21.5117883996348,39.3462170004119],[21.5156534002465,39.3492370003661],[21.5192207997842,39.3512945002001],[21.5238609997736,39.3525348003601],[21.5284072997647,39.3510517999097],[21.5344155000829,39.3515227004165],[21.5370092004128,39.3519457998385],[21.5406945002383,39.3545030005157],[21.541965900233,39.3560481002973],[21.5431675002318,39.3574624999677],[21.5475260999392,39.3596607998729],[21.5527885997568,39.3606024004034],[21.555806100085,39.3598080998444],[21.558973799627,39.359152699859],[21.5618920001836,39.3587069004176],[21.5654996002287,39.359598599945],[21.568562699939,39.3603929001079],[21.5714191997103,39.3602685001112],[21.5733531000405,39.3592978998481],[21.5745869001507,39.3577052002163],[21.5798788997439,39.3558884000906],[21.5825853000145,39.3558221000659],[21.584669999633,39.3576800001876],[21.5859900002812,39.3589000000939],[21.589510000213,39.3619600003469],[21.5903400004164,39.3645300003245],[21.5916400000748,39.3687900002081],[21.5922400001244,39.3706400004866],[21.5938400002567,39.3740800004512],[21.5963800001973,39.3763800004484],[21.6000900000999,39.3775200003597],[21.6021300004483,39.3789599998416],[21.6068699996725,39.3822500004147],[21.608540000125,39.3840299998888],[21.6110299998369,39.3866900002042],[21.6139299996276,39.3889500003313],[21.6141232002957,39.3902308004845],[21.6146600002718,39.3937900005156],[21.614290000376,39.3985500003465],[21.613949999719,39.4027600001459],[21.616190000084,39.4053800001219],[21.6204599998532,39.4095400003199],[21.6247299996225,39.4126100001669],[21.627309999746,39.4131600003101],[21.6301500001605,39.4137100002786],[21.6341200003541,39.4139400001524],[21.6407300000474,39.4142499999887],[21.6433200002167,39.4144000003997],[21.648499999657,39.4145799999117],[21.6508200003879,39.4149100003547],[21.6521100000005,39.4166400000193],[21.6504200003548,39.4211400001241],[21.6492999997232,39.4242400000214],[21.6483900000521,39.426729999988],[21.6472999995577,39.4326000003772],[21.6460199999909,39.4357500000333],[21.6451599996503,39.4378900001963],[21.6446900001953,39.4422200001189],[21.6460800002653,39.44368000021],[21.6486989998486,39.4463428998722],[21.6501181565379,39.4471197084988],[21.6520893998344,39.4481987004327],[21.657174800387,39.4509491998886],[21.6602539997039,39.4526227003977],[21.6637731004221,39.4545032004117],[21.6675389000768,39.4565659003102],[21.6679840000288,39.4568141001059],[21.6706288001253,39.4582889003461],[21.6736649997844,39.4599786999724],[21.6757250002243,39.4624140001132],[21.6774200996059,39.4644185000959],[21.6796516998246,39.4670854998822],[21.6818726002099,39.4698270002426],[21.6842329999758,39.4726097005395],[21.6888892995717,39.4738271998958],[21.693599199844,39.4750529004126],[21.7014312999892,39.4770818000845],[21.7058085999258,39.4781667004663],[21.7105508000225,39.4793757003402],[21.7150354001266,39.4794916001372],[21.7196058998331,39.479607600279],[21.7246163000427,39.4796738000103],[21.7291760002028,39.4798311998871],[21.7335855999639,39.4799057003421],[21.7379737003452,39.4800382004048],[21.7423081003372,39.4801293003786],[21.7467821003209,39.4802121000274],[21.7506874002545,39.4803032004666],[21.7551827001919,39.480410799923],[21.7598927001772,39.4805433004104],[21.7632722997183,39.4805765003752],[21.7666519001577,39.4807751999232],[21.7707609999815,39.4809491004764],[21.7750954996865,39.4812141005344],[21.7802774996749,39.4814459998908],[21.7843115003409,39.4816530004561],[21.7884957999337,39.4818683004142],[21.7924225004323,39.4820919003814],[21.79682140036,39.4822575004544],[21.7993104002469,39.4840875004685],[21.8027008002327,39.4864971000933],[21.8058336002259,39.4888237998902],[21.8089986003304,39.4910344998711],[21.8120563002676,39.4932286001962],[21.8151354995844,39.4954308998604],[21.8181502995768,39.4975833999001],[21.8216050000723,39.50010019995],[21.8236219999561,39.5026002999409],[21.8264436998917,39.5060523001515],[21.8292224001696,39.5088915003805],[21.8321514002726,39.5130633004239],[21.8354987997023,39.5143296999601],[21.8388784001417,39.5155629000981],[21.8421077995707,39.5167713003172],[21.8455195004085,39.5180377001702],[21.849027900395,39.5193288000068],[21.8512594997154,39.5201564000617],[21.8533837997667,39.5209675000548],[21.8564522004355,39.5220930004524],[21.8601322002008,39.5234503000596],[21.8627392998016,39.5244351000062],[21.8664729999563,39.525833700153],[21.8702173002314,39.5272238999353],[21.8729745999442,39.5282334999958],[21.8761933004382,39.5294169000215],[21.8769227998225,39.5322468998739],[21.8776523998182,39.5350437005022],[21.8784141999252,39.5379646004718],[21.8792617002087,39.5412824000862],[21.8800664002604,39.54445120027],[21.8809998001462,39.5478597003063],[21.8825769004253,39.5512929004525],[21.8832743003096,39.5528067003591],[21.8829525004187,39.5544529002306],[21.8826787999213,39.5560645999063],[21.8826039001895,39.5567918005377]]}},{"type":"Feature","properties":{"assetId":"GR-line-way-250746390","countryCode":"GR","assetType":"line","powerType":"line","osmType":"way","osmId":"250746390","actualVoltagesKv":[400],"actualVoltageKv":400,"gridClass":"400","displayClass":"400 kV sınıfı","name":"Γραμμή 400 kV ΚΥΤ Αράχθου - ΚΥΤ Αχελώου","ref":null,"operator":null,"from":null,"to":null,"displayLabel":"Γραμμή 400 kV ΚΥΤ Αράχθου - ΚΥΤ Αχελώου","labelSource":"osm-name","voltageRaw":"400000","circuits":null,"cables":"3","frequency":null,"location":null,"sourceProvider":"ArcGIS OSM Europe","sourceFallback":null,"sourceLicense":"ODbL 1.0","osmTimestamp":"2014-10-04T09:23:23Z"},"geometry":{"type":"LineString","coordinates":[[20.965406300089,39.1854418998473],[20.9654338002148,39.1852697004739],[20.9655344995615,39.1846689002335]]}},{"type":"Feature","properties":{"assetId":"GR-line-way-250746393","countryCode":"GR","assetType":"line","powerType":"line","osmType":"way","osmId":"250746393","actualVoltagesKv":[400],"actualVoltageKv":400,"gridClass":"400","displayClass":"400 kV sınıfı","name":"Γραμμή 400 kV ΚΥΤ Αράχθου - ΚΥΤ Τρικάλων","ref":null,"operator":null,"from":null,"to":null,"displayLabel":"Γραμμή 400 kV ΚΥΤ Αράχθου - ΚΥΤ Τρικάλων","labelSource":"osm-name","voltageRaw":"400000","circuits":null,"cables":"3","frequency":null,"location":null,"sourceProvider":"ArcGIS OSM Europe","sourceFallback":null,"sourceLicense":"ODbL 1.0","osmTimestamp":"2014-10-04T09:23:24Z"},"geometry":{"type":"LineString","coordinates":[[20.9652382998595,39.1846404001209],[20.9651424002114,39.185245800301],[20.9651228995832,39.1854202000061]]}},{"type":"Feature","properties":{"assetId":"GR-line-way-250746395","countryCode":"GR","assetType":"line","powerType":"line","osmType":"way","osmId":"250746395","actualVoltagesKv":[400],"actualVoltageKv":400,"gridClass":"400","displayClass":"400 kV sınıfı","name":null,"ref":null,"operator":null,"from":null,"to":null,"displayLabel":"400 kV · OSM 250746395","labelSource":"generated-identifier","voltageRaw":"400000","circuits":null,"cables":null,"frequency":null,"location":null,"sourceProvider":"ArcGIS OSM Europe","sourceFallback":null,"sourceLicense":"ODbL 1.0","osmTimestamp":"2014-10-04T09:23:20Z"},"geometry":{"type":"LineString","coordinates":[[20.964871700087,39.1846050999604],[20.9649540001401,39.1840771001353],[20.9650110000415,39.1836731998106]]}},{"type":"Feature","properties":{"assetId":"GR-line-way-250746397","countryCode":"GR","assetType":"line","powerType":"line","osmType":"way","osmId":"250746397","actualVoltagesKv":[400],"actualVoltageKv":400,"gridClass":"400","displayClass":"400 kV sınıfı","name":null,"ref":null,"operator":null,"from":null,"to":null,"displayLabel":"400 kV · OSM 250746397","labelSource":"generated-identifier","voltageRaw":"400000","circuits":null,"cables":null,"frequency":null,"location":null,"sourceProvider":"ArcGIS OSM Europe","sourceFallback":null,"sourceLicense":"ODbL 1.0","osmTimestamp":"2013-12-15T00:40:46Z"},"geometry":{"type":"LineString","coordinates":[[20.9659891000959,39.184712700047],[20.9660760004215,39.1841691004007],[20.966317299585,39.1837807999312],[20.9663784002956,39.1833171002393],[20.9663959003757,39.1831837003917]]}},{"type":"Feature","properties":{"assetId":"GR-line-way-250746398","countryCode":"GR","assetType":"line","powerType":"line","osmType":"way","osmId":"250746398","actualVoltagesKv":[400],"actualVoltageKv":400,"gridClass":"400","displayClass":"400 kV sınıfı","name":null,"ref":null,"operator":null,"from":null,"to":null,"displayLabel":"400 kV · OSM 250746398","labelSource":"generated-identifier","voltageRaw":"400000","circuits":null,"cables":null,"frequency":null,"location":null,"sourceProvider":"ArcGIS OSM Europe","sourceFallback":null,"sourceLicense":"ODbL 1.0","osmTimestamp":"2013-12-15T00:40:46Z"},"geometry":{"type":"LineString","coordinates":[[20.9662918997203,39.1847418003372],[20.9663791000832,39.1841940001317],[20.9666016002027,39.183805600228],[20.96662670003,39.1836396998132],[20.9666877998424,39.183212900191]]}},{"type":"Feature","properties":{"assetId":"GR-line-way-250746404","countryCode":"GR","assetType":"line","powerType":"line","osmType":"way","osmId":"250746404","actualVoltagesKv":[400],"actualVoltageKv":400,"gridClass":"400","displayClass":"400 kV sınıfı","name":null,"ref":null,"operator":null,"from":null,"to":null,"displayLabel":"400 kV · OSM 250746404","labelSource":"generated-identifier","voltageRaw":"400000","circuits":null,"cables":"3","frequency":null,"location":null,"sourceProvider":"ArcGIS OSM Europe","sourceFallback":null,"sourceLicense":"ODbL 1.0","osmTimestamp":"2013-12-15T00:40:46Z"},"geometry":{"type":"LineString","coordinates":[[20.9640974996358,39.1836009002079],[20.9642532998454,39.183613300041],[20.9647490001007,39.1836525000157],[20.9650110000415,39.1836731998106],[20.9651321998413,39.1836828004803]]}},{"type":"Feature","properties":{"assetId":"GR-line-way-250746406","countryCode":"GR","assetType":"line","powerType":"line","osmType":"way","osmId":"250746406","actualVoltagesKv":[400],"actualVoltageKv":400,"gridClass":"400","displayClass":"400 kV sınıfı","name":"Ζυγοί 400kV","ref":null,"operator":null,"from":null,"to":null,"displayLabel":"Ζυγοί 400kV","labelSource":"osm-name","voltageRaw":"400000","circuits":null,"cables":"9","frequency":null,"location":null,"sourceProvider":"ArcGIS OSM Europe","sourceFallback":null,"sourceLicense":"ODbL 1.0","osmTimestamp":"2013-12-08T20:10:00Z"},"geometry":{"type":"LineString","coordinates":[[20.9648241998697,39.1846005002222],[20.964871700087,39.1846050999604],[20.9652382998595,39.1846404001209],[20.9655344995615,39.1846689002335],[20.9659891000959,39.184712700047],[20.9662918997203,39.1847418003372],[20.9665912004067,39.1847707000823]]}},{"type":"Feature","properties":{"assetId":"GR-line-way-250851852","countryCode":"GR","assetType":"line","powerType":"line","osmType":"way","osmId":"250851852","actualVoltagesKv":[400],"actualVoltageKv":400,"gridClass":"400","displayClass":"400 kV sınıfı","name":null,"ref":null,"operator":null,"from":null,"to":null,"displayLabel":"400 kV · OSM 250851852","labelSource":"generated-identifier","voltageRaw":"400000","circuits":null,"cables":"3","frequency":"50","location":null,"sourceProvider":"ArcGIS OSM Europe","sourceFallback":null,"sourceLicense":"ODbL 1.0","osmTimestamp":"2021-08-12T18:17:09Z"},"geometry":{"type":"LineString","coordinates":[[21.8831550004466,39.556809900132],[21.8830750997937,39.5576046001622]]}},{"type":"Feature","properties":{"assetId":"GR-line-way-250851853","countryCode":"GR","assetType":"line","powerType":"line","osmType":"way","osmId":"250851853","actualVoltagesKv":[400],"actualVoltageKv":400,"gridClass":"400","displayClass":"400 kV sınıfı","name":null,"ref":null,"operator":null,"from":null,"to":null,"displayLabel":"400 kV · OSM 250851853","labelSource":"generated-identifier","voltageRaw":"400000","circuits":null,"cables":"3","frequency":"50","location":null,"sourceProvider":"ArcGIS OSM Europe","sourceFallback":null,"sourceLicense":"ODbL 1.0","osmTimestamp":"2021-08-12T18:17:09Z"},"geometry":{"type":"LineString","coordinates":[[21.8829678,39.5584061],[21.8828014,39.5590275]]}},{"type":"Feature","properties":{"assetId":"GR-line-way-250851854","countryCode":"GR","assetType":"line","powerType":"line","osmType":"way","osmId":"250851854","actualVoltagesKv":[400],"actualVoltageKv":400,"gridClass":"400","displayClass":"400 kV sınıfı","name":null,"ref":null,"operator":null,"from":null,"to":null,"displayLabel":"400 kV · OSM 250851854","labelSource":"generated-identifier","voltageRaw":"400000","circuits":null,"cables":"3","frequency":"50","location":null,"sourceProvider":"ArcGIS OSM Europe","sourceFallback":null,"sourceLicense":"ODbL 1.0","osmTimestamp":"2021-08-12T18:17:09Z"},"geometry":{"type":"LineString","coordinates":[[21.8826740002227,39.5583837004312],[21.88273609986,39.5575887004331]]}},{"type":"Feature","properties":{"assetId":"GR-line-way-250851855","countryCode":"GR","assetType":"line","powerType":"line","osmType":"way","osmId":"250851855","actualVoltagesKv":[400],"actualVoltageKv":400,"gridClass":"400","displayClass":"400 kV sınıfı","name":null,"ref":null,"operator":null,"from":null,"to":null,"displayLabel":"400 kV · OSM 250851855","labelSource":"generated-identifier","voltageRaw":"400000","circuits":null,"cables":"3","frequency":"50","location":null,"sourceProvider":"ArcGIS OSM Europe","sourceFallback":null,"sourceLicense":"ODbL 1.0","osmTimestamp":"2021-08-12T18:17:09Z"},"geometry":{"type":"LineString","coordinates":[[21.8828014,39.5590275],[21.882674,39.5583837]]}},{"type":"Feature","properties":{"assetId":"GR-line-way-250851856","countryCode":"GR","assetType":"line","powerType":"line","osmType":"way","osmId":"250851856","actualVoltagesKv":[400],"actualVoltageKv":400,"gridClass":"400","displayClass":"400 kV sınıfı","name":"Γραμμή 400 kV ΚΥΤ Αράχθου - ΚΥΤ Τρικάλων","ref":null,"operator":null,"from":null,"to":null,"displayLabel":"Γραμμή 400 kV ΚΥΤ Αράχθου - ΚΥΤ Τρικάλων","labelSource":"osm-name","voltageRaw":"400000","circuits":null,"cables":"3","frequency":"50","location":null,"sourceProvider":"ArcGIS OSM Europe","sourceFallback":null,"sourceLicense":"ODbL 1.0","osmTimestamp":"2021-08-12T18:17:09Z"},"geometry":{"type":"LineString","coordinates":[[21.8826039001895,39.5567918005377],[21.8825403003657,39.5575796005255]]}},{"type":"Feature","properties":{"assetId":"GR-line-way-250851857","countryCode":"GR","assetType":"line","powerType":"line","osmType":"way","osmId":"250851857","actualVoltagesKv":[400],"actualVoltageKv":400,"gridClass":"400","displayClass":"400 kV sınıfı","name":null,"ref":null,"operator":null,"from":null,"to":null,"displayLabel":"400 kV · OSM 250851857","labelSource":"generated-identifier","voltageRaw":"400000","circuits":null,"cables":"3","frequency":"50","location":null,"sourceProvider":"ArcGIS OSM Europe","sourceFallback":null,"sourceLicense":"ODbL 1.0","osmTimestamp":"2021-08-12T18:17:09Z"},"geometry":{"type":"LineString","coordinates":[[21.8828799003741,39.5568024000175],[21.8828090996549,39.5575922000776]]}},{"type":"Feature","properties":{"assetId":"GR-line-way-250851858","countryCode":"GR","assetType":"line","powerType":"line","osmType":"way","osmId":"250851858","actualVoltagesKv":[400],"actualVoltageKv":400,"gridClass":"400","displayClass":"400 kV sınıfı","name":null,"ref":null,"operator":null,"from":null,"to":null,"displayLabel":"400 kV · OSM 250851858","labelSource":"generated-identifier","voltageRaw":"400000","circuits":null,"cables":"3","frequency":"50","location":null,"sourceProvider":"ArcGIS OSM Europe","sourceFallback":null,"sourceLicense":"ODbL 1.0","osmTimestamp":"2021-08-12T18:17:09Z"},"geometry":{"type":"LineString","coordinates":[[21.8830709001698,39.5560776000579],[21.8828799003741,39.5568024000175]]}},{"type":"Feature","properties":{"assetId":"GR-line-way-250851860","countryCode":"GR","assetType":"line","powerType":"line","osmType":"way","osmId":"250851860","actualVoltagesKv":[400],"actualVoltageKv":400,"gridClass":"400","displayClass":"400 kV sınıfı","name":"Ζυγοί 400kV","ref":null,"operator":null,"from":null,"to":null,"displayLabel":"Ζυγοί 400kV","labelSource":"osm-name","voltageRaw":"400000","circuits":null,"cables":"9","frequency":"50","location":null,"sourceProvider":"ArcGIS OSM Europe","sourceFallback":null,"sourceLicense":"ODbL 1.0","osmTimestamp":"2021-08-12T18:17:09Z"},"geometry":{"type":"LineString","coordinates":[[21.881847799893,39.5575471998859],[21.8825403003657,39.5575796005255],[21.88273609986,39.5575887004331],[21.8828090996549,39.5575922000776],[21.8830350996107,39.5576027003952],[21.8830750997937,39.5576046001622],[21.8832192003451,39.5576113999843]]}},{"type":"Feature","properties":{"assetId":"GR-line-way-250856317","countryCode":"GR","assetType":"line","powerType":"line","osmType":"way","osmId":"250856317","actualVoltagesKv":[400],"actualVoltageKv":400,"gridClass":"400","displayClass":"400 kV sınıfı","name":null,"ref":null,"operator":null,"from":null,"to":null,"displayLabel":"400 kV · OSM 250856317","labelSource":"generated-identifier","voltageRaw":"400000","circuits":null,"cables":"3","frequency":"50","location":null,"sourceProvider":"ArcGIS OSM Europe","sourceFallback":null,"sourceLicense":"ODbL 1.0","osmTimestamp":"2021-08-16T17:18:11Z"},"geometry":{"type":"LineString","coordinates":[[22.689066800444,38.4380258002683],[22.6898299004133,38.4383850998852]]}},{"type":"Feature","properties":{"assetId":"GR-line-way-250856318","countryCode":"GR","assetType":"line","powerType":"line","osmType":"way","osmId":"250856318","actualVoltagesKv":[400],"actualVoltageKv":400,"gridClass":"400","displayClass":"400 kV sınıfı","name":null,"ref":null,"operator":null,"from":null,"to":null,"displayLabel":"400 kV · OSM 250856318","labelSource":"generated-identifier","voltageRaw":"400000","circuits":null,"cables":"3","frequency":"50","location":null,"sourceProvider":"ArcGIS OSM Europe","sourceFallback":null,"sourceLicense":"ODbL 1.0","osmTimestamp":"2021-08-16T17:18:11Z"},"geometry":{"type":"LineString","coordinates":[[22.688897300028,38.4384574998404],[22.6896588000978,38.4388001002707]]}},{"type":"Feature","properties":{"assetId":"GR-line-way-250856319","countryCode":"GR","assetType":"line","powerType":"line","osmType":"way","osmId":"250856319","actualVoltagesKv":[400],"actualVoltageKv":400,"gridClass":"400","displayClass":"400 kV sınıfı","name":null,"ref":null,"operator":null,"from":null,"to":null,"displayLabel":"400 kV · OSM 250856319","labelSource":"generated-identifier","voltageRaw":"400000","circuits":null,"cables":"3","frequency":"50","location":null,"sourceProvider":"ArcGIS OSM Europe","sourceFallback":null,"sourceLicense":"ODbL 1.0","osmTimestamp":"2021-08-16T17:18:11Z"},"geometry":{"type":"LineString","coordinates":[[22.6882631002172,38.4374086000221],[22.689222299718,38.4376334996952]]}},{"type":"Feature","properties":{"assetId":"GR-line-way-250856320","countryCode":"GR","assetType":"line","powerType":"line","osmType":"way","osmId":"250856320","actualVoltagesKv":[400],"actualVoltageKv":400,"gridClass":"400","displayClass":"400 kV sınıfı","name":null,"ref":null,"operator":null,"from":null,"to":null,"displayLabel":"400 kV · OSM 250856320","labelSource":"generated-identifier","voltageRaw":"400000","circuits":null,"cables":"3","frequency":"50","location":null,"sourceProvider":"ArcGIS OSM Europe","sourceFallback":null,"sourceLicense":"ODbL 1.0","osmTimestamp":"2021-08-16T17:18:11Z"},"geometry":{"type":"LineString","coordinates":[[22.6891421996391,38.4378265999894],[22.6899893998853,38.4379399998722]]}},{"type":"Feature","properties":{"assetId":"GR-line-way-250856321","countryCode":"GR","assetType":"line","powerType":"line","osmType":"way","osmId":"250856321","actualVoltagesKv":[400],"actualVoltageKv":400,"gridClass":"400","displayClass":"400 kV sınıfı","name":null,"ref":null,"operator":null,"from":null,"to":null,"displayLabel":"400 kV · OSM 250856321","labelSource":"generated-identifier","voltageRaw":"400000","circuits":null,"cables":"3","frequency":"50","location":null,"sourceProvider":"ArcGIS OSM Europe","sourceFallback":null,"sourceLicense":"ODbL 1.0","osmTimestamp":"2021-08-16T17:18:11Z"},"geometry":{"type":"LineString","coordinates":[[22.6870979996668,38.4378967003233],[22.6880083999864,38.4381057998159]]}},{"type":"Feature","properties":{"assetId":"GR-line-way-250856322","countryCode":"GR","assetType":"line","powerType":"line","osmType":"way","osmId":"250856322","actualVoltagesKv":[400],"actualVoltageKv":400,"gridClass":"400","displayClass":"400 kV sınıfı","name":null,"ref":null,"operator":null,"from":null,"to":null,"displayLabel":"400 kV · OSM 250856322","labelSource":"generated-identifier","voltageRaw":"400000","circuits":null,"cables":"3","frequency":"50","location":null,"sourceProvider":"ArcGIS OSM Europe","sourceFallback":null,"sourceLicense":"ODbL 1.0","osmTimestamp":"2021-08-16T17:18:11Z"},"geometry":{"type":"LineString","coordinates":[[22.6881173000534,38.4378075997235],[22.689066800444,38.4380258002683]]}},{"type":"Feature","properties":{"assetId":"GR-line-way-250856326","countryCode":"GR","assetType":"line","powerType":"line","osmType":"way","osmId":"250856326","actualVoltagesKv":[400],"actualVoltageKv":400,"gridClass":"400","displayClass":"400 kV sınıfı","name":null,"ref":null,"operator":null,"from":null,"to":null,"displayLabel":"400 kV · OSM 250856326","labelSource":"generated-identifier","voltageRaw":"400000","circuits":null,"cables":"3","frequency":"50","location":null,"sourceProvider":"ArcGIS OSM Europe","sourceFallback":null,"sourceLicense":"ODbL 1.0","osmTimestamp":"2021-08-16T17:18:11Z"},"geometry":{"type":"LineString","coordinates":[[22.687958500369,38.4382424000961],[22.688897300028,38.4384574998404]]}},{"type":"Feature","properties":{"assetId":"GR-line-way-250856329","countryCode":"GR","assetType":"line","powerType":"line","osmType":"way","osmId":"250856329","actualVoltagesKv":[400],"actualVoltageKv":400,"gridClass":"400","displayClass":"400 kV sınıfı","name":null,"ref":null,"operator":null,"from":null,"to":null,"displayLabel":"400 kV · OSM 250856329","labelSource":"generated-identifier","voltageRaw":"400000","circuits":null,"cables":"3","frequency":"50","location":null,"sourceProvider":"ArcGIS OSM Europe","sourceFallback":null,"sourceLicense":"ODbL 1.0","osmTimestamp":"2021-08-16T17:18:11Z"},"geometry":{"type":"LineString","coordinates":[[22.6889789002935,38.4382558000479],[22.6898299004133,38.4383850998852]]}},{"type":"Feature","properties":{"assetId":"GR-line-way-250856330","countryCode":"GR","assetType":"line","powerType":"line","osmType":"way","osmId":"250856330","actualVoltagesKv":[400],"actualVoltageKv":400,"gridClass":"400","displayClass":"400 kV sınıfı","name":null,"ref":null,"operator":null,"from":null,"to":null,"displayLabel":"400 kV · OSM 250856330","labelSource":"generated-identifier","voltageRaw":"400000","circuits":null,"cables":"3","frequency":"50","location":null,"sourceProvider":"ArcGIS OSM Europe","sourceFallback":null,"sourceLicense":"ODbL 1.0","osmTimestamp":"2021-08-16T17:18:11Z"},"geometry":{"type":"LineString","coordinates":[[22.6864282,38.4375833],[22.6872008,38.4376545]]}},{"type":"Feature","properties":{"assetId":"GR-line-way-250856331","countryCode":"GR","assetType":"line","powerType":"line","osmType":"way","osmId":"250856331","actualVoltagesKv":[400],"actualVoltageKv":400,"gridClass":"400","displayClass":"400 kV sınıfı","name":null,"ref":null,"operator":null,"from":null,"to":null,"displayLabel":"400 kV · OSM 250856331","labelSource":"generated-identifier","voltageRaw":"400000","circuits":null,"cables":"3","frequency":"50","location":null,"sourceProvider":"ArcGIS OSM Europe","sourceFallback":null,"sourceLicense":"ODbL 1.0","osmTimestamp":"2021-08-16T17:18:11Z"},"geometry":{"type":"LineString","coordinates":[[22.6872008001729,38.4376544997431],[22.688099599649,38.4378560998923]]}},{"type":"Feature","properties":{"assetId":"GR-line-way-250856332","countryCode":"GR","assetType":"line","powerType":"line","osmType":"way","osmId":"250856332","actualVoltagesKv":[400],"actualVoltageKv":400,"gridClass":"400","displayClass":"400 kV sınıfı","name":null,"ref":null,"operator":null,"from":null,"to":null,"displayLabel":"400 kV · OSM 250856332","labelSource":"generated-identifier","voltageRaw":"400000","circuits":null,"cables":"3","frequency":"50","location":null,"sourceProvider":"ArcGIS OSM Europe","sourceFallback":null,"sourceLicense":"ODbL 1.0","osmTimestamp":"2021-08-16T17:18:11Z"},"geometry":{"type":"LineString","coordinates":[[22.6887968001073,38.4386912000256],[22.6896588000978,38.4388001002707]]}},{"type":"Feature","properties":{"assetId":"GR-line-way-250856333","countryCode":"GR","assetType":"line","powerType":"line","osmType":"way","osmId":"250856333","actualVoltagesKv":[400],"actualVoltageKv":400,"gridClass":"400","displayClass":"400 kV sınıfı","name":null,"ref":null,"operator":null,"from":null,"to":null,"displayLabel":"400 kV · OSM 250856333","labelSource":"generated-identifier","voltageRaw":"400000","circuits":null,"cables":"3","frequency":"50","location":null,"sourceProvider":"ArcGIS OSM Europe","sourceFallback":null,"sourceLicense":"ODbL 1.0","osmTimestamp":"2021-08-16T17:18:11Z"},"geometry":{"type":"LineString","coordinates":[[22.689222299718,38.4376334996952],[22.6899893998853,38.4379399998722]]}},{"type":"Feature","properties":{"assetId":"GR-line-way-250856335","countryCode":"GR","assetType":"line","powerType":"line","osmType":"way","osmId":"250856335","actualVoltagesKv":[400],"actualVoltageKv":400,"gridClass":"400","displayClass":"400 kV sınıfı","name":null,"ref":null,"operator":null,"from":null,"to":null,"displayLabel":"400 kV · OSM 250856335","labelSource":"generated-identifier","voltageRaw":"400000","circuits":null,"cables":"3","frequency":"50","location":null,"sourceProvider":"ArcGIS OSM Europe","sourceFallback":null,"sourceLicense":"ODbL 1.0","osmTimestamp":"2021-08-16T17:18:11Z"},"geometry":{"type":"LineString","coordinates":[[22.6864282,38.4375833],[22.687098,38.4378967]]}},{"type":"Feature","properties":{"assetId":"GR-line-way-250856338","countryCode":"GR","assetType":"line","powerType":"line","osmType":"way","osmId":"250856338","actualVoltagesKv":[400],"actualVoltageKv":400,"gridClass":"400","displayClass":"400 kV sınıfı","name":"Ζυγοί 400kV","ref":null,"operator":null,"from":null,"to":null,"displayLabel":"Ζυγοί 400kV","labelSource":"osm-name","voltageRaw":"400000","circuits":null,"cables":"9","frequency":"50","location":null,"sourceProvider":"ArcGIS OSM Europe","sourceFallback":null,"sourceLicense":"ODbL 1.0","osmTimestamp":"2024-02-27T20:44:00Z"},"geometry":{"type":"LineString","coordinates":[[22.6883555,38.4371555],[22.6882631,38.4374086],[22.6882457,38.4374563],[22.688195,38.4375949],[22.6881789,38.4376391],[22.6881173,38.4378076],[22.6880996,38.4378561],[22.6880375,38.4380261],[22.6880084,38.4381058],[22.6879585,38.4382424],[22.6879255,38.4383327],[22.6878784,38.4384615],[22.6878504,38.4385337],[22.6878144,38.4386265]]}},{"type":"Feature","properties":{"assetId":"GR-line-way-251579382","countryCode":"GR","assetType":"line","powerType":"line","osmType":"way","osmId":"251579382","actualVoltagesKv":[400],"actualVoltageKv":400,"gridClass":"400","displayClass":"400 kV sınıfı","name":null,"ref":null,"operator":null,"from":null,"to":null,"displayLabel":"400 kV · OSM 251579382","labelSource":"generated-identifier","voltageRaw":"400000","circuits":null,"cables":"3","frequency":null,"location":null,"sourceProvider":"ArcGIS OSM Europe","sourceFallback":null,"sourceLicense":"ODbL 1.0","osmTimestamp":"2013-12-13T05:23:47Z"},"geometry":{"type":"LineString","coordinates":[[23.3258977003594,38.2790673003092],[23.3263263997692,38.279193499912]]}},{"type":"Feature","properties":{"assetId":"GR-line-way-251579383","countryCode":"GR","assetType":"line","powerType":"line","osmType":"way","osmId":"251579383","actualVoltagesKv":[400],"actualVoltageKv":400,"gridClass":"400","displayClass":"400 kV sınıfı","name":null,"ref":null,"operator":null,"from":null,"to":null,"displayLabel":"400 kV · OSM 251579383","labelSource":"generated-identifier","voltageRaw":"400000","circuits":null,"cables":"3","frequency":null,"location":null,"sourceProvider":"ArcGIS OSM Europe","sourceFallback":null,"sourceLicense":"ODbL 1.0","osmTimestamp":"2013-12-13T05:21:26Z"},"geometry":{"type":"LineString","coordinates":[[23.327155700185,38.2789564000966],[23.3263238000448,38.2789721996762]]}},{"type":"Feature","properties":{"assetId":"GR-line-way-251579385","countryCode":"GR","assetType":"line","powerType":"line","osmType":"way","osmId":"251579385","actualVoltagesKv":[400],"actualVoltageKv":400,"gridClass":"400","displayClass":"400 kV sınıfı","name":null,"ref":null,"operator":null,"from":null,"to":null,"displayLabel":"400 kV · OSM 251579385","labelSource":"generated-identifier","voltageRaw":"400000","circuits":null,"cables":"3","frequency":null,"location":null,"sourceProvider":"ArcGIS OSM Europe","sourceFallback":null,"sourceLicense":"ODbL 1.0","osmTimestamp":"2013-12-13T05:21:26Z"},"geometry":{"type":"LineString","coordinates":[[23.3286991001662,38.2790411000478],[23.3279156003552,38.2792094002805]]}},{"type":"Feature","properties":{"assetId":"GR-line-way-251579388","countryCode":"GR","assetType":"line","powerType":"line","osmType":"way","osmId":"251579388","actualVoltagesKv":[400],"actualVoltageKv":400,"gridClass":"400","displayClass":"400 kV sınıfı","name":null,"ref":null,"operator":null,"from":null,"to":null,"displayLabel":"400 kV · OSM 251579388","labelSource":"generated-identifier","voltageRaw":"400000","circuits":null,"cables":"3","frequency":null,"location":null,"sourceProvider":"ArcGIS OSM Europe","sourceFallback":null,"sourceLicense":"ODbL 1.0","osmTimestamp":"2013-12-13T05:21:26Z"},"geometry":{"type":"LineString","coordinates":[[23.3263238000448,38.2789721996762],[23.3258977003594,38.2790673003092]]}},{"type":"Feature","properties":{"assetId":"GR-line-way-251579391","countryCode":"GR","assetType":"line","powerType":"line","osmType":"way","osmId":"251579391","actualVoltagesKv":[400],"actualVoltageKv":400,"gridClass":"400","displayClass":"400 kV sınıfı","name":null,"ref":null,"operator":null,"from":null,"to":null,"displayLabel":"400 kV · OSM 251579391","labelSource":"generated-identifier","voltageRaw":"400000","circuits":null,"cables":"3","frequency":null,"location":null,"sourceProvider":"ArcGIS OSM Europe","sourceFallback":null,"sourceLicense":"ODbL 1.0","osmTimestamp":"2013-12-13T05:21:26Z"},"geometry":{"type":"LineString","coordinates":[[23.3279156003552,38.2792094002805],[23.3271625004317,38.2792204997907]]}},{"type":"Feature","properties":{"assetId":"GR-line-way-251579393","countryCode":"GR","assetType":"line","powerType":"line","osmType":"way","osmId":"251579393","actualVoltagesKv":[400],"actualVoltageKv":400,"gridClass":"400","displayClass":"400 kV sınıfı","name":null,"ref":null,"operator":null,"from":null,"to":null,"displayLabel":"400 kV · OSM 251579393","labelSource":"generated-identifier","voltageRaw":"400000","circuits":null,"cables":"3","frequency":null,"location":null,"sourceProvider":"ArcGIS OSM Europe","sourceFallback":null,"sourceLicense":"ODbL 1.0","osmTimestamp":"2013-12-13T05:21:26Z"},"geometry":{"type":"LineString","coordinates":[[23.3263263997692,38.279193499912],[23.3271617000328,38.2791884000591]]}},{"type":"Feature","properties":{"assetId":"GR-line-way-251734324","countryCode":"GR","assetType":"line","powerType":"line","osmType":"way","osmId":"251734324","actualVoltagesKv":[400],"actualVoltageKv":400,"gridClass":"400","displayClass":"400 kV sınıfı","name":"Φάση A","ref":null,"operator":null,"from":null,"to":null,"displayLabel":"Φάση A","labelSource":"osm-name","voltageRaw":"400000","circuits":null,"cables":"3","frequency":null,"location":null,"sourceProvider":"ArcGIS OSM Europe","sourceFallback":null,"sourceLicense":"ODbL 1.0","osmTimestamp":"2013-12-14T10:01:03Z"},"geometry":{"type":"LineString","coordinates":[[23.6234447001163,38.0339325998447],[23.6234936996218,38.0337950999539],[23.6235537996092,38.0336264998338],[23.6235703995773,38.0335802000934],[23.6236350001244,38.0333989002002],[23.6236475001815,38.0333638002829],[23.6237185003267,38.0331648999626],[23.623729100447,38.0331349998076],[23.6237430997924,38.0330958001468]]}},{"type":"Feature","properties":{"assetId":"GR-line-way-251734325","countryCode":"GR","assetType":"line","powerType":"line","osmType":"way","osmId":"251734325","actualVoltagesKv":[400],"actualVoltageKv":400,"gridClass":"400","displayClass":"400 kV sınıfı","name":"Φάση B","ref":null,"operator":null,"from":null,"to":null,"displayLabel":"Φάση B","labelSource":"osm-name","voltageRaw":"400000","circuits":null,"cables":"3","frequency":null,"location":null,"sourceProvider":"ArcGIS OSM Europe","sourceFallback":null,"sourceLicense":"ODbL 1.0","osmTimestamp":"2013-12-14T10:01:03Z"},"geometry":{"type":"LineString","coordinates":[[23.6238093002389,38.0340671001596],[23.6238563000946,38.0339330003205],[23.6239154999701,38.0337642002795],[23.6239335004118,38.033713099855],[23.6239955003361,38.0335361998881],[23.6240075997447,38.0335017998122],[23.6240776997779,38.0333019000835],[23.6240882001852,38.0332720997506],[23.6240994003802,38.0332401003055]]}},{"type":"Feature","properties":{"assetId":"GR-line-way-251734326","countryCode":"GR","assetType":"line","powerType":"line","osmType":"way","osmId":"251734326","actualVoltagesKv":[400],"actualVoltageKv":400,"gridClass":"400","displayClass":"400 kV sınıfı","name":"Φάση C","ref":null,"operator":null,"from":null,"to":null,"displayLabel":"Φάση C","labelSource":"osm-name","voltageRaw":"400000","circuits":null,"cables":"3","frequency":null,"location":null,"sourceProvider":"ArcGIS OSM Europe","sourceFallback":null,"sourceLicense":"ODbL 1.0","osmTimestamp":"2013-12-14T10:01:03Z"},"geometry":{"type":"LineString","coordinates":[[23.6241793998478,38.0342137000707],[23.6242274004267,38.034072500205],[23.6242845000411,38.0339045000223],[23.6243019004081,38.0338532001652],[23.6243621998216,38.0336759000594],[23.6243765001026,38.0336339001762],[23.6244419998632,38.0334410997498],[23.6244525002706,38.033410199926],[23.6244632001039,38.0333784998391]]}},{"type":"Feature","properties":{"assetId":"GR-line-way-251734331","countryCode":"GR","assetType":"line","powerType":"line","osmType":"way","osmId":"251734331","actualVoltagesKv":[400],"actualVoltageKv":400,"gridClass":"400","displayClass":"400 kV sınıfı","name":null,"ref":null,"operator":null,"from":null,"to":null,"displayLabel":"400 kV · OSM 251734331","labelSource":"generated-identifier","voltageRaw":"400000","circuits":null,"cables":"3","frequency":null,"location":null,"sourceProvider":"ArcGIS OSM Europe","sourceFallback":null,"sourceLicense":"ODbL 1.0","osmTimestamp":"2013-12-14T09:56:20Z"},"geometry":{"type":"LineString","coordinates":[[23.6256031999287,38.0342170998566],[23.6248542996292,38.0339075998194]]}},{"type":"Feature","properties":{"assetId":"GR-line-way-251734332","countryCode":"GR","assetType":"line","powerType":"line","osmType":"way","osmId":"251734332","actualVoltagesKv":[400],"actualVoltageKv":400,"gridClass":"400","displayClass":"400 kV sınıfı","name":null,"ref":null,"operator":null,"from":null,"to":null,"displayLabel":"400 kV · OSM 251734332","labelSource":"generated-identifier","voltageRaw":"400000","circuits":null,"cables":"3","frequency":null,"location":null,"sourceProvider":"ArcGIS OSM Europe","sourceFallback":null,"sourceLicense":"ODbL 1.0","osmTimestamp":"2013-12-14T09:56:20Z"},"geometry":{"type":"LineString","coordinates":[[23.6226947999918,38.0335025002952],[23.6227026000634,38.0334769001132]]}},{"type":"Feature","properties":{"assetId":"GR-line-way-251734333","countryCode":"GR","assetType":"line","powerType":"line","osmType":"way","osmId":"251734333","actualVoltagesKv":[400],"actualVoltageKv":400,"gridClass":"400","displayClass":"400 kV sınıfı","name":null,"ref":null,"operator":null,"from":null,"to":null,"displayLabel":"400 kV · OSM 251734333","labelSource":"generated-identifier","voltageRaw":"400000","circuits":null,"cables":"3","frequency":null,"location":null,"sourceProvider":"ArcGIS OSM Europe","sourceFallback":null,"sourceLicense":"ODbL 1.0","osmTimestamp":"2013-12-14T09:56:20Z"},"geometry":{"type":"LineString","coordinates":[[23.6228609999975,38.0330416998963],[23.622869899607,38.0330149999999]]}},{"type":"Feature","properties":{"assetId":"GR-line-way-251734335","countryCode":"GR","assetType":"line","powerType":"line","osmType":"way","osmId":"251734335","actualVoltagesKv":[400],"actualVoltageKv":400,"gridClass":"400","displayClass":"400 kV sınıfı","name":null,"ref":null,"operator":null,"from":null,"to":null,"displayLabel":"400 kV · OSM 251734335","labelSource":"generated-identifier","voltageRaw":"400000","circuits":null,"cables":"3","frequency":null,"location":null,"sourceProvider":"ArcGIS OSM Europe","sourceFallback":null,"sourceLicense":"ODbL 1.0","osmTimestamp":"2013-12-14T09:56:20Z"},"geometry":{"type":"LineString","coordinates":[[23.6257543001528,38.033777599975],[23.6250175998731,38.0334655996901]]}},{"type":"Feature","properties":{"assetId":"GR-line-way-251734336","countryCode":"GR","assetType":"line","powerType":"line","osmType":"way","osmId":"251734336","actualVoltagesKv":[400],"actualVoltageKv":400,"gridClass":"400","displayClass":"400 kV sınıfı","name":null,"ref":null,"operator":null,"from":null,"to":null,"displayLabel":"400 kV · OSM 251734336","labelSource":"generated-identifier","voltageRaw":"400000","circuits":null,"cables":"3","frequency":null,"location":null,"sourceProvider":"ArcGIS OSM Europe","sourceFallback":null,"sourceLicense":"ODbL 1.0","osmTimestamp":"2013-12-14T09:56:20Z"},"geometry":{"type":"LineString","coordinates":[[23.6257543001528,38.033777599975],[23.6249396997683,38.0336882002279]]}},{"type":"Feature","properties":{"assetId":"GR-line-way-251734337","countryCode":"GR","assetType":"line","powerType":"line","osmType":"way","osmId":"251734337","actualVoltagesKv":[400],"actualVoltageKv":400,"gridClass":"400","displayClass":"400 kV sınıfı","name":null,"ref":null,"operator":null,"from":null,"to":null,"displayLabel":"400 kV · OSM 251734337","labelSource":"generated-identifier","voltageRaw":"400000","circuits":null,"cables":"3","frequency":null,"location":null,"sourceProvider":"ArcGIS OSM Europe","sourceFallback":null,"sourceLicense":"ODbL 1.0","osmTimestamp":"2013-12-14T09:56:20Z"},"geometry":{"type":"LineString","coordinates":[[23.6256031999287,38.0342170998566],[23.6247849002819,38.0341259996895]]}},{"type":"Feature","properties":{"assetId":"GR-line-way-251734339","countryCode":"GR","assetType":"line","powerType":"line","osmType":"way","osmId":"251734339","actualVoltagesKv":[400],"actualVoltageKv":400,"gridClass":"400","displayClass":"400 kV sınıfı","name":null,"ref":null,"operator":null,"from":null,"to":null,"displayLabel":"400 kV · OSM 251734339","labelSource":"generated-identifier","voltageRaw":"400000","circuits":null,"cables":"1","frequency":null,"location":null,"sourceProvider":"ArcGIS OSM Europe","sourceFallback":null,"sourceLicense":"ODbL 1.0","osmTimestamp":"2013-12-14T09:56:20Z"},"geometry":{"type":"LineString","coordinates":[[23.6232735000877,38.0333814998925],[23.6233629004248,38.0333427001351],[23.6236350001244,38.0333989002002]]}},{"type":"Feature","properties":{"assetId":"GR-line-way-251734342","countryCode":"GR","assetType":"line","powerType":"line","osmType":"way","osmId":"251734342","actualVoltagesKv":[400],"actualVoltageKv":400,"gridClass":"400","displayClass":"400 kV sınıfı","name":null,"ref":null,"operator":null,"from":null,"to":null,"displayLabel":"400 kV · OSM 251734342","labelSource":"generated-identifier","voltageRaw":"400000","circuits":null,"cables":"1","frequency":null,"location":null,"sourceProvider":"ArcGIS OSM Europe","sourceFallback":null,"sourceLicense":"ODbL 1.0","osmTimestamp":"2013-12-14T09:56:20Z"},"geometry":{"type":"LineString","coordinates":[[23.62335700029,38.0331475003069],[23.6234169996662,38.0331618999002],[23.6240776997779,38.0333019000835]]}},{"type":"Feature","properties":{"assetId":"GR-line-way-251734343","countryCode":"GR","assetType":"line","powerType":"line","osmType":"way","osmId":"251734343","actualVoltagesKv":[400],"actualVoltageKv":400,"gridClass":"400","displayClass":"400 kV sınıfı","name":null,"ref":null,"operator":null,"from":null,"to":null,"displayLabel":"400 kV · OSM 251734343","labelSource":"generated-identifier","voltageRaw":"400000","circuits":null,"cables":"1","frequency":null,"location":null,"sourceProvider":"ArcGIS OSM Europe","sourceFallback":null,"sourceLicense":"ODbL 1.0","osmTimestamp":"2013-12-14T09:56:21Z"},"geometry":{"type":"LineString","coordinates":[[23.6232006000058,38.0336131998762],[23.6232859004319,38.033571400196],[23.6235537996092,38.0336264998338]]}},{"type":"Feature","properties":{"assetId":"GR-line-way-251734345","countryCode":"GR","assetType":"line","powerType":"line","osmType":"way","osmId":"251734345","actualVoltagesKv":[400],"actualVoltageKv":400,"gridClass":"400","displayClass":"400 kV sınıfı","name":null,"ref":null,"operator":null,"from":null,"to":null,"displayLabel":"400 kV · OSM 251734345","labelSource":"generated-identifier","voltageRaw":"400000","circuits":null,"cables":"1","frequency":null,"location":null,"sourceProvider":"ArcGIS OSM Europe","sourceFallback":null,"sourceLicense":"ODbL 1.0","osmTimestamp":"2013-12-14T09:56:21Z"},"geometry":{"type":"LineString","coordinates":[[23.6232735000877,38.0333814998925],[23.6233154002075,38.0334549997487],[23.6243621998216,38.0336759000594]]}},{"type":"Feature","properties":{"assetId":"GR-line-way-251734347","countryCode":"GR","assetType":"line","powerType":"line","osmType":"way","osmId":"251734347","actualVoltagesKv":[400],"actualVoltageKv":400,"gridClass":"400","displayClass":"400 kV sınıfı","name":null,"ref":null,"operator":null,"from":null,"to":null,"displayLabel":"400 kV · OSM 251734347","labelSource":"generated-identifier","voltageRaw":"400000","circuits":null,"cables":"1","frequency":null,"location":null,"sourceProvider":"ArcGIS OSM Europe","sourceFallback":null,"sourceLicense":"ODbL 1.0","osmTimestamp":"2013-12-14T09:56:21Z"},"geometry":{"type":"LineString","coordinates":[[23.6247849002819,38.0341259996895],[23.6247273003059,38.0341141998344],[23.6238563000946,38.0339330003205]]}},{"type":"Feature","properties":{"assetId":"GR-line-way-251734349","countryCode":"GR","assetType":"line","powerType":"line","osmType":"way","osmId":"251734349","actualVoltagesKv":[400],"actualVoltageKv":400,"gridClass":"400","displayClass":"400 kV sınıfı","name":null,"ref":null,"operator":null,"from":null,"to":null,"displayLabel":"400 kV · OSM 251734349","labelSource":"generated-identifier","voltageRaw":"400000","circuits":null,"cables":"1","frequency":null,"location":null,"sourceProvider":"ArcGIS OSM Europe","sourceFallback":null,"sourceLicense":"ODbL 1.0","osmTimestamp":"2013-12-14T09:56:21Z"},"geometry":{"type":"LineString","coordinates":[[23.6248542996292,38.0339075998194],[23.6247808003709,38.0339532002893],[23.6243019004081,38.0338532001652]]}},{"type":"Feature","properties":{"assetId":"GR-line-way-251734350","countryCode":"GR","assetType":"line","powerType":"line","osmType":"way","osmId":"251734350","actualVoltagesKv":[400],"actualVoltageKv":400,"gridClass":"400","displayClass":"400 kV sınıfı","name":null,"ref":null,"operator":null,"from":null,"to":null,"displayLabel":"400 kV · OSM 251734350","labelSource":"generated-identifier","voltageRaw":"400000","circuits":null,"cables":"1","frequency":null,"location":null,"sourceProvider":"ArcGIS OSM Europe","sourceFallback":null,"sourceLicense":"ODbL 1.0","osmTimestamp":"2013-12-14T09:56:21Z"},"geometry":{"type":"LineString","coordinates":[[23.62335700029,38.0331475003069],[23.6233989004098,38.0332209996903],[23.6244419998632,38.0334410997498]]}},{"type":"Feature","properties":{"assetId":"GR-line-way-251734352","countryCode":"GR","assetType":"line","powerType":"line","osmType":"way","osmId":"251734352","actualVoltagesKv":[400],"actualVoltageKv":400,"gridClass":"400","displayClass":"400 kV sınıfı","name":null,"ref":null,"operator":null,"from":null,"to":null,"displayLabel":"400 kV · OSM 251734352","labelSource":"generated-identifier","voltageRaw":"400000","circuits":null,"cables":"1","frequency":null,"location":null,"sourceProvider":"ArcGIS OSM Europe","sourceFallback":null,"sourceLicense":"ODbL 1.0","osmTimestamp":"2013-12-14T09:56:21Z"},"geometry":{"type":"LineString","coordinates":[[23.6232006000058,38.0336131998762],[23.6232382996033,38.0336837001665],[23.6242845000411,38.0339045000223]]}},{"type":"Feature","properties":{"assetId":"GR-line-way-251734354","countryCode":"GR","assetType":"line","powerType":"line","osmType":"way","osmId":"251734354","actualVoltagesKv":[400],"actualVoltageKv":400,"gridClass":"400","displayClass":"400 kV sınıfı","name":null,"ref":null,"operator":null,"from":null,"to":null,"displayLabel":"400 kV · OSM 251734354","labelSource":"generated-identifier","voltageRaw":"400000","circuits":null,"cables":"1","frequency":null,"location":null,"sourceProvider":"ArcGIS OSM Europe","sourceFallback":null,"sourceLicense":"ODbL 1.0","osmTimestamp":"2013-12-14T09:56:21Z"},"geometry":{"type":"LineString","coordinates":[[23.6248542996292,38.0339075998194],[23.6248166000317,38.0338448000693],[23.6235703995773,38.0335802000934]]}},{"type":"Feature","properties":{"assetId":"GR-line-way-251734356","countryCode":"GR","assetType":"line","powerType":"line","osmType":"way","osmId":"251734356","actualVoltagesKv":[400],"actualVoltageKv":400,"gridClass":"400","displayClass":"400 kV sınıfı","name":null,"ref":null,"operator":null,"from":null,"to":null,"displayLabel":"400 kV · OSM 251734356","labelSource":"generated-identifier","voltageRaw":"400000","circuits":null,"cables":"1","frequency":null,"location":null,"sourceProvider":"ArcGIS OSM Europe","sourceFallback":null,"sourceLicense":"ODbL 1.0","osmTimestamp":"2013-12-14T09:56:21Z"},"geometry":{"type":"LineString","coordinates":[[23.6248542996292,38.0339075998194],[23.6247966996532,38.0338957999291],[23.6239335004118,38.033713099855]]}},{"type":"Feature","properties":{"assetId":"GR-line-way-251734361","countryCode":"GR","assetType":"line","powerType":"line","osmType":"way","osmId":"251734361","actualVoltagesKv":[400],"actualVoltageKv":400,"gridClass":"400","displayClass":"400 kV sınıfı","name":null,"ref":null,"operator":null,"from":null,"to":null,"displayLabel":"400 kV · OSM 251734361","labelSource":"generated-identifier","voltageRaw":"400000","circuits":null,"cables":"1","frequency":null,"location":null,"sourceProvider":"ArcGIS OSM Europe","sourceFallback":null,"sourceLicense":"ODbL 1.0","osmTimestamp":"2013-12-14T09:56:21Z"},"geometry":{"type":"LineString","coordinates":[[23.6232006000058,38.0336131998762],[23.6232565003693,38.0336246000422],[23.6239154999701,38.0337642002795]]}},{"type":"Feature","properties":{"assetId":"GR-line-way-251734364","countryCode":"GR","assetType":"line","powerType":"line","osmType":"way","osmId":"251734364","actualVoltagesKv":[400],"actualVoltageKv":400,"gridClass":"400","displayClass":"400 kV sınıfı","name":null,"ref":null,"operator":null,"from":null,"to":null,"displayLabel":"400 kV · OSM 251734364","labelSource":"generated-identifier","voltageRaw":"400000","circuits":null,"cables":"1","frequency":null,"location":null,"sourceProvider":"ArcGIS OSM Europe","sourceFallback":null,"sourceLicense":"ODbL 1.0","osmTimestamp":"2013-12-14T09:56:21Z"},"geometry":{"type":"LineString","coordinates":[[23.6247849002819,38.0341259996895],[23.6247471000731,38.0340632998916],[23.6234936996218,38.0337950999539]]}},{"type":"Feature","properties":{"assetId":"GR-line-way-251734366","countryCode":"GR","assetType":"line","powerType":"line","osmType":"way","osmId":"251734366","actualVoltagesKv":[400],"actualVoltageKv":400,"gridClass":"400","displayClass":"400 kV sınıfı","name":null,"ref":null,"operator":null,"from":null,"to":null,"displayLabel":"400 kV · OSM 251734366","labelSource":"generated-identifier","voltageRaw":"400000","circuits":null,"cables":"1","frequency":null,"location":null,"sourceProvider":"ArcGIS OSM Europe","sourceFallback":null,"sourceLicense":"ODbL 1.0","osmTimestamp":"2013-12-14T09:56:21Z"},"geometry":{"type":"LineString","coordinates":[[23.6250175998731,38.0334655996901],[23.6249581996732,38.0334530999526],[23.6240882001852,38.0332720997506]]}},{"type":"Feature","properties":{"assetId":"GR-line-way-251734367","countryCode":"GR","assetType":"line","powerType":"line","osmType":"way","osmId":"251734367","actualVoltagesKv":[400],"actualVoltageKv":400,"gridClass":"400","displayClass":"400 kV sınıfı","name":null,"ref":null,"operator":null,"from":null,"to":null,"displayLabel":"400 kV · OSM 251734367","labelSource":"generated-identifier","voltageRaw":"400000","circuits":null,"cables":"1","frequency":null,"location":null,"sourceProvider":"ArcGIS OSM Europe","sourceFallback":null,"sourceLicense":"ODbL 1.0","osmTimestamp":"2013-12-14T09:56:21Z"},"geometry":{"type":"LineString","coordinates":[[23.6249396997683,38.0336882002279],[23.6248820997923,38.0336764003022],[23.6240075997447,38.0335017998122]]}},{"type":"Feature","properties":{"assetId":"GR-line-way-251734368","countryCode":"GR","assetType":"line","powerType":"line","osmType":"way","osmId":"251734368","actualVoltagesKv":[400],"actualVoltageKv":400,"gridClass":"400","displayClass":"400 kV sınıfı","name":null,"ref":null,"operator":null,"from":null,"to":null,"displayLabel":"400 kV · OSM 251734368","labelSource":"generated-identifier","voltageRaw":"400000","circuits":null,"cables":"1","frequency":null,"location":null,"sourceProvider":"ArcGIS OSM Europe","sourceFallback":null,"sourceLicense":"ODbL 1.0","osmTimestamp":"2013-12-14T09:56:22Z"},"geometry":{"type":"LineString","coordinates":[[23.6250175998731,38.0334655996901],[23.6249780003388,38.0334020997846],[23.623729100447,38.0331349998076]]}},{"type":"Feature","properties":{"assetId":"GR-line-way-251734369","countryCode":"GR","assetType":"line","powerType":"line","osmType":"way","osmId":"251734369","actualVoltagesKv":[400],"actualVoltageKv":400,"gridClass":"400","displayClass":"400 kV sınıfı","name":null,"ref":null,"operator":null,"from":null,"to":null,"displayLabel":"400 kV · OSM 251734369","labelSource":"generated-identifier","voltageRaw":"400000","circuits":null,"cables":"1","frequency":null,"location":null,"sourceProvider":"ArcGIS OSM Europe","sourceFallback":null,"sourceLicense":"ODbL 1.0","osmTimestamp":"2013-12-14T09:56:22Z"},"geometry":{"type":"LineString","coordinates":[[23.6249396997683,38.0336882002279],[23.6248661996117,38.0337338998922],[23.6243765001026,38.0336339001762]]}},{"type":"Feature","properties":{"assetId":"GR-line-way-251734370","countryCode":"GR","assetType":"line","powerType":"line","osmType":"way","osmId":"251734370","actualVoltagesKv":[400],"actualVoltageKv":400,"gridClass":"400","displayClass":"400 kV sınıfı","name":null,"ref":null,"operator":null,"from":null,"to":null,"displayLabel":"400 kV · OSM 251734370","labelSource":"generated-identifier","voltageRaw":"400000","circuits":null,"cables":"1","frequency":null,"location":null,"sourceProvider":"ArcGIS OSM Europe","sourceFallback":null,"sourceLicense":"ODbL 1.0","osmTimestamp":"2013-12-14T09:56:22Z"},"geometry":{"type":"LineString","coordinates":[[23.6247849002819,38.0341259996895],[23.6247113004124,38.0341716997883],[23.6242274004267,38.034072500205]]}},{"type":"Feature","properties":{"assetId":"GR-line-way-251734371","countryCode":"GR","assetType":"line","powerType":"line","osmType":"way","osmId":"251734371","actualVoltagesKv":[400],"actualVoltageKv":400,"gridClass":"400","displayClass":"400 kV sınıfı","name":null,"ref":null,"operator":null,"from":null,"to":null,"displayLabel":"400 kV · OSM 251734371","labelSource":"generated-identifier","voltageRaw":"400000","circuits":null,"cables":"1","frequency":null,"location":null,"sourceProvider":"ArcGIS OSM Europe","sourceFallback":null,"sourceLicense":"ODbL 1.0","osmTimestamp":"2013-12-14T09:56:22Z"},"geometry":{"type":"LineString","coordinates":[[23.62335700029,38.0331475003069],[23.6234463997288,38.033108699718],[23.6237185003267,38.0331648999626]]}},{"type":"Feature","properties":{"assetId":"GR-line-way-251734374","countryCode":"GR","assetType":"line","powerType":"line","osmType":"way","osmId":"251734374","actualVoltagesKv":[400],"actualVoltageKv":400,"gridClass":"400","displayClass":"400 kV sınıfı","name":null,"ref":null,"operator":null,"from":null,"to":null,"displayLabel":"400 kV · OSM 251734374","labelSource":"generated-identifier","voltageRaw":"400000","circuits":null,"cables":"1","frequency":null,"location":null,"sourceProvider":"ArcGIS OSM Europe","sourceFallback":null,"sourceLicense":"ODbL 1.0","osmTimestamp":"2013-12-14T09:56:22Z"},"geometry":{"type":"LineString","coordinates":[[23.6250175998731,38.0334655996901],[23.6249421997797,38.0335104999522],[23.6244525002706,38.033410199926]]}},{"type":"Feature","properties":{"assetId":"GR-line-way-251734375","countryCode":"GR","assetType":"line","powerType":"line","osmType":"way","osmId":"251734375","actualVoltagesKv":[400],"actualVoltageKv":400,"gridClass":"400","displayClass":"400 kV sınıfı","name":null,"ref":null,"operator":null,"from":null,"to":null,"displayLabel":"400 kV · OSM 251734375","labelSource":"generated-identifier","voltageRaw":"400000","circuits":null,"cables":"1","frequency":null,"location":null,"sourceProvider":"ArcGIS OSM Europe","sourceFallback":null,"sourceLicense":"ODbL 1.0","osmTimestamp":"2013-12-14T09:56:22Z"},"geometry":{"type":"LineString","coordinates":[[23.6232735000877,38.0333814998925],[23.6233335003622,38.0333959001474],[23.6239955003361,38.0335361998881]]}},{"type":"Feature","properties":{"assetId":"GR-line-way-251734376","countryCode":"GR","assetType":"line","powerType":"line","osmType":"way","osmId":"251734376","actualVoltagesKv":[400],"actualVoltageKv":400,"gridClass":"400","displayClass":"400 kV sınıfı","name":null,"ref":null,"operator":null,"from":null,"to":null,"displayLabel":"400 kV · OSM 251734376","labelSource":"generated-identifier","voltageRaw":"400000","circuits":null,"cables":"1","frequency":null,"location":null,"sourceProvider":"ArcGIS OSM Europe","sourceFallback":null,"sourceLicense":"ODbL 1.0","osmTimestamp":"2013-12-14T09:56:22Z"},"geometry":{"type":"LineString","coordinates":[[23.6249396997683,38.0336882002279],[23.6249018995595,38.0336255000552],[23.6236475001815,38.0333638002829]]}},{"type":"Feature","properties":{"assetId":"GR-line-way-251734377","countryCode":"GR","assetType":"line","powerType":"line","osmType":"way","osmId":"251734377","actualVoltagesKv":[400],"actualVoltageKv":400,"gridClass":"400","displayClass":"400 kV sınıfı","name":null,"ref":null,"operator":null,"from":null,"to":null,"displayLabel":"400 kV · OSM 251734377","labelSource":"generated-identifier","voltageRaw":"400000","circuits":null,"cables":"3","frequency":null,"location":null,"sourceProvider":"ArcGIS OSM Europe","sourceFallback":null,"sourceLicense":"ODbL 1.0","osmTimestamp":"2013-12-21T15:19:11Z"},"geometry":{"type":"LineString","coordinates":[[23.6223611001183,38.0334295000236],[23.6226947999918,38.0335025002952],[23.6232006000058,38.0336131998762]]}},{"type":"Feature","properties":{"assetId":"GR-line-way-251734378","countryCode":"GR","assetType":"line","powerType":"line","osmType":"way","osmId":"251734378","actualVoltagesKv":[400],"actualVoltageKv":400,"gridClass":"400","displayClass":"400 kV sınıfı","name":"ΚΥΤ ΚΟΥΜΟΥΝΔΟΥΡΟΥ - ΚΥΤ ΑΧΑΡΝΩΝ","ref":null,"operator":null,"from":null,"to":null,"displayLabel":"ΚΥΤ ΚΟΥΜΟΥΝΔΟΥΡΟΥ - ΚΥΤ ΑΧΑΡΝΩΝ","labelSource":"osm-name","voltageRaw":"400000","circuits":null,"cables":"6","frequency":null,"location":null,"sourceProvider":"ArcGIS OSM Europe","sourceFallback":null,"sourceLicense":"ODbL 1.0","osmTimestamp":"2021-11-09T08:58:42Z"},"geometry":{"type":"LineString","coordinates":[[23.7340495996919,38.1011906999589],[23.7334047997607,38.1011824001958],[23.7326262002596,38.1011969998892],[23.7288816996602,38.1005166000366],[23.7259485996462,38.0986805996557],[23.7232965995527,38.0970325002281],[23.720107500344,38.095050599791],[23.7181914001311,38.0938494997065],[23.7163431002644,38.0926909998675],[23.7135900998885,38.0923332002137],[23.7088449003171,38.091716500201],[23.7045891002176,38.0911694996785],[23.7017787001899,38.0907939000958],[23.6980634999402,38.0903135000604],[23.6948533002038,38.0898916001404],[23.6917515998857,38.0894965001113],[23.6887174995894,38.0890984998669],[23.6856180001438,38.0878562000207],[23.6824202995662,38.0865782001376],[23.6818154001051,38.0863394997446],[23.6771639002077,38.0845035002763],[23.6731522999316,38.0829241997703],[23.6710799997589,38.0820916998733],[23.6676050997459,38.080695600179],[23.6655451999174,38.0808478999937],[23.6610768000311,38.0811747998335],[23.6578438001545,38.0814154997843],[23.6543375004291,38.0816765002924],[23.651925600248,38.0800500997457],[23.6492357999456,38.0782138002101],[23.6462416998323,38.0761859002554],[23.6433977998311,38.0742441001354],[23.6406471997536,38.0723587000795],[23.6379068000462,38.0705086001654],[23.6356106001788,38.0689298000999],[23.6336528998835,38.0676206003005],[23.6331277995656,38.0647485998525],[23.6326406000679,38.0619869000425],[23.6317671995582,38.0570355998517],[23.6307291998406,38.0512008998523],[23.6302897996992,38.0488052996364],[23.6294855002961,38.0442696998476],[23.6291563997968,38.042344199668],[23.6287188995922,38.0398946000354],[23.6281750999433,38.0366858999669],[23.626914300069,38.0349605001267],[23.6257543001528,38.033777599975]]}},{"type":"Feature","properties":{"assetId":"GR-line-way-251734380","countryCode":"GR","assetType":"line","powerType":"line","osmType":"way","osmId":"251734380","actualVoltagesKv":[400],"actualVoltageKv":400,"gridClass":"400","displayClass":"400 kV sınıfı","name":null,"ref":null,"operator":null,"from":null,"to":null,"displayLabel":"400 kV · OSM 251734380","labelSource":"generated-identifier","voltageRaw":"400000","circuits":null,"cables":"3","frequency":null,"location":null,"sourceProvider":"ArcGIS OSM Europe","sourceFallback":null,"sourceLicense":"ODbL 1.0","osmTimestamp":"2013-12-14T10:12:49Z"},"geometry":{"type":"LineString","coordinates":[[23.6227795003433,38.0332722999902],[23.6227868000533,38.033245600178]]}},{"type":"Feature","properties":{"assetId":"GR-line-way-251735412","countryCode":"GR","assetType":"line","powerType":"line","osmType":"way","osmId":"251735412","actualVoltagesKv":[400],"actualVoltageKv":400,"gridClass":"400","displayClass":"400 kV sınıfı","name":null,"ref":null,"operator":null,"from":null,"to":null,"displayLabel":"400 kV · OSM 251735412","labelSource":"generated-identifier","voltageRaw":"400000","circuits":null,"cables":"3","frequency":null,"location":null,"sourceProvider":"ArcGIS OSM Europe","sourceFallback":null,"sourceLicense":"ODbL 1.0","osmTimestamp":"2013-12-14T10:12:49Z"},"geometry":{"type":"LineString","coordinates":[[23.6224571003777,38.0332009997595],[23.6227795003433,38.0332722999902],[23.6232735000877,38.0333814998925]]}},{"type":"Feature","properties":{"assetId":"GR-line-way-251735413","countryCode":"GR","assetType":"line","powerType":"line","osmType":"way","osmId":"251735413","actualVoltagesKv":[400],"actualVoltageKv":400,"gridClass":"400","displayClass":"400 kV sınıfı","name":null,"ref":null,"operator":null,"from":null,"to":null,"displayLabel":"400 kV · OSM 251735413","labelSource":"generated-identifier","voltageRaw":"400000","circuits":null,"cables":"3","frequency":null,"location":null,"sourceProvider":"ArcGIS OSM Europe","sourceFallback":null,"sourceLicense":"ODbL 1.0","osmTimestamp":"2013-12-14T10:12:49Z"},"geometry":{"type":"LineString","coordinates":[[23.6225364000578,38.0329725001978],[23.6228609999975,38.0330416998963],[23.62335700029,38.0331475003069]]}},{"type":"Feature","properties":{"assetId":"GR-line-way-251781384","countryCode":"GR","assetType":"line","powerType":"line","osmType":"way","osmId":"251781384","actualVoltagesKv":[400],"actualVoltageKv":400,"gridClass":"400","displayClass":"400 kV sınıfı","name":null,"ref":null,"operator":null,"from":null,"to":null,"displayLabel":"400 kV · OSM 251781384","labelSource":"generated-identifier","voltageRaw":"400000","circuits":null,"cables":"3","frequency":null,"location":null,"sourceProvider":"ArcGIS OSM Europe","sourceFallback":null,"sourceLicense":"ODbL 1.0","osmTimestamp":"2013-12-14T15:12:14Z"},"geometry":{"type":"LineString","coordinates":[[21.4196544999295,38.7208408001095],[21.4196012999017,38.7208292000387]]}},{"type":"Feature","properties":{"assetId":"GR-line-way-251781385","countryCode":"GR","assetType":"line","powerType":"line","osmType":"way","osmId":"251781385","actualVoltagesKv":[400],"actualVoltageKv":400,"gridClass":"400","displayClass":"400 kV sınıfı","name":null,"ref":null,"operator":null,"from":null,"to":null,"displayLabel":"400 kV · OSM 251781385","labelSource":"generated-identifier","voltageRaw":"400000","circuits":null,"cables":"3","frequency":"50","location":null,"sourceProvider":"ArcGIS OSM Europe","sourceFallback":null,"sourceLicense":"ODbL 1.0","osmTimestamp":"2021-08-12T19:06:36Z"},"geometry":{"type":"LineString","coordinates":[[21.4218201,38.7192672],[21.4212978,38.7193777]]}},{"type":"Feature","properties":{"assetId":"GR-line-way-251781387","countryCode":"GR","assetType":"line","powerType":"line","osmType":"way","osmId":"251781387","actualVoltagesKv":[400],"actualVoltageKv":400,"gridClass":"400","displayClass":"400 kV sınıfı","name":null,"ref":null,"operator":null,"from":null,"to":null,"displayLabel":"400 kV · OSM 251781387","labelSource":"generated-identifier","voltageRaw":"400000","circuits":null,"cables":"3","frequency":null,"location":null,"sourceProvider":"ArcGIS OSM Europe","sourceFallback":null,"sourceLicense":"ODbL 1.0","osmTimestamp":"2013-12-14T15:12:14Z"},"geometry":{"type":"LineString","coordinates":[[21.4194556003492,38.7206677001686],[21.4193952003244,38.7206468997483]]}},{"type":"Feature","properties":{"assetId":"GR-line-way-251781388","countryCode":"GR","assetType":"line","powerType":"line","osmType":"way","osmId":"251781388","actualVoltagesKv":[400],"actualVoltageKv":400,"gridClass":"400","displayClass":"400 kV sınıfı","name":null,"ref":null,"operator":null,"from":null,"to":null,"displayLabel":"400 kV · OSM 251781388","labelSource":"generated-identifier","voltageRaw":"400000","circuits":null,"cables":"3","frequency":"50","location":null,"sourceProvider":"ArcGIS OSM Europe","sourceFallback":null,"sourceLicense":"ODbL 1.0","osmTimestamp":"2021-08-12T19:06:36Z"},"geometry":{"type":"LineString","coordinates":[[21.419930500114,38.7202494001554],[21.4198316998058,38.7204102000983]]}},{"type":"Feature","properties":{"assetId":"GR-line-way-251781390","countryCode":"GR","assetType":"line","powerType":"line","osmType":"way","osmId":"251781390","actualVoltagesKv":[400],"actualVoltageKv":400,"gridClass":"400","displayClass":"400 kV sınıfı","name":null,"ref":null,"operator":null,"from":null,"to":null,"displayLabel":"400 kV · OSM 251781390","labelSource":"generated-identifier","voltageRaw":"400000","circuits":null,"cables":"3","frequency":"50","location":null,"sourceProvider":"ArcGIS OSM Europe","sourceFallback":null,"sourceLicense":"ODbL 1.0","osmTimestamp":"2021-08-12T19:06:36Z"},"geometry":{"type":"LineString","coordinates":[[21.4214671,38.7195516],[21.4218201,38.7192672]]}},{"type":"Feature","properties":{"assetId":"GR-line-way-251781391","countryCode":"GR","assetType":"line","powerType":"line","osmType":"way","osmId":"251781391","actualVoltagesKv":[400],"actualVoltageKv":400,"gridClass":"400","displayClass":"400 kV sınıfı","name":null,"ref":null,"operator":null,"from":null,"to":null,"displayLabel":"400 kV · OSM 251781391","labelSource":"generated-identifier","voltageRaw":"400000","circuits":null,"cables":"3","frequency":null,"location":null,"sourceProvider":"ArcGIS OSM Europe","sourceFallback":null,"sourceLicense":"ODbL 1.0","osmTimestamp":"2013-12-14T15:12:14Z"},"geometry":{"type":"LineString","coordinates":[[21.4197148999542,38.7204901997364],[21.4196644999752,38.7204732000923]]}},{"type":"Feature","properties":{"assetId":"GR-line-way-251781392","countryCode":"GR","assetType":"line","powerType":"line","osmType":"way","osmId":"251781392","actualVoltagesKv":[400],"actualVoltageKv":400,"gridClass":"400","displayClass":"400 kV sınıfı","name":null,"ref":null,"operator":null,"from":null,"to":null,"displayLabel":"400 kV · OSM 251781392","labelSource":"generated-identifier","voltageRaw":"400000","circuits":null,"cables":"3","frequency":"50","location":null,"sourceProvider":"ArcGIS OSM Europe","sourceFallback":null,"sourceLicense":"ODbL 1.0","osmTimestamp":"2021-08-12T19:06:36Z"},"geometry":{"type":"LineString","coordinates":[[21.4201199997232,38.7204222999591],[21.4200174004396,38.7205819998468]]}},{"type":"Feature","properties":{"assetId":"GR-line-way-251781394","countryCode":"GR","assetType":"line","powerType":"line","osmType":"way","osmId":"251781394","actualVoltagesKv":[400],"actualVoltageKv":400,"gridClass":"400","displayClass":"400 kV sınıfı","name":null,"ref":null,"operator":null,"from":null,"to":null,"displayLabel":"400 kV · OSM 251781394","labelSource":"generated-identifier","voltageRaw":"400000","circuits":null,"cables":"3","frequency":null,"location":null,"sourceProvider":"ArcGIS OSM Europe","sourceFallback":null,"sourceLicense":"ODbL 1.0","osmTimestamp":"2013-12-14T15:12:14Z"},"geometry":{"type":"LineString","coordinates":[[21.4199118995977,38.7206572004357],[21.4198601997565,38.7206390997643]]}},{"type":"Feature","properties":{"assetId":"GR-line-way-251781395","countryCode":"GR","assetType":"line","powerType":"line","osmType":"way","osmId":"251781395","actualVoltagesKv":[400],"actualVoltageKv":400,"gridClass":"400","displayClass":"400 kV sınıfı","name":null,"ref":null,"operator":null,"from":null,"to":null,"displayLabel":"400 kV · OSM 251781395","labelSource":"generated-identifier","voltageRaw":"400000","circuits":null,"cables":"3","frequency":"50","location":null,"sourceProvider":"ArcGIS OSM Europe","sourceFallback":null,"sourceLicense":"ODbL 1.0","osmTimestamp":"2021-08-12T19:06:36Z"},"geometry":{"type":"LineString","coordinates":[[21.4195894996322,38.7203426002187],[21.4191265995629,38.7206640002763]]}},{"type":"Feature","properties":{"assetId":"GR-line-way-251781396","countryCode":"GR","assetType":"line","powerType":"line","osmType":"way","osmId":"251781396","actualVoltagesKv":[400],"actualVoltageKv":400,"gridClass":"400","displayClass":"400 kV sınıfı","name":null,"ref":null,"operator":null,"from":null,"to":null,"displayLabel":"400 kV · OSM 251781396","labelSource":"generated-identifier","voltageRaw":"400000","circuits":null,"cables":"1","frequency":"50","location":null,"sourceProvider":"ArcGIS OSM Europe","sourceFallback":null,"sourceLicense":"ODbL 1.0","osmTimestamp":"2021-08-12T19:06:36Z"},"geometry":{"type":"LineString","coordinates":[[21.4214670998485,38.7195516002701],[21.4214425003828,38.7196390000599],[21.4205333999254,38.7202939000346]]}},{"type":"Feature","properties":{"assetId":"GR-line-way-251781397","countryCode":"GR","assetType":"line","powerType":"line","osmType":"way","osmId":"251781397","actualVoltagesKv":[400],"actualVoltageKv":400,"gridClass":"400","displayClass":"400 kV sınıfı","name":null,"ref":null,"operator":null,"from":null,"to":null,"displayLabel":"400 kV · OSM 251781397","labelSource":"generated-identifier","voltageRaw":"400000","circuits":null,"cables":"1","frequency":"50","location":null,"sourceProvider":"ArcGIS OSM Europe","sourceFallback":null,"sourceLicense":"ODbL 1.0","osmTimestamp":"2021-08-12T19:06:36Z"},"geometry":{"type":"LineString","coordinates":[[21.4212977997568,38.7193777003031],[21.4212721995679,38.7194651003055],[21.4203470004022,38.7201349003782]]}},{"type":"Feature","properties":{"assetId":"GR-line-way-251781399","countryCode":"GR","assetType":"line","powerType":"line","osmType":"way","osmId":"251781399","actualVoltagesKv":[400],"actualVoltageKv":400,"gridClass":"400","displayClass":"400 kV sınıfı","name":null,"ref":null,"operator":null,"from":null,"to":null,"displayLabel":"400 kV · OSM 251781399","labelSource":"generated-identifier","voltageRaw":"400000","circuits":null,"cables":"1","frequency":"50","location":null,"sourceProvider":"ArcGIS OSM Europe","sourceFallback":null,"sourceLicense":"ODbL 1.0","osmTimestamp":"2021-08-12T19:06:36Z"},"geometry":{"type":"LineString","coordinates":[[21.4201199997232,38.7204222999591],[21.4201724999633,38.7203844002783],[21.4207024996927,38.7200076998377]]}},{"type":"Feature","properties":{"assetId":"GR-line-way-251781400","countryCode":"GR","assetType":"line","powerType":"line","osmType":"way","osmId":"251781400","actualVoltagesKv":[400],"actualVoltageKv":400,"gridClass":"400","displayClass":"400 kV sınıfı","name":"Γραμμή 400 kV ΚΥΤ Αράχθου - ΚΥΤ Αχελώου","ref":null,"operator":null,"from":null,"to":null,"displayLabel":"Γραμμή 400 kV ΚΥΤ Αράχθου - ΚΥΤ Αχελώου","labelSource":"osm-name","voltageRaw":"400000","circuits":null,"cables":"1","frequency":"50","location":null,"sourceProvider":"ArcGIS OSM Europe","sourceFallback":null,"sourceLicense":"ODbL 1.0","osmTimestamp":"2021-08-12T19:06:36Z"},"geometry":{"type":"LineString","coordinates":[[21.4211227001416,38.7192105003663],[21.421097499703,38.7192975998942],[21.4201590000812,38.7199745000164]]}},{"type":"Feature","properties":{"assetId":"GR-line-way-251781402","countryCode":"GR","assetType":"line","powerType":"line","osmType":"way","osmId":"251781402","actualVoltagesKv":[400],"actualVoltageKv":400,"gridClass":"400","displayClass":"400 kV sınıfı","name":null,"ref":null,"operator":null,"from":null,"to":null,"displayLabel":"400 kV · OSM 251781402","labelSource":"generated-identifier","voltageRaw":"400000","circuits":null,"cables":"1","frequency":"50","location":null,"sourceProvider":"ArcGIS OSM Europe","sourceFallback":null,"sourceLicense":"ODbL 1.0","osmTimestamp":"2021-08-12T19:06:36Z"},"geometry":{"type":"LineString","coordinates":[[21.419930500114,38.7202494001554],[21.4199830003542,38.7202115003829],[21.4205033997881,38.7198400997717]]}},{"type":"Feature","properties":{"assetId":"GR-line-way-251781403","countryCode":"GR","assetType":"line","powerType":"line","osmType":"way","osmId":"251781403","actualVoltagesKv":[400],"actualVoltageKv":400,"gridClass":"400","displayClass":"400 kV sınıfı","name":null,"ref":null,"operator":null,"from":null,"to":null,"displayLabel":"400 kV · OSM 251781403","labelSource":"generated-identifier","voltageRaw":"400000","circuits":null,"cables":"1","frequency":"50","location":null,"sourceProvider":"ArcGIS OSM Europe","sourceFallback":null,"sourceLicense":"ODbL 1.0","osmTimestamp":"2021-08-12T19:06:36Z"},"geometry":{"type":"LineString","coordinates":[[21.4212977997568,38.7193777003031],[21.4212256003608,38.719427099891],[21.420577100269,38.7199022003417]]}},{"type":"Feature","properties":{"assetId":"GR-line-way-251781405","countryCode":"GR","assetType":"line","powerType":"line","osmType":"way","osmId":"251781405","actualVoltagesKv":[400],"actualVoltageKv":400,"gridClass":"400","displayClass":"400 kV sınıfı","name":null,"ref":null,"operator":null,"from":null,"to":null,"displayLabel":"400 kV · OSM 251781405","labelSource":"generated-identifier","voltageRaw":"400000","circuits":null,"cables":"1","frequency":"50","location":null,"sourceProvider":"ArcGIS OSM Europe","sourceFallback":null,"sourceLicense":"ODbL 1.0","osmTimestamp":"2021-08-12T19:06:36Z"},"geometry":{"type":"LineString","coordinates":[[21.4201199997232,38.7204222999591],[21.4201239002082,38.7203450000082],[21.4209662998574,38.7197440997425]]}},{"type":"Feature","properties":{"assetId":"GR-line-way-251781407","countryCode":"GR","assetType":"line","powerType":"line","osmType":"way","osmId":"251781407","actualVoltagesKv":[400],"actualVoltageKv":400,"gridClass":"400","displayClass":"400 kV sınıfı","name":"Γραμμή 400 kV ΚΥΤ Αράχθου - ΚΥΤ Αχελώου","ref":null,"operator":null,"from":null,"to":null,"displayLabel":"Γραμμή 400 kV ΚΥΤ Αράχθου - ΚΥΤ Αχελώου","labelSource":"osm-name","voltageRaw":"400000","circuits":null,"cables":"1","frequency":"50","location":null,"sourceProvider":"ArcGIS OSM Europe","sourceFallback":null,"sourceLicense":"ODbL 1.0","osmTimestamp":"2021-08-12T19:06:36Z"},"geometry":{"type":"LineString","coordinates":[[21.4211227001416,38.7192105003663],[21.421010000201,38.7192218000205],[21.4206632001957,38.7194803003255]]}},{"type":"Feature","properties":{"assetId":"GR-line-way-251781409","countryCode":"GR","assetType":"line","powerType":"line","osmType":"way","osmId":"251781409","actualVoltagesKv":[400],"actualVoltageKv":400,"gridClass":"400","displayClass":"400 kV sınıfı","name":null,"ref":null,"operator":null,"from":null,"to":null,"displayLabel":"400 kV · OSM 251781409","labelSource":"generated-identifier","voltageRaw":"400000","circuits":null,"cables":"1","frequency":"50","location":null,"sourceProvider":"ArcGIS OSM Europe","sourceFallback":null,"sourceLicense":"ODbL 1.0","osmTimestamp":"2021-08-12T19:06:36Z"},"geometry":{"type":"LineString","coordinates":[[21.4214670998485,38.7195516002701],[21.4213959002774,38.7196010999637],[21.4207649002657,38.7200602003659]]}},{"type":"Feature","properties":{"assetId":"GR-line-way-251781410","countryCode":"GR","assetType":"line","powerType":"line","osmType":"way","osmId":"251781410","actualVoltagesKv":[400],"actualVoltageKv":400,"gridClass":"400","displayClass":"400 kV sınıfı","name":null,"ref":null,"operator":null,"from":null,"to":null,"displayLabel":"400 kV · OSM 251781410","labelSource":"generated-identifier","voltageRaw":"400000","circuits":null,"cables":"1","frequency":"50","location":null,"sourceProvider":"ArcGIS OSM Europe","sourceFallback":null,"sourceLicense":"ODbL 1.0","osmTimestamp":"2021-08-12T19:06:36Z"},"geometry":{"type":"LineString","coordinates":[[21.419930500114,38.7202494001554],[21.4199343997007,38.7201721000174],[21.420772500013,38.7195754000775]]}},{"type":"Feature","properties":{"assetId":"GR-line-way-251781412","countryCode":"GR","assetType":"line","powerType":"line","osmType":"way","osmId":"251781412","actualVoltagesKv":[400],"actualVoltageKv":400,"gridClass":"400","displayClass":"400 kV sınıfı","name":null,"ref":null,"operator":null,"from":null,"to":null,"displayLabel":"400 kV · OSM 251781412","labelSource":"generated-identifier","voltageRaw":"400000","circuits":null,"cables":"1","frequency":"50","location":null,"sourceProvider":"ArcGIS OSM Europe","sourceFallback":null,"sourceLicense":"ODbL 1.0","osmTimestamp":"2021-08-12T19:06:36Z"},"geometry":{"type":"LineString","coordinates":[[21.4212977997568,38.7193777003031],[21.4211847000659,38.7193892003833],[21.4208473000317,38.7196406001689]]}},{"type":"Feature","properties":{"assetId":"GR-line-way-251781413","countryCode":"GR","assetType":"line","powerType":"line","osmType":"way","osmId":"251781413","actualVoltagesKv":[400],"actualVoltageKv":400,"gridClass":"400","displayClass":"400 kV sınıfı","name":null,"ref":null,"operator":null,"from":null,"to":null,"displayLabel":"400 kV · OSM 251781413","labelSource":"generated-identifier","voltageRaw":"400000","circuits":null,"cables":"1","frequency":"50","location":null,"sourceProvider":"ArcGIS OSM Europe","sourceFallback":null,"sourceLicense":"ODbL 1.0","osmTimestamp":"2021-08-12T19:06:36Z"},"geometry":{"type":"LineString","coordinates":[[21.4201199997232,38.7204222999591],[21.4202229996554,38.7204237998258],[21.4204798001473,38.7202482002591]]}},{"type":"Feature","properties":{"assetId":"GR-line-way-251781415","countryCode":"GR","assetType":"line","powerType":"line","osmType":"way","osmId":"251781415","actualVoltagesKv":[400],"actualVoltageKv":400,"gridClass":"400","displayClass":"400 kV sınıfı","name":null,"ref":null,"operator":null,"from":null,"to":null,"displayLabel":"400 kV · OSM 251781415","labelSource":"generated-identifier","voltageRaw":"400000","circuits":null,"cables":"1","frequency":"50","location":null,"sourceProvider":"ArcGIS OSM Europe","sourceFallback":null,"sourceLicense":"ODbL 1.0","osmTimestamp":"2021-08-12T19:06:36Z"},"geometry":{"type":"LineString","coordinates":[[21.419930500114,38.7202494001554],[21.4200335000462,38.7202510002507],[21.4202858996915,38.7200828001049]]}},{"type":"Feature","properties":{"assetId":"GR-line-way-251781416","countryCode":"GR","assetType":"line","powerType":"line","osmType":"way","osmId":"251781416","actualVoltagesKv":[400],"actualVoltageKv":400,"gridClass":"400","displayClass":"400 kV sınıfı","name":"Γραμμή 400 kV ΚΥΤ Αράχθου - ΚΥΤ Αχελώου","ref":null,"operator":null,"from":null,"to":null,"displayLabel":"Γραμμή 400 kV ΚΥΤ Αράχθου - ΚΥΤ Αχελώου","labelSource":"osm-name","voltageRaw":"400000","circuits":null,"cables":"1","frequency":"50","location":null,"sourceProvider":"ArcGIS OSM Europe","sourceFallback":null,"sourceLicense":"ODbL 1.0","osmTimestamp":"2021-08-12T19:06:36Z"},"geometry":{"type":"LineString","coordinates":[[21.4211227001416,38.7192105003663],[21.4210507998846,38.7192597003179],[21.4203897000226,38.7197444004196]]}},{"type":"Feature","properties":{"assetId":"GR-line-way-251781417","countryCode":"GR","assetType":"line","powerType":"line","osmType":"way","osmId":"251781417","actualVoltagesKv":[400],"actualVoltageKv":400,"gridClass":"400","displayClass":"400 kV sınıfı","name":null,"ref":null,"operator":null,"from":null,"to":null,"displayLabel":"400 kV · OSM 251781417","labelSource":"generated-identifier","voltageRaw":"400000","circuits":null,"cables":"1","frequency":"50","location":null,"sourceProvider":"ArcGIS OSM Europe","sourceFallback":null,"sourceLicense":"ODbL 1.0","osmTimestamp":"2021-08-12T19:06:36Z"},"geometry":{"type":"LineString","coordinates":[[21.4214670998485,38.7195516002701],[21.4213550996955,38.7195631998474],[21.421031600192,38.7198009003536]]}},{"type":"Feature","properties":{"assetId":"GR-line-way-251781419","countryCode":"GR","assetType":"line","powerType":"line","osmType":"way","osmId":"251781419","actualVoltagesKv":[400],"actualVoltageKv":400,"gridClass":"400","displayClass":"400 kV sınıfı","name":"ΚΥΤ ΑΧΕΛΩΟΥ- ΚΥΤ ΔΙΣΤΟΜΟΥ","ref":null,"operator":"IPTO","from":null,"to":null,"displayLabel":"ΚΥΤ ΑΧΕΛΩΟΥ- ΚΥΤ ΔΙΣΤΟΜΟΥ","labelSource":"osm-name","voltageRaw":"400000","circuits":null,"cables":"3","frequency":"50","location":null,"sourceProvider":"ArcGIS OSM Europe","sourceFallback":null,"sourceLicense":"ODbL 1.0","osmTimestamp":"2024-02-27T20:59:12Z"},"geometry":{"type":"LineString","coordinates":[[21.4218201,38.7192672],[21.426314,38.7170653],[21.4299129,38.7159335],[21.4313954,38.714126],[21.433843,38.7111754],[21.4353349,38.7079348],[21.4363515,38.7057262],[21.4370273,38.7042631],[21.4379727,38.7022164],[21.4381331,38.6990139],[21.438257,38.6964909],[21.4383596,38.694566],[21.4384823,38.6920653],[21.4386708,38.6882412],[21.4394182,38.6863478],[21.4395111,38.6861124],[21.439655,38.685748],[21.4410574,38.6821761],[21.4420372,38.6796806],[21.4437093,38.6754214],[21.4446373,38.6730576],[21.4456181,38.6705591],[21.4467558,38.6676607],[21.4489522,38.6636304],[21.4505918,38.6606339],[21.4527577,38.6566757],[21.4543672,38.653734],[21.4552849,38.6520568],[21.457274,38.6497337],[21.4587258,38.6480383],[21.4613358,38.6445409],[21.4630219,38.6422944],[21.4665636,38.6375752],[21.4685547,38.6355907],[21.4704282,38.6337233],[21.4724701,38.6316882],[21.4736431,38.6299066],[21.4767683,38.62516],[21.4810255,38.6227669],[21.4834825,38.6213858],[21.4878891,38.6188842],[21.4896853,38.617077],[21.4924673,38.6163883],[21.4961439,38.6154748],[21.5017046,38.6140849],[21.5073079,38.6126816],[21.5123073,38.6115163],[21.5152628,38.6107666],[21.518707,38.6098268],[21.5213301,38.6091699],[21.5245419,38.6091368],[21.5282133,38.609099],[21.5319055,38.6090611],[21.5349111,38.6090301],[21.5389686,38.608981],[21.5436921,38.6089239],[21.547178,38.6088817],[21.5502497,38.6080386],[21.5536587,38.6071029],[21.5574483,38.6060628],[21.5620498,38.6047998],[21.5655027,38.6038521],[21.5691786,38.6028431],[21.5692353,38.6028275],[21.5722861,38.6019901],[21.5773692,38.6005949],[21.5795157,38.6000057],[21.5837392,38.5988463],[21.5880179,38.5976718],[21.5917689,38.5966422],[21.5953021,38.5956723],[21.5986288,38.594759],[21.603542,38.593427],[21.6068017,38.5925432],[21.6122511,38.59102],[21.6162647,38.5899055],[21.6195436,38.5890248],[21.6254691,38.5874819],[21.6286388,38.5846889],[21.6311311,38.5826578],[21.6312404,38.5825688],[21.6347973,38.5795407],[21.6363769,38.576971],[21.6385527,38.5734329],[21.639802,38.5714015],[21.6412424,38.5690591],[21.6429876,38.5662209],[21.6454486,38.5622188],[21.6480612,38.5579697],[21.6493719,38.5541494],[21.6508834,38.549869],[21.652047,38.5465792],[21.6531205,38.5435442],[21.6552049,38.5379756],[21.6562646,38.5353515],[21.6570626,38.5333754],[21.6583055,38.5302974],[21.6598904,38.5263985],[21.6612496,38.5230548],[21.6632261,38.518192],[21.6648697,38.5141481],[21.6665992,38.5098923],[21.6662423,38.508221],[21.6649598,38.5022162],[21.664504,38.5000816],[21.6646169,38.4969232],[21.664749,38.4932324],[21.664626,38.490712],[21.6644901,38.4879251],[21.6643963,38.4860036],[21.6641675,38.4813121],[21.666245,38.4770805],[21.6666973,38.4761218],[21.6680979,38.4731534],[21.6711297,38.4712232],[21.6730612,38.4700021],[21.674109,38.4693397],[21.6795554,38.4659029],[21.6816419,38.4646863],[21.685293,38.4622705],[21.6893968,38.4601146],[21.6933388,38.4567992],[21.6955343,38.4554035],[21.6986003,38.4534262],[21.7053354,38.4491533],[21.7090206,38.4482411],[21.7147945,38.4468118],[21.716664,38.4454745],[21.7204976,38.4422185],[21.722492,38.4405245],[21.7266783,38.4380834],[21.7315097,38.4352659],[21.735006,38.4329086],[21.7391642,38.430105],[21.7429877,38.4285826],[21.7483855,38.4264333],[21.7499002,38.4248502],[21.7523991,38.4213481],[21.7533474,38.4201448],[21.7555797,38.417312],[21.7585976,38.4156537],[21.7615212,38.4140757],[21.7651064,38.4120565],[21.7667883,38.4114459],[21.7709701,38.4099279],[21.7735472,38.4090838],[21.7753122,38.4085057],[21.7816675,38.4061207],[21.7835897,38.4055393],[21.787673,38.4043112],[21.7896643,38.4039742],[21.7956983,38.4029162],[21.7997486,38.4022473],[21.8016966,38.4019256],[21.8047542,38.4014207],[21.8121314,38.4016847],[21.8157252,38.4018132],[21.8181169,38.4018988],[21.8235547,38.4020814],[21.8294253,38.4022785],[21.8315025,38.4023482],[21.8341188,38.402436],[21.8378898,38.4025626],[21.8451169,38.4037931],[21.8492551,38.4044977],[21.8533394,38.4052024],[21.8586883,38.4061254],[21.8607625,38.4064833],[21.8671157,38.4075795],[21.8721655,38.4084509],[21.876409,38.4091672],[21.881231,38.4099811],[21.8859473,38.4107772],[21.890315,38.4115169],[21.8944226,38.4122125],[21.8992455,38.4130292],[21.9036341,38.4137724],[21.9066811,38.4142884],[21.9087539,38.4141793],[21.9165277,38.4137703],[21.9194129,38.4135833],[21.9229286,38.4133555],[21.9280239,38.4130706],[21.9301833,38.4129498],[21.9368206,38.4125456],[21.9407279,38.4123602],[21.9431822,38.4119235],[21.9482429,38.4110888],[21.9514837,38.4105543],[21.9560343,38.4098037],[21.9601428,38.4092014],[21.9643719,38.408509],[21.968424,38.4078452],[21.9736857,38.4069833],[21.9753651,38.4066845],[21.9786189,38.4061056],[21.9807171,38.4057324],[21.9861917,38.4045602],[21.991183,38.4029627],[21.9936242,38.4021813],[21.9973936,38.4009749],[22.0029099,38.3982887],[22.0067549,38.3979859],[22.0093711,38.3977798],[22.0116352,38.3976015],[22.0174092,38.3966001],[22.0217898,38.3958612],[22.0264117,38.3950326],[22.0289425,38.3951133],[22.0314628,38.3951936],[22.0341974,38.3952808],[22.0385798,38.3964396],[22.0429591,38.3956331],[22.046467,38.395696],[22.0500494,38.3958113],[22.0543519,38.3959498],[22.0615037,38.3931736],[22.0655836,38.3917444],[22.0716674,38.3894664],[22.073148,38.3889274],[22.076675,38.3873105],[22.0820767,38.3848151],[22.0851404,38.3834136],[22.0886471,38.3818095],[22.0926991,38.3799558],[22.0966347,38.3781553],[22.1005704,38.3763548],[22.1022692,38.3755681],[22.1064839,38.3736163],[22.1111776,38.3714427],[22.1132164,38.3704986],[22.1163641,38.3690408],[22.1232292,38.369252],[22.1255259,38.3693109],[22.1279744,38.3679263],[22.1319817,38.3624389],[22.1331181,38.3612495],[22.1370805,38.360645],[22.1398613,38.3601611],[22.1440558,38.3598685],[22.1502236,38.3563877],[22.1518866,38.3554337],[22.1545776,38.3539191],[22.1594052,38.3511582],[22.165704,38.3470845],[22.1707987,38.3437894],[22.1735585,38.3419781],[22.1768494,38.3398315],[22.1793551,38.338197],[22.1813698,38.3385485],[22.1877988,38.3396692],[22.1934459,38.3406536],[22.1963848,38.3411482],[22.1992843,38.343567],[22.2017276,38.3456051],[22.2042841,38.3477375],[22.2071244,38.3501067],[22.2096276,38.3521945],[22.212289,38.3544143],[22.2152762,38.3568821],[22.2181422,38.359296],[22.2205546,38.3613079],[22.2229644,38.3633175],[22.2256349,38.3655446],[22.2296836,38.3689207],[22.2316801,38.3705832],[22.2358363,38.374044],[22.2389829,38.3766639],[22.2415425,38.3787951],[22.2441364,38.3809548],[22.2472166,38.383593],[22.2492367,38.3851773],[22.2516527,38.3871957],[22.2545965,38.389655],[22.257326,38.3919353],[22.2635607,38.3948866],[22.2697389,38.3978111],[22.2739727,38.3998152],[22.2766135,38.4010652],[22.2804029,38.4028588],[22.2837449,38.4044406],[22.2877526,38.4063374],[22.2904742,38.4076255],[22.292776,38.4087149],[22.2948396,38.4115127],[22.2960475,38.4131503],[22.2999201,38.4176753],[22.3025082,38.4206532],[22.3038032,38.422342],[22.305105,38.4240395],[22.3089417,38.4290424],[22.310234,38.4307309],[22.3113011,38.4321251],[22.313952,38.4355885],[22.3168099,38.4393222],[22.3191374,38.4423628],[22.3211561,38.4449699],[22.3235988,38.4481879],[22.3261751,38.4515249],[22.3278459,38.4536891],[22.3296747,38.4560578],[22.3340883,38.4578319],[22.3403288,38.4603402],[22.3472452,38.4631201],[22.3498641,38.4641726],[22.3552867,38.466352],[22.357635,38.4672949],[22.3627423,38.4693469],[22.365243,38.4703516],[22.3699159,38.472229],[22.3752412,38.4743684],[22.3783538,38.4739221],[22.381764,38.473433],[22.3849284,38.4729886],[22.3872973,38.4737622],[22.3911149,38.4731692],[22.394217,38.4726873],[22.3972936,38.4721951],[22.4014953,38.471527],[22.4052617,38.4709377],[22.4111433,38.4700125],[22.4139591,38.4695319],[22.4171981,38.4689761],[22.4219686,38.4681597],[22.4238813,38.4670483],[22.4253662,38.4658153],[22.428262,38.4634107],[22.4322818,38.4600725],[22.4347881,38.4579743],[22.4371898,38.4565948],[22.4399429,38.4550534],[22.4426865,38.4534375],[22.4454835,38.4518307],[22.4510231,38.4486485],[22.4532454,38.4473719],[22.4571715,38.4451164],[22.4602221,38.4433638],[22.4629634,38.4417889],[22.4663112,38.4399309],[22.4707211,38.4374834],[22.4735415,38.435918],[22.4771108,38.433937],[22.4790195,38.432874],[22.4830819,38.4306116],[22.4862105,38.4288693],[22.4898762,38.4268277],[22.4916881,38.4269427],[22.4943425,38.4271112],[22.50013,38.4274785],[22.5021549,38.4276071],[22.5045062,38.4277563],[22.5104511,38.4281336],[22.5147888,38.428409],[22.5170208,38.4285506],[22.521649,38.4288444],[22.5250763,38.4273528],[22.528215,38.4259868],[22.5319213,38.4243737],[22.5350877,38.4229955],[22.5383843,38.4215607],[22.5405875,38.4206017],[22.5446525,38.4188324],[22.547907,38.4174158],[22.5508985,38.4161112],[22.5539058,38.4147992],[22.5569623,38.4134576],[22.5594696,38.4125771],[22.5618156,38.4117531],[22.565939,38.4102744],[22.5688269,38.4092388],[22.5724794,38.4079472],[22.5768057,38.4064139],[22.5803501,38.4051539],[22.5848031,38.4041811],[22.5903913,38.4029604],[22.5944044,38.4020792],[22.597005,38.4026395],[22.5998031,38.4032521],[22.604151,38.4042038],[22.607255,38.4048833],[22.6104032,38.4055725],[22.6135897,38.40627],[22.6163555,38.4073628],[22.6209947,38.4091957],[22.623046,38.4100061],[22.6262208,38.4112603],[22.6289533,38.4123399],[22.6353861,38.4148811],[22.6381597,38.4177101],[22.6407801,38.4204219],[22.6422165,38.4219083],[22.6459563,38.4258472]]}},{"type":"Feature","properties":{"assetId":"GR-line-way-251781431","countryCode":"GR","assetType":"line","powerType":"line","osmType":"way","osmId":"251781431","actualVoltagesKv":[400],"actualVoltageKv":400,"gridClass":"400","displayClass":"400 kV sınıfı","name":null,"ref":null,"operator":null,"from":null,"to":null,"displayLabel":"400 kV · OSM 251781431","labelSource":"generated-identifier","voltageRaw":"400000","circuits":null,"cables":"3","frequency":"50","location":null,"sourceProvider":"ArcGIS OSM Europe","sourceFallback":null,"sourceLicense":"ODbL 1.0","osmTimestamp":"2021-08-12T19:06:36Z"},"geometry":{"type":"LineString","coordinates":[[21.4200174004396,38.7205819998468],[21.4199118995977,38.7206572004357],[21.4196544999295,38.7208408001095],[21.4194738002168,38.7209697001713]]}},{"type":"Feature","properties":{"assetId":"GR-line-way-251781434","countryCode":"GR","assetType":"line","powerType":"line","osmType":"way","osmId":"251781434","actualVoltagesKv":[400],"actualVoltageKv":400,"gridClass":"400","displayClass":"400 kV sınıfı","name":null,"ref":null,"operator":null,"from":null,"to":null,"displayLabel":"400 kV · OSM 251781434","labelSource":"generated-identifier","voltageRaw":"400000","circuits":null,"cables":"3","frequency":"50","location":null,"sourceProvider":"ArcGIS OSM Europe","sourceFallback":null,"sourceLicense":"ODbL 1.0","osmTimestamp":"2021-08-12T19:06:36Z"},"geometry":{"type":"LineString","coordinates":[[21.4198316998058,38.7204102000983],[21.4197148999542,38.7204901997364],[21.4194556003492,38.7206677001686],[21.419273599876,38.7207923000124]]}},{"type":"Feature","properties":{"assetId":"GR-line-way-251781435","countryCode":"GR","assetType":"line","powerType":"line","osmType":"way","osmId":"251781435","actualVoltagesKv":[400],"actualVoltageKv":400,"gridClass":"400","displayClass":"400 kV sınıfı","name":null,"ref":null,"operator":null,"from":null,"to":null,"displayLabel":"400 kV · OSM 251781435","labelSource":"generated-identifier","voltageRaw":"400000","circuits":null,"cables":"3","frequency":"50","location":null,"sourceProvider":"ArcGIS OSM Europe","sourceFallback":null,"sourceLicense":"ODbL 1.0","osmTimestamp":"2021-08-12T19:06:36Z"},"geometry":{"type":"LineString","coordinates":[[21.4212204997266,38.7199653003082],[21.421031600192,38.7198009003536],[21.4209662998574,38.7197440997425],[21.4208473000317,38.7196406001689],[21.420772500013,38.7195754000775],[21.4206632001957,38.7194803003255],[21.42064590044,38.7194653000568]]}},{"type":"Feature","properties":{"assetId":"GR-line-way-251781437","countryCode":"GR","assetType":"line","powerType":"line","osmType":"way","osmId":"251781437","actualVoltagesKv":[400],"actualVoltageKv":400,"gridClass":"400","displayClass":"400 kV sınıfı","name":null,"ref":null,"operator":null,"from":null,"to":null,"displayLabel":"400 kV · OSM 251781437","labelSource":"generated-identifier","voltageRaw":"400000","circuits":null,"cables":"3","frequency":"50","location":null,"sourceProvider":"ArcGIS OSM Europe","sourceFallback":null,"sourceLicense":"ODbL 1.0","osmTimestamp":"2021-08-12T19:06:36Z"},"geometry":{"type":"LineString","coordinates":[[21.4209619996221,38.7202261002958],[21.4207649002657,38.7200602003659],[21.4207024996927,38.7200076998377],[21.420577100269,38.7199022003417],[21.4205033997881,38.7198400997717],[21.4203897000226,38.7197444004196],[21.4203715998679,38.7197291997549]]}},{"type":"Feature","properties":{"assetId":"GR-line-way-251781438","countryCode":"GR","assetType":"line","powerType":"line","osmType":"way","osmId":"251781438","actualVoltagesKv":[400],"actualVoltageKv":400,"gridClass":"400","displayClass":"400 kV sınıfı","name":null,"ref":null,"operator":null,"from":null,"to":null,"displayLabel":"400 kV · OSM 251781438","labelSource":"generated-identifier","voltageRaw":"400000","circuits":null,"cables":"3","frequency":"50","location":null,"sourceProvider":"ArcGIS OSM Europe","sourceFallback":null,"sourceLicense":"ODbL 1.0","osmTimestamp":"2021-08-12T19:06:36Z"},"geometry":{"type":"LineString","coordinates":[[21.4207152000742,38.720449000386],[21.4205333999254,38.7202939000346],[21.4204798001473,38.7202482002591],[21.4203470004022,38.7201349003782],[21.4202858996915,38.7200828001049],[21.4201590000812,38.7199745000164],[21.4201345003285,38.7199535998698]]}},{"type":"Feature","properties":{"assetId":"GR-line-way-251864613","countryCode":"GR","assetType":"line","powerType":"line","osmType":"way","osmId":"251864613","actualVoltagesKv":[400],"actualVoltageKv":400,"gridClass":"400","displayClass":"400 kV sınıfı","name":null,"ref":null,"operator":null,"from":null,"to":null,"displayLabel":"400 kV · OSM 251864613","labelSource":"generated-identifier","voltageRaw":"400000","circuits":null,"cables":null,"frequency":null,"location":null,"sourceProvider":"ArcGIS OSM Europe","sourceFallback":null,"sourceLicense":"ODbL 1.0","osmTimestamp":"2013-12-15T00:40:46Z"},"geometry":{"type":"LineString","coordinates":[[20.9663784002956,39.1833171002393],[20.9664182001543,39.1833192003095]]}},{"type":"Feature","properties":{"assetId":"GR-line-way-251864614","countryCode":"GR","assetType":"line","powerType":"line","osmType":"way","osmId":"251864614","actualVoltagesKv":[400],"actualVoltageKv":400,"gridClass":"400","displayClass":"400 kV sınıfı","name":null,"ref":null,"operator":null,"from":null,"to":null,"displayLabel":"400 kV · OSM 251864614","labelSource":"generated-identifier","voltageRaw":"400000","circuits":null,"cables":null,"frequency":null,"location":null,"sourceProvider":"ArcGIS OSM Europe","sourceFallback":null,"sourceLicense":"ODbL 1.0","osmTimestamp":"2013-12-15T00:40:46Z"},"geometry":{"type":"LineString","coordinates":[[20.96662670003,39.1836396998132],[20.9666639001643,39.1836442000424]]}},{"type":"Feature","properties":{"assetId":"GR-line-way-251907229","countryCode":"GR","assetType":"line","powerType":"line","osmType":"way","osmId":"251907229","actualVoltagesKv":[400],"actualVoltageKv":400,"gridClass":"400","displayClass":"400 kV sınıfı","name":null,"ref":null,"operator":null,"from":null,"to":null,"displayLabel":"400 kV · OSM 251907229","labelSource":"generated-identifier","voltageRaw":"400000","circuits":null,"cables":null,"frequency":null,"location":null,"sourceProvider":"ArcGIS OSM Europe","sourceFallback":null,"sourceLicense":"ODbL 1.0","osmTimestamp":"2024-02-27T20:54:44Z"},"geometry":{"type":"LineString","coordinates":[[22.9495081,38.2381552],[22.9493148,38.2385543],[22.9492188,38.2387525]]}},{"type":"Feature","properties":{"assetId":"GR-line-way-251907231","countryCode":"GR","assetType":"line","powerType":"line","osmType":"way","osmId":"251907231","actualVoltagesKv":[400],"actualVoltageKv":400,"gridClass":"400","displayClass":"400 kV sınıfı","name":null,"ref":null,"operator":null,"from":null,"to":null,"displayLabel":"400 kV · OSM 251907231","labelSource":"generated-identifier","voltageRaw":"400000","circuits":null,"cables":"3","frequency":null,"location":null,"sourceProvider":"ArcGIS OSM Europe","sourceFallback":null,"sourceLicense":"ODbL 1.0","osmTimestamp":"2013-12-15T11:47:25Z"},"geometry":{"type":"LineString","coordinates":[[22.9481793996345,38.2399135000586],[22.9486384001171,38.2391989003432]]}},{"type":"Feature","properties":{"assetId":"GR-line-way-251907234","countryCode":"GR","assetType":"line","powerType":"line","osmType":"way","osmId":"251907234","actualVoltagesKv":[400],"actualVoltageKv":400,"gridClass":"400","displayClass":"400 kV sınıfı","name":null,"ref":null,"operator":null,"from":null,"to":null,"displayLabel":"400 kV · OSM 251907234","labelSource":"generated-identifier","voltageRaw":"400000","circuits":null,"cables":"3","frequency":null,"location":null,"sourceProvider":"ArcGIS OSM Europe","sourceFallback":null,"sourceLicense":"ODbL 1.0","osmTimestamp":"2013-12-15T11:47:25Z"},"geometry":{"type":"LineString","coordinates":[[22.9495689999542,38.2373484997437],[22.9492363996186,38.2380732998416]]}},{"type":"Feature","properties":{"assetId":"GR-line-way-251907237","countryCode":"GR","assetType":"line","powerType":"line","osmType":"way","osmId":"251907237","actualVoltagesKv":[400],"actualVoltageKv":400,"gridClass":"400","displayClass":"400 kV sınıfı","name":null,"ref":null,"operator":null,"from":null,"to":null,"displayLabel":"400 kV · OSM 251907237","labelSource":"generated-identifier","voltageRaw":"400000","circuits":null,"cables":null,"frequency":null,"location":null,"sourceProvider":"ArcGIS OSM Europe","sourceFallback":null,"sourceLicense":"ODbL 1.0","osmTimestamp":"2024-02-27T20:54:44Z"},"geometry":{"type":"LineString","coordinates":[[22.9486384,38.2391989],[22.948803,38.2388525],[22.9488946,38.2386598]]}},{"type":"Feature","properties":{"assetId":"GR-line-way-251907238","countryCode":"GR","assetType":"line","powerType":"line","osmType":"way","osmId":"251907238","actualVoltagesKv":[400],"actualVoltageKv":400,"gridClass":"400","displayClass":"400 kV sınıfı","name":null,"ref":null,"operator":null,"from":null,"to":null,"displayLabel":"400 kV · OSM 251907238","labelSource":"generated-identifier","voltageRaw":"400000","circuits":null,"cables":null,"frequency":null,"location":null,"sourceProvider":"ArcGIS OSM Europe","sourceFallback":null,"sourceLicense":"ODbL 1.0","osmTimestamp":"2024-02-27T20:54:44Z"},"geometry":{"type":"LineString","coordinates":[[22.9489079,38.2392663],[22.9490657,38.2389274],[22.9491556,38.2387345]]}},{"type":"Feature","properties":{"assetId":"GR-line-way-251907239","countryCode":"GR","assetType":"line","powerType":"line","osmType":"way","osmId":"251907239","actualVoltagesKv":[400],"actualVoltageKv":400,"gridClass":"400","displayClass":"400 kV sınıfı","name":null,"ref":null,"operator":null,"from":null,"to":null,"displayLabel":"400 kV · OSM 251907239","labelSource":"generated-identifier","voltageRaw":"400000","circuits":null,"cables":null,"frequency":null,"location":null,"sourceProvider":"ArcGIS OSM Europe","sourceFallback":null,"sourceLicense":"ODbL 1.0","osmTimestamp":"2024-02-27T20:54:44Z"},"geometry":{"type":"LineString","coordinates":[[22.9492364,38.2380733],[22.9490463,38.2384777],[22.9489528,38.2386765]]}},{"type":"Feature","properties":{"assetId":"GR-line-way-251907241","countryCode":"GR","assetType":"line","powerType":"line","osmType":"way","osmId":"251907241","actualVoltagesKv":[400],"actualVoltageKv":400,"gridClass":"400","displayClass":"400 kV sınıfı","name":null,"ref":null,"operator":null,"from":null,"to":null,"displayLabel":"400 kV · OSM 251907241","labelSource":"generated-identifier","voltageRaw":"400000","circuits":null,"cables":"3","frequency":null,"location":null,"sourceProvider":"ArcGIS OSM Europe","sourceFallback":null,"sourceLicense":"ODbL 1.0","osmTimestamp":"2013-12-15T11:47:25Z"},"geometry":{"type":"LineString","coordinates":[[22.949884,38.2373389],[22.9495081,38.2381552]]}},{"type":"Feature","properties":{"assetId":"GR-line-way-251907242","countryCode":"GR","assetType":"line","powerType":"line","osmType":"way","osmId":"251907242","actualVoltagesKv":[400],"actualVoltageKv":400,"gridClass":"400","displayClass":"400 kV sınıfı","name":null,"ref":null,"operator":null,"from":null,"to":null,"displayLabel":"400 kV · OSM 251907242","labelSource":"generated-identifier","voltageRaw":"400000","circuits":null,"cables":"3","frequency":null,"location":null,"sourceProvider":"ArcGIS OSM Europe","sourceFallback":null,"sourceLicense":"ODbL 1.0","osmTimestamp":"2013-12-15T11:47:25Z"},"geometry":{"type":"LineString","coordinates":[[22.9481794,38.2399135],[22.9489079,38.2392663]]}},{"type":"Feature","properties":{"assetId":"GR-line-way-251907259","countryCode":"GR","assetType":"line","powerType":"line","osmType":"way","osmId":"251907259","actualVoltagesKv":[400],"actualVoltageKv":400,"gridClass":"400","displayClass":"400 kV sınıfı","name":"ΚΥΤ ΘΙΣΒΗΣ- ΚΥΤ ΚΟΥΜΟΥΝΔΟΥΡΟΥ - ΚΥΤ ΔΙΣΤΟΜΟΥ","ref":null,"operator":"IPTO","from":null,"to":null,"displayLabel":"ΚΥΤ ΘΙΣΒΗΣ- ΚΥΤ ΚΟΥΜΟΥΝΔΟΥΡΟΥ - ΚΥΤ ΔΙΣΤΟΜΟΥ","labelSource":"osm-name","voltageRaw":"400000","circuits":null,"cables":"6","frequency":null,"location":null,"sourceProvider":"ArcGIS OSM Europe","sourceFallback":null,"sourceLicense":"ODbL 1.0","osmTimestamp":"2022-11-13T21:04:25Z"},"geometry":{"type":"LineString","coordinates":[[22.9481794,38.2399135],[22.946218,38.2422304],[22.9450036,38.2444668],[22.9440469,38.2462492],[22.9438618,38.2493648],[22.9435941,38.2525199],[22.9423496,38.2541964],[22.9394154,38.256586],[22.9377423,38.2592035],[22.9372783,38.2622368],[22.9380176,38.2651307],[22.9374743,38.2723226],[22.9380101,38.2747612],[22.9384177,38.2779571],[22.9389341,38.2816706],[22.9389464,38.2817593],[22.9392619,38.2841395],[22.939603,38.286525],[22.9383202,38.2894823],[22.9369412,38.29261],[22.9358773,38.2950948],[22.9334095,38.300752],[22.9321577,38.3036915],[22.9320085,38.306965],[22.9318659,38.3101758],[22.9317463,38.3128856],[22.9316681,38.3148852],[22.9323728,38.317874],[22.9329444,38.3203569],[22.9339413,38.324512],[22.9355386,38.3265633],[22.9406517,38.3297054],[22.9427286,38.3309835],[22.9465316,38.3319621],[22.9506839,38.3330337],[22.953794,38.3351721],[22.95567,38.3375937],[22.9574554,38.3399478],[22.9587564,38.3428136],[22.9597028,38.3449317],[22.9596269,38.3472549],[22.9600748,38.3490577],[22.9621724,38.3503915],[22.9676234,38.3512429],[22.9703983,38.3532216],[22.9722949,38.3545393],[22.9760628,38.3571581],[22.9782162,38.3588659],[22.9809346,38.3609998],[22.9840087,38.3615737],[22.9865006,38.3633712],[22.9878539,38.3673409],[22.9897178,38.3686668],[22.9918511,38.3695494],[22.9952927,38.3706473],[22.9978361,38.3717274],[22.9997226,38.3734569],[23.0016537,38.3751512],[23.0033631,38.3772043],[23.0054743,38.3797338],[23.0069458,38.3815044],[23.0087432,38.3836706],[23.0095254,38.3846473],[23.0099986,38.3852155]]}},{"type":"Feature","properties":{"assetId":"GR-line-way-251907261","countryCode":"GR","assetType":"line","powerType":"line","osmType":"way","osmId":"251907261","actualVoltagesKv":[400],"actualVoltageKv":400,"gridClass":"400","displayClass":"400 kV sınıfı","name":null,"ref":null,"operator":null,"from":null,"to":null,"displayLabel":"400 kV · OSM 251907261","labelSource":"generated-identifier","voltageRaw":"400000","circuits":null,"cables":null,"frequency":null,"location":null,"sourceProvider":"ArcGIS OSM Europe","sourceFallback":null,"sourceLicense":"ODbL 1.0","osmTimestamp":"2024-02-27T20:54:44Z"},"geometry":{"type":"LineString","coordinates":[[22.9483302,38.2384984],[22.948384,38.2385138],[22.9488946,38.2386598],[22.9489528,38.2386765],[22.9491556,38.2387345],[22.9492188,38.2387525],[22.9496037,38.2388626]]}},{"type":"Feature","properties":{"assetId":"GR-line-way-251962265","countryCode":"GR","assetType":"line","powerType":"line","osmType":"way","osmId":"251962265","actualVoltagesKv":[400],"actualVoltageKv":400,"gridClass":"400","displayClass":"400 kV sınıfı","name":null,"ref":null,"operator":null,"from":null,"to":null,"displayLabel":"400 kV · OSM 251962265","labelSource":"generated-identifier","voltageRaw":"400000","circuits":null,"cables":"3","frequency":"50","location":null,"sourceProvider":"ArcGIS OSM Europe","sourceFallback":null,"sourceLicense":"ODbL 1.0","osmTimestamp":"2024-02-27T20:44:00Z"},"geometry":{"type":"LineString","coordinates":[[22.6882457,38.4374563],[22.6871283,38.4371987]]}},{"type":"Feature","properties":{"assetId":"GR-line-way-251962268","countryCode":"GR","assetType":"line","powerType":"line","osmType":"way","osmId":"251962268","actualVoltagesKv":[400],"actualVoltageKv":400,"gridClass":"400","displayClass":"400 kV sınıfı","name":null,"ref":null,"operator":null,"from":null,"to":null,"displayLabel":"400 kV · OSM 251962268","labelSource":"generated-identifier","voltageRaw":"400000","circuits":null,"cables":"3","frequency":"50","location":null,"sourceProvider":"ArcGIS OSM Europe","sourceFallback":null,"sourceLicense":"ODbL 1.0","osmTimestamp":"2024-02-27T20:44:00Z"},"geometry":{"type":"LineString","coordinates":[[22.6881789,38.4376391],[22.6867016,38.4372967]]}},{"type":"Feature","properties":{"assetId":"GR-line-way-252074780","countryCode":"GR","assetType":"line","powerType":"line","osmType":"way","osmId":"252074780","actualVoltagesKv":[400],"actualVoltageKv":400,"gridClass":"400","displayClass":"400 kV sınıfı","name":null,"ref":null,"operator":null,"from":null,"to":null,"displayLabel":"400 kV · OSM 252074780","labelSource":"generated-identifier","voltageRaw":"400000","circuits":null,"cables":null,"frequency":null,"location":null,"sourceProvider":"ArcGIS OSM Europe","sourceFallback":null,"sourceLicense":"ODbL 1.0","osmTimestamp":"2024-03-02T11:54:59Z"},"geometry":{"type":"LineString","coordinates":[[21.7805451,40.4056321],[21.7808185,40.4056752],[21.7809158,40.4056906],[21.7811293,40.4057243],[21.7811787,40.4057321],[21.7814285,40.4057715],[21.7817316,40.4058194],[21.7820074,40.4058629],[21.782301,40.4059093],[21.7825918,40.4059552],[21.7828724,40.4059995]]}},{"type":"Feature","properties":{"assetId":"GR-line-way-252077524","countryCode":"GR","assetType":"line","powerType":"line","osmType":"way","osmId":"252077524","actualVoltagesKv":[400],"actualVoltageKv":400,"gridClass":"400","displayClass":"400 kV sınıfı","name":"Melitis - Bitola 400 kV Line","ref":null,"operator":null,"from":null,"to":null,"displayLabel":"Melitis - Bitola 400 kV Line","labelSource":"osm-name","voltageRaw":"400000","circuits":null,"cables":"3","frequency":null,"location":null,"sourceProvider":"ArcGIS OSM Europe","sourceFallback":null,"sourceLicense":"ODbL 1.0","osmTimestamp":"2024-02-29T16:28:37Z"},"geometry":{"type":"LineString","coordinates":[[21.5959882,40.8111531],[21.5951037,40.8110741],[21.5929251,40.8101735],[21.5882074,40.8082586],[21.5846554,40.8068181],[21.5810267,40.8053681],[21.5777638,40.8040641],[21.5740999,40.8025439],[21.5681302,40.8012917],[21.5636362,40.8003489],[21.5596461,40.7995011],[21.5558834,40.7987017],[21.5511559,40.7976972],[21.5473299,40.7983014],[21.5444363,40.800614],[21.5411733,40.80331],[21.5389411,40.8052071],[21.5357164,40.8078615],[21.5337532,40.8108702],[21.5319326,40.8136603],[21.5301202,40.8164588],[21.528193,40.8194346],[21.5264314,40.8221544],[21.5246991,40.8248207],[21.5229624,40.8274935],[21.5212172,40.8302612],[21.5200841,40.8327177],[21.5196502,40.8336583],[21.5184284,40.8366971],[21.5169833,40.8392486],[21.5136361,40.8418343],[21.5117636,40.8447176],[21.510068,40.8473283],[21.5082299,40.8501582],[21.506494,40.8528308],[21.5046866,40.8556134],[21.5027659,40.8585702],[21.5008844,40.8614079],[21.4992927,40.8639168],[21.4975546,40.866592],[21.4957863,40.8693152],[21.4939407,40.8721572],[21.4921802,40.8748681],[21.49034,40.8777016],[21.4885159,40.8805101],[21.4865727,40.883502],[21.4842474,40.8870819],[21.482444,40.8898581],[21.4814922,40.892994],[21.4805474,40.8961061],[21.4796394,40.8990972],[21.4788157,40.9018108],[21.4778709,40.9049226],[21.476983,40.9078472],[21.47687016041837,40.90948640858761]]}},{"type":"Feature","properties":{"assetId":"GR-line-way-252077525","countryCode":"GR","assetType":"line","powerType":"line","osmType":"way","osmId":"252077525","actualVoltagesKv":[400],"actualVoltageKv":400,"gridClass":"400","displayClass":"400 kV sınıfı","name":"Thessaloniki - Dubrovo","ref":null,"operator":null,"from":null,"to":null,"displayLabel":"Thessaloniki - Dubrovo","labelSource":"osm-name","voltageRaw":"400000","circuits":null,"cables":"3","frequency":null,"location":null,"sourceProvider":"ArcGIS OSM Europe","sourceFallback":null,"sourceLicense":"ODbL 1.0","osmTimestamp":"2023-10-28T20:27:34Z"},"geometry":{"type":"LineString","coordinates":[[22.9224093,40.692486],[22.9220387,40.693386],[22.9198709,40.696004],[22.9186333,40.6978377],[22.9161915,40.6995843],[22.9129637,40.7019065],[22.9101193,40.70393],[22.9071858,40.706048],[22.9043886,40.7080485],[22.9015156,40.7100863],[22.898772,40.7120945],[22.8963258,40.7139243],[22.8932466,40.7162338],[22.8903391,40.7184131],[22.8876569,40.7204216],[22.8846743,40.7226821],[22.879224,40.7267394],[22.8762414,40.7289671],[22.8710165,40.7328777],[22.8677871,40.7352597],[22.8652873,40.7382676],[22.8633024,40.7406332],[22.8613069,40.7430312],[22.8592577,40.7454941],[22.8568008,40.748404],[22.8547623,40.7508505],[22.8527453,40.7532643],[22.8509965,40.755353],[22.8482606,40.7586363],[22.8463274,40.760934],[22.8431035,40.7647655],[22.8406443,40.7676882],[22.8376641,40.7712298],[22.8344739,40.7750207],[22.8347445,40.7770735],[22.8353248,40.781476],[22.8354065,40.7855548],[22.8354791,40.7890467],[22.8355354,40.7917566],[22.8355815,40.7939342],[22.8359701,40.7972679],[22.8363135,40.8002141],[22.8366564,40.8031556],[22.8369867,40.8059885],[22.8373295,40.8089287],[22.8376778,40.8119157],[22.838031,40.8149672],[22.8383835,40.8180126],[22.8387345,40.8210447],[22.839067,40.8239159],[22.8393949,40.8267486],[22.8397415,40.8297417],[22.8400609,40.8325001],[22.8404187,40.8355903],[22.8382689,40.8385447],[22.8364051,40.8411059],[22.8343437,40.8439785],[22.8324706,40.8465485],[22.8304061,40.8493809],[22.8284227,40.852102],[22.8263265,40.8549777],[22.8244063,40.857612],[22.8223997,40.8603646],[22.8206507,40.8627638],[22.8191389,40.8648374],[22.8169615,40.8678239],[22.8148433,40.8707291],[22.8131734,40.873045],[22.811128,40.8758433],[22.8093669,40.87833],[22.806014,40.8810669],[22.8032117,40.8833964],[22.8005583,40.8856019],[22.7980215,40.8877105],[22.7954128,40.8898788],[22.7928522,40.8920071],[22.7903195,40.894112],[22.7872145,40.8966926],[22.7840065,40.8993586],[22.7817776,40.9012108],[22.7793386,40.9032362],[22.7766374,40.9054792],[22.7740752,40.9076068],[22.7712716,40.9099347],[22.7684012,40.912318],[22.7656747,40.9145818],[22.7627474,40.9170123],[22.7600769,40.9192295],[22.7573808,40.9214679],[22.7544412,40.9239083],[22.7519491,40.9259771],[22.7476094,40.9295797],[22.7431898,40.9332484],[22.74123,40.9348751],[22.7376163,40.9378745],[22.7344279,40.9405209],[22.7325762,40.9420472],[22.731573,40.9443817],[22.7305832,40.9466845],[22.7289796,40.9504155],[22.7277478,40.9532811],[22.7265898,40.9559751],[22.7252513,40.959089],[22.724393,40.9610854],[22.7230176,40.9642848],[22.7213681,40.9681216],[22.7204155,40.9703373],[22.7190334,40.9735516],[22.7178657,40.9762673],[22.7165831,40.9792501],[22.7154089,40.9819807],[22.7139895,40.9852813],[22.7128114,40.9880208],[22.7118309,40.9903006],[22.7108136,40.9926658],[22.7095173,40.9956798],[22.7082765,40.9985644],[22.7070997,41.0013003],[22.7057302,41.0044839],[22.7046778,41.0069304],[22.7032893,41.0101581],[22.7020361,41.0130712],[22.7008637,41.0157965],[22.6997035,41.0184932],[22.6984157,41.0214864],[22.6971736,41.0243732],[22.6958524,41.0274437],[22.6945796,41.0304015],[22.6932851,41.0334098],[22.6920053,41.0363838],[22.6907476,41.0393061],[22.6894614,41.0422946],[22.6881915,41.0452452],[22.68703,41.0479437],[22.6858341,41.0507244],[22.6826043,41.0525218],[22.6792595,41.0543899],[22.6766287,41.0558592],[22.6738438,41.0574146],[22.6708898,41.0590643],[22.6672013,41.0611242],[22.6629569,41.0634945],[22.6586322,41.0659094],[22.655214,41.0677929],[22.6520049,41.0695818],[22.6485276,41.0715202],[22.6433727,41.0743937],[22.6405239,41.0759805],[22.6356319,41.0787053],[22.631743,41.0808712],[22.6288656,41.0824734],[22.6255122,41.0843406],[22.62165,41.0864911],[22.6175705,41.0887625],[22.611656,41.0920554],[22.6082974,41.0939252],[22.6037765,41.0964421],[22.6012401,41.097854],[22.5984522,41.099406],[22.5949614,41.1013493],[22.5920943,41.1029452],[22.5887377,41.1048136],[22.5854502,41.1066435],[22.5819521,41.1085906],[22.5790373,41.1102091],[22.575225,41.1123194],[22.5684247,41.1160836],[22.5649851,41.1203675],[22.5612486,41.1251228],[22.5611549,41.1290926],[22.561439333118706,41.130255949817595]]}},{"type":"Feature","properties":{"assetId":"GR-line-way-252077528","countryCode":"GR","assetType":"line","powerType":"line","osmType":"way","osmId":"252077528","actualVoltagesKv":[400],"actualVoltageKv":400,"gridClass":"400","displayClass":"400 kV sınıfı","name":null,"ref":null,"operator":null,"from":null,"to":null,"displayLabel":"400 kV · OSM 252077528","labelSource":"generated-identifier","voltageRaw":"400000","circuits":null,"cables":null,"frequency":null,"location":null,"sourceProvider":"ArcGIS OSM Europe","sourceFallback":null,"sourceLicense":"ODbL 1.0","osmTimestamp":"2013-12-16T03:41:40Z"},"geometry":{"type":"LineString","coordinates":[[21.5960235001835,40.8107087006865],[21.5970599997145,40.8106774003189]]}},{"type":"Feature","properties":{"assetId":"GR-line-way-252077529","countryCode":"GR","assetType":"line","powerType":"line","osmType":"way","osmId":"252077529","actualVoltagesKv":[400],"actualVoltageKv":400,"gridClass":"400","displayClass":"400 kV sınıfı","name":null,"ref":null,"operator":null,"from":null,"to":null,"displayLabel":"400 kV · OSM 252077529","labelSource":"generated-identifier","voltageRaw":"400000","circuits":null,"cables":null,"frequency":null,"location":null,"sourceProvider":"ArcGIS OSM Europe","sourceFallback":null,"sourceLicense":"ODbL 1.0","osmTimestamp":"2013-12-16T03:41:40Z"},"geometry":{"type":"LineString","coordinates":[[21.5960060001035,40.8109317000802],[21.5970538004408,40.8109004004977]]}},{"type":"Feature","properties":{"assetId":"GR-line-way-252077530","countryCode":"GR","assetType":"line","powerType":"line","osmType":"way","osmId":"252077530","actualVoltagesKv":[400],"actualVoltageKv":400,"gridClass":"400","displayClass":"400 kV sınıfı","name":null,"ref":null,"operator":null,"from":null,"to":null,"displayLabel":"400 kV · OSM 252077530","labelSource":"generated-identifier","voltageRaw":"400000","circuits":null,"cables":"3","frequency":null,"location":null,"sourceProvider":"ArcGIS OSM Europe","sourceFallback":null,"sourceLicense":"ODbL 1.0","osmTimestamp":"2015-07-17T16:55:00Z"},"geometry":{"type":"LineString","coordinates":[[21.5953336003335,40.810837400142],[21.5960060001035,40.8109317000802]]}},{"type":"Feature","properties":{"assetId":"GR-line-way-252077531","countryCode":"GR","assetType":"line","powerType":"line","osmType":"way","osmId":"252077531","actualVoltagesKv":[400],"actualVoltageKv":400,"gridClass":"400","displayClass":"400 kV sınıfı","name":null,"ref":null,"operator":null,"from":null,"to":null,"displayLabel":"400 kV · OSM 252077531","labelSource":"generated-identifier","voltageRaw":"400000","circuits":null,"cables":"3","frequency":null,"location":null,"sourceProvider":"ArcGIS OSM Europe","sourceFallback":null,"sourceLicense":"ODbL 1.0","osmTimestamp":"2015-07-17T16:55:00Z"},"geometry":{"type":"LineString","coordinates":[[21.5953336003335,40.810837400142],[21.5960235001835,40.8107087006865]]}},{"type":"Feature","properties":{"assetId":"GR-line-way-252077755","countryCode":"GR","assetType":"line","powerType":"line","osmType":"way","osmId":"252077755","actualVoltagesKv":[400],"actualVoltageKv":400,"gridClass":"400","displayClass":"400 kV sınıfı","name":"Thessaloniki - Blagoevgrad","ref":null,"operator":null,"from":null,"to":null,"displayLabel":"Thessaloniki - Blagoevgrad","labelSource":"osm-name","voltageRaw":"400000","circuits":null,"cables":"3","frequency":null,"location":null,"sourceProvider":"ArcGIS OSM Europe","sourceFallback":null,"sourceLicense":"ODbL 1.0","osmTimestamp":"2023-10-28T20:27:34Z"},"geometry":{"type":"LineString","coordinates":[[22.9227106,40.6924754],[22.9224605,40.6933755],[22.9204108,40.6959972],[22.918963,40.6980415],[22.9164892,40.699804],[22.9131263,40.7022237],[22.9104001,40.7041576],[22.9089858,40.7064259],[22.9076233,40.7085812],[22.9063787,40.7105412],[22.9049732,40.7127369],[22.9033574,40.7152048],[22.9016743,40.7178278],[22.899798,40.7208155],[22.8995643,40.7242113],[22.899381,40.7271701],[22.8992687,40.7289818],[22.8990831,40.7319756],[22.898994,40.7334137],[22.8987425,40.7374712],[22.8986374,40.7391678],[22.8985299,40.7409014],[22.8992348,40.7427875],[22.9008962,40.7472849],[22.9027043,40.7521794],[22.9041796,40.7561726],[22.9054776,40.7596562],[22.9067966,40.7616675],[22.9089026,40.764866],[22.9118116,40.7692837],[22.91332,40.7715744],[22.9158387,40.7753992],[22.9179558,40.7786138],[22.9194826,40.7809321],[22.9232375,40.786604],[22.924697,40.7888127],[22.9265862,40.7917579],[22.9290518,40.7955043],[22.9308461,40.7982305],[22.9322504,40.800364],[22.9335023,40.8022661],[22.9366556,40.8070565],[22.9384873,40.809839],[22.9400564,40.8123196],[22.9422443,40.8155459],[22.9440429,40.8182778],[22.9459214,40.8211309],[22.9480799,40.8244677],[22.9505642,40.828174],[22.9530773,40.8319899],[22.9543158,40.8338703],[22.9568247,40.8356757],[22.9623543,40.8396548],[22.9659943,40.842274],[22.9702574,40.8453414],[22.9732912,40.8475242],[22.9767006,40.8499772],[22.9798072,40.8513082],[22.9833098,40.8528087],[22.9862696,40.8540767],[22.9905711,40.8559195],[22.994496,40.8576009],[22.9978711,40.8590467],[23.0015817,40.8606362],[23.0051503,40.8621648],[23.0085668,40.8636283],[23.0123404,40.8652447],[23.0159046,40.8667714],[23.019597,40.8683529],[23.0230114,40.8698153],[23.0284842,40.8721593],[23.0325987,40.8739215],[23.0374043,40.8759795],[23.0430352,40.878391],[23.0473046,40.8802194],[23.0530689,40.8826878],[23.0573101,40.884504],[23.062494,40.8866847],[23.0657636,40.8880798],[23.0698682,40.889835],[23.0760668,40.892479],[23.0819811,40.8949627],[23.084902,40.8970936],[23.087578,40.8990447],[23.0900778,40.9008308],[23.0920734,40.9022661],[23.0955118,40.90478],[23.0959277,40.905084],[23.0998285,40.9079051],[23.1036015,40.9106363],[23.106383,40.9126491],[23.1096553,40.9150105],[23.1116409,40.916917],[23.123525,40.9285778],[23.1260744,40.930872],[23.1292718,40.9340183],[23.132595,40.9371724],[23.1359839,40.9403517],[23.1395519,40.9438869],[23.1452559,40.9500696],[23.1473021,40.9498583],[23.1506907,40.9516663],[23.1560264,40.9545068],[23.1594417,40.9562903],[23.1629369,40.9577799],[23.168198,40.9600979],[23.1736252,40.9625202],[23.1791307,40.9649213],[23.1829611,40.9665599],[23.1865018,40.9680746],[23.1906442,40.9698549],[23.1974493,40.9729401],[23.2024178,40.9750385],[23.2094892,40.9781979],[23.211827,40.9792424],[23.2143751,40.9799511],[23.2193372,40.9813847],[23.2227103,40.9823277],[23.2259354,40.9832476],[23.2305274,40.9845637],[23.2346311,40.9857259],[23.2394377,40.9871351],[23.2431434,40.9887056],[23.2461689,40.9898961],[23.2496622,40.9913382],[23.2516299,40.9921596],[23.2618073,40.9964156],[23.2691606,40.9993505],[23.2728524,41.001274],[23.2792577,41.0043953],[23.2867508,41.0081109],[23.2933662,41.0114673],[23.2986544,41.0141099],[23.3056335,41.0175625],[23.3122435,41.0208091],[23.3192387,41.0242533],[23.3227996,41.0259889],[23.328487,41.0287818],[23.3321606,41.0316868],[23.3348428,41.0337586],[23.3377771,41.0360327],[23.3403306,41.0380397],[23.3448259,41.0415396],[23.3480017,41.0439874],[23.3505659,41.045982],[23.3534028,41.0481803],[23.3562741,41.050405],[23.3590906,41.0525873],[23.3617532,41.0546503],[23.3644551,41.0567437],[23.3675163,41.0591153],[23.3701084,41.0611235],[23.3728872,41.0632834],[23.3759664,41.0656737],[23.3778504,41.0671223],[23.3796303,41.0685089],[23.3810476,41.0705721],[23.3825872,41.0729299],[23.3845237,41.0757728],[23.3864115,41.0785911],[23.3882611,41.0814049],[23.3898656,41.0838231],[23.3916745,41.0865287],[23.3934544,41.0891522],[23.3952944,41.0918933],[23.3969477,41.0943884],[23.3988188,41.0971934],[23.400735,41.1000076],[23.402612,41.1027845],[23.4044246,41.1054276],[23.4059106,41.1077073],[23.407933,41.1107428],[23.4102826,41.1142429],[23.4125313,41.1176181],[23.4145258,41.120612],[23.416383,41.1233565],[23.4181307,41.1259259],[23.4199385,41.1286454],[23.4218011,41.1313653],[23.4217517,41.1342091],[23.4198001,41.1362662],[23.4174387,41.1386412],[23.4154228,41.1407547],[23.4132062,41.1430972],[23.4111999,41.1455413],[23.4092483,41.1478888],[23.4069996,41.1506754],[23.4048173,41.1533944],[23.4027027,41.1559465],[23.4007028,41.1583664],[23.3987115,41.1608981],[23.3965014,41.1635353],[23.3941786,41.1664066],[23.3920768,41.1689877],[23.389871,41.1716845],[23.387929,41.1740306],[23.3873872,41.1775677],[23.3869645,41.1804955],[23.3863787,41.1840155],[23.3858637,41.1876247],[23.3852039,41.1913185],[23.3847628,41.1942716],[23.3842759,41.1975308],[23.3837609,41.2005258],[23.3832566,41.2036861],[23.3827631,41.2068422],[23.3822589,41.2099093],[23.3816486,41.2133093],[23.3811602,41.2163378],[23.3806978,41.2196345],[23.3801882,41.2229674],[23.3791582,41.229209],[23.3773837,41.2316101],[23.3749321,41.2349464],[23.372442,41.2382779],[23.3699003,41.2416346],[23.3657901,41.2472325],[23.3631776,41.2507173],[23.3610104,41.2536533],[23.356897,41.259203],[23.3548638,41.2619008],[23.3528833,41.2645979],[23.347536,41.2717997],[23.3423594,41.2787381],[23.3455448,41.2931603],[23.3496998,41.3102308],[23.3508634,41.3142213],[23.3507923,41.3154539],[23.3502601,41.319301],[23.3460608,41.3241039],[23.3434953,41.3267176],[23.3405022,41.3302507],[23.3381848,41.3328851],[23.3380292,41.3351448],[23.3380078,41.3400063],[23.337938,41.3460676],[23.3378254,41.3491524],[23.337407,41.3535297],[23.3376376,41.3563242],[23.3375733,41.3586435],[23.337526,41.3612331],[23.33751,41.3638944],[23.3374188,41.3671515],[23.3352944,41.369563],[23.3334244,41.3716628],[23.3316735,41.3736289],[23.3296672,41.3758872],[23.3272425,41.3786244],[23.3248767,41.3809791],[23.3224038,41.3834545],[23.3186648,41.3871372],[23.3119985,41.3937128]]}},{"type":"Feature","properties":{"assetId":"GR-line-way-252078731","countryCode":"GR","assetType":"line","powerType":"line","osmType":"way","osmId":"252078731","actualVoltagesKv":[400],"actualVoltageKv":400,"gridClass":"400","displayClass":"400 kV sınıfı","name":"Γραμμή 400 kV ΚΥΤ Φιλίππων – ΚΥΤ Νέας Σάντας","ref":null,"operator":null,"from":null,"to":null,"displayLabel":"Γραμμή 400 kV ΚΥΤ Φιλίππων – ΚΥΤ Νέας Σάντας","labelSource":"osm-name","voltageRaw":"400000","circuits":null,"cables":"6","frequency":null,"location":null,"sourceProvider":"ArcGIS OSM Europe","sourceFallback":null,"sourceLicense":"ODbL 1.0","osmTimestamp":"2021-11-24T09:05:28Z"},"geometry":{"type":"LineString","coordinates":[[24.2626624003853,41.0466719001545],[24.2635871998007,41.0467945000943],[24.267259899856,41.0482298006771],[24.2708118995749,41.0486629002473],[24.2733167996423,41.04787120017],[24.276195999841,41.0469828001708],[24.2787932000072,41.0448942000886],[24.2820975997793,41.0422037002912],[24.2860848997286,41.039045300352],[24.2887121997451,41.0369458000756],[24.2914211000271,41.0350667005522],[24.2969831996701,41.0312254001725],[24.3012796997402,41.028257900377],[24.303355000286,41.0277475003145],[24.306348900075,41.0270753003798],[24.312771399809,41.028156800467],[24.3174086003237,41.0289598006511],[24.3192066996374,41.0292711001298],[24.3231528001528,41.0299543004498],[24.3266850001045,41.0305659003947],[24.331078500259,41.031330600543],[24.3336855998597,41.0317843004572],[24.3338211996536,41.0318079006251],[24.3358918999268,41.0321683003698],[24.3386572997485,41.0326496005347],[24.3389135998789,41.0326942001726],[24.3447080999741,41.0337027001231],[24.3513784996921,41.0348636006172],[24.3548826003417,41.0354734006455],[24.3605245000264,41.0364164005919],[24.3662479002635,41.0374059003569],[24.3720723995976,41.0379088006572],[24.378496100379,41.0384634005735],[24.3806220003298,41.0386470004741],[24.3864075999172,41.0391178004843],[24.3926352002688,41.0382320000608],[24.3953304003443,41.0378487002212],[24.4000246995751,41.0371810002611],[24.4052153997471,41.0364427006593],[24.4103738000946,41.035709000455],[24.4157589998986,41.0349479004712],[24.419510800208,41.0356086004287],[24.4257865996661,41.0367137003763],[24.4283468000225,41.0371646006799],[24.4345457000991,41.0382561006769],[24.4406172999167,41.0393253002582],[24.4455918995672,41.0402097003717],[24.450596299929,41.0413838004779],[24.4516996996942,41.0416427006944],[24.4544460004347,41.042244100208],[24.457249099854,41.0429940003598],[24.4620107996806,41.0443853002837],[24.4657678003372,41.0455459005911],[24.4713899999676,41.0470882002835],[24.4767081998245,41.0484823003406],[24.4811955002643,41.0497016004038],[24.4874459995707,41.0514636003728],[24.4907993997466,41.0523807000885],[24.4942751001585,41.0533312006857],[24.4989263000185,41.0546033006761],[24.5051952004153,41.0563176005246],[24.5115231003633,41.0580481003807],[24.5137749998124,41.058663900404],[24.520150700015,41.0594124002862],[24.5226151004362,41.0597018005357],[24.5245667999854,41.0599309004585],[24.5289628001514,41.0604470000968],[24.5313713999221,41.0607298005143],[24.5360620996035,41.0612805003656],[24.5390175002944,41.0616274006892],[24.5452600001032,41.0623603005581],[24.5517885001424,41.0604974006425],[24.5539542996648,41.0598794001383],[24.5592835002906,41.058358600507],[24.5621378000879,41.0575441001572],[24.5682493003755,41.0558001001512],[24.5731162998213,41.0546558002348],[24.5774406000546,41.0536467007233],[24.581242999769,41.0527593006801],[24.5837303997564,41.0521788004696],[24.5884538996238,41.0513225001477],[24.59164419988,41.0507442004722],[24.5957281998764,41.0499998001292],[24.5994008002188,41.0493304003982],[24.6040635003111,41.0484805003075],[24.6069806004315,41.0479488000869],[24.6125492999969,41.0469403002524],[24.6155618003022,41.0463947004036],[24.6215211996426,41.0453153007175],[24.6238457997477,41.0448943003593],[24.626478900186,41.0449444004916],[24.6304179004174,41.0450194002127],[24.6334660000591,41.045077400616],[24.6386859996824,41.0451767001631],[24.6449471997205,41.0452959004785],[24.6493494997715,41.0453797005267],[24.652624399768,41.0454420007019],[24.655798000343,41.0457241007344],[24.6616285004233,41.0462424005405],[24.6646531998501,41.0465113003443],[24.6696648999219,41.0469569006431],[24.6737749995706,41.0468544006333],[24.6770734003931,41.0454212001084],[24.6807293998691,41.043832600563],[24.6828048001278,41.0429308001459],[24.6884130004129,41.040493800603],[24.6933199003287,41.0397228005779],[24.6984894002599,41.0389104003361],[24.703017399772,41.03962590017],[24.705138100274,41.041131400277],[24.7074603000806,41.042779900167],[24.7110344001521,41.0453172004298],[24.7146529003548,41.0479000002826],[24.7181354998281,41.0503859002295],[24.720180200162,41.0518453000813],[24.7231145003252,41.0539621003457],[24.7252789002725,41.0554825003522],[24.7283066997854,41.0576491006351],[24.7310538997395,41.0596147003734],[24.734699900068,41.0610865000889],[24.736617399856,41.0635833002736],[24.7394643002302,41.0656811007032],[24.7440250999283,41.0662108004935],[24.7468607003946,41.0661783002563],[24.7506249998629,41.0671631005682],[24.7544807002163,41.0674375003347],[24.7596596001187,41.0680471001137],[24.7630105002831,41.0684349005489],[24.7661229004345,41.0687951003971],[24.769274699796,41.0691739004413],[24.7759270002576,41.0703717005626],[24.7806304003205,41.0704851007068],[24.7845874000954,41.0704052003687],[24.7871311001966,41.0705524002043],[24.789864299907,41.0706383007106],[24.7938289003274,41.0689427007103],[24.7984911997711,41.0669487004237],[24.8027566998791,41.0651244002769],[24.8056165997739,41.0626478001391],[24.8084904001993,41.0601591000653],[24.8110045996266,41.0579963005433],[24.8158816000165,41.0574053004733],[24.8196448996598,41.056949200406],[24.82363390012,41.0564659001336],[24.8292832001259,41.0557813004643],[24.8339347997363,41.0552176006725],[24.8378190997535,41.0547469002586],[24.8422996996596,41.054203900686],[24.8463031998268,41.0537187004189],[24.8507082002136,41.0531849005274],[24.8544685003821,41.0527292006847],[24.8584187996233,41.0522505003156],[24.8626785999208,41.0517343004617],[24.8667606999803,41.0513957000977],[24.8710816998032,41.0510222002499],[24.8750989998898,41.0506749005295],[24.8797657998931,41.0502715000596],[24.884497999944,41.0498624004059],[24.8876533000401,41.0495897002147],[24.8922925999176,41.0491886005233],[24.8957146996531,41.0488928000863],[24.9009068002986,41.0484440003413],[24.9052935002064,41.0480648004206],[24.9092670999493,41.0477212003682],[24.9134588995765,41.0473541001378],[24.9178243004289,41.0469718005453],[24.9218436998783,41.0466237003345],[24.925873400309,41.0462747006068],[24.9299425996628,41.0459223007154],[24.937384000033,41.0452778003587],[24.9412179997841,41.0449458002162],[24.9452555999995,41.0445961005312],[24.9493477998178,41.0442416001714],[24.9534636001753,41.043885200181],[24.9573889002003,41.0435452003211],[24.9614476000451,41.0431937004684],[24.96562350039,41.042832000612],[24.9696951000422,41.0424902005341],[24.9726940995671,41.0435605007319],[24.9766903997373,41.0449868000735],[24.9804509999432,41.0463289005376],[24.9843515998912,41.0477209002463],[24.9873325001597,41.048784700456],[24.9904672998028,41.0499034005871],[24.9935189998921,41.0509924002442],[24.9965487999532,41.0520736002243],[25.000205400402,41.0533785007234],[25.0041287995919,41.0547785004568],[25.007536899982,41.0559946003548],[25.0112635995658,41.0573244006903],[25.0148194000566,41.0585931003138],[25.0186496996471,41.0599598002813],[25.0218838996729,41.0611138002086],[25.0249459995583,41.0622063003092],[25.0274883997973,41.0631134007093],[25.0304912998072,41.0654608005654],[25.0333182998029,41.0676705001256],[25.0357433001158,41.0695659006374],[25.0376478003833,41.0710545006498],[25.0390901003692,41.0736746004499],[25.0409985002234,41.0771412003291],[25.0428549001991,41.0805133002217],[25.0446522997252,41.0837780002254],[25.0462481002336,41.0866764007093],[25.0479600996206,41.0897856002768],[25.049689599986,41.0922658001577],[25.0520111997181,41.0950271003878],[25.0542856998815,41.0977323005879],[25.0562368999674,41.1009810002104],[25.0584015002389,41.1039301002225],[25.0619590003422,41.1053166001197],[25.0657927000561,41.1067561006548],[25.0697477998941,41.1082509003153],[25.0733179770227,41.1096001695072],[25.0735307995916,41.1096806002142],[25.0773208995731,41.1111129004694],[25.0815117999867,41.1126967005675],[25.0853507997607,41.1141474006106],[25.0895042000027,41.1157101000889],[25.0934082997871,41.1171790006604],[25.0975967999022,41.1187549002771],[25.1011705002233,41.1200993003967],[25.1052598999929,41.12163780031],[25.1095557002754,41.1217322005546],[25.1125362996084,41.1217978004495],[25.1164627000696,41.1218841002228],[25.1226309002214,41.1220197002921],[25.1295946995927,41.1221728004533],[25.1332991002961,41.1222498004109],[25.1368755997677,41.1223241002157],[25.1417920002659,41.1224262003914],[25.1466094998446,41.1225263000675],[25.152406100201,41.1226467007155],[25.1546559002873,41.1234551006021],[25.156870199852,41.1242507004613],[25.1601219996709,41.1254190005169],[25.1644621003716,41.1240665004498],[25.1674588999224,41.1229485005528],[25.1721097997451,41.1212139002724],[25.1762146999449,41.1196829001464],[25.1799593999703,41.1191004002787],[25.1841811000217,41.1184327002308],[25.1883642003636,41.1177711004219],[25.192524399954,41.1171131004043],[25.1972036003015,41.1163730004411],[25.2015374999318,41.1157352003364],[25.2056038004222,41.1150649003747],[25.208668400319,41.1145597001301],[25.2134648002683,41.1138691005751],[25.2173336995683,41.1149952005672],[25.2206967997526,41.1159463004282],[25.2251150996971,41.1171959007196],[25.2289770002227,41.1182880006284],[25.2330533995735,41.1194408006011],[25.2371861996494,41.1206095002853],[25.2416704000032,41.1218776004046],[25.2459597997893,41.1230905006768],[25.2501836001018,41.1242849002391],[25.2542106999098,41.1254300005523],[25.2589422998861,41.1267754007285],[25.2637849001905,41.1270633006071],[25.2687391997123,41.1273578006737],[25.2730203996765,41.1278215002003],[25.276860700211,41.1286030006984],[25.2811678004015,41.1297462001083],[25.2847239997443,41.1306901001019],[25.2890150003283,41.1318289003695],[25.2926612997957,41.1327967003707],[25.2965442002377,41.1338272004892],[25.3004280996063,41.1348580003821],[25.3038785995795,41.135773700524],[25.3080572002601,41.1368826007362],[25.3115306000866,41.1378044001087],[25.3154347995839,41.1388406005411],[25.3192992001209,41.1398661002221],[25.3227794001941,41.1407896003732],[25.3269882004379,41.141906500704],[25.3305993003193,41.1428634004837],[25.3337988002224,41.1436007007138],[25.3379044999228,41.1447991003221],[25.3403061997338,41.1461155004605],[25.3433364004435,41.1477881004101],[25.3476146000346,41.1485369001682],[25.3518688002347,41.1492705001241],[25.355952800231,41.150351300332],[25.3593818996392,41.1512594004864],[25.3626462004136,41.1521239001843],[25.3662777001368,41.1530857001198],[25.3695503004461,41.1539523002483],[25.3734982002871,41.1549979007251],[25.3775948997666,41.1560827005166],[25.3812496002787,41.157047600245],[25.3854140003913,41.1581469006179],[25.388693499762,41.1590127006974],[25.3917355995559,41.1598157004381],[25.3957004003006,41.1608623003037],[25.3988896998336,41.1632401003509],[25.4025357998751,41.1659584004787],[25.4042352003903,41.1672149001021],[25.4071834001858,41.1693946006931],[25.4096990997997,41.170973700191],[25.4122656000411,41.1726115001295],[25.4146913998546,41.1744730005696],[25.4170325999278,41.1762885003137],[25.4215393003846,41.1790629005804],[25.4245948003476,41.1809860006087],[25.427569600157,41.1809704002261],[25.4299459001033,41.1797226003029],[25.4317008003334,41.1772595001903],[25.4329863002847,41.1754530006686],[25.4354167003708,41.1731911007251],[25.438982500009,41.1698725004404],[25.441605000327,41.1674317002795],[25.4454788996498,41.1653138003927],[25.4491523003911,41.1633055004886],[25.451710299875,41.1619070006397],[25.4554974003818,41.1598317001536],[25.4590841999364,41.157866100092],[25.4613960996601,41.1565992001551],[25.4646746001042,41.1548024003173],[25.4679067995818,41.1530310004308],[25.4709496000617,41.1513634003056],[25.474853799559,41.1492236005481],[25.47754839956,41.1477468007399],[25.4812670996461,41.1457085004263],[25.4851419996922,41.1441824006407],[25.4896696003523,41.1424038006545],[25.4936773998564,41.1408295006534],[25.4978424000437,41.1391777004914],[25.5018997003132,41.1375686004759],[25.5057029004265,41.1360602003449],[25.5101738003242,41.1342869003375],[25.5146534004055,41.1325101003681],[25.5191241996918,41.1307368004738],[25.5236125996696,41.1289565001832],[25.5282458996993,41.1271186005001],[25.5336900002398,41.1249590003401],[25.5381218997795,41.1232009007192],[25.54169189994,41.121788000294],[25.5466645996537,41.1212941002011],[25.5515829000888,41.1208055005466],[25.5565855002267,41.1203086005679],[25.5617275997452,41.1197978001079],[25.5669909996747,41.1192750004781],[25.5723328000707,41.1187444005903],[25.5775319003889,41.1182280007123],[25.5822072999644,41.1177635004705],[25.5869338999178,41.1172940004282],[25.5914816003824,41.1168423006579],[25.5958476004111,41.1164086004971],[25.6006285996432,41.1159337002648],[25.6051513997065,41.1154844004631],[25.6094779996268,41.1150546004253],[25.6140163001203,41.1146037000964],[25.6184963996648,41.1141587003236],[25.6225226999722,41.1137587004019],[25.6269760997899,41.113316300582],[25.6314553998338,41.1128713002038],[25.6358016998083,41.1132335001107],[25.6401344001878,41.1135944005987],[25.6447536002608,41.1139793002317],[25.648713100047,41.1143049006741],[25.6525347003523,41.1146192005467],[25.6562419002062,41.1149240002563],[25.6605645996416,41.1152795002214],[25.6653984997624,41.115677000341],[25.6705225997375,41.116110100302],[25.6762372000781,41.1173065001701],[25.6811660997352,41.1183528006656],[25.6856938998213,41.1193139000903],[25.6914748003214,41.1205409006308],[25.6954324001708,41.121381000208],[25.7015121998104,41.1226633002636],[25.7055855996864,41.1235224006629],[25.7116244002164,41.1247918005689],[25.7137479995818,41.1239926005114],[25.7178058002129,41.1224813005038],[25.7232859995531,41.1204403005324],[25.7260721001523,41.1190546004882],[25.729896399895,41.1171524005866],[25.7337004004073,41.1152603006465],[25.7352793000119,41.1132662004246],[25.7375441001669,41.1104059002554],[25.7391782003474,41.1083421007069],[25.7415133996745,41.1053810007401],[25.7433999003988,41.1029950002896],[25.7448147002588,41.1012056002767]]}},{"type":"Feature","properties":{"assetId":"GR-line-way-252078732","countryCode":"GR","assetType":"line","powerType":"line","osmType":"way","osmId":"252078732","actualVoltagesKv":[400],"actualVoltageKv":400,"gridClass":"400","displayClass":"400 kV sınıfı","name":"Φάση B","ref":null,"operator":null,"from":null,"to":null,"displayLabel":"Φάση B","labelSource":"osm-name","voltageRaw":"400000","circuits":null,"cables":"3","frequency":null,"location":null,"sourceProvider":"ArcGIS OSM Europe","sourceFallback":null,"sourceLicense":"ODbL 1.0","osmTimestamp":"2013-12-17T01:09:12Z"},"geometry":{"type":"LineString","coordinates":[[25.7452633997601,41.0998693006837],[25.7455578001366,41.0999250005434],[25.7458439000799,41.099979100075],[25.7464120000554,41.100086600406],[25.7466902002141,41.1001392003912],[25.7471275998074,41.1002220004523]]}},{"type":"Feature","properties":{"assetId":"GR-line-way-252221185","countryCode":"GR","assetType":"line","powerType":"line","osmType":"way","osmId":"252221185","actualVoltagesKv":[400],"actualVoltageKv":400,"gridClass":"400","displayClass":"400 kV sınıfı","name":"Babaeski TM - Nea Santa EİH","ref":null,"operator":null,"from":null,"to":null,"displayLabel":"Babaeski TM - Nea Santa EİH","labelSource":"osm-name","voltageRaw":"400000","circuits":null,"cables":"1","frequency":null,"location":null,"sourceProvider":"ArcGIS OSM Europe","sourceFallback":null,"sourceLicense":"ODbL 1.0","osmTimestamp":"2013-12-17T01:09:08Z"},"geometry":{"type":"LineString","coordinates":[[25.7456402996157,41.1007167001438],[25.745752599806,41.100620100113],[25.7458394004186,41.1002949002431]]}},{"type":"Feature","properties":{"assetId":"GR-line-way-252221187","countryCode":"GR","assetType":"line","powerType":"line","osmType":"way","osmId":"252221187","actualVoltagesKv":[400],"actualVoltageKv":400,"gridClass":"400","displayClass":"400 kV sınıfı","name":"Babaeski TM - Nea Santa EİH","ref":null,"operator":null,"from":null,"to":null,"displayLabel":"Babaeski TM - Nea Santa EİH","labelSource":"osm-name","voltageRaw":"400000","circuits":null,"cables":"1","frequency":null,"location":null,"sourceProvider":"ArcGIS OSM Europe","sourceFallback":null,"sourceLicense":"ODbL 1.0","osmTimestamp":"2013-12-17T01:09:08Z"},"geometry":{"type":"LineString","coordinates":[[25.7456402996157,41.1007167001438],[25.7456770002866,41.1006085002202],[25.7458439000799,41.099979100075]]}},{"type":"Feature","properties":{"assetId":"GR-line-way-252221189","countryCode":"GR","assetType":"line","powerType":"line","osmType":"way","osmId":"252221189","actualVoltagesKv":[400],"actualVoltageKv":400,"gridClass":"400","displayClass":"400 kV sınıfı","name":"Babaeski TM - Nea Santa EİH","ref":null,"operator":null,"from":null,"to":null,"displayLabel":"Babaeski TM - Nea Santa EİH","labelSource":"osm-name","voltageRaw":"400000","circuits":null,"cables":"1","frequency":null,"location":null,"sourceProvider":"ArcGIS OSM Europe","sourceFallback":null,"sourceLicense":"ODbL 1.0","osmTimestamp":"2013-12-17T01:09:08Z"},"geometry":{"type":"LineString","coordinates":[[25.7456402996157,41.1007167001438],[25.7456038001674,41.1005889003502],[25.7458441004042,41.0996756004357]]}},{"type":"Feature","properties":{"assetId":"GR-line-way-252221196","countryCode":"GR","assetType":"line","powerType":"line","osmType":"way","osmId":"252221196","actualVoltagesKv":[400],"actualVoltageKv":400,"gridClass":"400","displayClass":"400 kV sınıfı","name":"Φάση A","ref":null,"operator":null,"from":null,"to":null,"displayLabel":"Φάση A","labelSource":"osm-name","voltageRaw":"400000","circuits":null,"cables":"3","frequency":null,"location":null,"sourceProvider":"ArcGIS OSM Europe","sourceFallback":null,"sourceLicense":"ODbL 1.0","osmTimestamp":"2013-12-17T01:09:09Z"},"geometry":{"type":"LineString","coordinates":[[25.7452617001476,41.1001855000948],[25.7455509998899,41.1002403007167],[25.7458394004186,41.1002949002431],[25.7464033995849,41.1004017001082],[25.7466893001022,41.1004559001102],[25.747103400092,41.1005343003911]]}},{"type":"Feature","properties":{"assetId":"GR-line-way-252221200","countryCode":"GR","assetType":"line","powerType":"line","osmType":"way","osmId":"252221200","actualVoltagesKv":[400],"actualVoltageKv":400,"gridClass":"400","displayClass":"400 kV sınıfı","name":"Φάση C","ref":null,"operator":null,"from":null,"to":null,"displayLabel":"Φάση C","labelSource":"osm-name","voltageRaw":"400000","circuits":null,"cables":"3","frequency":null,"location":null,"sourceProvider":"ArcGIS OSM Europe","sourceFallback":null,"sourceLicense":"ODbL 1.0","osmTimestamp":"2013-12-17T01:09:09Z"},"geometry":{"type":"LineString","coordinates":[[25.7452633997601,41.0995678002237],[25.7455549003749,41.0996219007265],[25.7458441004042,41.0996756004357],[25.7464088002564,41.099780500461],[25.7466949999127,41.0998337004594],[25.7471619001799,41.0999204000706]]}},{"type":"Feature","properties":{"assetId":"GR-line-way-252221214","countryCode":"GR","assetType":"line","powerType":"line","osmType":"way","osmId":"252221214","actualVoltagesKv":[400],"actualVoltageKv":400,"gridClass":"400","displayClass":"400 kV sınıfı","name":"Γραμμή 400 kV ΚΥΤ Φιλίππων – ΚΥΤ Νέας Σάντας","ref":null,"operator":null,"from":null,"to":null,"displayLabel":"Γραμμή 400 kV ΚΥΤ Φιλίππων – ΚΥΤ Νέας Σάντας","labelSource":"osm-name","voltageRaw":"400000","circuits":null,"cables":"3","frequency":null,"location":null,"sourceProvider":"ArcGIS OSM Europe","sourceFallback":null,"sourceLicense":"ODbL 1.0","osmTimestamp":"2013-12-17T01:09:09Z"},"geometry":{"type":"LineString","coordinates":[[25.7448147002588,41.1012056002767],[25.7450576002201,41.1006225005107]]}},{"type":"Feature","properties":{"assetId":"GR-line-way-252221217","countryCode":"GR","assetType":"line","powerType":"line","osmType":"way","osmId":"252221217","actualVoltagesKv":[400],"actualVoltageKv":400,"gridClass":"400","displayClass":"400 kV sınıfı","name":"Γραμμή 400 kV ΚΥΤ Φιλίππων – ΚΥΤ Νέας Σάντας","ref":null,"operator":null,"from":null,"to":null,"displayLabel":"Γραμμή 400 kV ΚΥΤ Φιλίππων – ΚΥΤ Νέας Σάντας","labelSource":"osm-name","voltageRaw":"400000","circuits":null,"cables":"3","frequency":null,"location":null,"sourceProvider":"ArcGIS OSM Europe","sourceFallback":null,"sourceLicense":"ODbL 1.0","osmTimestamp":"2013-12-17T01:09:09Z"},"geometry":{"type":"LineString","coordinates":[[25.7448147002588,41.1012056002767],[25.7453506998361,41.1006702004431]]}},{"type":"Feature","properties":{"assetId":"GR-line-way-252221219","countryCode":"GR","assetType":"line","powerType":"line","osmType":"way","osmId":"252221219","actualVoltagesKv":[400],"actualVoltageKv":400,"gridClass":"400","displayClass":"400 kV sınıfı","name":"Γραμμή 400 kV ΚΥΤ Φιλίππων – ΚΥΤ Νέας Σάντας","ref":null,"operator":null,"from":null,"to":null,"displayLabel":"Γραμμή 400 kV ΚΥΤ Φιλίππων – ΚΥΤ Νέας Σάντας","labelSource":"osm-name","voltageRaw":"400000","circuits":null,"cables":"1","frequency":null,"location":null,"sourceProvider":"ArcGIS OSM Europe","sourceFallback":null,"sourceLicense":"ODbL 1.0","osmTimestamp":"2013-12-17T01:09:10Z"},"geometry":{"type":"LineString","coordinates":[[25.7450576002201,41.1006225005107],[25.745094500317,41.100514200246],[25.7452633997601,41.0998693006837]]}},{"type":"Feature","properties":{"assetId":"GR-line-way-252221221","countryCode":"GR","assetType":"line","powerType":"line","osmType":"way","osmId":"252221221","actualVoltagesKv":[400],"actualVoltageKv":400,"gridClass":"400","displayClass":"400 kV sınıfı","name":"Γραμμή 400 kV ΚΥΤ Φιλίππων – ΚΥΤ Νέας Σάντας","ref":null,"operator":null,"from":null,"to":null,"displayLabel":"Γραμμή 400 kV ΚΥΤ Φιλίππων – ΚΥΤ Νέας Σάντας","labelSource":"osm-name","voltageRaw":"400000","circuits":null,"cables":"1","frequency":null,"location":null,"sourceProvider":"ArcGIS OSM Europe","sourceFallback":null,"sourceLicense":"ODbL 1.0","osmTimestamp":"2013-12-17T01:09:10Z"},"geometry":{"type":"LineString","coordinates":[[25.7453506998361,41.1006702004431],[25.7453873996087,41.1005620004429],[25.7455578001366,41.0999250005434]]}},{"type":"Feature","properties":{"assetId":"GR-line-way-252221223","countryCode":"GR","assetType":"line","powerType":"line","osmType":"way","osmId":"252221223","actualVoltagesKv":[400],"actualVoltageKv":400,"gridClass":"400","displayClass":"400 kV sınıfı","name":"Γραμμή 400 kV ΚΥΤ Φιλίππων – ΚΥΤ Νέας Σάντας","ref":null,"operator":null,"from":null,"to":null,"displayLabel":"Γραμμή 400 kV ΚΥΤ Φιλίππων – ΚΥΤ Νέας Σάντας","labelSource":"osm-name","voltageRaw":"400000","circuits":null,"cables":"1","frequency":null,"location":null,"sourceProvider":"ArcGIS OSM Europe","sourceFallback":null,"sourceLicense":"ODbL 1.0","osmTimestamp":"2013-12-17T01:09:10Z"},"geometry":{"type":"LineString","coordinates":[[25.7453506998361,41.1006702004431],[25.7454629003134,41.1005736003439],[25.7455509998899,41.1002403007167]]}},{"type":"Feature","properties":{"assetId":"GR-line-way-252221225","countryCode":"GR","assetType":"line","powerType":"line","osmType":"way","osmId":"252221225","actualVoltagesKv":[400],"actualVoltageKv":400,"gridClass":"400","displayClass":"400 kV sınıfı","name":"Γραμμή 400 kV ΚΥΤ Φιλίππων – ΚΥΤ Νέας Σάντας","ref":null,"operator":null,"from":null,"to":null,"displayLabel":"Γραμμή 400 kV ΚΥΤ Φιλίππων – ΚΥΤ Νέας Σάντας","labelSource":"osm-name","voltageRaw":"400000","circuits":null,"cables":"1","frequency":null,"location":null,"sourceProvider":"ArcGIS OSM Europe","sourceFallback":null,"sourceLicense":"ODbL 1.0","osmTimestamp":"2013-12-17T01:09:10Z"},"geometry":{"type":"LineString","coordinates":[[25.7450576002201,41.1006225005107],[25.7451700001234,41.1005258001553],[25.7452617001476,41.1001855000948]]}},{"type":"Feature","properties":{"assetId":"GR-line-way-252221227","countryCode":"GR","assetType":"line","powerType":"line","osmType":"way","osmId":"252221227","actualVoltagesKv":[400],"actualVoltageKv":400,"gridClass":"400","displayClass":"400 kV sınıfı","name":"Γραμμή 400 kV ΚΥΤ Φιλίππων – ΚΥΤ Νέας Σάντας","ref":null,"operator":null,"from":null,"to":null,"displayLabel":"Γραμμή 400 kV ΚΥΤ Φιλίππων – ΚΥΤ Νέας Σάντας","labelSource":"osm-name","voltageRaw":"400000","circuits":null,"cables":"1","frequency":null,"location":null,"sourceProvider":"ArcGIS OSM Europe","sourceFallback":null,"sourceLicense":"ODbL 1.0","osmTimestamp":"2013-12-17T01:09:10Z"},"geometry":{"type":"LineString","coordinates":[[25.7453506998361,41.1006702004431],[25.7453142003877,41.100542400559],[25.7455549003749,41.0996219007265]]}},{"type":"Feature","properties":{"assetId":"GR-line-way-252221229","countryCode":"GR","assetType":"line","powerType":"line","osmType":"way","osmId":"252221229","actualVoltagesKv":[400],"actualVoltageKv":400,"gridClass":"400","displayClass":"400 kV sınıfı","name":"Γραμμή 400 kV ΚΥΤ Φιλίππων – ΚΥΤ Νέας Σάντας","ref":null,"operator":null,"from":null,"to":null,"displayLabel":"Γραμμή 400 kV ΚΥΤ Φιλίππων – ΚΥΤ Νέας Σάντας","labelSource":"osm-name","voltageRaw":"400000","circuits":null,"cables":"1","frequency":null,"location":null,"sourceProvider":"ArcGIS OSM Europe","sourceFallback":null,"sourceLicense":"ODbL 1.0","osmTimestamp":"2013-12-17T01:09:10Z"},"geometry":{"type":"LineString","coordinates":[[25.7450576002201,41.1006225005107],[25.7450213001978,41.1004946003478],[25.7452633997601,41.0995678002237]]}},{"type":"Feature","properties":{"assetId":"GR-line-way-252221238","countryCode":"GR","assetType":"line","powerType":"line","osmType":"way","osmId":"252221238","actualVoltagesKv":[400],"actualVoltageKv":400,"gridClass":"400","displayClass":"400 kV sınıfı","name":null,"ref":null,"operator":null,"from":null,"to":null,"displayLabel":"400 kV · OSM 252221238","labelSource":"generated-identifier","voltageRaw":"400000","circuits":null,"cables":"1","frequency":null,"location":null,"sourceProvider":"ArcGIS OSM Europe","sourceFallback":null,"sourceLicense":"ODbL 1.0","osmTimestamp":"2013-12-17T01:09:10Z"},"geometry":{"type":"LineString","coordinates":[[25.7464915997728,41.1008736001748],[25.7465283004437,41.1007654005098],[25.7466902002141,41.1001392003912]]}},{"type":"Feature","properties":{"assetId":"GR-line-way-252221243","countryCode":"GR","assetType":"line","powerType":"line","osmType":"way","osmId":"252221243","actualVoltagesKv":[400],"actualVoltageKv":400,"gridClass":"400","displayClass":"400 kV sınıfı","name":null,"ref":null,"operator":null,"from":null,"to":null,"displayLabel":"400 kV · OSM 252221243","labelSource":"generated-identifier","voltageRaw":"400000","circuits":null,"cables":"3","frequency":null,"location":null,"sourceProvider":"ArcGIS OSM Europe","sourceFallback":null,"sourceLicense":"ODbL 1.0","osmTimestamp":"2013-12-17T01:09:11Z"},"geometry":{"type":"LineString","coordinates":[[25.7464915997728,41.1008736001748],[25.7464085999321,41.1011348006437],[25.7463321003008,41.1013755001307]]}},{"type":"Feature","properties":{"assetId":"GR-line-way-252221247","countryCode":"GR","assetType":"line","powerType":"line","osmType":"way","osmId":"252221247","actualVoltagesKv":[400],"actualVoltageKv":400,"gridClass":"400","displayClass":"400 kV sınıfı","name":null,"ref":null,"operator":null,"from":null,"to":null,"displayLabel":"400 kV · OSM 252221247","labelSource":"generated-identifier","voltageRaw":"400000","circuits":null,"cables":"1","frequency":null,"location":null,"sourceProvider":"ArcGIS OSM Europe","sourceFallback":null,"sourceLicense":"ODbL 1.0","osmTimestamp":"2013-12-17T01:09:11Z"},"geometry":{"type":"LineString","coordinates":[[25.7464915997728,41.1008736001748],[25.7464551003245,41.1007458006865],[25.7466949999127,41.0998337004594]]}},{"type":"Feature","properties":{"assetId":"GR-line-way-252221250","countryCode":"GR","assetType":"line","powerType":"line","osmType":"way","osmId":"252221250","actualVoltagesKv":[400],"actualVoltageKv":400,"gridClass":"400","displayClass":"400 kV sınıfı","name":null,"ref":null,"operator":null,"from":null,"to":null,"displayLabel":"400 kV · OSM 252221250","labelSource":"generated-identifier","voltageRaw":"400000","circuits":null,"cables":"1","frequency":null,"location":null,"sourceProvider":"ArcGIS OSM Europe","sourceFallback":null,"sourceLicense":"ODbL 1.0","osmTimestamp":"2013-12-17T01:09:11Z"},"geometry":{"type":"LineString","coordinates":[[25.7464915997728,41.1008736001748],[25.7466038002501,41.1007770003748],[25.7466893001022,41.1004559001102]]}},{"type":"Feature","properties":{"assetId":"GR-line-way-252221256","countryCode":"GR","assetType":"line","powerType":"line","osmType":"way","osmId":"252221256","actualVoltagesKv":[400],"actualVoltageKv":400,"gridClass":"400","displayClass":"400 kV sınıfı","name":null,"ref":null,"operator":null,"from":null,"to":null,"displayLabel":"400 kV · OSM 252221256","labelSource":"generated-identifier","voltageRaw":"400000","circuits":null,"cables":"1","frequency":null,"location":null,"sourceProvider":"ArcGIS OSM Europe","sourceFallback":null,"sourceLicense":"ODbL 1.0","osmTimestamp":"2013-12-17T01:09:11Z"},"geometry":{"type":"LineString","coordinates":[[25.7462060001911,41.1008186003874],[25.7461694998445,41.1006908001151],[25.7464088002564,41.099780500461]]}},{"type":"Feature","properties":{"assetId":"GR-line-way-252221258","countryCode":"GR","assetType":"line","powerType":"line","osmType":"way","osmId":"252221258","actualVoltagesKv":[400],"actualVoltageKv":400,"gridClass":"400","displayClass":"400 kV sınıfı","name":null,"ref":null,"operator":null,"from":null,"to":null,"displayLabel":"400 kV · OSM 252221258","labelSource":"generated-identifier","voltageRaw":"400000","circuits":null,"cables":"1","frequency":null,"location":null,"sourceProvider":"ArcGIS OSM Europe","sourceFallback":null,"sourceLicense":"ODbL 1.0","osmTimestamp":"2013-12-17T01:09:11Z"},"geometry":{"type":"LineString","coordinates":[[25.7462060001911,41.1008186003874],[25.7462426999637,41.1007104006317],[25.7464120000554,41.100086600406]]}},{"type":"Feature","properties":{"assetId":"GR-line-way-252221260","countryCode":"GR","assetType":"line","powerType":"line","osmType":"way","osmId":"252221260","actualVoltagesKv":[400],"actualVoltageKv":400,"gridClass":"400","displayClass":"400 kV sınıfı","name":null,"ref":null,"operator":null,"from":null,"to":null,"displayLabel":"400 kV · OSM 252221260","labelSource":"generated-identifier","voltageRaw":"400000","circuits":null,"cables":"3","frequency":null,"location":null,"sourceProvider":"ArcGIS OSM Europe","sourceFallback":null,"sourceLicense":"ODbL 1.0","osmTimestamp":"2013-12-17T01:09:11Z"},"geometry":{"type":"LineString","coordinates":[[25.7462060001911,41.1008186003874],[25.7461256000749,41.1010923005195],[25.7460583000904,41.1013214003954]]}},{"type":"Feature","properties":{"assetId":"GR-line-way-252221263","countryCode":"GR","assetType":"line","powerType":"line","osmType":"way","osmId":"252221263","actualVoltagesKv":[400],"actualVoltageKv":400,"gridClass":"400","displayClass":"400 kV sınıfı","name":null,"ref":null,"operator":null,"from":null,"to":null,"displayLabel":"400 kV · OSM 252221263","labelSource":"generated-identifier","voltageRaw":"400000","circuits":null,"cables":"1","frequency":null,"location":null,"sourceProvider":"ArcGIS OSM Europe","sourceFallback":null,"sourceLicense":"ODbL 1.0","osmTimestamp":"2013-12-17T01:09:11Z"},"geometry":{"type":"LineString","coordinates":[[25.7462060001911,41.1008186003874],[25.7463181997701,41.1007220005064],[25.7464033995849,41.1004017001082]]}},{"type":"Feature","properties":{"assetId":"GR-line-way-252221265","countryCode":"GR","assetType":"line","powerType":"line","osmType":"way","osmId":"252221265","actualVoltagesKv":[400],"actualVoltageKv":400,"gridClass":"400","displayClass":"400 kV sınıfı","name":null,"ref":null,"operator":null,"from":null,"to":null,"displayLabel":"400 kV · OSM 252221265","labelSource":"generated-identifier","voltageRaw":"400000","circuits":null,"cables":"3","frequency":null,"location":"underground","sourceProvider":"ArcGIS OSM Europe","sourceFallback":null,"sourceLicense":"ODbL 1.0","osmTimestamp":"2013-12-17T01:12:49Z"},"geometry":{"type":"LineString","coordinates":[[25.7464085999321,41.1011348006437],[25.7464345001584,41.1011399006026]]}},{"type":"Feature","properties":{"assetId":"GR-line-way-252221267","countryCode":"GR","assetType":"line","powerType":"line","osmType":"way","osmId":"252221267","actualVoltagesKv":[400],"actualVoltageKv":400,"gridClass":"400","displayClass":"400 kV sınıfı","name":null,"ref":null,"operator":null,"from":null,"to":null,"displayLabel":"400 kV · OSM 252221267","labelSource":"generated-identifier","voltageRaw":"400000","circuits":null,"cables":"3","frequency":null,"location":"underground","sourceProvider":"ArcGIS OSM Europe","sourceFallback":null,"sourceLicense":"ODbL 1.0","osmTimestamp":"2013-12-17T01:12:49Z"},"geometry":{"type":"LineString","coordinates":[[25.7461256000749,41.1010923005195],[25.7461522998018,41.1010972001115]]}},{"type":"Feature","properties":{"assetId":"GR-line-way-262191972","countryCode":"GR","assetType":"line","powerType":"line","osmType":"way","osmId":"262191972","actualVoltagesKv":[400],"actualVoltageKv":400,"gridClass":"400","displayClass":"400 kV sınıfı","name":null,"ref":null,"operator":null,"from":null,"to":null,"displayLabel":"400 kV · OSM 262191972","labelSource":"generated-identifier","voltageRaw":"400000","circuits":null,"cables":"3","frequency":null,"location":null,"sourceProvider":"ArcGIS OSM Europe","sourceFallback":null,"sourceLicense":"ODbL 1.0","osmTimestamp":"2014-02-18T10:09:49Z"},"geometry":{"type":"LineString","coordinates":[[23.309955970344703,41.39931215755878],[23.3106625004145,41.3947492005015],[23.3119985000579,41.3937128002657]]}},{"type":"Feature","properties":{"assetId":"GR-line-way-285516635","countryCode":"GR","assetType":"line","powerType":"line","osmType":"way","osmId":"285516635","actualVoltagesKv":[400],"actualVoltageKv":400,"gridClass":"400","displayClass":"400 kV sınıfı","name":null,"ref":null,"operator":null,"from":null,"to":null,"displayLabel":"400 kV · OSM 285516635","labelSource":"generated-identifier","voltageRaw":"400000","circuits":null,"cables":null,"frequency":null,"location":null,"sourceProvider":"ArcGIS OSM Europe","sourceFallback":null,"sourceLicense":"ODbL 1.0","osmTimestamp":"2014-05-31T16:49:54Z"},"geometry":{"type":"LineString","coordinates":[[23.7340134999939,38.1023472999508],[23.7340200999163,38.1021368003286],[23.7340348996606,38.1016619999777],[23.7340495996919,38.1011906999589],[23.7340560001883,38.1009868002159]]}},{"type":"Feature","properties":{"assetId":"GR-line-way-302950603","countryCode":"GR","assetType":"line","powerType":"line","osmType":"way","osmId":"302950603","actualVoltagesKv":[400],"actualVoltageKv":400,"gridClass":"400","displayClass":"400 kV sınıfı","name":"Αμύνταιο - Λαγκαδάς","ref":null,"operator":null,"from":null,"to":null,"displayLabel":"Αμύνταιο - Λαγκαδάς","labelSource":"osm-name","voltageRaw":"400000","circuits":null,"cables":"6","frequency":null,"location":null,"sourceProvider":"ArcGIS OSM Europe","sourceFallback":null,"sourceLicense":"ODbL 1.0","osmTimestamp":"2024-02-29T10:34:44Z"},"geometry":{"type":"LineString","coordinates":[[22.8823333,40.7727857],[22.8835191,40.7729166],[22.8875957,40.7733666],[22.891036,40.7737842],[22.8939496,40.7741162],[22.8997987,40.7747828],[22.9059121,40.7764349],[22.909789,40.7789222],[22.9135441,40.7813514],[22.9170044,40.7836013],[22.9205776,40.7859928],[22.9229864,40.7872436],[22.9251516,40.7879986],[22.9283402,40.7892057],[22.931301,40.7903583],[22.9353047,40.7919465],[22.9411185,40.7942969],[22.9465847,40.7965294],[22.9506603,40.7981083],[22.9558388,40.7993425],[22.9606576,40.8004132],[22.9633428,40.7996056],[22.9664954,40.7987526],[22.9720814,40.7986074],[22.9768537,40.7985932],[22.9796045,40.7985271],[22.9822462,40.79845],[22.9862415,40.7984004],[22.9911974,40.7982957],[22.995884,40.798191],[23.0009793,40.798068],[23.006288,40.798011],[23.0123567,40.7979243],[23.0163751,40.7977937],[23.0199333,40.7977465],[23.0230187,40.7976882],[23.0274843,40.7976465],[23.030495,40.7960212],[23.034259,40.7940428],[23.0382627,40.7918557],[23.0424702,40.7896141],[23.045515,40.7896594],[23.0465221,40.7899836]]}},{"type":"Feature","properties":{"assetId":"GR-line-way-302950605","countryCode":"GR","assetType":"line","powerType":"line","osmType":"way","osmId":"302950605","actualVoltagesKv":[400],"actualVoltageKv":400,"gridClass":"400","displayClass":"400 kV sınıfı","name":"Θεσσαλονίκη - Φίλοπποι","ref":null,"operator":null,"from":null,"to":null,"displayLabel":"Θεσσαλονίκη - Φίλοπποι","labelSource":"osm-name","voltageRaw":"400000","circuits":null,"cables":"6","frequency":null,"location":null,"sourceProvider":"ArcGIS OSM Europe","sourceFallback":null,"sourceLicense":"ODbL 1.0","osmTimestamp":"2022-05-02T08:54:10Z"},"geometry":{"type":"LineString","coordinates":[[23.0272649,40.7973317],[23.0302114,40.7957737],[23.0340593,40.7937137],[23.0381469,40.7914721],[23.0423424,40.7892395],[23.0458067,40.7892032],[23.0468183,40.789342]]}},{"type":"Feature","properties":{"assetId":"GR-line-way-306220961","countryCode":"GR","assetType":"line","powerType":"line","osmType":"way","osmId":"306220961","actualVoltagesKv":[400],"actualVoltageKv":400,"gridClass":"400","displayClass":"400 kV sınıfı","name":null,"ref":null,"operator":null,"from":null,"to":null,"displayLabel":"400 kV · OSM 306220961","labelSource":"generated-identifier","voltageRaw":"400000","circuits":null,"cables":null,"frequency":null,"location":null,"sourceProvider":"ArcGIS OSM Europe","sourceFallback":null,"sourceLicense":"ODbL 1.0","osmTimestamp":"2014-10-04T09:23:19Z"},"geometry":{"type":"LineString","coordinates":[[21.7838349,40.4106263],[21.7834162,40.4105223]]}},{"type":"Feature","properties":{"assetId":"GR-line-way-306220962","countryCode":"GR","assetType":"line","powerType":"line","osmType":"way","osmId":"306220962","actualVoltagesKv":[400],"actualVoltageKv":400,"gridClass":"400","displayClass":"400 kV sınıfı","name":null,"ref":null,"operator":null,"from":null,"to":null,"displayLabel":"400 kV · OSM 306220962","labelSource":"generated-identifier","voltageRaw":"400000","circuits":null,"cables":null,"frequency":null,"location":null,"sourceProvider":"ArcGIS OSM Europe","sourceFallback":null,"sourceLicense":"ODbL 1.0","osmTimestamp":"2014-10-04T09:23:19Z"},"geometry":{"type":"LineString","coordinates":[[21.7841412,40.4100239],[21.7837432,40.4098956]]}},{"type":"Feature","properties":{"assetId":"GR-line-way-306220963","countryCode":"GR","assetType":"line","powerType":"line","osmType":"way","osmId":"306220963","actualVoltagesKv":[400],"actualVoltageKv":400,"gridClass":"400","displayClass":"400 kV sınıfı","name":null,"ref":null,"operator":null,"from":null,"to":null,"displayLabel":"400 kV · OSM 306220963","labelSource":"generated-identifier","voltageRaw":"400000","circuits":null,"cables":null,"frequency":null,"location":null,"sourceProvider":"ArcGIS OSM Europe","sourceFallback":null,"sourceLicense":"ODbL 1.0","osmTimestamp":"2014-10-04T09:23:19Z"},"geometry":{"type":"LineString","coordinates":[[21.7845002,40.4093818],[21.7840971,40.4092503]]}},{"type":"Feature","properties":{"assetId":"GR-line-way-306220964","countryCode":"GR","assetType":"line","powerType":"line","osmType":"way","osmId":"306220964","actualVoltagesKv":[400],"actualVoltageKv":400,"gridClass":"400","displayClass":"400 kV sınıfı","name":null,"ref":null,"operator":null,"from":null,"to":null,"displayLabel":"400 kV · OSM 306220964","labelSource":"generated-identifier","voltageRaw":"400000","circuits":null,"cables":null,"frequency":null,"location":null,"sourceProvider":"ArcGIS OSM Europe","sourceFallback":null,"sourceLicense":"ODbL 1.0","osmTimestamp":"2014-10-04T09:23:19Z"},"geometry":{"type":"LineString","coordinates":[[21.7847367996273,40.4086807005908],[21.7844308999169,40.4085927001723]]}},{"type":"Feature","properties":{"assetId":"GR-line-way-307629072","countryCode":"GR","assetType":"line","powerType":"line","osmType":"way","osmId":"307629072","actualVoltagesKv":[400],"actualVoltageKv":400,"gridClass":"400","displayClass":"400 kV sınıfı","name":"Αμύνταιο - Λαγκαδάς","ref":null,"operator":null,"from":null,"to":null,"displayLabel":"Αμύνταιο - Λαγκαδάς","labelSource":"osm-name","voltageRaw":"400000","circuits":null,"cables":"6","frequency":null,"location":null,"sourceProvider":"ArcGIS OSM Europe","sourceFallback":null,"sourceLicense":"ODbL 1.0","osmTimestamp":"2023-01-16T13:53:35Z"},"geometry":{"type":"LineString","coordinates":[[22.8481227,40.7691105],[22.8447536,40.7694519],[22.8412148,40.7699194],[22.8389092,40.7700808],[22.836596,40.7695085],[22.8324765,40.7670503],[22.8276656,40.7641121],[22.8229555,40.7612792],[22.8189944,40.7588353],[22.8164488,40.7572801],[22.812273,40.75477],[22.8082634,40.7523616],[22.8040323,40.7497375],[22.8008688,40.7478022],[22.7972388,40.7455973],[22.7940437,40.7437279],[22.7899866,40.7411993],[22.7861509,40.7389403],[22.7816035,40.7377777],[22.7774904,40.7366917],[22.7769058,40.7365373]]}},{"type":"Feature","properties":{"assetId":"GR-line-way-307629073","countryCode":"GR","assetType":"line","powerType":"line","osmType":"way","osmId":"307629073","actualVoltagesKv":[400],"actualVoltageKv":400,"gridClass":"400","displayClass":"400 kV sınıfı","name":"Αμύνταιο - Λαγκαδάς","ref":null,"operator":null,"from":null,"to":null,"displayLabel":"Αμύνταιο - Λαγκαδάς","labelSource":"osm-name","voltageRaw":"400000","circuits":null,"cables":"6","frequency":null,"location":null,"sourceProvider":"ArcGIS OSM Europe","sourceFallback":null,"sourceLicense":"ODbL 1.0","osmTimestamp":"2023-01-16T13:53:35Z"},"geometry":{"type":"LineString","coordinates":[[22.8823333,40.7727857],[22.8775929,40.7722272],[22.8734163,40.7717351],[22.866946,40.7709727],[22.8598484,40.7701364],[22.8541109,40.7694604],[22.8505146,40.7690366],[22.8486491,40.7690776],[22.8481227,40.7691105]]}},{"type":"Feature","properties":{"assetId":"GR-line-way-312569515","countryCode":"GR","assetType":"line","powerType":"line","osmType":"way","osmId":"312569515","actualVoltagesKv":[400],"actualVoltageKv":400,"gridClass":"400","displayClass":"400 kV sınıfı","name":"Babaeski TM - Nea Santa EİH","ref":null,"operator":null,"from":null,"to":null,"displayLabel":"Babaeski TM - Nea Santa EİH","labelSource":"osm-name","voltageRaw":"400000","circuits":null,"cables":"3","frequency":null,"location":null,"sourceProvider":"ArcGIS OSM Europe","sourceFallback":null,"sourceLicense":"ODbL 1.0","osmTimestamp":"2021-11-24T09:05:28Z"},"geometry":{"type":"LineString","coordinates":[[26.0844518997338,41.2528356003449],[26.0793336998935,41.2533822005739],[26.0770534002066,41.2536257004367],[26.0736518997389,41.2539889001988],[26.0681862998186,41.2545726001514],[26.0637623000636,41.2550450001152],[26.0586774995856,41.2555880005748],[26.0574673000146,41.2557172001271],[26.0555232999257,41.2559248003173],[26.0522474001043,41.2555587006392],[26.0459931997389,41.2548598001517],[26.0425488002248,41.254474900389],[26.037689299915,41.2539319001313],[26.033650900199,41.2534806002857],[26.026914900109,41.2527278006632],[26.0218862003188,41.2521658006497],[26.01844559978,41.2517813003666],[26.0178386000577,41.2517135005346],[26.0137026998957,41.2512513003252],[26.0101964001704,41.2508594005966],[26.0043750000239,41.2493853002614],[25.9995338001931,41.248120600408],[25.9953172995906,41.246864200646],[25.9929619995606,41.2462387005097],[25.9909715996907,41.2452242003461],[25.9881397002834,41.2436899006839],[25.9825049996974,41.2407709004311],[25.9801033995994,41.2394563003089],[25.9749297000442,41.2367475005472],[25.9718625004229,41.2351392002126],[25.9670199001186,41.2326065006878],[25.9629419996829,41.2303884005761],[25.9602554997909,41.2289171002765],[25.9550110004149,41.2261171002373],[25.9525002002126,41.2248174000846],[25.9488785999239,41.22284250029],[25.9458527003478,41.2225367001812],[25.9390004995826,41.221693600091],[25.9306195000527,41.2206394003952],[25.9247020996469,41.2200955007109],[25.9192980001876,41.2180269002753],[25.9175174997686,41.2151793004454],[25.9150381001771,41.2113712005766],[25.913858700244,41.2095595004166],[25.9114728000022,41.2079746000839],[25.9085850002314,41.2060563004913],[25.9041067997253,41.2030814006098],[25.899475999707,41.2000050006534],[25.8957691996035,41.1975044003196],[25.8909998003167,41.1943119002959],[25.8882859997248,41.192900100659],[25.8839295999915,41.1906335006943],[25.8805702996809,41.1888857005289],[25.8786533002545,41.1878884003321],[25.8749248004469,41.1873976000755],[25.8714622001669,41.1869419002361],[25.8679037999516,41.1864735004162],[25.8630993996064,41.1872436002581],[25.8612331999093,41.1875427002137],[25.8584722997487,41.1876202000809],[25.8546555997533,41.1874577003194],[25.8488823996118,41.1864531007405],[25.8455922004078,41.1858805003766],[25.8427431000594,41.1846974007261],[25.8381586998222,41.1827936003128],[25.8354910995854,41.1816857003832],[25.8309562001136,41.1785299006281],[25.8288794999926,41.1776093005995],[25.8241388000825,41.175465600219],[25.8192293004422,41.1732654003035],[25.8173792003517,41.1724310001285],[25.8142938996774,41.1710394002834],[25.8106627997045,41.1694016002644],[25.8077671998621,41.1682556006826],[25.8030204003912,41.1663768001805],[25.7978445996766,41.1643282005574],[25.7957609995959,41.1632800004954],[25.7904404003389,41.160603300175],[25.7871611003943,41.1589797005717],[25.7839906996182,41.1574100006742],[25.7800969996299,41.1563508006235],[25.7761374998437,41.1552738004049],[25.7735327996431,41.153467000393],[25.7684461998395,41.1499385005625],[25.7665431000455,41.1486296003841],[25.7637210003596,41.1466889002871],[25.7606270004001,41.1445336007097],[25.7584010999919,41.1429829006066],[25.7537940999388,41.1397733003452],[25.7533373003286,41.1379582001997],[25.752527600254,41.1347409001669],[25.7524938002431,41.1325844007345],[25.7524307995956,41.1285691002175],[25.7523574997634,41.1252384003248],[25.7514932997988,41.1225015001674],[25.7506900002206,41.1200475007312],[25.7500024000577,41.1179470001385],[25.7491406003916,41.1153227004286],[25.7481256999533,41.1122321002712],[25.7470136997176,41.1088700001336],[25.7458088999198,41.1051553001248],[25.7452069002203,41.1031494004828],[25.7456317000435,41.1013332005316],[25.7456402996157,41.1007167001438]]}},{"type":"Feature","properties":{"assetId":"GR-line-way-312569517","countryCode":"GR","assetType":"line","powerType":"line","osmType":"way","osmId":"312569517","actualVoltagesKv":[400],"actualVoltageKv":400,"gridClass":"400","displayClass":"400 kV sınıfı","name":"Babaeski TM - Nea Santa EİH","ref":null,"operator":null,"from":null,"to":null,"displayLabel":"Babaeski TM - Nea Santa EİH","labelSource":"osm-name","voltageRaw":"400000","circuits":null,"cables":"3","frequency":null,"location":null,"sourceProvider":"ArcGIS OSM Europe","sourceFallback":null,"sourceLicense":"ODbL 1.0","osmTimestamp":"2021-06-13T19:05:57Z"},"geometry":{"type":"LineString","coordinates":[[26.46573120836281,41.29838347649029],[26.4626092996645,41.2988309001373],[26.4581617999817,41.299447500403],[26.4527831003871,41.3025876007042],[26.4496282000413,41.3044162006127],[26.4452456000444,41.3067279001265],[26.4423582000239,41.308355300161],[26.4393700997583,41.3094091002468],[26.4367581995607,41.3103303001807]]}},{"type":"Feature","properties":{"assetId":"GR-line-way-312569518","countryCode":"GR","assetType":"line","powerType":"line","osmType":"way","osmId":"312569518","actualVoltagesKv":[400],"actualVoltageKv":400,"gridClass":"400","displayClass":"400 kV sınıfı","name":"Babaeski TM - Nea Santa EİH","ref":null,"operator":null,"from":null,"to":null,"displayLabel":"Babaeski TM - Nea Santa EİH","labelSource":"osm-name","voltageRaw":"400000","circuits":null,"cables":"3","frequency":null,"location":null,"sourceProvider":"ArcGIS OSM Europe","sourceFallback":null,"sourceLicense":"ODbL 1.0","osmTimestamp":"2020-10-29T17:55:54Z"},"geometry":{"type":"LineString","coordinates":[[26.4367581995607,41.3103303001807],[26.4335073995667,41.3099165004913],[26.4308088002661,41.3095303004631],[26.4269806000385,41.3090021005307],[26.4223802996207,41.3084049002567],[26.4179233999667,41.3077908004364],[26.4146012000773,41.3073330007548],[26.4101939000034,41.3067257002705],[26.4070182000655,41.3062700005333],[26.4029903995716,41.3057125001346],[26.3999707998806,41.3050560003394],[26.3945214001782,41.3038712004744],[26.3911674996408,41.3031419007373],[26.385154300198,41.3018345007446],[26.3809883001859,41.3009287005899],[26.3766113999995,41.2999770006037],[26.3712481002238,41.2988108007344],[26.3668887001175,41.2978845005263],[26.3627298003893,41.2969831005469],[26.3599818000363,41.2963875004152],[26.3539612002723,41.2950826005906],[26.3513399998166,41.294514400744],[26.345754899709,41.2933039006338],[26.342328199701,41.2925611005128],[26.3384690004095,41.2917246004508],[26.3350866996343,41.2909915004978],[26.3344376003662,41.290850800462],[26.3306704999509,41.2900342003648],[26.3272231997767,41.2892839004034],[26.3233823997788,41.2884478004398],[26.3180018999604,41.2872767004623],[26.3147354001102,41.2865656004437],[26.3125253998825,41.2860846006451],[26.3091449999425,41.284775600483],[26.3043341002862,41.2829126002811],[26.3013963999997,41.2817750007577],[26.297131100216,41.2801232003762],[26.2934900999103,41.2787132003184],[26.290456899726,41.2775385001509],[26.2868375003097,41.2761368002015],[26.2847261997789,41.2753515005157],[26.2789450001398,41.2740766004225],[26.2743914004387,41.2730724005882],[26.2702029003236,41.2721487002321],[26.2670655997708,41.2714569004443],[26.2634373995597,41.2706567007239],[26.2596508003128,41.2698216003838],[26.2564868997461,41.2691959000971],[26.2526551996821,41.268438100129],[26.2462837000018,41.2671779000951],[26.2402377003731,41.2659821002373],[26.2348182999097,41.2649103003664],[26.2299417998814,41.2639458003549],[26.2255147000403,41.2630701002986],[26.2193686999542,41.263159000136],[26.2116226000228,41.2632710002268],[26.2082616998127,41.2633195001824],[26.203693100043,41.2633856005164],[26.196798600306,41.2634853005452],[26.1899837002862,41.2635783006035],[26.1843707003026,41.2636550007196],[26.1812286000513,41.2635660002701],[26.1747398001578,41.2633822006285],[26.1669433002474,41.2631613007234],[26.1619838003784,41.2630208006564],[26.1565290000046,41.2628663002025],[26.1533110999095,41.2627751007161],[26.1470852997818,41.2625988003004],[26.1394565997766,41.2614097003603],[26.1340600003516,41.2605685001202],[26.1290809001415,41.2597924003417],[26.126373500046,41.2593704007335],[26.1221054999266,41.2587051007079],[26.1163698996696,41.2578111004286],[26.1122641999692,41.2571711007352],[26.1057538997977,41.2561563002984],[26.1001648003906,41.2552850002743],[26.0948809997209,41.2544614002825],[26.0909947997669,41.2538555006074],[26.0844518997338,41.2528356003449]]}},{"type":"Feature","properties":{"assetId":"GR-line-way-354896972","countryCode":"GR","assetType":"line","powerType":"line","osmType":"way","osmId":"354896972","actualVoltagesKv":[400],"actualVoltageKv":400,"gridClass":"400","displayClass":"400 kV sınıfı","name":"ΚΥΤ ΛΑΡΙΜΝΑΣ - ΚΥΤ ΑΛΙΒΕΡΙΟΥ - ΚΥΤ ΑΓΙΟΥ ΣΤΕΦΑΝΟΥ","ref":null,"operator":"IPTO","from":null,"to":null,"displayLabel":"ΚΥΤ ΛΑΡΙΜΝΑΣ - ΚΥΤ ΑΛΙΒΕΡΙΟΥ - ΚΥΤ ΑΓΙΟΥ ΣΤΕΦΑΝΟΥ","labelSource":"osm-name","voltageRaw":"400000","circuits":null,"cables":null,"frequency":null,"location":null,"sourceProvider":"ArcGIS OSM Europe","sourceFallback":null,"sourceLicense":"ODbL 1.0","osmTimestamp":"2022-05-29T21:54:01Z"},"geometry":{"type":"LineString","coordinates":[[23.4642275,38.3821684],[23.4668759,38.3841338],[23.4705355,38.3852288],[23.4736684,38.3872177],[23.4765171,38.3889774],[23.4789684,38.3905016],[23.48237,38.3925782],[23.4846761,38.3940334],[23.4877338,38.395959],[23.4911027,38.3980611],[23.4929271,38.400272],[23.4964671,38.4044343],[23.4993752,38.4079314],[23.5020788,38.4110836],[23.5048683,38.412042],[23.5087736,38.4133534],[23.5112539,38.414199],[23.5143955,38.4152701],[23.5170348,38.4161527],[23.5203924,38.4172884],[23.5239329,38.4184653],[23.5268726,38.4194235],[23.5311642,38.4208105],[23.535166,38.4208105],[23.5380199,38.4208273],[23.5421827,38.4208433],[23.5451224,38.4209114],[23.5477402,38.4223058],[23.5518816,38.4244837],[23.554199,38.4257604],[23.5576644,38.4275936],[23.5597243,38.4299973],[23.5628357,38.4336028],[23.565239,38.4363257],[23.5672023,38.4383342],[23.5703459,38.441536],[23.5724917,38.4419805],[23.576118,38.4427208],[23.5790041,38.4448888],[23.581418,38.4450232],[23.585832149164474,38.4447718743384]]}},{"type":"Feature","properties":{"assetId":"GR-line-way-361051486","countryCode":"GR","assetType":"line","powerType":"line","osmType":"way","osmId":"361051486","actualVoltagesKv":[400],"actualVoltageKv":400,"gridClass":"400","displayClass":"400 kV sınıfı","name":null,"ref":null,"operator":null,"from":null,"to":null,"displayLabel":"400 kV · OSM 361051486","labelSource":"generated-identifier","voltageRaw":"400000","circuits":null,"cables":"6","frequency":null,"location":null,"sourceProvider":"ArcGIS OSM Europe","sourceFallback":null,"sourceLicense":"ODbL 1.0","osmTimestamp":"2015-07-17T16:54:59Z"},"geometry":{"type":"LineString","coordinates":[[21.6308069003986,40.7607924003725],[21.6304808999853,40.7625696000922],[21.6282892999496,40.7653515003671],[21.6266497002829,40.7674547003266],[21.6253221996005,40.7691521001675]]}},{"type":"Feature","properties":{"assetId":"GR-line-way-492670621","countryCode":"GR","assetType":"line","powerType":"line","osmType":"way","osmId":"492670621","actualVoltagesKv":[400],"actualVoltageKv":400,"gridClass":"400","displayClass":"400 kV sınıfı","name":null,"ref":null,"operator":null,"from":null,"to":null,"displayLabel":"400 kV · OSM 492670621","labelSource":"generated-identifier","voltageRaw":"400000","circuits":null,"cables":"3","frequency":"50","location":null,"sourceProvider":"ArcGIS OSM Europe","sourceFallback":null,"sourceLicense":"ODbL 1.0","osmTimestamp":"2017-05-10T21:44:54Z"},"geometry":{"type":"LineString","coordinates":[[23.9062572002063,37.9172941002275],[23.9052763998162,37.9146881998328],[23.9039973003612,37.9122493998606],[23.9047279998948,37.9099269002435],[23.9053301999186,37.9080040997391],[23.9062523996095,37.9053473998333],[23.9069628996256,37.9033332999806],[23.9089489004456,37.9025603000243],[23.9113127003347,37.9016913001255],[23.9135526000884,37.9005200002582]]}},{"type":"Feature","properties":{"assetId":"GR-line-way-492670622","countryCode":"GR","assetType":"line","powerType":"line","osmType":"way","osmId":"492670622","actualVoltagesKv":[400],"actualVoltageKv":400,"gridClass":"400","displayClass":"400 kV sınıfı","name":null,"ref":null,"operator":null,"from":null,"to":null,"displayLabel":"400 kV · OSM 492670622","labelSource":"generated-identifier","voltageRaw":"400000","circuits":null,"cables":"6","frequency":"50","location":null,"sourceProvider":"ArcGIS OSM Europe","sourceFallback":null,"sourceLicense":"ODbL 1.0","osmTimestamp":"2017-05-10T21:44:55Z"},"geometry":{"type":"LineString","coordinates":[[23.8524316997724,37.9938565997341],[23.8541090996479,37.9935607001622],[23.8575626997072,37.9930200000803],[23.8613351998957,37.9949379000429],[23.8643233998742,37.9946478997978],[23.8669099999201,37.9926633002862],[23.8698017998889,37.9904411001187],[23.8722265001645,37.9885744998398],[23.8746807002156,37.9867030999028],[23.8768066998794,37.985057799725],[23.8776818997146,37.9828879997693],[23.8787800003179,37.9803684001161],[23.8796887001268,37.9782828002228],[23.88098969961,37.9752993999229],[23.8823610003491,37.9721555999294],[23.8836546004094,37.9691778001478],[23.8851383001535,37.9657710001643],[23.8863240996847,37.9630488001559],[23.8875871004314,37.9601597996916],[23.8888917003624,37.9571753002203],[23.8901206998756,37.9543695997868],[23.8910207003992,37.9522882997007],[23.8925376000796,37.9487980997242],[23.8936832000018,37.9461616998781],[23.8947956997008,37.9436018996891],[23.8958588001441,37.9411784996292],[23.8970642997295,37.9384097998466],[23.8983089002842,37.9355515996464],[23.899586600164,37.9326170998924],[23.9009128000859,37.9295905996685],[23.902161900302,37.9267016998935],[23.9034196998032,37.923812500245],[23.904609999894,37.9210780002776],[23.905516799766,37.9189949997176],[23.9062572002063,37.9172941002275]]}},{"type":"Feature","properties":{"assetId":"GR-line-way-499519309","countryCode":"GR","assetType":"line","powerType":"line","osmType":"way","osmId":"499519309","actualVoltagesKv":[400],"actualVoltageKv":400,"gridClass":"400","displayClass":"400 kV sınıfı","name":"HVDC Italy-Greece","ref":null,"operator":null,"from":null,"to":null,"displayLabel":"HVDC Italy-Greece","labelSource":"osm-name","voltageRaw":"400000","circuits":null,"cables":null,"frequency":"0","location":null,"sourceProvider":"ArcGIS OSM Europe","sourceFallback":null,"sourceLicense":"ODbL 1.0","osmTimestamp":"2021-06-24T04:39:09Z"},"geometry":{"type":"LineString","coordinates":[[20.074562299696,39.6789402000687],[20.0787000000817,39.676575400397],[20.0815485003555,39.6749486000654],[20.0836569999392,39.67371380001],[20.0883828003921,39.6709930001923],[20.0905016997719,39.6697460004202],[20.0946057995728,39.667396299975],[20.099164499908,39.6659427005341],[20.1048894003316,39.6640679003423],[20.1085747001572,39.6628582000925],[20.1116286999337,39.6618494005304],[20.1147921001387,39.6597111999675],[20.1173077000395,39.658038799945],[20.1222378995588,39.6549783005211],[20.1242746003952,39.6533490004391],[20.1265881997313,39.6522505001114],[20.1308743000054,39.6501212999196],[20.1365498999879,39.6473188003575],[20.1391415000567,39.6462468001359],[20.144075500348,39.6438580005583],[20.1462995996341,39.6426393005631],[20.1490482997748,39.642443700441],[20.1516586997858,39.6422643999583],[20.156583300106,39.6419315000647],[20.1628120997085,39.6415581001753],[20.1678926996642,39.641137699928],[20.1706306999715,39.6409389999574],[20.1726933001358,39.639704099917],[20.1764699002353,39.6373205000401],[20.1789986999809,39.63578660042],[20.1826361995518,39.6335546002678],[20.1881053002067,39.6323258004829],[20.1905299995839,39.6324784002991],[20.1960709995975,39.6308802002494],[20.2008860000632,39.6294933005157],[20.2042279997197,39.6284810002358],[20.2072508998211,39.6276112999722],[20.2108343001507,39.6265639005341],[20.2138034998627,39.6256054003008],[20.2200101002978,39.6236469004146],[20.2249642003936,39.6221177999926],[20.2274827997691,39.6199567004091],[20.2315623998173,39.6164589004573],[20.2355455001427,39.613070400018],[20.2398236997338,39.6094008002847],[20.2413373996151,39.6087440000313],[20.2429054996734,39.6080636004341],[20.2453351002588,39.6069588004752],[20.2497447000198,39.6049750000989],[20.2537576998711,39.6031846002803],[20.2573411002007,39.6003405998943],[20.2597684999137,39.598396100177],[20.2619062001341,39.5966884001374],[20.2636277001035,39.5932137004311],[20.2653582002938,39.5897917003328],[20.2671981997274,39.5861496999885],[20.2713315001649,39.5826231002774],[20.2741880996492,39.5801693000511],[20.2759980998438,39.578652899977],[20.2798444002262,39.5753659001617],[20.2836670003564,39.5742815001497],[20.2869983001796,39.5733221002043],[20.2897502001193,39.5725262002498],[20.2921133002209,39.570900700257],[20.2948007999378,39.5690590001355],[20.2969197999289,39.5675991998698],[20.3005433998675,39.5651283001213],[20.3016591999768,39.5625601998897],[20.3038398998549,39.557785200384],[20.3052126998822,39.5547301002641],[20.3066020998777,39.5516569004147],[20.3094189004017,39.5486362002696],[20.3114084998727,39.5464576003419],[20.3136466003008,39.5440582004733],[20.3149450997727,39.5426726001879],[20.3176558999915,39.5396244002638],[20.3185867001529,39.5369934000385],[20.321966199981,39.5340001001166],[20.3239215996908,39.532281099856],[20.3265850003037,39.5299742004855],[20.329564899849,39.5272805000651],[20.3333414999485,39.5258987998816],[20.337308499769,39.5243284999707],[20.3413558997058,39.5227922999137],[20.3448025998053,39.5214237000102],[20.3488420002445,39.5198467005042],[20.3524951996717,39.518409000446],[20.3555555999446,39.5171986003331],[20.3600321996528,39.515479000471],[20.3631542998126,39.5142580001537],[20.3662253999188,39.5130002005374],[20.3715115999886,39.5116042000774],[20.3744194995639,39.5108274002034],[20.3791965003947,39.509598200245],[20.3821522999376,39.5090374005107],[20.3876106001478,39.508083400425],[20.3918511998544,39.5073053004583],[20.3975536001751,39.5062685004441],[20.4014936999445,39.5056207999723],[20.4053347002667,39.5049129000772],[20.409824700144,39.501585200073],[20.4142797995741,39.4994741000077],[20.4203761003671,39.5001993004369],[20.4252072004392,39.5007656002839],[20.4272161002141,39.4999977000546],[20.4298817996158,39.4987714000819],[20.4320146004246,39.4978038002005],[20.4345626995758,39.4936312004869],[20.4356324996544,39.4918312999299],[20.4379745001266,39.4872577998996],[20.4400772998999,39.4830761002717],[20.4402194996161,39.4809729004768],[20.440509200007,39.4776933998538],[20.4407558998419,39.4735176003545],[20.4410456002328,39.4691633003121],[20.4413915998392,39.4646596001246],[20.4415499000603,39.4622535002444],[20.4417001001724,39.4602302999079],[20.4437760996075,39.458097199992],[20.4488750000422,39.455593300457],[20.4530162999773,39.4545415004711],[20.4589908997106,39.4529924003106],[20.4630102003453,39.4519401004521],[20.4683826997678,39.4493885999656],[20.471316999931,39.447990600047],[20.4748172998086,39.4463315003491],[20.4781378997985,39.4447632999799],[20.4808142002188,39.4434927001658],[20.4837114996737,39.4421348000179],[20.4885421999955,39.4398275000573],[20.492372499586,39.4380334004517],[20.4948588000355,39.4368513000707],[20.4997672998509,39.4345148000525],[20.5031021004087,39.4329317000392],[20.5066096999964,39.4312738999062],[20.5101368999252,39.4295957002865],[20.5138058998199,39.4278390003625],[20.5175163003711,39.4253370000565],[20.5208010998019,39.4230590999561],[20.5235607001002,39.4211841005026],[20.5261736001228,39.4193813000846],[20.5287887998324,39.417597300238],[20.5319513996385,39.4154377998842],[20.5350837001684,39.4133004005231],[20.5378206000395,39.4114225005038],[20.5407894000011,39.4093794001035],[20.5438326999443,39.4073138000545],[20.546534299618,39.40546679996],[20.5497821998502,39.4032308004835],[20.5526470997678,39.4012720001314],[20.5551174003238,39.3984939000542],[20.5569819004083,39.3963984000622],[20.5592801996386,39.3938136005265],[20.5636845999508,39.3910816999397],[20.5664277997069,39.3880784000093],[20.5682869000183,39.3860609004589],[20.5723534996477,39.381573400323],[20.57643529967,39.3771394001938],[20.5780233001067,39.3753880003794],[20.5806381997791,39.3725366002103],[20.5803404001775,39.3697539003713],[20.5800568999587,39.3671311999473],[20.5796966000713,39.3643205000027],[20.5792678997632,39.3605805998555],[20.5799150002798,39.3570787002613],[20.5805288002488,39.3538298005014],[20.5819363003989,39.3518730998545],[20.5837292002638,39.3493796000047],[20.5866642002146,39.3477621000317],[20.5907012003553,39.3455678002519],[20.5923123997843,39.3426941003453],[20.5929158996702,39.3391216000047],[20.5955819000075,39.3363907003162],[20.598798399629,39.3361275004951],[20.6012931999377,39.3359655001507],[20.6076139996017,39.3354894999001],[20.6100730002498,39.3332237998372],[20.6115968996028,39.3318380002639],[20.6133169002841,39.3294430999328],[20.6166053001625,39.3247955000832],[20.6193293999391,39.3210157003336],[20.6206465996402,39.3180016004429],[20.6217275999138,39.3155001000895],[20.6238584998875,39.3131794003213],[20.6252393003107,39.3116876998901],[20.627125100349,39.3096726998611],[20.6288007997137,39.3078805003366],[20.6305125996747,39.3053141002311],[20.6323275998922,39.3025501005079],[20.6334944000551,39.3008853005079],[20.6355918997682,39.2977927999642],[20.6367058996537,39.296088399966],[20.6385743002233,39.2933320003721],[20.6396256003969,39.2917358003665],[20.6427137999346,39.2870979004925],[20.6449611997225,39.2837142002824],[20.6468979998144,39.280815700183],[20.6496767998053,39.2766508002565],[20.6513396999738,39.2741633998419],[20.6530721998139,39.2715554000098],[20.6553407001296,39.2681482002361],[20.6579959000221,39.2663007001836],[20.6607108998649,39.2642814003446],[20.6650530999285,39.263417500142],[20.6683158996181,39.2630125002214],[20.6744269004424,39.2626875999846],[20.6786093000983,39.2618891004042],[20.6848348999018,39.2607013004088],[20.6907593996933,39.2587448001627],[20.6934273996804,39.2578489001587],[20.6980011997973,39.2563295002242],[20.7026510746423,39.2547629473319],[20.7038091000616,39.2543728000608],[20.7075481002765,39.253114099892],[20.7113372004331,39.2518391000717],[20.7171522997961,39.2499136004],[20.721693299727,39.2469433001178],[20.7247859001113,39.24495749993],[20.7289645996066,39.2422613002385],[20.7312450996178,39.2407573001921],[20.7348415003662,39.2384274000552],[20.737288200383,39.2368351000055],[20.7419655996084,39.235268700271],[20.744082099588,39.234533200199],[20.7482908001189,39.233147600207],[20.7516481995944,39.2320132003008],[20.755473200023,39.2311614004235],[20.760389400197,39.2300477004656],[20.7647079000084,39.2290552004391],[20.771440400262,39.2275399002481],[20.7752140997014,39.2266784999915],[20.7791393000135,39.2261188000538],[20.7858757995668,39.2251817003489],[20.7924347003917,39.2242594004511],[20.7953748997914,39.2238502000383],[20.7991314997993,39.22330330045],[20.8026464997083,39.2226881999927],[20.8092450000676,39.2215548001766],[20.8130282998024,39.2208662998973],[20.8174185004449,39.2201365003789],[20.8210813998805,39.2194942001521],[20.8265791001991,39.2185338998473],[20.830888700401,39.2177841004049],[20.8347349001721,39.2171130001007],[20.8384016003797,39.2164729000477],[20.8430615004233,39.2156744999618],[20.8461799004224,39.2133184001201],[20.8492192998806,39.2110321003986],[20.851764399557,39.2091182004006],[20.8554820001053,39.2063207999538],[20.8581299002879,39.2042984999588],[20.8613237003804,39.2018355000518],[20.8661257004272,39.1981250002094],[20.8697510996913,39.1953502998352],[20.8727159003534,39.1930319999648],[20.8765968999602,39.1900346999344],[20.8793722998277,39.1884009002821],[20.8839721995968,39.1857315003501],[20.888513200426,39.1860745003661],[20.8925610001131,39.1864466999495],[20.8970190999163,39.1861545999573],[20.9010521995721,39.185898900498],[20.9045084999671,39.1856936001086],[20.9081696997902,39.1854530000812],[20.9120655997527,39.1852180001946],[20.9165597004392,39.184981599973],[20.9206013996672,39.1846624003066],[20.9249822003386,39.1844275001327],[20.9290065000978,39.1841519999344],[20.9328206003688,39.1839218001944],[20.9367905996641,39.1836949001911],[20.9410322000939,39.1834439002221],[20.9449549003945,39.1831609003777],[20.9487019001071,39.1829545001718],[20.9530337003746,39.1826924999457],[20.9590583003366,39.1823333002662],[20.9625474997322,39.1831660001616],[20.9629067997947,39.1832324999446]]}},{"type":"Feature","properties":{"assetId":"GR-line-way-55093133","countryCode":"GR","assetType":"line","powerType":"line","osmType":"way","osmId":"55093133","actualVoltagesKv":[400],"actualVoltageKv":400,"gridClass":"400","displayClass":"400 kV sınıfı","name":null,"ref":null,"operator":null,"from":null,"to":null,"displayLabel":"400 kV · OSM 55093133","labelSource":"generated-identifier","voltageRaw":"400000","circuits":null,"cables":"3","frequency":null,"location":null,"sourceProvider":"ArcGIS OSM Europe","sourceFallback":null,"sourceLicense":"ODbL 1.0","osmTimestamp":"2023-10-28T20:27:34Z"},"geometry":{"type":"LineString","coordinates":[[22.9221788,40.6913751],[22.9221691,40.6916617],[22.9221468,40.6919694],[22.9221274,40.6922751],[22.9221094,40.6924966]]}},{"type":"Feature","properties":{"assetId":"GR-line-way-55099561","countryCode":"GR","assetType":"line","powerType":"line","osmType":"way","osmId":"55099561","actualVoltagesKv":[400],"actualVoltageKv":400,"gridClass":"400","displayClass":"400 kV sınıfı","name":"Thessaloniki - Dubrovo 400 kV Line","ref":null,"operator":null,"from":null,"to":null,"displayLabel":"Thessaloniki - Dubrovo 400 kV Line","labelSource":"osm-name","voltageRaw":"400000","circuits":null,"cables":"3","frequency":null,"location":null,"sourceProvider":"ArcGIS OSM Europe","sourceFallback":null,"sourceLicense":"ODbL 1.0","osmTimestamp":"2023-10-28T20:27:34Z"},"geometry":{"type":"LineString","coordinates":[[22.922778,40.6913588],[22.922727,40.6916662],[22.9227269,40.691966],[22.9227173,40.6922741],[22.9227106,40.6924754]]}},{"type":"Feature","properties":{"assetId":"GR-line-way-55099562","countryCode":"GR","assetType":"line","powerType":"line","osmType":"way","osmId":"55099562","actualVoltagesKv":[400],"actualVoltageKv":400,"gridClass":"400","displayClass":"400 kV sınıfı","name":"Thessaloniki - Blagoevgrad 400 kV Line","ref":null,"operator":null,"from":null,"to":null,"displayLabel":"Thessaloniki - Blagoevgrad 400 kV Line","labelSource":"osm-name","voltageRaw":"400000","circuits":null,"cables":"3","frequency":null,"location":null,"sourceProvider":"ArcGIS OSM Europe","sourceFallback":null,"sourceLicense":"ODbL 1.0","osmTimestamp":"2023-10-28T20:27:34Z"},"geometry":{"type":"LineString","coordinates":[[22.9230487,40.6916688],[22.9230259,40.6919642],[22.923005,40.6922737],[22.9229884,40.6925105]]}},{"type":"Feature","properties":{"assetId":"GR-line-way-664219903","countryCode":"GR","assetType":"line","powerType":"line","osmType":"way","osmId":"664219903","actualVoltagesKv":[400],"actualVoltageKv":400,"gridClass":"400","displayClass":"400 kV sınıfı","name":"Θεσσαλονίκης - Φιλίπποι","ref":null,"operator":null,"from":null,"to":null,"displayLabel":"Θεσσαλονίκης - Φιλίπποι","labelSource":"osm-name","voltageRaw":"400000","circuits":null,"cables":"3","frequency":null,"location":null,"sourceProvider":"ArcGIS OSM Europe","sourceFallback":null,"sourceLicense":"ODbL 1.0","osmTimestamp":"2023-05-08T17:34:41Z"},"geometry":{"type":"LineString","coordinates":[[23.0480423,40.7901749],[23.0492509,40.7903547],[23.0528043,40.7901077],[23.0575476,40.790381],[23.061249,40.7925388],[23.0643597,40.7943423],[23.0682067,40.7965629],[23.0738946,40.7964517],[23.0778613,40.7963841],[23.082008,40.7962933],[23.0859587,40.7962586],[23.0913822,40.7980458],[23.095601,40.7994076],[23.1000689,40.800872],[23.1044477,40.8009508],[23.1088591,40.8009967],[23.1115591,40.8001332],[23.1165886,40.8004404],[23.122279,40.8005366],[23.126206,40.8006045],[23.1297904,40.8006599],[23.133588,40.8007167],[23.138674,40.8007889],[23.143886,40.8008863],[23.1488045,40.8009579],[23.1550645,40.801073],[23.1586916,40.8010342],[23.1639714,40.8009817],[23.169046,40.8008928],[23.1746876,40.8008088],[23.1782653,40.8007451],[23.1825884,40.8006608],[23.1870936,40.8005419],[23.1901823,40.8004869],[23.1951345,40.8003988],[23.199284,40.8003249],[23.2042463,40.8002468],[23.2097016,40.8001489],[23.2134485,40.8000816],[23.2186361,40.7999884],[23.221194,40.7999424],[23.2242865,40.7998869],[23.22943,40.7997945],[23.2322793,40.7997433],[23.2379641,40.7996412],[23.2426487,40.7995571],[23.2461722,40.7994938],[23.250569,40.7994148],[23.2535412,40.7993615],[23.2588679,40.7992658],[23.2630896,40.7991899],[23.2684072,40.7990944],[23.27246,40.7990185],[23.2780622,40.7989136],[23.2813784,40.798862],[23.2864051,40.7987653],[23.2908785,40.7986792],[23.2964385,40.7985723],[23.3024587,40.7984565],[23.3083759,40.7979053],[23.3118128,40.7975823],[23.3149938,40.7972737],[23.3192272,40.7968645],[23.3256413,40.796215],[23.3309081,40.7966348],[23.3359924,40.7970547],[23.3390644,40.7973024],[23.3441321,40.7977025],[23.3478095,40.7976315],[23.3529281,40.7975326],[23.3585156,40.7974246],[23.3627763,40.7973423],[23.3674649,40.7972517],[23.3704272,40.7971945],[23.3763527,40.7970812],[23.3811857,40.7969887],[23.3846344,40.7969228],[23.3891968,40.7968356],[23.3927524,40.7967676],[23.3960638,40.7967043],[23.3995673,40.7966081],[23.4031713,40.79755],[23.4070185,40.7984972],[23.4137307,40.8001989],[23.4180441,40.8012802],[23.4214543,40.802135],[23.4254434,40.803135],[23.4291224,40.8040572],[23.4328729,40.8049973],[23.4359481,40.8057682],[23.4395047,40.8066589],[23.4432675,40.8076013],[23.4471097,40.8085673],[23.4510441,40.8095565],[23.4541975,40.8103493],[23.4585692,40.8114418],[23.4625743,40.8124426],[23.4665246,40.8134297],[23.4704757,40.814417],[23.4741782,40.8153422],[23.4783448,40.816386],[23.4809591,40.8170409],[23.4848844,40.8186656],[23.4887388,40.8202609],[23.4921763,40.8216837],[23.4957877,40.8231783],[23.5008186,40.825264],[23.5053568,40.8271435],[23.5110731,40.8295109],[23.5155436,40.8313623],[23.5195468,40.8330201],[23.5255491,40.8354776],[23.5297969,40.8372344],[23.5327014,40.8374761],[23.5379055,40.8379115],[23.5421029,40.8382754],[23.5455989,40.8385571],[23.548703,40.8397655],[23.5523469,40.8410834],[23.5561422,40.8425011],[23.5599924,40.843891],[23.5679155,40.8467511],[23.5682498,40.8468718],[23.5716458,40.8480976],[23.5749795,40.849301],[23.5780405,40.8504059],[23.5839271,40.8525306],[23.5869911,40.8536365],[23.5902165,40.8548007],[23.5936966,40.8560489],[23.6003199,40.8584244],[23.6065488,40.8606584],[23.6092273,40.8616191],[23.6129616,40.8629637],[23.6169725,40.8644079],[23.620708,40.865753],[23.6242805,40.8670393],[23.6280406,40.8683931],[23.6318765,40.8697742],[23.6358796,40.8712155],[23.6407833,40.8729809],[23.6438563,40.8730785],[23.6481893,40.8732161],[23.6521074,40.8733405],[23.656573,40.8734823],[23.6607379,40.8736146],[23.6643619,40.8737297],[23.6679205,40.8738427],[23.6763378,40.8741498],[23.6834908,40.8743321],[23.6877568,40.8744776],[23.6917946,40.8746903],[23.6958022,40.8749014],[23.6997174,40.8751077],[23.7037563,40.8753243],[23.7082939,40.8755677],[23.712279,40.8757815],[23.7162543,40.8759947],[23.7203813,40.876216],[23.7241124,40.8764184],[23.7265218,40.876549],[23.7283967,40.8766507],[23.7321914,40.8768565],[23.7364599,40.877088],[23.7408359,40.877321],[23.7452965,40.8775586],[23.7486744,40.8777385],[23.7521669,40.8779245],[23.7553647,40.8781123],[23.7593663,40.8783077],[23.7632044,40.878495],[23.7679178,40.8787601],[23.7712128,40.8795796],[23.7755047,40.8806471],[23.7791872,40.881563],[23.7833776,40.8826051],[23.7862949,40.8833307],[23.7904997,40.8843764],[23.7938727,40.8852153],[23.7983992,40.886341],[23.8026693,40.887403],[23.8064111,40.8883335],[23.8101815,40.8892711],[23.8147086,40.8903969],[23.819572,40.8916064],[23.8237507,40.8926455],[23.8277536,40.8936409],[23.8319872,40.8946936],[23.8363464,40.8957805],[23.8404498,40.8967977],[23.8442836,40.8977507],[23.8480771,40.8986642],[23.8528682,40.8998432],[23.8568168,40.9008148],[23.8607622,40.9017856],[23.8647708,40.9027812],[23.8689519,40.9038196],[23.8726646,40.9047416],[23.8768654,40.9057849],[23.8809448,40.906798],[23.8851794,40.9078496],[23.8894744,40.9089163],[23.8925008,40.910587],[23.8962568,40.9126603],[23.8992052,40.9142879],[23.9040583,40.9169602],[23.9077663,40.919002],[23.9106508,40.9205903],[23.9146439,40.9227889],[23.9192519,40.9252697],[23.925128,40.9285039],[23.9286581,40.9305046],[23.9341317,40.9335179],[23.9366989,40.9349312],[23.9400873,40.9367964],[23.9426493,40.9382067],[23.945182,40.9396009],[23.9475911,40.940927],[23.9508639,40.9427285],[23.9544591,40.9447073],[23.9564845,40.9458221],[23.9599754,40.9477438],[23.9634156,40.9496374],[23.966776,40.9514872],[23.9700336,40.9532803],[23.9744627,40.9557181],[23.9770552,40.957145],[23.981424,40.9595495],[23.984783,40.9613982],[23.9874298,40.9628548],[23.9910848,40.9648663],[23.9938781,40.9664035],[23.9967157,40.967965],[24.0007666,40.9701729],[24.0049287,40.9699656],[24.0085711,40.9697843],[24.0123934,40.9695939],[24.0158405,40.9694223],[24.019623,40.9692339],[24.0250227,40.9689866],[24.0286411,40.9688296],[24.0335646,40.9685923],[24.038005,40.9683783],[24.0432998,40.9681231],[24.0471948,40.9679039],[24.0500911,40.9693049],[24.052649,40.9705289],[24.0561278,40.9721875],[24.0592771,40.973705],[24.0624222,40.9752205],[24.0656021,40.9767527],[24.0706918,40.9792051],[24.0730001,40.9803173],[24.0757195,40.9816275],[24.0792788,40.9833423],[24.0829484,40.9851103],[24.0866624,40.9868995],[24.0904141,40.9887069],[24.092738,40.9893415],[24.0962808,40.9903089],[24.1009885,40.9915944],[24.1034412,40.9922642],[24.1084731,40.9923677],[24.1127311,40.9925437],[24.1164915,40.9926991],[24.1199974,40.9928441],[24.1232306,40.9929777],[24.1268107,40.9931257],[24.1303916,40.9932737],[24.1344262,40.9934405],[24.1382056,40.9935967],[24.1421584,40.9937601],[24.1463696,40.9941515],[24.1494113,40.9954182],[24.1526426,40.9967639],[24.1558948,40.9981181],[24.1572317,40.9986748],[24.1590667,40.999439],[24.1629811,41.0010631],[24.1664222,41.0024812],[24.1702788,41.0040831],[24.1739076,41.0055904],[24.1777703,41.0071947],[24.181699,41.0088265],[24.1854137,41.0103693],[24.1891184,41.0119079],[24.192896,41.0134767],[24.1960195,41.0147739],[24.1997614,41.0163279],[24.2036391,41.0179382],[24.2071597,41.0194002],[24.2105919,41.0208254],[24.213791,41.0221539],[24.2171256,41.0235385],[24.2209902,41.0251432],[24.2248053,41.0267273],[24.2286046,41.0283049],[24.2324087,41.0298843],[24.2360828,41.0313956],[24.2386415,41.0339826],[24.2412051,41.0365743],[24.2435297,41.0389244],[24.2454865,41.0409026],[24.2473714,41.0428081],[24.2498038,41.0437473],[24.2540925,41.0454033],[24.2565526,41.0463532],[24.2602001,41.0462032],[24.2616661,41.0461961]]}},{"type":"Feature","properties":{"assetId":"GR-line-way-666594586","countryCode":"GR","assetType":"line","powerType":"line","osmType":"way","osmId":"666594586","actualVoltagesKv":[400],"actualVoltageKv":400,"gridClass":"400","displayClass":"400 kV sınıfı","name":"KYT KARDIAS - ALBANIA","ref":null,"operator":"IPTO","from":null,"to":null,"displayLabel":"KYT KARDIAS - ALBANIA","labelSource":"osm-name","voltageRaw":"400000","circuits":null,"cables":"3","frequency":"50","location":null,"sourceProvider":"ArcGIS OSM Europe","sourceFallback":null,"sourceLicense":"ODbL 1.0","osmTimestamp":"2024-03-02T11:54:59Z"},"geometry":{"type":"LineString","coordinates":[[21.044108027573508,40.58212626333455],[21.0441211,40.5821226],[21.0491851,40.5795966],[21.054055,40.5771031],[21.0554926,40.576376],[21.0582143,40.5749996],[21.062192,40.572988],[21.0650565,40.5715465],[21.0690974,40.569513],[21.072346,40.5678781],[21.076772,40.5664007],[21.0798506,40.5653731],[21.0825128,40.5644845],[21.0858132,40.5633828],[21.0884926,40.5624884],[21.090669,40.5607688],[21.0930408,40.5588946],[21.0952129,40.5571783],[21.0985428,40.5545424],[21.1005585,40.5517597],[21.1021583,40.5495512],[21.1043184,40.546569],[21.1086937,40.544358],[21.1136671,40.5418446],[21.1179572,40.5396765],[21.1241617,40.5365407],[21.1275616,40.5348223],[21.1312524,40.5337647],[21.1346343,40.5327957],[21.1371696,40.5320693],[21.1421157,40.530652],[21.1454954,40.5289205],[21.1508251,40.5261897],[21.1548564,40.5241242],[21.1575844,40.5227264],[21.1610705,40.5209401],[21.1644575,40.5192046],[21.168087,40.5173528],[21.1727736,40.5149615],[21.1762041,40.5132111],[21.1789558,40.511807],[21.1824841,40.5100067],[21.1857851,40.5083222],[21.1893268,40.5065149],[21.1925941,40.5048475],[21.1960094,40.5028391],[21.1982684,40.5015107],[21.2015119,40.4996032],[21.2057896,40.4970875],[21.2097493,40.4947587],[21.2136963,40.4924419],[21.2164643,40.4908171],[21.2205777,40.4884025],[21.2246083,40.4860364],[21.2283863,40.4838185],[21.2311985,40.4821676],[21.2358456,40.4794393],[21.2400493,40.4788258],[21.2439132,40.478262],[21.2479787,40.4776687],[21.2519881,40.4770836],[21.2561165,40.4764811],[21.2601066,40.4758988],[21.2641166,40.4753135],[21.2676454,40.4747985],[21.2709769,40.4743123],[21.2755079,40.4736455],[21.278366,40.4732249],[21.2814082,40.4727772],[21.2845438,40.4723157],[21.2889708,40.4716642],[21.2924292,40.4711552],[21.2958764,40.4706479],[21.299456,40.4712719],[21.3031527,40.4719163],[21.3075281,40.4726797],[21.3112632,40.4733315],[21.3150623,40.4739944],[21.3183475,40.4745676],[21.3216072,40.4751364],[21.3250059,40.4757294],[21.3283033,40.4763047],[21.3314764,40.4768584],[21.3332174,40.4792184],[21.3349125,40.4815161],[21.3366958,40.4839332],[21.3384241,40.4862757],[21.3407681,40.4894527],[21.342169,40.4913511],[21.3439654,40.4937857],[21.345789,40.4962571],[21.3479166,40.4991402],[21.3508344,40.503094],[21.352454,40.5052886],[21.3546032,40.5063037],[21.3573619,40.5076068],[21.3600515,40.5088771],[21.3631226,40.5103277],[21.3661343,40.5117502],[21.3693024,40.5132465],[21.3725603,40.5147851],[21.3756206,40.5162304],[21.3791257,40.5178858],[21.3817307,40.519116],[21.3846093,40.5204755],[21.3876446,40.5219089],[21.39068,40.5233408],[21.3938899,40.5248551],[21.3975108,40.5265632],[21.4015805,40.528483],[21.4052717,40.5302242],[21.4074385,40.5324872],[21.4099457,40.5351055],[21.4143364,40.5396906],[21.417286,40.5400303],[21.4236176,40.5407595],[21.4292114,40.5414036],[21.4330241,40.5418427],[21.4402146,40.5426708],[21.4454514,40.5432955],[21.4528607,40.5441794],[21.4592241,40.5449385],[21.4625566,40.5450965],[21.4666354,40.5457789],[21.4700236,40.5452997],[21.4730865,40.5450932],[21.4754049,40.5449368],[21.4798712,40.5446357],[21.4855388,40.5454841],[21.4880483,40.5458597],[21.4914448,40.5463681],[21.4950263,40.5462997],[21.4990177,40.5462233],[21.5032299,40.5461428],[21.5068748,40.5460731],[21.5105856,40.5460021],[21.5151895,40.5459318],[21.518943,40.5453576],[21.523881,40.5446022],[21.5266026,40.5441859],[21.5299373,40.5440805],[21.5341203,40.5439484],[21.5374172,40.5438511],[21.5413024,40.5437366],[21.5445693,40.5436402],[21.5489424,40.5422256],[21.5520766,40.5412116],[21.5559175,40.5399691],[21.5604506,40.5385026],[21.5630897,40.5376488],[21.567397,40.5351837],[21.5697627,40.5338389],[21.5720199,40.5325557],[21.5752082,40.5307432],[21.5779551,40.5291816],[21.5808587,40.5275308],[21.5840317,40.5257268],[21.5868268,40.5241376],[21.5900955,40.5222791],[21.5952917,40.5193246],[21.5982669,40.5176329],[21.6016148,40.5157292],[21.6037967,40.5138192],[21.6061668,40.5117443],[21.6084632,40.5097339],[21.6119105,40.5067158],[21.6145436,40.5044105],[21.6170751,40.502194],[21.6197125,40.4998854],[21.6224742,40.4974678],[21.6255567,40.4947701],[21.6279223,40.4926997],[21.6304522,40.4904855],[21.6330884,40.4881781],[21.6355633,40.4860118],[21.6379646,40.4839099],[21.6405162,40.4816764],[21.6430023,40.4795002],[21.6463866,40.4765853],[21.6500309,40.4749991],[21.6535068,40.4734863],[21.6569272,40.4719975],[21.6606453,40.4703791],[21.6641055,40.4688729],[21.6673657,40.4674537],[21.6708966,40.4659167],[21.6742585,40.4644532],[21.6785881,40.4625685],[21.6829925,40.4606524],[21.6865373,40.4591103],[21.6900531,40.4575807],[21.693637,40.4560215],[21.697334,40.454413],[21.7017341,40.4524986],[21.7038229,40.4515881],[21.7082335,40.4496655],[21.7119151,40.4480607],[21.7151123,40.4466669],[21.7188089,40.4450554],[21.7206822,40.4442388],[21.7230858,40.4432876],[21.7268898,40.441783],[21.7299521,40.4405625],[21.7349596,40.4385665],[21.73719,40.4376775],[21.7403712,40.4362609],[21.744505,40.43442],[21.7472291,40.4332068],[21.75106,40.4315007],[21.7538803,40.4302429],[21.7577476,40.4285223],[21.7606504,40.4272388],[21.763135,40.4261402],[21.7667953,40.4224835],[21.7686165,40.4206547],[21.7709798,40.4182911],[21.7735362,40.4157309],[21.7757078,40.4135663],[21.7784861,40.4107967],[21.780038,40.4092351],[21.7811056,40.4077445],[21.7823624,40.4074813],[21.7824266,40.406562]]}},{"type":"Feature","properties":{"assetId":"GR-line-way-677335547","countryCode":"GR","assetType":"line","powerType":"line","osmType":"way","osmId":"677335547","actualVoltagesKv":[400],"actualVoltageKv":400,"gridClass":"400","displayClass":"400 kV sınıfı","name":null,"ref":null,"operator":null,"from":null,"to":null,"displayLabel":"400 kV · OSM 677335547","labelSource":"generated-identifier","voltageRaw":"400000","circuits":null,"cables":"6","frequency":null,"location":null,"sourceProvider":"ArcGIS OSM Europe","sourceFallback":null,"sourceLicense":"ODbL 1.0","osmTimestamp":"2019-03-17T01:47:56Z"},"geometry":{"type":"LineString","coordinates":[[22.4413747996676,40.6099739002217],[22.4374778001673,40.6093299001322],[22.4332852998542,40.6086371004539],[22.4287626004023,40.6078897000734],[22.4246890002019,40.6072166004744],[22.4207431997238,40.6065645003209],[22.4170932000956,40.6059613003432],[22.4125294997375,40.6052071003879],[22.4077054002364,40.6044099001216],[22.4033741003304,40.603694100588],[22.3991913997388,40.6030029005117],[22.3952951000261,40.6023590003467],[22.3906927999585,40.6015984003206],[22.3866021003267,40.6009223004294],[22.3825079996733,40.6002457005686],[22.3783240998307,40.5995542001902],[22.3736748996205,40.5987858000704],[22.3696432004383,40.5981195005662],[22.3653392003338,40.5974082002728]]}},{"type":"Feature","properties":{"assetId":"GR-line-way-677335549","countryCode":"GR","assetType":"line","powerType":"line","osmType":"way","osmId":"677335549","actualVoltagesKv":[400],"actualVoltageKv":400,"gridClass":"400","displayClass":"400 kV sınıfı","name":null,"ref":null,"operator":null,"from":null,"to":null,"displayLabel":"400 kV · OSM 677335549","labelSource":"generated-identifier","voltageRaw":"400000","circuits":null,"cables":"6","frequency":null,"location":null,"sourceProvider":"ArcGIS OSM Europe","sourceFallback":null,"sourceLicense":"ODbL 1.0","osmTimestamp":"2019-03-17T01:47:56Z"},"geometry":{"type":"LineString","coordinates":[[22.4493613004472,40.6118866003909],[22.4413747996676,40.6099739002217]]}},{"type":"Feature","properties":{"assetId":"GR-line-way-677335554","countryCode":"GR","assetType":"line","powerType":"line","osmType":"way","osmId":"677335554","actualVoltagesKv":[400],"actualVoltageKv":400,"gridClass":"400","displayClass":"400 kV sınıfı","name":null,"ref":null,"operator":null,"from":null,"to":null,"displayLabel":"400 kV · OSM 677335554","labelSource":"generated-identifier","voltageRaw":"400000","circuits":null,"cables":"6","frequency":null,"location":null,"sourceProvider":"ArcGIS OSM Europe","sourceFallback":null,"sourceLicense":"ODbL 1.0","osmTimestamp":"2019-03-17T01:47:56Z"},"geometry":{"type":"LineString","coordinates":[[22.3653392003338,40.5974082002728],[22.3613376001035,40.5961959006192],[22.3570229998787,40.5948888002339],[22.3532232996017,40.5937376002781],[22.3486705002996,40.5923582006516],[22.3448470000574,40.5911999002346],[22.3403060001265,40.5898240003099],[22.3354840997012,40.5883631000051],[22.33112369977,40.5870419003413],[22.3272386999652,40.5858648002991],[22.3230041001064,40.5845817004811],[22.3192263995707,40.5834370001026],[22.3154864004292,40.5823037002427],[22.3115907996058,40.5811233006486],[22.3075730997689,40.5799059005184],[22.3035891002299,40.5786986005742],[22.2998260000126,40.5775582003123],[22.2958841000194,40.5763637003665],[22.2919388996158,40.5751681003487],[22.287949099655,40.5739590002071],[22.2840711004213,40.5727838002064]]}},{"type":"Feature","properties":{"assetId":"GR-line-way-71214450","countryCode":"GR","assetType":"line","powerType":"line","osmType":"way","osmId":"71214450","actualVoltagesKv":[400],"actualVoltageKv":400,"gridClass":"400","displayClass":"400 kV sınıfı","name":"Θεσσαλονίκη - Αμύνταιο","ref":null,"operator":null,"from":null,"to":null,"displayLabel":"Θεσσαλονίκη - Αμύνταιο","labelSource":"osm-name","voltageRaw":"400000","circuits":null,"cables":"6","frequency":null,"location":null,"sourceProvider":"ArcGIS OSM Europe","sourceFallback":null,"sourceLicense":"ODbL 1.0","osmTimestamp":"2024-02-20T19:17:03Z"},"geometry":{"type":"LineString","coordinates":[[22.9231055,40.6916693],[22.9231218,40.6913901],[22.9231299,40.6908481],[22.9229142,40.6905433],[22.9213468,40.6904312],[22.9193848,40.6926302],[22.9170817,40.6951686],[22.9146608,40.69785],[22.9122362,40.700547],[22.9097819,40.7021263],[22.9062889,40.7040727],[22.902953,40.7060761],[22.900173,40.7077242],[22.8996056,40.7080606],[22.8962904,40.7100287],[22.8921276,40.7106549],[22.8880184,40.7112649],[22.8838771,40.7118829],[22.8798538,40.7124847],[22.8762167,40.713054],[22.8718502,40.7137371],[22.8665592,40.7144986],[22.8624839,40.7148106],[22.8587503,40.7150789],[22.8548665,40.7153554],[22.8514869,40.7156482],[22.8474314,40.7159653],[22.8432257,40.7163394],[22.8384621,40.7167053],[22.833956,40.7170469],[22.8294713,40.7173884],[22.824182,40.7177867],[22.8190214,40.7182341],[22.8141827,40.7185755],[22.8102989,40.7188439],[22.8061468,40.7191773],[22.8021021,40.7195025],[22.7980251,40.7198278],[22.7940554,40.7205515],[22.7905149,40.7211777],[22.7863414,40.7219501],[22.7827043,40.7226005],[22.7785201,40.7233649],[22.7744753,40.7241211],[22.7705271,40.7248366],[22.7665038,40.7255358],[22.7625985,40.7262513],[22.7591867,40.7268693],[22.7555711,40.7275278],[22.7517516,40.7281945],[22.7479,40.7289344],[22.7444131,40.7295523],[22.7401956,40.7302883],[22.7362889,40.7309958],[22.7329029,40.731609],[22.7286324,40.7323824],[22.7254164,40.7329647],[22.7214449,40.7336839],[22.7173533,40.7344249],[22.7132126,40.7351747],[22.7093491,40.7358712],[22.7052104,40.7366172],[22.7008977,40.7373946],[22.6974994,40.7380072],[22.6938602,40.7368034],[22.6903728,40.7356498],[22.6871671,40.7345958],[22.6831887,40.7332876],[22.6795158,40.7320798],[22.6756503,40.7308087],[22.6719883,40.7296045],[22.6683077,40.7283942],[22.6653512,40.727419],[22.6610904,40.7260135],[22.6566059,40.7245342],[22.6517275,40.7229399],[22.650014,40.7217056],[22.6466757,40.7193009],[22.6438283,40.7172497],[22.6398924,40.7144124],[22.6365724,40.7117577],[22.6338918,40.7096142],[22.6309978,40.7072999],[22.6281119,40.704992],[22.6252179,40.7026776],[22.6219699,40.7000799],[22.6190232,40.6977232],[22.6164153,40.6956239],[22.6136564,40.6934029],[22.6110382,40.6913059],[22.6082582,40.6890793],[22.6053983,40.6867642],[22.6023075,40.6842863],[22.5992438,40.6818299],[22.5960926,40.6793034],[22.5930456,40.6768603],[22.5899191,40.6743534],[22.5868499,40.6718923],[22.5846322,40.6701139],[22.5819093,40.6679514],[22.5789362,40.6655709],[22.5756153,40.662945],[22.5723419,40.6603129],[22.5685152,40.6572019],[22.5648901,40.6543004],[22.5616227,40.6516776],[22.5589104,40.6495003],[22.5561861,40.6473133],[22.5532447,40.644952],[22.5501004,40.6424276],[22.54728,40.6401633],[22.5446563,40.6380567],[22.5415121,40.6355323],[22.538427,40.6330551],[22.5343107,40.6320774],[22.5305705,40.631189],[22.5258975,40.630079],[22.5218925,40.6291277],[22.5178178,40.6281598],[22.513374,40.6271042],[22.5097299,40.6262385],[22.5052881,40.6251834],[22.5011099,40.6241908],[22.4970999,40.6232382],[22.492822,40.622222],[22.4875315,40.6209651],[22.4830829,40.6199083],[22.47883,40.6188979],[22.4746097,40.6178953],[22.4702512,40.6168598],[22.4660613,40.6158598],[22.4618161,40.6148466],[22.4572954,40.6137677],[22.453397,40.6128425],[22.4493613,40.6118866]]}},{"type":"Feature","properties":{"assetId":"GR-line-way-85433251","countryCode":"GR","assetType":"line","powerType":"line","osmType":"way","osmId":"85433251","actualVoltagesKv":[400],"actualVoltageKv":400,"gridClass":"400","displayClass":"400 kV sınıfı","name":null,"ref":null,"operator":null,"from":null,"to":null,"displayLabel":"400 kV · OSM 85433251","labelSource":"generated-identifier","voltageRaw":"400000","circuits":null,"cables":"3","frequency":"50","location":null,"sourceProvider":"ArcGIS OSM Europe","sourceFallback":null,"sourceLicense":"ODbL 1.0","osmTimestamp":"2021-08-16T17:18:11Z"},"geometry":{"type":"LineString","coordinates":[[22.6878784002901,38.4384614999719],[22.6887968001073,38.4386912000256]]}},{"type":"Feature","properties":{"assetId":"GR-line-way-85494881","countryCode":"GR","assetType":"line","powerType":"line","osmType":"way","osmId":"85494881","actualVoltagesKv":[400],"actualVoltageKv":400,"gridClass":"400","displayClass":"400 kV sınıfı","name":"ΚΥΤ ΛΑΡΙΣΑΣ-ΚΥΤ ΛΑΡΥΜΝΑΣ","ref":null,"operator":"IPTO","from":null,"to":null,"displayLabel":"ΚΥΤ ΛΑΡΙΣΑΣ-ΚΥΤ ΛΑΡΥΜΝΑΣ","labelSource":"osm-name","voltageRaw":"400000","circuits":null,"cables":"6","frequency":null,"location":null,"sourceProvider":"ArcGIS OSM Europe","sourceFallback":null,"sourceLicense":"ODbL 1.0","osmTimestamp":"2022-05-02T20:53:20Z"},"geometry":{"type":"LineString","coordinates":[[23.1670879,38.5245377],[23.1653882,38.5249129],[23.1610199,38.5258215],[23.1564048,38.5263427],[23.154301,38.5265381],[23.1479633,38.5271382],[23.1444965,38.527481],[23.1407842,38.5278856],[23.1369226,38.5282987],[23.1306285,38.5289991],[23.1264691,38.529438],[23.1227808,38.5298272],[23.1200879,38.5301113],[23.1160473,38.530577],[23.1122804,38.5315039],[23.1079446,38.5322773],[23.1038895,38.5336054],[23.0996082,38.5349748],[23.0971675,38.5357262],[23.0935981,38.5368252],[23.090411,38.536999],[23.087098,38.5372027],[23.0838211,38.5374042],[23.0802795,38.5376169],[23.0760761,38.5378694],[23.0733112,38.5380354],[23.070124,38.5382268],[23.0655483,38.5385017],[23.0607503,38.5387898],[23.0568708,38.5390228],[23.0528793,38.5392625],[23.0493879,38.5394722],[23.0452376,38.5397215],[23.0401192,38.5400289],[23.0372752,38.5401997],[23.0331188,38.5404425],[23.0284492,38.5407152],[23.0240448,38.5409839],[23.0198008,38.5412419],[23.0139731,38.5415911],[23.0082447,38.5419156],[23.0037204,38.5421719],[23.0001355,38.5424203],[22.9972534,38.5425911],[22.9927953,38.5428523],[22.9874037,38.5431706],[22.9841986,38.543356],[22.9809617,38.5435552],[22.9785109,38.5428624],[22.9741429,38.5416143],[22.9715048,38.5408525],[22.9677466,38.5397559],[22.9650472,38.5389405],[22.9611132,38.5378554],[22.95577,38.536612],[22.9529685,38.5376185],[22.9484625,38.5390326],[22.9445494,38.5403528],[22.940659,38.5416271],[22.934916,38.543521],[22.931111,38.5447757],[22.9290226,38.5454643],[22.9264533,38.5463143],[22.9236625,38.547265],[22.9202829,38.5484453],[22.9159026,38.549971],[22.9135462,38.5507823],[22.9099132,38.5520386],[22.905066,38.5536961],[22.9014964,38.554801],[22.89777,38.5559454],[22.8924879,38.5575769],[22.889734,38.5583938],[22.8875333,38.5591193],[22.8837993,38.5602611],[22.8806608,38.5612451],[22.8775545,38.5622076],[22.8739299,38.5633317],[22.8685157,38.5649962],[22.8638562,38.5664287],[22.8597813,38.5676814],[22.8555636,38.568978],[22.8512536,38.570303],[22.8479967,38.5713042],[22.8437219,38.5726183],[22.8405608,38.57359],[22.8367688,38.5747557],[22.8329296,38.5759358],[22.8292883,38.5770551],[22.8252295,38.5783027],[22.8218775,38.5793477],[22.8188922,38.5802829],[22.8157637,38.5821854],[22.8131309,38.5838078],[22.81037,38.585509],[22.8093523,38.5861361],[22.80628,38.5880302],[22.8029765,38.5900696],[22.7998208,38.5920063],[22.7970132,38.5937289],[22.7937577,38.5957279],[22.7904914,38.5977334],[22.7874237,38.599617],[22.78426,38.6015594],[22.780929,38.6036045],[22.7777942,38.6055291],[22.7748649,38.6073275],[22.771518,38.6093822],[22.7678957,38.6116059],[22.764336,38.613791],[22.7607733,38.6160176],[22.7571841,38.6182158],[22.7538966,38.6202292],[22.7535247,38.620457],[22.750058,38.62258],[22.7466151,38.6246885],[22.7433076,38.6267139],[22.7404115,38.6284874],[22.7384794,38.6296705],[22.7360115,38.6300316],[22.7336143,38.6303824],[22.7295448,38.6309778],[22.7254823,38.6315689],[22.7215219,38.6321451],[22.7173368,38.6327541],[22.713958,38.6332457],[22.7097755,38.6338542],[22.7057965,38.6344331],[22.701354,38.6350795],[22.6975955,38.6356263],[22.6937543,38.6361852],[22.6894659,38.6368091],[22.6858416,38.6373364],[22.6827394,38.6377877],[22.6800207,38.6381921],[22.6769306,38.6386311],[22.673368,38.6391484],[22.6700773,38.6396325],[22.6669357,38.640094],[22.6634195,38.6406061],[22.6600329,38.6410704],[22.6555223,38.6417345],[22.6516783,38.6422635],[22.6480686,38.6428419],[22.6461258,38.6431532],[22.6448934,38.6437343],[22.6438509,38.6442258],[22.6408949,38.6456196],[22.634802,38.6486071],[22.6311373,38.6504002],[22.6272825,38.6522863],[22.6237264,38.6540261],[22.622159,38.6547904],[22.6204546,38.6556215],[22.6167864,38.6574102],[22.6127482,38.6593793],[22.6090382,38.6611882],[22.6057844,38.6627876],[22.6014763,38.6645566],[22.5977539,38.6660852],[22.5943323,38.6674902],[22.5907737,38.668949],[22.5872176,38.6704115],[22.5835588,38.6719087],[22.5779291,38.6749765],[22.5744105,38.6768416],[22.5713344,38.6785255],[22.5675391,38.6805897],[22.5632415,38.6829464],[22.5595473,38.6849553],[22.5565082,38.6866285],[22.5535249,38.6882413],[22.5506035,38.6896706],[22.5471711,38.6913449],[22.5435677,38.6930941],[22.5400713,38.6947948],[22.5365298,38.6965118],[22.5330093,38.6982382],[22.5296779,38.6998767],[22.5259942,38.7016722],[22.5212592,38.70398],[22.5157364,38.7066716],[22.5134266,38.7078004],[22.5100336,38.709771],[22.5067531,38.7117104],[22.5034666,38.7136202],[22.5015769,38.7147335],[22.4988961,38.7162875],[22.495925,38.7180412],[22.4923879,38.720118],[22.4867519,38.7233914],[22.4825338,38.7259111],[22.4785067,38.7282694],[22.4744414,38.7306516],[22.4691121,38.7338183],[22.4644211,38.736574],[22.461252,38.7384295],[22.4586422,38.7399773],[22.4583406,38.7417044],[22.4577177,38.7452715],[22.4597396,38.7512806],[22.4573505,38.7561946],[22.4567136,38.7578622],[22.4582282,38.7600574],[22.460192,38.7629499],[22.4597993,38.7663496],[22.4608554,38.7682496],[22.4619336,38.7709883],[22.4628192,38.7732265],[22.4641271,38.7766182],[22.4650101,38.7788542],[22.4649382,38.781832],[22.4649109,38.7834569],[22.4648273,38.7860433],[22.4646971,38.7909128],[22.4638885,38.7957814],[22.4633782,38.7992741],[22.4627537,38.8026886],[22.462315,38.8055884],[22.4617888,38.8087691],[22.4612967,38.8118029],[22.4607577,38.8151233],[22.4602528,38.8181135],[22.4597993,38.8208469],[22.4593244,38.8238135],[22.4587564,38.8272183],[22.4582601,38.8302613],[22.4577852,38.8332375],[22.4572376,38.8365503],[22.4566992,38.839729],[22.4561735,38.8429839],[22.4556514,38.8461568],[22.4551421,38.8493322],[22.4546219,38.8524541],[22.4542029,38.8550066],[22.4536648,38.8581926],[22.453213,38.86102],[22.4528128,38.8634367],[22.4523063,38.8664801],[22.4520598,38.8697367],[22.4515909,38.8730943],[22.4514424,38.876657],[22.4510632,38.8810041],[22.4523912,38.8825959],[22.4544379,38.8849984],[22.4545233,38.8882292],[22.4546071,38.891241],[22.4544668,38.8938117],[22.4543059,38.8963691],[22.4541637,38.8988917],[22.4540257,38.9011799],[22.4538892,38.9034418],[22.4537095,38.9062618],[22.4534913,38.9100072],[22.453333,38.9126339],[22.4530944,38.9163019],[22.4534424,38.919745],[22.4550033,38.9222618],[22.4572229,38.9252854],[22.4584601,38.9272645],[22.4618117,38.9319426],[22.4626176,38.9368608],[22.4629742,38.9390373],[22.4635407,38.9424944],[22.4643118,38.9472],[22.464838,38.9504107],[22.4657427,38.9532367],[22.4666267,38.9559976],[22.4683301,38.9613178],[22.4694007,38.9646614],[22.4705075,38.9681176],[22.4712935,38.9705723],[22.4718621,38.9723476],[22.4729399,38.9757133],[22.4736687,38.9779888],[22.4746773,38.9811219],[22.4760216,38.9852978],[22.4776166,38.9902518],[22.4765286,38.9925196],[22.4745545,38.996634],[22.472903,39.0000758],[22.4711776,39.0036715],[22.4685038,39.0092434],[22.4675886,39.0111504],[22.4659687,39.0145259],[22.4640216,39.0185826],[22.462104,39.0226097],[22.4596243,39.0278166],[22.4581694,39.0308716],[22.4577701,39.0362897],[22.4575588,39.039157],[22.4573714,39.0416985],[22.4571034,39.0453349],[22.4568318,39.0490186],[22.4566332,39.0517124],[22.4564018,39.0548517],[22.4561635,39.0580843],[22.4559334,39.0612044],[22.4556948,39.0644417],[22.455486,39.0672734],[22.4552673,39.0702384],[22.4550367,39.0733652],[22.4548283,39.0761922],[22.4546132,39.0791091],[22.4543895,39.0821417],[22.4541386,39.0855431],[22.453947,39.0881413],[22.4536935,39.0915786],[22.4535355,39.0937204],[22.4532518,39.0975659],[22.4529791,39.1012621],[22.4527903,39.1039968],[22.4523575,39.1097879],[22.452079,39.1135145],[22.4517796,39.1175204],[22.4514102,39.1225168],[22.4511002,39.1267106],[22.4498358,39.1309083],[22.4484579,39.1354825],[22.4467551,39.1411348],[22.4457971,39.1443147],[22.4448251,39.1475408],[22.4438165,39.1508884],[22.4429962,39.1536107],[22.4419496,39.1570841],[22.4408276,39.1608076],[22.4397536,39.1643715],[22.4389305,39.1671025],[22.4375,39.1718489],[22.4361931,39.1761849],[22.4353431,39.1790051],[22.4344644,39.18192],[22.4335355,39.1850017],[22.4322644,39.1892179],[22.4313482,39.1922569],[22.4306203,39.1946716],[22.4298144,39.1973871],[22.4290187,39.2000277],[22.42832,39.2024362],[22.4278512,39.2039935],[22.4281853,39.206479],[22.4285055,39.2088615],[22.4288722,39.2115893],[22.4293326,39.214901],[22.4295847,39.2167146],[22.4300121,39.2197882],[22.4304063,39.2226239],[22.4315381,39.2256772],[22.4324337,39.2280931],[22.4333436,39.2305476],[22.4349461,39.2348703],[22.4355024,39.2363703],[22.4366049,39.239343],[22.4374672,39.241668],[22.4386297,39.2448022],[22.4400206,39.248552],[22.4413016,39.2520051],[22.4424804,39.2551679],[22.4436596,39.2583314],[22.4449327,39.2617467],[22.4462694,39.2653325],[22.4471341,39.2676519],[22.4482884,39.2707483],[22.4493864,39.2736935],[22.4503355,39.276239],[22.4515673,39.2795427],[22.4522565,39.2813911],[22.4535065,39.2847434],[22.4547699,39.2881312],[22.4561614,39.2918626],[22.457045,39.294232],[22.45848,39.2980797],[22.459737,39.3014498],[22.4607231,39.3040937],[22.4620121,39.3075494],[22.4629745,39.3101293],[22.464064,39.31305],[22.4652702,39.3162833],[22.4663762,39.3192481],[22.4675178,39.3223079],[22.4686706,39.3253976],[22.4700183,39.3290097],[22.4708333,39.3311938],[22.4718144,39.3338231],[22.4729474,39.3368594],[22.4741237,39.3400114],[22.4751745,39.3428271],[22.4762789,39.3457864],[22.4774373,39.3488902],[22.4784144,39.351508],[22.4797298,39.3550321],[22.481172,39.3588959],[22.4827858,39.3632189],[22.4838907,39.3661784],[22.4856691,39.370942],[22.4868841,39.3741962],[22.4879504,39.377052],[22.4893861,39.380897],[22.4902697,39.3832633],[22.491567,39.3867373],[22.4928237,39.3901025],[22.4936666,39.3923596],[22.4953517,39.3968577],[22.496178,39.3990632],[22.4974243,39.40239],[22.498494,39.4052449],[22.4999393,39.4091023],[22.5014033,39.4130094],[22.5021515,39.4150061],[22.5035928,39.4188521],[22.504567,39.4214516],[22.5054387,39.4249027],[22.5064888,39.4290598],[22.5073581,39.4325007],[22.5079423,39.4348132],[22.5091086,39.4394297],[22.5103876,39.4444917],[22.5112391,39.4478617],[22.512262,39.4519097],[22.5132203,39.455702],[22.5138434,39.4581674],[22.5146831,39.4614899],[22.5153333,39.4640628],[22.5161519,39.4673015],[22.5169044,39.4702784],[22.5175678,39.472903],[22.5184548,39.476412],[22.5196553,39.4811608],[22.5206592,39.4851317],[22.5214263,39.4881659],[22.5223808,39.4919409],[22.5232426,39.4953492],[22.5240437,39.4985174],[22.5253478,39.5036747],[22.5262382,39.5071955],[22.5270772,39.5105129],[22.5280326,39.5142631],[22.5288313,39.5173981],[22.5297315,39.5209312],[22.5304,39.5235547],[22.5311036,39.5263329],[22.5301273,39.5285648],[22.5275623,39.5302936],[22.5248438,39.5321257],[22.5214947,39.5344072],[22.5186356,39.5363843],[22.5168705,39.537089]]}},{"type":"Feature","properties":{"assetId":"GR-line-way-85518392","countryCode":"GR","assetType":"line","powerType":"line","osmType":"way","osmId":"85518392","actualVoltagesKv":[400],"actualVoltageKv":400,"gridClass":"400","displayClass":"400 kV sınıfı","name":null,"ref":null,"operator":null,"from":null,"to":null,"displayLabel":"400 kV · OSM 85518392","labelSource":"generated-identifier","voltageRaw":"400000","circuits":null,"cables":"3","frequency":"50","location":null,"sourceProvider":"ArcGIS OSM Europe","sourceFallback":null,"sourceLicense":"ODbL 1.0","osmTimestamp":"2021-08-16T17:18:11Z"},"geometry":{"type":"LineString","coordinates":[[22.6880375000117,38.4380261000161],[22.6889789002935,38.4382558000479]]}},{"type":"Feature","properties":{"assetId":"GR-line-way-85518394","countryCode":"GR","assetType":"line","powerType":"line","osmType":"way","osmId":"85518394","actualVoltagesKv":[400],"actualVoltageKv":400,"gridClass":"400","displayClass":"400 kV sınıfı","name":null,"ref":null,"operator":null,"from":null,"to":null,"displayLabel":"400 kV · OSM 85518394","labelSource":"generated-identifier","voltageRaw":"400000","circuits":null,"cables":"3","frequency":"50","location":null,"sourceProvider":"ArcGIS OSM Europe","sourceFallback":null,"sourceLicense":"ODbL 1.0","osmTimestamp":"2021-08-16T17:18:11Z"},"geometry":{"type":"LineString","coordinates":[[22.6881949998338,38.4375949002614],[22.6891421996391,38.4378265999894]]}},{"type":"Feature","properties":{"assetId":"GR-line-way-85526072","countryCode":"GR","assetType":"line","powerType":"line","osmType":"way","osmId":"85526072","actualVoltagesKv":[400],"actualVoltageKv":400,"gridClass":"400","displayClass":"400 kV sınıfı","name":"ΚΥΤ ΛΑΡΥΜΝΑΣ- ΚΥΤ ΔΙΣΤΟΜΟΥ","ref":null,"operator":"IPTO","from":null,"to":null,"displayLabel":"ΚΥΤ ΛΑΡΥΜΝΑΣ- ΚΥΤ ΔΙΣΤΟΜΟΥ","labelSource":"osm-name","voltageRaw":"400000","circuits":null,"cables":"6","frequency":"50","location":null,"sourceProvider":"ArcGIS OSM Europe","sourceFallback":null,"sourceLicense":"ODbL 1.0","osmTimestamp":"2024-02-27T20:44:00Z"},"geometry":{"type":"LineString","coordinates":[[23.1669519,38.5241243],[23.1652375,38.5244722],[23.1619682,38.5249802],[23.1563253,38.5258809],[23.1538228,38.525769],[23.1506346,38.5256233],[23.1476256,38.5254859],[23.1444593,38.5253412],[23.1407997,38.525174],[23.136331,38.5249611],[23.1334751,38.5248251],[23.1302109,38.5246696],[23.1257658,38.5244578],[23.1221632,38.5242862],[23.1183184,38.524103],[23.1149506,38.5239159],[23.1112153,38.5237754],[23.1077949,38.5236137],[23.1047221,38.5234383],[23.0968437,38.5231197],[23.0906413,38.5228239],[23.0876681,38.5226871],[23.0828574,38.5224656],[23.0795355,38.5223126],[23.0747864,38.5220842],[23.0729138,38.5219974],[23.0705308,38.5229056],[23.0659794,38.5246485],[23.0627814,38.5258731],[23.0562156,38.5283872],[23.0530311,38.5296065],[23.0483892,38.5313839],[23.0458318,38.5323631],[23.0411533,38.5341354],[23.0389425,38.5349729],[23.0342993,38.5367318],[23.0305813,38.5381401],[23.0270361,38.5394831],[23.0243535,38.5405097],[23.0215454,38.5404404],[23.0144362,38.5402742],[23.0075006,38.5400729],[23.001989,38.5399419],[22.998004,38.5398388],[22.9943744,38.5397439],[22.9911107,38.5396583],[22.9871508,38.5395582],[22.9819712,38.5394045],[22.9797205,38.5391849],[22.9758043,38.5388472],[22.972752,38.5386025],[22.9686859,38.5382335],[22.9654675,38.5379366],[22.9612428,38.5376262],[22.9558864,38.5363591],[22.9537237,38.5357723],[22.9490227,38.5344251],[22.9463721,38.5336824],[22.9426428,38.5325945],[22.939365,38.5316537],[22.9351528,38.5304436],[22.9318147,38.5294923],[22.9284037,38.5285144],[22.9252424,38.5276053],[22.9223776,38.526784],[22.9193036,38.5259098],[22.9158758,38.5249124],[22.9109649,38.5235104],[22.9100099,38.5232378],[22.904335,38.5219099],[22.8991606,38.5206991],[22.895431,38.5198244],[22.8929339,38.5192387],[22.8872691,38.51791],[22.8835164,38.5170298],[22.8796601,38.5161253],[22.8746648,38.5149528],[22.8705942,38.5139973],[22.8671884,38.5132063],[22.8637588,38.5124003],[22.859608,38.5114249],[22.8560604,38.5105801],[22.8525873,38.5097658],[22.8478578,38.5086493],[22.8423549,38.5073538],[22.8402548,38.5068622],[22.8355093,38.5057615],[22.8319893,38.5056376],[22.8284723,38.5055138],[22.8246205,38.5053782],[22.8204917,38.5052329],[22.8166026,38.5051059],[22.812704,38.5049662],[22.8084568,38.5048141],[22.8046165,38.5046765],[22.8007777,38.504539],[22.7965409,38.5043798],[22.7921814,38.5042353],[22.7886616,38.5031131],[22.7851504,38.5019775],[22.7819277,38.5009208],[22.7777385,38.499566],[22.7738222,38.4982981],[22.7719564,38.4976974],[22.7705404,38.4972415],[22.7664201,38.4959452],[22.7634585,38.4949806],[22.7599337,38.4938335],[22.754094,38.4919441],[22.7499645,38.4905875],[22.7482304,38.4884395],[22.7465031,38.4863115],[22.7442446,38.4834956],[22.7426623,38.4804184],[22.7412603,38.4776693],[22.7400025,38.4752447],[22.7390707,38.4734723],[22.7367793,38.4725297],[22.7332647,38.4712276],[22.7294996,38.4697904],[22.7262034,38.4685452],[22.7226366,38.4671898],[22.7190843,38.4658316],[22.716458,38.4648092],[22.7131945,38.4630371],[22.7081989,38.4569632],[22.7072399,38.4554264],[22.7039263,38.4539811],[22.6995395,38.4519764],[22.6966292,38.4488226],[22.6943612,38.4463648],[22.6932681,38.4441723],[22.6918477,38.4414022],[22.6898299,38.4383851]]}},{"type":"Feature","properties":{"assetId":"GR-line-way-85526074","countryCode":"GR","assetType":"line","powerType":"line","osmType":"way","osmId":"85526074","actualVoltagesKv":[400],"actualVoltageKv":400,"gridClass":"400","displayClass":"400 kV sınıfı","name":"ΚΥΤ ΑΧΑΡΝΩΝ - ΚΥΤ ΛΑΡΙΜΝΑΣ","ref":null,"operator":"IPTO","from":null,"to":null,"displayLabel":"ΚΥΤ ΑΧΑΡΝΩΝ - ΚΥΤ ΛΑΡΙΜΝΑΣ","labelSource":"osm-name","voltageRaw":"400000","circuits":null,"cables":"6","frequency":null,"location":null,"sourceProvider":"ArcGIS OSM Europe","sourceFallback":null,"sourceLicense":"ODbL 1.0","osmTimestamp":"2022-07-15T22:46:07Z"},"geometry":{"type":"LineString","coordinates":[[23.7340201,38.1021368],[23.7334167,38.102123],[23.7328785,38.1021334],[23.7288189,38.1012443],[23.7248702,38.1003678],[23.7214118,38.100739],[23.7168459,38.1004161],[23.7148781,38.1007458],[23.7101306,38.1009178],[23.7069923,38.1010351],[23.7020042,38.1012792],[23.6968294,38.1014666],[23.694692,38.1024837],[23.690676,38.1043948],[23.6861052,38.10657],[23.6821981,38.1084193],[23.6765783,38.1110816],[23.6734884,38.1125808],[23.6707135,38.1138721],[23.6674626,38.1154091],[23.664118,38.1169903],[23.6632955,38.1173263],[23.6607706,38.1185729],[23.6552765,38.1211702],[23.6523906,38.1254633],[23.6498777,38.129145],[23.6457717,38.1351997],[23.6387285,38.1423641],[23.6348997,38.1454342],[23.6316604,38.1480315],[23.6274896,38.1512475],[23.6242802,38.1537643],[23.6206576,38.1566049],[23.6167631,38.1596588],[23.6146988,38.1612774],[23.6121997,38.1632369],[23.6091336,38.1656724],[23.6070982,38.1669463],[23.6030499,38.1694846],[23.5996009,38.171598],[23.5951158,38.1744288],[23.5919317,38.1764332],[23.5891528,38.1781381],[23.586275,38.1798892],[23.5829722,38.1819431],[23.5791297,38.1838646],[23.5750096,38.1860369],[23.5716053,38.1877567],[23.5683254,38.1894135],[23.5651631,38.191011],[23.5619542,38.1926319],[23.5585983,38.1943348],[23.5552451,38.1960355],[23.5519824,38.1976586],[23.5479631,38.1996859],[23.5464202,38.2002809],[23.5432073,38.2015198],[23.540134,38.2027195],[23.5368243,38.2040205],[23.533491,38.2053188],[23.5300653,38.206653],[23.5263886,38.2080849],[23.5228938,38.2094258],[23.5190173,38.2109462],[23.5146071,38.2126621],[23.5105537,38.2142288],[23.5060432,38.2159899],[23.5020929,38.2175495],[23.4983059,38.2190445],[23.4930418,38.2224912],[23.4898778,38.2246275],[23.4867925,38.2266755],[23.4841483,38.2284307],[23.4805446,38.230847],[23.4765535,38.2335031],[23.4731207,38.2358533],[23.468864,38.238689],[23.4659807,38.2406055],[23.4648493,38.2424905],[23.4618635,38.2471893],[23.4597076,38.2505887],[23.4566724,38.255417],[23.4539844,38.2596927],[23.4522331,38.2624782],[23.4503816,38.2654231],[23.4486339,38.2682027],[23.4467477,38.2711821],[23.4446114,38.2745761],[23.4428136,38.2774312],[23.4403796,38.2812964],[23.4379395,38.2851711],[23.4355547,38.2889578],[23.4332176,38.2926421],[23.4305365,38.2968686],[23.4288276,38.2995623],[23.4273175,38.3019681],[23.425541,38.3047983],[23.4230819,38.3081915],[23.4208185,38.3113405],[23.4186196,38.3144124],[23.4164246,38.3174787],[23.4130791,38.3221519],[23.4098563,38.3266058],[23.4076255,38.3297212],[23.4060067,38.3319817],[23.4027957,38.3364656],[23.4002633,38.3399374],[23.3974418,38.3438803],[23.3949977,38.3472953],[23.3945528,38.3511197],[23.39426,38.3536369],[23.3936513,38.3588983],[23.3931111,38.3635671],[23.3927412,38.3667637],[23.3902991,38.3695114],[23.3885554,38.3714778],[23.3863283,38.3739891],[23.3841563,38.3764383],[23.3816387,38.379277],[23.3795768,38.3816019],[23.3775839,38.3838488],[23.3754207,38.386284],[23.3733171,38.388652],[23.3713878,38.3908237],[23.3690225,38.3934861],[23.3666846,38.3961053],[23.3640805,38.3990573],[23.3619611,38.401441],[23.3598864,38.4037744],[23.3575539,38.4063975],[23.3553568,38.4088684],[23.3531536,38.411346],[23.3507452,38.414078],[23.3489915,38.4160673],[23.3466975,38.4186659],[23.3448887,38.4207004],[23.3426075,38.423266],[23.3388171,38.4243402],[23.3348373,38.4254681],[23.3313766,38.4264473],[23.3270624,38.4276788],[23.3219712,38.429132],[23.3191405,38.4291191],[23.3160089,38.4291049],[23.3120632,38.4291457],[23.3086775,38.4291839],[23.3042142,38.429212],[23.3004115,38.4292154],[23.2950253,38.4292642],[23.2912367,38.4293375],[23.2878425,38.4292915],[23.2821354,38.4293523],[23.276581,38.433211],[23.2746964,38.4345408],[23.2718338,38.4365607],[23.2696584,38.4380828],[23.2669911,38.439949],[23.2630035,38.442739],[23.2604871,38.4445452],[23.25764,38.4465159],[23.2535305,38.4493851],[23.2515472,38.4507698],[23.2481793,38.4531211],[23.2429692,38.4567584],[23.2400019,38.4573735],[23.233781,38.4586945],[23.2301727,38.4594746],[23.2235362,38.4608726],[23.2211692,38.4613431],[23.2201647,38.4628836],[23.2185251,38.4652741],[23.2153217,38.469765],[23.2132563,38.4727394],[23.2110394,38.4759421],[23.20788,38.4804646],[23.2067543,38.4820759],[23.2051194,38.4844105],[23.2030257,38.4874002],[23.2008405,38.4905204],[23.1991562,38.4929254],[23.196401,38.496859],[23.1946541,38.4993531],[23.1927617,38.5020548],[23.1910468,38.504503],[23.1893838,38.5068771],[23.187757,38.5091993],[23.1859516,38.5117681],[23.1841852,38.5142814],[23.182683,38.516453],[23.1803504,38.5191783],[23.1774292,38.5204039],[23.1741215,38.5218274],[23.1709871,38.5231628],[23.1685937,38.5241923],[23.1670879,38.5245377]]}},{"type":"Feature","properties":{"assetId":"GR-line-way-85583902","countryCode":"GR","assetType":"line","powerType":"line","osmType":"way","osmId":"85583902","actualVoltagesKv":[400],"actualVoltageKv":400,"gridClass":"400","displayClass":"400 kV sınıfı","name":"ΚΥΤ ΑΧΑΡΝΩΝ -","ref":null,"operator":null,"from":null,"to":null,"displayLabel":"ΚΥΤ ΑΧΑΡΝΩΝ -","labelSource":"osm-name","voltageRaw":"400000","circuits":null,"cables":"6","frequency":null,"location":null,"sourceProvider":"ArcGIS OSM Europe","sourceFallback":null,"sourceLicense":"ODbL 1.0","osmTimestamp":"2021-11-09T08:58:42Z"},"geometry":{"type":"LineString","coordinates":[[23.6328694997854,38.0888994999926],[23.636391299941,38.087491700153],[23.6399008003638,38.0864167001421],[23.6438228996915,38.085219199936],[23.6472441002134,38.0841746001723],[23.65038030033,38.0832169999795],[23.6543761998515,38.0819968996862],[23.6574785999572,38.0817598997414],[23.6609963002018,38.081491100276],[23.6654381997872,38.0811516996505],[23.6675596000768,38.0809896997695],[23.6707744997987,38.0823143003351],[23.6728076001874,38.0831521000812],[23.6771696997312,38.084889200035],[23.6823359998634,38.0869020998303],[23.6856506997184,38.0882292001027],[23.688595600002,38.0894045001266],[23.691278800382,38.0898055996701],[23.6943923997843,38.0901582003191],[23.6981663004463,38.0906467998199],[23.7013987002483,38.0910651002751],[23.7048533001325,38.0915113996995],[23.7083962996305,38.0920213003393],[23.7089880998582,38.0920945999165],[23.7136303003958,38.0926694000139],[23.7161825003562,38.0929960002603],[23.7180215996778,38.0941550000431],[23.7202281000692,38.0955214000016],[23.7232210000333,38.0973835998186],[23.7259049002009,38.0990536003483],[23.7288603997065,38.1009077998695],[23.7326108004407,38.1016552999822],[23.7334104995712,38.1016360002028],[23.7340348996606,38.1016619999777]]}},{"type":"Feature","properties":{"assetId":"GR-line-way-85585501","countryCode":"GR","assetType":"line","powerType":"line","osmType":"way","osmId":"85585501","actualVoltagesKv":[400],"actualVoltageKv":400,"gridClass":"400","displayClass":"400 kV sınıfı","name":"ΚΥΤ ΔΙΣΤΟΜΟΥ- ΚΥΤ ΚΟΥΜΟΥΝΔΟΥΡΟΥ","ref":null,"operator":"IPTO","from":null,"to":null,"displayLabel":"ΚΥΤ ΔΙΣΤΟΜΟΥ- ΚΥΤ ΚΟΥΜΟΥΝΔΟΥΡΟΥ","labelSource":"osm-name","voltageRaw":"400000","circuits":null,"cables":"6","frequency":null,"location":null,"sourceProvider":"ArcGIS OSM Europe","sourceFallback":null,"sourceLicense":"ODbL 1.0","osmTimestamp":"2022-05-16T18:04:32Z"},"geometry":{"type":"LineString","coordinates":[[23.0099986,38.3852155],[23.0141598,38.3845072],[23.0169953,38.3840248],[23.0238627,38.3828565],[23.0278871,38.3821719],[23.0313018,38.3815909],[23.0354027,38.3808932],[23.0387426,38.380325],[23.0429448,38.3796101],[23.0465813,38.3789902],[23.0498051,38.3784407],[23.0524254,38.3779993],[23.0553718,38.3771582],[23.058378,38.3762999],[23.0607883,38.3756118],[23.0643355,38.37456],[23.0690754,38.373199],[23.0719232,38.3723813],[23.0755317,38.3713452],[23.0793821,38.3702396],[23.0827946,38.3692597],[23.0860706,38.368319],[23.0928456,38.3663523],[23.0976784,38.364986],[23.100578,38.3641533],[23.1034039,38.3633417],[23.1055684,38.3627201],[23.1104119,38.361329],[23.1159778,38.3597239],[23.1177727,38.3592063],[23.1208794,38.3583103],[23.1252257,38.3570569],[23.1258405,38.3568796],[23.1292859,38.3558859],[23.1350869,38.3542093],[23.1384171,38.3532468],[23.1410401,38.3524886],[23.1456462,38.3511573],[23.1495808,38.35002],[23.1531648,38.3489841],[23.1571104,38.3478424],[23.1607246,38.3467966],[23.1640506,38.3458342],[23.1673711,38.3448733],[23.1708658,38.3438621],[23.1743434,38.3428557],[23.177851,38.3418407],[23.1814816,38.3407901],[23.1850605,38.3397544],[23.188453,38.3387726],[23.19212,38.3377114],[23.1956347,38.3366943],[23.1991123,38.3356878],[23.2026711,38.3346579],[23.2064215,38.3335725],[23.2102185,38.3324736],[23.2140232,38.3313724],[23.217671,38.3303166],[23.2214646,38.3292186],[23.2253428,38.3281173],[23.2291026,38.3270427],[23.2323125,38.3261119],[23.2360918,38.325016],[23.2392087,38.3241122],[23.2431305,38.3229749],[23.2474798,38.3217137],[23.2509226,38.3207153],[23.2539853,38.3198272],[23.2582246,38.3185978],[23.2624188,38.3173815],[23.2678323,38.3158115],[23.2718998,38.3146319],[23.2759307,38.3134628],[23.2799017,38.3123112],[23.2825327,38.3115481],[23.2853866,38.3107204],[23.2907931,38.3091523],[23.2951661,38.307884],[23.2978649,38.3057187],[23.3002311,38.3038203],[23.3037018,38.3010356],[23.3067195,38.2986143],[23.3098882,38.2960419],[23.3132152,38.293402],[23.3153601,38.2916999],[23.3176469,38.2898852],[23.3195841,38.2883261],[23.3219152,38.2864574],[23.3245387,38.2843665],[23.3253024,38.2813326],[23.3258977,38.2790673],[23.3263454,38.2774611],[23.3269794,38.2753219],[23.3277525,38.2724976],[23.3285884,38.2694442],[23.3293999,38.2664794],[23.3302496,38.2633752],[23.3310087,38.2606018],[23.3318492,38.2575307],[23.3326761,38.2544912],[23.3335388,38.2513201],[23.3343661,38.2482792],[23.3352514,38.2450247],[23.3360421,38.2421181],[23.3365681,38.2401815],[23.3372965,38.2374997],[23.3383539,38.2336068],[23.3390672,38.2309804],[23.3398343,38.228156],[23.3404702,38.2258144],[23.3417298,38.221176],[23.342552,38.2181483],[23.3433505,38.2152229],[23.3441056,38.2124564],[23.3448324,38.2097935],[23.3454939,38.2073697],[23.3463235,38.2043298],[23.3467578,38.2026987],[23.3474605,38.2001501],[23.3479848,38.1982187],[23.3491452,38.1958431],[23.3505445,38.1929229],[23.353835,38.1917549],[23.3561667,38.1909298],[23.3586281,38.1900588],[23.3626491,38.1886359],[23.3649773,38.1873064],[23.3690745,38.1849667],[23.3710655,38.1838314],[23.3739621,38.182132],[23.3773583,38.180208],[23.3811574,38.1780557],[23.3844476,38.1761916],[23.3874867,38.1744744],[23.3906247,38.1726903],[23.3935819,38.171009],[23.3963348,38.1694439],[23.3999473,38.1673917],[23.4040251,38.1650752],[23.4063402,38.1637482],[23.4078592,38.1628776],[23.4102031,38.1615587],[23.4151288,38.1587014],[23.4190196,38.1564805],[23.4237744,38.154064],[23.4289858,38.1518769],[23.4327684,38.1502816],[23.4357927,38.1490061],[23.4390618,38.1476273],[23.4423308,38.1462268],[23.4459882,38.1446831],[23.4500077,38.1429745],[23.4546279,38.1410105],[23.4578427,38.1396439],[23.4606249,38.1385058],[23.4642609,38.1369921],[23.4677462,38.135521],[23.4710934,38.1341349],[23.4754648,38.133366],[23.4794353,38.1326676],[23.4855621,38.1316146],[23.4888035,38.1310439],[23.4915528,38.1305658],[23.496006,38.1297862],[23.498798,38.1292974],[23.5022502,38.128693],[23.5058716,38.1280568],[23.5093315,38.1274494],[23.5132019,38.1267868],[23.518656,38.1258215],[23.5221637,38.1251998],[23.5256496,38.1238103],[23.5298835,38.1221226],[23.5325266,38.1210566],[23.5357784,38.1197405],[23.5391931,38.1183731],[23.543711,38.1165636],[23.5487143,38.1145596],[23.5523673,38.1141207],[23.5546171,38.113873],[23.5575888,38.1135285],[23.5604398,38.1125668],[23.563949,38.111383],[23.567865,38.110062],[23.5715041,38.1088344],[23.5756986,38.1074194],[23.5794118,38.1061667],[23.5835106,38.104784],[23.5871568,38.1035539],[23.5904221,38.1024495],[23.5934183,38.1014397],[23.5968392,38.1002847],[23.6008156,38.098942],[23.6040629,38.0978439],[23.6075866,38.0966522],[23.6114082,38.0953598],[23.6146572,38.094261],[23.6186928,38.0928962],[23.6229347,38.0915983],[23.6267081,38.0904515],[23.6297894,38.0895042],[23.6326651,38.0886184],[23.6335524,38.0864102],[23.6346564,38.0837536],[23.6356593,38.0812821],[23.6351521,38.0784915],[23.634671,38.0756847],[23.634222,38.0732405],[23.6337293,38.0704243],[23.6332233,38.0675525],[23.6327323,38.0647878],[23.6322405,38.0620186],[23.631369,38.0571113],[23.6303195,38.0512687],[23.6298809,38.0488041],[23.629081,38.0443128],[23.6287492,38.0423894],[23.6282635,38.039501],[23.627526,38.0363849],[23.6266497,38.0352883],[23.6256032,38.0342171]]}},{"type":"Feature","properties":{"assetId":"GR-line-way-85612094","countryCode":"GR","assetType":"line","powerType":"line","osmType":"way","osmId":"85612094","actualVoltagesKv":[400],"actualVoltageKv":400,"gridClass":"400","displayClass":"400 kV sınıfı","name":"ΚΥΤ ΑΧΑΡΝΩΝ - ΚΥΤ ΑΓΙΟΥ ΣΤΕΦΑΝΟΥ","ref":null,"operator":"IPTO","from":null,"to":null,"displayLabel":"ΚΥΤ ΑΧΑΡΝΩΝ - ΚΥΤ ΑΓΙΟΥ ΣΤΕΦΑΝΟΥ","labelSource":"osm-name","voltageRaw":"400000","circuits":null,"cables":"6","frequency":null,"location":null,"sourceProvider":"ArcGIS OSM Europe","sourceFallback":null,"sourceLicense":"ODbL 1.0","osmTimestamp":"2022-05-29T11:55:43Z"},"geometry":{"type":"LineString","coordinates":[[23.8353199,38.13353],[23.8344905,38.1337353],[23.8321377,38.1338458],[23.8300474,38.1343334],[23.8280281,38.1371936],[23.8261974,38.1397857],[23.8248946,38.1416516],[23.823891,38.1437448],[23.8206644,38.1446292],[23.8176316,38.1430932],[23.8141903,38.1412971],[23.8085952,38.1384455],[23.8062229,38.1372533],[23.8051106,38.1366944],[23.8006991,38.1344344],[23.7978439,38.1329494],[23.7949454,38.1314609],[23.7925505,38.1302268],[23.7898567,38.1288486],[23.7881409,38.1279371],[23.784835,38.1262579],[23.781783,38.1246913],[23.7784486,38.1229602],[23.7744348,38.1209088],[23.770853,38.1190605],[23.7675425,38.1173543],[23.7645268,38.1159317],[23.7616439,38.1145606],[23.7580189,38.1128454],[23.7547954,38.111322],[23.7515003,38.1097731],[23.7482338,38.1082242],[23.7452715,38.1068218],[23.7419378,38.1052493],[23.7382723,38.1035077],[23.7354662,38.1017475],[23.7348535,38.1017114]]}},{"type":"Feature","properties":{"assetId":"GR-line-way-85612095","countryCode":"GR","assetType":"line","powerType":"line","osmType":"way","osmId":"85612095","actualVoltagesKv":[400],"actualVoltageKv":400,"gridClass":"400","displayClass":"400 kV sınıfı","name":"ΚΥΤ ΛΑΡΙΜΝΑΣ - ΚΥΤ ΑΛΙΒΕΡΙΟΥ - ΚΥΤ ΑΓΙΟΥ ΣΤΕΦΑΝΟΥ","ref":null,"operator":"IPTO","from":null,"to":null,"displayLabel":"ΚΥΤ ΛΑΡΙΜΝΑΣ - ΚΥΤ ΑΛΙΒΕΡΙΟΥ - ΚΥΤ ΑΓΙΟΥ ΣΤΕΦΑΝΟΥ","labelSource":"osm-name","voltageRaw":"400000","circuits":null,"cables":"6","frequency":null,"location":null,"sourceProvider":"ArcGIS OSM Europe","sourceFallback":null,"sourceLicense":"ODbL 1.0","osmTimestamp":"2022-05-13T10:02:25Z"},"geometry":{"type":"LineString","coordinates":[[23.8355697,38.1341756],[23.8344881,38.134044],[23.8323248,38.1341799],[23.8305296,38.1344989],[23.8285472,38.1371294],[23.8263863,38.140032],[23.825262,38.141779],[23.8241928,38.1439835],[23.8223316,38.1473058],[23.8210708,38.1495538],[23.8192392,38.1529025],[23.8175904,38.1558778],[23.8156616,38.157942],[23.8129877,38.1608204],[23.8107872,38.1631891],[23.8086911,38.1654454],[23.806502,38.1678016],[23.8047869,38.1696476],[23.8016913,38.1729919],[23.7995902,38.175241],[23.7979835,38.1769733],[23.7961639,38.1789414],[23.7942929,38.1809301],[23.7919041,38.1838833],[23.7900518,38.1861277],[23.7875186,38.1877815],[23.784069,38.1897013],[23.7826577,38.1932573],[23.7813753,38.1964391],[23.7804273,38.1987661],[23.7786065,38.2033146],[23.7778514,38.2052008],[23.7763239,38.2090162],[23.7745587,38.2106855],[23.7721258,38.2129863],[23.7686608,38.2162628],[23.7664262,38.2170437],[23.7638045,38.2179599],[23.7599313,38.2192613],[23.7561641,38.2206297],[23.7517251,38.2231091],[23.7485919,38.2248916],[23.7462493,38.2261896],[23.7425602,38.2268367],[23.7392295,38.2274209],[23.7336268,38.2284036],[23.7294371,38.2291385],[23.7250526,38.2299104],[23.7220902,38.231188],[23.717069,38.2333534],[23.714497,38.2344366],[23.709014,38.2353254],[23.7044781,38.2360606],[23.6994499,38.2368675],[23.6963525,38.2373513],[23.694482,38.2365867],[23.692681,38.2358006],[23.6894261,38.2344011],[23.6862525,38.2330365],[23.6825891,38.2314886],[23.6799352,38.2314002],[23.6751929,38.2312256],[23.6726785,38.2323954],[23.668837,38.2341616],[23.6668601,38.2350704],[23.662522,38.2370649],[23.6573829,38.2391408],[23.6537086,38.2406039],[23.6497442,38.2421721],[23.6446247,38.2442148],[23.639347,38.2463204],[23.6342103,38.2484349],[23.6324843,38.251333],[23.6315027,38.2530573],[23.6303705,38.2550429],[23.6285112,38.2583034],[23.6268666,38.2611873],[23.6253095,38.2639145],[23.6242461,38.2657769],[23.6225311,38.2687803],[23.6211889,38.2711308],[23.6199138,38.2733638],[23.618635,38.2756033],[23.6169452,38.2785621],[23.6151629,38.281683],[23.6135492,38.2845084],[23.6118628,38.2874611],[23.6090819,38.2899894],[23.60655,38.2923158],[23.6045684,38.2941364],[23.6019157,38.2965735],[23.5975833,38.297545],[23.5932575,38.2985083],[23.5886381,38.299537],[23.5838148,38.3006111],[23.5810071,38.3012363],[23.5761535,38.3023171],[23.5734899,38.3029102],[23.5711334,38.3032978],[23.5662419,38.3041008],[23.5633192,38.3045807],[23.5587945,38.3053235],[23.5554023,38.3058805],[23.5502633,38.3067241],[23.5454592,38.3075128],[23.5415271,38.3081584],[23.5385749,38.308643],[23.5348904,38.3092479],[23.5307993,38.3099195],[23.5269559,38.3105505],[23.5227479,38.3112413],[23.5188321,38.3118841],[23.514814,38.3125437],[23.5108625,38.3131924],[23.5080597,38.3136525],[23.5048772,38.3141749],[23.5013681,38.3147612],[23.4984691,38.3178871],[23.4961752,38.3203604],[23.493157,38.3236146],[23.491546,38.3253515],[23.4880945,38.3290725],[23.4837513,38.3337547],[23.4809709,38.3367518],[23.4786463,38.3392576],[23.4781756,38.3421457],[23.4776579,38.3453216],[23.4769729,38.3495232],[23.4762662,38.3538582],[23.4759443,38.3558323],[23.4753677,38.359369],[23.4748283,38.3626767],[23.4743543,38.3655837],[23.4739363,38.3681475],[23.4736844,38.3696921],[23.4730742,38.3734687],[23.4724967,38.377043],[23.4710445,38.3788387],[23.4671655,38.3805338],[23.4641436,38.3818544],[23.4603241,38.3819262],[23.4561421,38.382005],[23.4522036,38.3820826],[23.4481456,38.3821626],[23.4441297,38.3822418],[23.4402198,38.3823189],[23.4364966,38.3823923],[23.4330562,38.3824602],[23.4285354,38.3825493],[23.4248247,38.3826225],[23.4218486,38.3826862],[23.4195558,38.3827312],[23.4141382,38.3828375],[23.4103473,38.385877],[23.4066701,38.3888343],[23.4050657,38.3901245],[23.4013428,38.3931064],[23.3973702,38.3962881],[23.3950223,38.3981906],[23.3918962,38.4007012],[23.3889522,38.4030654],[23.3873234,38.4043733],[23.3833767,38.4075426],[23.3796647,38.4105231],[23.3775523,38.4122253],[23.3748662,38.4143896],[23.3720222,38.4166811],[23.3694195,38.4187781],[23.3663831,38.4212245],[23.3629331,38.4240065],[23.3588736,38.4272615],[23.3493841,38.4298438],[23.3423541,38.4317331],[23.3377143,38.4330324],[23.3322412,38.4333466],[23.3282074,38.4335539],[23.3238431,38.433804],[23.3199595,38.4339779],[23.3129338,38.4343914],[23.3061178,38.4347383],[23.3028864,38.4349027],[23.2991691,38.4350918],[23.2953466,38.4359671],[23.2914756,38.4368189],[23.2882937,38.4375191],[23.2841521,38.4384304],[23.2804584,38.4392432],[23.2733512,38.4407862],[23.2712479,38.4419468],[23.2687935,38.4432977],[23.2642897,38.4457801],[23.2621285,38.4469706],[23.2557675,38.4504735],[23.2525253,38.4522588],[23.2487812,38.454184],[23.2427995,38.4572596],[23.2402364,38.4578072],[23.2345037,38.459032],[23.2304647,38.459895],[23.2239416,38.4612887],[23.2216054,38.4617878],[23.2206056,38.4632146],[23.2192542,38.4651469],[23.2182696,38.4665546],[23.2157035,38.4702074],[23.2136374,38.4731711],[23.2118345,38.4757203],[23.2085915,38.4803924],[23.2073245,38.4822024],[23.2055154,38.4847867],[23.2038032,38.4872325],[23.2013545,38.4907301],[23.1995073,38.4933684],[23.196593,38.4975307],[23.1951292,38.4996213],[23.1932845,38.5022426],[23.1915497,38.5047231],[23.1898576,38.5071371],[23.1881711,38.5095285],[23.1864226,38.5120177],[23.1847146,38.5144674],[23.1831459,38.5166951],[23.1806374,38.5193931],[23.1775373,38.5207516],[23.1743359,38.5221545],[23.1715794,38.5233747],[23.1687348,38.5246339],[23.1672394,38.5249983]]}},{"type":"Feature","properties":{"assetId":"GR-line-way-85646784","countryCode":"GR","assetType":"line","powerType":"line","osmType":"way","osmId":"85646784","actualVoltagesKv":[400],"actualVoltageKv":400,"gridClass":"400","displayClass":"400 kV sınıfı","name":"ΚΥΤ ΠΑΛΛΗΝΗΣ - ΚΥΤ ΑΓΙΟΥ ΣΤΕΦΑΝΟΥ","ref":null,"operator":"IPTO","from":null,"to":null,"displayLabel":"ΚΥΤ ΠΑΛΛΗΝΗΣ - ΚΥΤ ΑΓΙΟΥ ΣΤΕΦΑΝΟΥ","labelSource":"osm-name","voltageRaw":"400000","circuits":null,"cables":"6","frequency":null,"location":null,"sourceProvider":"ArcGIS OSM Europe","sourceFallback":null,"sourceLicense":"ODbL 1.0","osmTimestamp":"2022-05-10T07:22:18Z"},"geometry":{"type":"LineString","coordinates":[[23.836971,38.1330676],[23.8376083,38.1327438],[23.8401945,38.1306997],[23.8435865,38.128546],[23.8473444,38.126141],[23.8485437,38.1242315],[23.8499321,38.1224001],[23.8520901,38.1204119],[23.8535718,38.1190347],[23.8558931,38.1170396],[23.856108,38.1168549],[23.8584457,38.1148334],[23.8592718,38.11368],[23.8585759,38.1116073],[23.8578162,38.1094749],[23.8574204,38.1062069],[23.8572268,38.1045748],[23.856206,38.1028362],[23.8548622,38.1005475],[23.8535093,38.0982432],[23.8525207,38.0965592],[23.8507921,38.0936148],[23.8514641,38.0913507],[23.8522963,38.0885463],[23.8532307,38.0853975],[23.8545031,38.081109],[23.8554306,38.0779828],[23.8560109,38.0760268],[23.857276,38.0717313],[23.8575761,38.0715102],[23.8603988,38.069431],[23.8626886,38.0677442],[23.8641297,38.066675],[23.8650385,38.0638711],[23.8642077,38.0618657],[23.8632199,38.0595732],[23.8632245,38.054114],[23.8633322,38.0496682],[23.8629952,38.0476754],[23.8630532,38.0458009],[23.8620303,38.0422762],[23.8622365,38.0394853],[23.8624257,38.0369273],[23.8626575,38.0340506],[23.8628893,38.0311794],[23.8630786,38.0286565],[23.8633506,38.0251739],[23.8635446,38.0225763],[23.863756,38.0199858],[23.8639815,38.0172482],[23.8641609,38.0148639],[23.8643597,38.0123174],[23.8643068,38.0101185],[23.8642468,38.0076256],[23.8641843,38.0050262],[23.8636845,38.0025695],[23.8630849,37.9997755],[23.8626234,37.9971738],[23.8608984,37.9957448],[23.8579229,37.9939617],[23.8542345,37.9940043],[23.8525518,37.9943039]]}},{"type":"Feature","properties":{"assetId":"GR-line-way-85646786","countryCode":"GR","assetType":"line","powerType":"line","osmType":"way","osmId":"85646786","actualVoltagesKv":[400],"actualVoltageKv":400,"gridClass":"400","displayClass":"400 kV sınıfı","name":null,"ref":null,"operator":null,"from":null,"to":null,"displayLabel":"400 kV · OSM 85646786","labelSource":"generated-identifier","voltageRaw":"400000","circuits":null,"cables":"3","frequency":"50","location":null,"sourceProvider":"ArcGIS OSM Europe","sourceFallback":null,"sourceLicense":"ODbL 1.0","osmTimestamp":"2017-05-10T21:44:55Z"},"geometry":{"type":"LineString","coordinates":[[23.9135526000884,37.9005200002582],[23.9111719001938,37.9014538998152],[23.9088857003721,37.9022892000585],[23.9065002995936,37.903160699979],[23.9058562003483,37.9048991998801],[23.9050907000807,37.9076566999489],[23.9044290001441,37.9097688997031],[23.9036660996008,37.912258000278],[23.9049427996557,37.9147732996394],[23.9062572002063,37.9172941002275]]}},{"type":"Feature","properties":{"assetId":"GR-line-way-85646788","countryCode":"GR","assetType":"line","powerType":"line","osmType":"way","osmId":"85646788","actualVoltagesKv":[400],"actualVoltageKv":400,"gridClass":"400","displayClass":"400 kV sınıfı","name":"ΚΥΤ ΠΑΛΛΗΝΗΣ - ΚΥΤ ΑΓΙΟΥ ΣΤΕΦΑΝΟΥ","ref":null,"operator":"IPTO","from":null,"to":null,"displayLabel":"ΚΥΤ ΠΑΛΛΗΝΗΣ - ΚΥΤ ΑΓΙΟΥ ΣΤΕΦΑΝΟΥ","labelSource":"osm-name","voltageRaw":"400000","circuits":null,"cables":"6","frequency":null,"location":null,"sourceProvider":"ArcGIS OSM Europe","sourceFallback":null,"sourceLicense":"ODbL 1.0","osmTimestamp":"2022-05-31T06:59:39Z"},"geometry":{"type":"LineString","coordinates":[[23.8368062,38.1326348],[23.8373533,38.1324955],[23.8398808,38.1305032],[23.8435387,38.1281716],[23.8469976,38.1259614],[23.8481885,38.1240782],[23.8495083,38.1223141],[23.8517864,38.1202059],[23.8532726,38.1188203],[23.8557648,38.1167366],[23.8582243,38.1146996],[23.8589667,38.1136439],[23.8582702,38.111601],[23.8575294,38.109548],[23.8570626,38.1062806],[23.8568092,38.1046483],[23.8557581,38.1028514],[23.8542835,38.1003303],[23.853053,38.0982266],[23.8520904,38.0965808],[23.8503835,38.0936623],[23.850503,38.0932581],[23.8505397,38.0931341],[23.8506817,38.0926538],[23.8510532,38.0913973],[23.8519105,38.0884973],[23.8528696,38.0852521],[23.8541408,38.0809507],[23.8551278,38.0776108],[23.8556459,38.0758494],[23.8569335,38.0715509],[23.8603398,38.0690386],[23.8623978,38.0675279],[23.8637782,38.0665115],[23.8644473,38.063461],[23.8636363,38.0612869],[23.86266,38.0596207],[23.8628333,38.0538397],[23.8629295,38.0496885],[23.8625846,38.0476844],[23.8626374,38.0458369],[23.8616334,38.0423015],[23.8618296,38.0396083],[23.862007,38.0374024],[23.8622577,38.0341289],[23.8624801,38.0312017],[23.8627025,38.0283304],[23.8629106,38.0256733],[23.8631306,38.0228893],[23.8633529,38.0200544],[23.8635459,38.0173332],[23.8637795,38.0147055],[23.8639572,38.0123142],[23.8639123,38.0104319],[23.8638508,38.0080891],[23.8637798,38.0050547],[23.8632807,38.0026241],[23.8626733,37.9998451],[23.8622463,37.9972816],[23.8606044,37.9960005],[23.8580003,37.9943684],[23.8543669,37.9944441],[23.8526679,37.9947363]]}},{"type":"Feature","properties":{"assetId":"GR-line-way-85667972","countryCode":"GR","assetType":"line","powerType":"line","osmType":"way","osmId":"85667972","actualVoltagesKv":[150,400],"actualVoltageKv":400,"gridClass":"400","displayClass":"400 kV sınıfı","name":"ΚΥΤ ΛΑΥΡΙΟΥ - ΚΥΤ ΑΡΓΥΡΟΥΠΟΛΗΣ","ref":null,"operator":"IPTO","from":null,"to":null,"displayLabel":"ΚΥΤ ΛΑΥΡΙΟΥ - ΚΥΤ ΑΡΓΥΡΟΥΠΟΛΗΣ","labelSource":"osm-name","voltageRaw":"400000 (temp 150000)","circuits":null,"cables":"3","frequency":null,"location":null,"sourceProvider":"ArcGIS OSM Europe","sourceFallback":null,"sourceLicense":"ODbL 1.0","osmTimestamp":"2022-07-08T20:35:12Z"},"geometry":{"type":"LineString","coordinates":[[23.7597959,37.9186099],[23.7611077,37.9186613],[23.7645044,37.9189404],[23.7678514,37.9192314],[23.7705437,37.919065],[23.7754686,37.9191611],[23.779867,37.9204021],[23.7822764,37.9210616],[23.7853837,37.9198488],[23.7892236,37.9184007],[23.7948955,37.9162259],[23.7992981,37.9144711],[23.8028451,37.9125335],[23.803386,37.912238],[23.804479,37.9116635],[23.8056592,37.9110432],[23.8090118,37.909281],[23.8138325,37.9067819],[23.8159197,37.9056937],[23.8167817,37.9034997],[23.8176965,37.901216],[23.8187637,37.8983427],[23.8192068,37.8971497],[23.8203442,37.8944469],[23.8212359,37.8926324],[23.8234964,37.8880735],[23.8252254,37.8843873],[23.8272384,37.8800953],[23.8286745,37.8770333],[23.8299157,37.874416],[23.831044,37.8720981],[23.8359496,37.8691828],[23.8380258,37.8679489],[23.8414525,37.8659771],[23.8441586,37.8643277],[23.8459224,37.863246],[23.8494577,37.8617608],[23.8526147,37.8604346],[23.8551777,37.8593552],[23.8571857,37.8585094],[23.8611985,37.8568193],[23.8645161,37.8554266],[23.8675345,37.8541595],[23.8704414,37.8529391],[23.8763034,37.8513493],[23.8793417,37.8518866],[23.8843026,37.8527821],[23.8868209,37.8532366],[23.8919295,37.8541587],[23.8954128,37.8547874],[23.9002378,37.8556582],[23.9037829,37.8562981],[23.9068238,37.8568654],[23.9107175,37.8575776],[23.9137771,37.858091],[23.9186872,37.8574582],[23.9230645,37.8568853],[23.927255,37.8556964],[23.9292807,37.8532206],[23.9313474,37.8504994],[23.9332726,37.8480595],[23.9354023,37.8453603],[23.9371786,37.8431089],[23.938867,37.8409689],[23.9405564,37.8388276],[23.9419669,37.8370398],[23.9433042,37.8340498],[23.94475,37.830752],[23.947204,37.8253511],[23.9483436,37.8228218],[23.9506661,37.8185696],[23.9529336,37.8135757],[23.9543944,37.8099647],[23.955735,37.8063671],[23.9574746,37.8038855],[23.9598699,37.800452],[23.9648367,37.7982202],[23.9696268,37.7961213],[23.9723511,37.794922],[23.9751537,37.7936882],[23.979971,37.7917652],[23.9845178,37.7900168],[23.987979,37.7887194],[23.99069,37.7877033],[23.996257,37.7849035],[23.9998606,37.7830912],[24.0017743,37.7821062],[24.0049021,37.7805124],[24.0093316,37.7784371],[24.0096949,37.7782669],[24.0124131,37.7769933],[24.0168642,37.7749078],[24.0191417,37.7741068],[24.0223392,37.7729673],[24.0256708,37.772311],[24.030356,37.7713881],[24.034776,37.7694146],[24.0369985,37.7683994],[24.0389842,37.7675095],[24.0423007,37.7660232],[24.0438705,37.7642134],[24.045284,37.7625837],[24.0481204,37.7593135],[24.0503637,37.7579411],[24.0561339,37.7543674],[24.0585802,37.7529729],[24.0612402,37.7514395],[24.0644971,37.7496621],[24.0654311,37.7482157],[24.0653753,37.7473412]]}},{"type":"Feature","properties":{"assetId":"GR-line-way-85705638","countryCode":"GR","assetType":"line","powerType":"line","osmType":"way","osmId":"85705638","actualVoltagesKv":[400],"actualVoltageKv":400,"gridClass":"400","displayClass":"400 kV sınıfı","name":"ΚΥΤ ΛΑΥΡΙΟΥ - ΚΥΤ ΠΑΛΛΗΝΗΣ","ref":null,"operator":null,"from":null,"to":null,"displayLabel":"ΚΥΤ ΛΑΥΡΙΟΥ - ΚΥΤ ΠΑΛΛΗΝΗΣ","labelSource":"osm-name","voltageRaw":"400000","circuits":null,"cables":"6","frequency":"50","location":null,"sourceProvider":"ArcGIS OSM Europe","sourceFallback":null,"sourceLicense":"ODbL 1.0","osmTimestamp":"2021-11-09T08:58:42Z"},"geometry":{"type":"LineString","coordinates":[[23.9135526000884,37.9005200002582],[23.9147569004229,37.8977544997205],[23.9160913998797,37.8946939002655],[23.9172791002461,37.8919700002461],[23.9185064001468,37.8891549999998],[23.9195156995894,37.8868211000418],[23.9205674004116,37.8844048003191],[23.9216959997171,37.8817945998769],[23.9227747003036,37.8792886997972],[23.9234822996596,37.8759512998475],[23.9241178999439,37.8729274001238],[23.9248345004191,37.8695180002413],[23.9254891997847,37.8664044002797],[23.9262524003653,37.8627655002482],[23.9268197996549,37.8600582996739],[23.9275114997287,37.8566430997617],[23.930155999788,37.8533677998843],[23.9326536001455,37.8501898003068],[23.9344354004267,37.8479420999975],[23.9364859002841,37.8453440999677],[23.9384792996288,37.8428183002198],[23.940802899909,37.8398739998455],[23.942735500377,37.8374252000918],[23.9456552002218,37.8337164000822],[23.9478800999069,37.8308901000132],[23.949565100428,37.8287496001259],[23.9514921996131,37.8263341002107],[23.9537534002188,37.8234698002115],[23.9555661995638,37.8211734000769],[23.9573635002753,37.8188966000571],[23.9596246999826,37.8160320000565],[23.9619940999692,37.8130127001708],[23.9635405003235,37.8103844996977],[23.9648933002593,37.8081004002051],[23.9664576004439,37.8054592003027],[23.9683191001555,37.8023161002487],[23.9698653998984,37.7997050002896],[23.9713208997291,37.7972473000192],[23.9751194995698,37.7955158997235],[23.9777199004335,37.7943428999946],[23.9808186003785,37.7929222999078],[23.9828125000848,37.7920080998941],[23.9860217997093,37.7910294997444],[23.9909645001841,37.7895332001651],[23.9968921997747,37.787701200054],[24.0014997001895,37.7862838998605],[24.0059267003176,37.7849531001746],[24.0116653000493,37.7831821000441],[24.0172736997603,37.7814577000525],[24.0221988004421,37.7784084000478],[24.0259173999169,37.7761060997592],[24.0291036002622,37.7741246997477],[24.0334178995513,37.7736536997538],[24.03860810026,37.7712354998755],[24.0414430997533,37.7699145999777],[24.0461170997536,37.7677492997254],[24.0482257996617,37.7662672001756],[24.0504798999833,37.7646828999324],[24.0535601000233,37.7625179002937],[24.0557391002889,37.7609846998076],[24.0614965996758,37.7605480999787],[24.0624385003192,37.7587396001943],[24.0643465004232,37.7563267996956],[24.0668881999762,37.7535065002559],[24.0663865995862,37.7513944001194],[24.0663766004388,37.7485231999106],[24.0660080001182,37.7478082000721],[24.0657932003573,37.7472796000107]]}},{"type":"Feature","properties":{"assetId":"GR-line-way-862793227","countryCode":"GR","assetType":"line","powerType":"line","osmType":"way","osmId":"862793227","actualVoltagesKv":[400],"actualVoltageKv":400,"gridClass":"400","displayClass":"400 kV sınıfı","name":"ΚΥΤ ΔΙΣΤΟΜΟΥ- ΚΥΤ ΚΟΥΜΟΥΝΔΟΥΡΟΥ","ref":null,"operator":"IPTO","from":null,"to":null,"displayLabel":"ΚΥΤ ΔΙΣΤΟΜΟΥ- ΚΥΤ ΚΟΥΜΟΥΝΔΟΥΡΟΥ","labelSource":"osm-name","voltageRaw":"400000","circuits":null,"cables":"6","frequency":"50","location":null,"sourceProvider":"ArcGIS OSM Europe","sourceFallback":null,"sourceLicense":"ODbL 1.0","osmTimestamp":"2024-02-27T20:44:00Z"},"geometry":{"type":"LineString","coordinates":[[22.6899894,38.43794],[22.692356,38.4413072],[22.6941579,38.4438796],[22.6956632,38.4464076],[22.6982567,38.4482755],[22.699951,38.4494897],[22.702677,38.4514745],[22.705107,38.4532207],[22.7075302,38.4549365],[22.7101395,38.4568455],[22.7137276,38.4594451],[22.7176036,38.4621329],[22.7211742,38.4631653],[22.7235021,38.4638124],[22.7279184,38.46504],[22.7333937,38.4639689],[22.7370476,38.4632208],[22.7413216,38.4623564],[22.7450509,38.4615876],[22.7498169,38.4607028],[22.7525434,38.4601791],[22.7575166,38.459202],[22.7620932,38.4582729],[22.7673222,38.4572496],[22.7711318,38.456504],[22.7776129,38.4546065],[22.7802945,38.4538213],[22.783417,38.4529071],[22.7864726,38.4520125],[22.7904417,38.4508503],[22.7947592,38.4495862],[22.7977447,38.448712],[22.8025589,38.4473024],[22.8063884,38.446181],[22.8104512,38.4449914],[22.8147401,38.4452914],[22.8184661,38.4455521],[22.824983,38.446008],[22.8289173,38.4462832],[22.8332656,38.4465874],[22.8365906,38.44682],[22.8402042,38.4470728],[22.8434379,38.447299],[22.8465197,38.4475146],[22.8504794,38.4477916],[22.8540695,38.4480427],[22.857262,38.4482661],[22.8604042,38.4484859],[22.8632693,38.4486863],[22.8668503,38.4489368],[22.87016,38.4491683],[22.8735076,38.4494025],[22.8772172,38.4496623],[22.8804743,38.4498904],[22.8844732,38.4501704],[22.8883081,38.450439],[22.8922491,38.450715],[22.8961285,38.4509866],[22.8999378,38.4483021],[22.9028271,38.446266],[22.9062876,38.4438891],[22.9096851,38.4414024],[22.9130555,38.4390308],[22.9162657,38.4367719],[22.9180563,38.4354944],[22.9205225,38.4337613],[22.923188,38.4318881],[22.9265247,38.4295097],[22.9300287,38.4269724],[22.9329671,38.4250087],[22.9362889,38.4226804],[22.9387676,38.4208595],[22.941852,38.4186715],[22.9448971,38.4165111],[22.9483688,38.4140481],[22.9500283,38.4128707],[22.9526427,38.4110158],[22.955724,38.4088296],[22.9584115,38.4069228],[22.9612271,38.4049274],[22.9640389,38.4029347],[22.9668483,38.4009437],[22.969654,38.3989553],[22.9723765,38.3970257],[22.975491,38.3948183],[22.9794712,38.3919971],[22.9824208,38.3899064],[22.985396,38.3894003],[22.9893064,38.3887351],[22.993782,38.3879738],[22.996156,38.3875699],[23.0014652,38.3866667],[23.0071752,38.3856954],[23.0099986,38.3852155]]}},{"type":"Feature","properties":{"assetId":"GR-line-way-865159800","countryCode":"GR","assetType":"line","powerType":"line","osmType":"way","osmId":"865159800","actualVoltagesKv":[400],"actualVoltageKv":400,"gridClass":"400","displayClass":"400 kV sınıfı","name":"ΚΥΤ ΔΙΣΤΟΜΟΥ- ΚΥΤ ΤΡΙΚΑΛΩΝ","ref":null,"operator":"IPTO","from":null,"to":null,"displayLabel":"ΚΥΤ ΔΙΣΤΟΜΟΥ- ΚΥΤ ΤΡΙΚΑΛΩΝ","labelSource":"osm-name","voltageRaw":"400000","circuits":null,"cables":"6","frequency":"50","location":null,"sourceProvider":"ArcGIS OSM Europe","sourceFallback":null,"sourceLicense":"ODbL 1.0","osmTimestamp":"2022-08-25T10:47:37Z"},"geometry":{"type":"LineString","coordinates":[[22.2800222,39.0097991],[22.2772479,39.0143119],[22.2749336,39.0164829],[22.2728897,39.0184722],[22.2691538,39.0207878],[22.2663362,39.022519],[22.2627834,39.0247244]]}},{"type":"Feature","properties":{"assetId":"GR-line-way-865159801","countryCode":"GR","assetType":"line","powerType":"line","osmType":"way","osmId":"865159801","actualVoltagesKv":[400],"actualVoltageKv":400,"gridClass":"400","displayClass":"400 kV sınıfı","name":"ΚΥΤ ΔΙΣΤΟΜΟΥ- ΚΥΤ ΤΡΙΚΑΛΩΝ","ref":null,"operator":"IPTO","from":null,"to":null,"displayLabel":"ΚΥΤ ΔΙΣΤΟΜΟΥ- ΚΥΤ ΤΡΙΚΑΛΩΝ","labelSource":"osm-name","voltageRaw":"400000","circuits":null,"cables":"6","frequency":"50","location":null,"sourceProvider":"ArcGIS OSM Europe","sourceFallback":null,"sourceLicense":"ODbL 1.0","osmTimestamp":"2023-10-12T20:03:34Z"},"geometry":{"type":"LineString","coordinates":[[22.2627834,39.0247244],[22.2602194,39.0263072],[22.2570692,39.0282402],[22.2541407,39.0300628],[22.2511776,39.0319339],[22.248114,39.0327926],[22.2445098,39.0338641],[22.2411273,39.0348574],[22.2377553,39.03584],[22.2335874,39.0370208],[22.2311117,39.0398993],[22.2293858,39.0418185],[22.2275663,39.0438399],[22.2254974,39.046117],[22.2234024,39.048431],[22.2217481,39.0502732],[22.2198498,39.0516416],[22.2182639,39.0527944],[22.2153555,39.0549236],[22.2123477,39.0572797],[22.2099481,39.0590994],[22.2085708,39.0614357],[22.2066242,39.0644938],[22.2048565,39.0673291],[22.2029395,39.0703604],[22.2011358,39.0731664],[22.2014758,39.0748525],[22.2015486,39.0752134],[22.2020204,39.0780246],[22.2025772,39.0809542],[22.2031624,39.0839855],[22.2037761,39.0873608],[22.2043613,39.0903478],[22.2048898,39.093186],[22.2036874,39.0960461],[22.2023147,39.0992694],[22.2009868,39.1024151],[22.1997393,39.1053307],[22.1983573,39.1086063],[22.1962048,39.1136898],[22.1959961,39.1162608],[22.1956703,39.1207707],[22.1954871,39.1232427],[22.195151,39.1278951],[22.1949323,39.1310332],[22.1946813,39.1347617],[22.1934259,39.1373624],[22.1904779,39.1430661],[22.1895214,39.1449303],[22.186578,39.1506665],[22.1852072,39.1534951],[22.1842302,39.1553635],[22.1825366,39.1587707],[22.181175,39.1614948],[22.1801779,39.1635004],[22.17831,39.1672797],[22.1774951,39.168979],[22.1753083,39.1723108],[22.1736507,39.1746189],[22.1720414,39.177114],[22.1699492,39.1802162],[22.1688758,39.1818487],[22.166972,39.1847278],[22.1651213,39.1875136],[22.163152,39.190464],[22.1619238,39.1923266],[22.1602984,39.1947462],[22.158968,39.1967917],[22.1568815,39.1999113],[22.1551754,39.2025535],[22.1533729,39.2052222],[22.1513237,39.2083273],[22.1495696,39.210921],[22.1476547,39.213828],[22.1460561,39.2162552],[22.1443127,39.2188569],[22.1423673,39.2217981],[22.1405254,39.2245712],[22.1385567,39.2275175],[22.1368347,39.2301479],[22.1347426,39.2332768],[22.132452,39.2367546],[22.1303598,39.2401615],[22.1285467,39.2431155],[22.1267174,39.2461981],[22.1250485,39.2488511],[22.1232037,39.2519476],[22.1214978,39.2547224],[22.1197866,39.2575262],[22.1182738,39.2600226],[22.1164499,39.2630048],[22.1146847,39.2659561],[22.1128662,39.2688758],[22.1110748,39.2718676],[22.1098356,39.2738817],[22.1080382,39.2768284],[22.1063753,39.2795857],[22.1046589,39.2824358],[22.1028723,39.2853033],[22.1011554,39.2881576],[22.0993747,39.2910288],[22.0976259,39.2939308],[22.0959576,39.2966791],[22.0943429,39.2993193],[22.0924385,39.3024036],[22.0911296,39.3045829],[22.0892038,39.3077375],[22.0875998,39.3103856],[22.0859368,39.3131042],[22.0844402,39.3155612],[22.0825039,39.3187378],[22.0809375,39.3212734],[22.0794459,39.3237576],[22.0776866,39.3266557],[22.0760719,39.3292741],[22.0743821,39.3319961],[22.0726977,39.3348009],[22.0710508,39.3375061],[22.069404,39.3402319],[22.0675801,39.3431692],[22.0659246,39.3459065],[22.064184,39.3487573],[22.0627409,39.3511674],[22.0613515,39.3533991],[22.05971,39.356087],[22.0576713,39.3594137],[22.0560139,39.3621012],[22.0544314,39.3647058],[22.0528382,39.3673517],[22.0504073,39.3713541],[22.0464599,39.3762993],[22.044121,39.3792185],[22.0420611,39.3817976],[22.0398188,39.384617],[22.0380026,39.3869173],[22.0377696,39.3872125],[22.0358384,39.3896171],[22.0338643,39.3920632],[22.0316005,39.3949402],[22.0295835,39.3974773],[22.0276308,39.3999396],[22.0257211,39.4023687],[22.0236075,39.4050298],[22.0213437,39.4078152],[22.0194018,39.4102854],[22.0173526,39.4128717],[22.0152712,39.4154578],[22.0131683,39.4181101],[22.0110548,39.4208867],[22.0088339,39.4236548],[22.00701,39.4260085],[22.0046818,39.4288096],[22.0025468,39.431536],[22.0003259,39.4342954],[21.9983089,39.4369305],[21.9960988,39.4396731],[21.9939637,39.4424074],[21.9917428,39.445067],[21.9895971,39.447801],[21.9873869,39.4505184],[21.9853377,39.4531197],[21.9832671,39.4558037],[21.9810355,39.4585539],[21.9791472,39.4608899],[21.9771731,39.4634494],[21.9750917,39.4660419],[21.9732034,39.4684438],[21.9709933,39.4711687],[21.9690192,39.4736118],[21.967088,39.4759804],[21.965028,39.4786635],[21.9630003,39.4811892],[21.9612515,39.4833008],[21.9593203,39.4857767],[21.9573998,39.4881862],[21.9553506,39.4907778],[21.9531727,39.4935101],[21.9509733,39.4962671],[21.948806,39.4988915],[21.9466603,39.5014413],[21.9445789,39.5040573],[21.9426155,39.5065324],[21.9401908,39.5094958],[21.9379699,39.51183],[21.9356632,39.5144207],[21.9332922,39.5170776],[21.9310069,39.5196764],[21.9286036,39.5223744],[21.9265223,39.5247165],[21.923883,39.5276956],[21.9202352,39.5318663],[21.914624,39.5334054],[21.9110405,39.5343901],[21.9071782,39.5355733],[21.9031227,39.5367979],[21.8993354,39.5379811],[21.8953013,39.539247],[21.8915462,39.5404137],[21.8891529,39.5411354],[21.8881989,39.5414231],[21.8838966,39.5427799],[21.8827707,39.5455245],[21.8818367,39.5478432],[21.8829739,39.5512267],[21.8838644,39.5526826],[21.8834138,39.5545025],[21.8830709,39.5560776]]}},{"type":"Feature","properties":{"assetId":"GR-line-way-86577269","countryCode":"GR","assetType":"line","powerType":"line","osmType":"way","osmId":"86577269","actualVoltagesKv":[400],"actualVoltageKv":400,"gridClass":"400","displayClass":"400 kV sınıfı","name":"ΚΥΤ ΚΑΡΔΙΑΣ - ΚΥΤ ΛΑΡΙΣΑΣ","ref":null,"operator":null,"from":null,"to":null,"displayLabel":"ΚΥΤ ΚΑΡΔΙΑΣ - ΚΥΤ ΛΑΡΙΣΑΣ","labelSource":"osm-name","voltageRaw":"400000","circuits":null,"cables":"6","frequency":"50","location":null,"sourceProvider":"ArcGIS OSM Europe","sourceFallback":null,"sourceLicense":"ODbL 1.0","osmTimestamp":"2021-11-11T09:44:17Z"},"geometry":{"type":"LineString","coordinates":[[22.5167789004247,39.5369574004221],[22.5151583001262,39.5376564005473],[22.5114925997436,39.538804399889],[22.5078347003308,39.5399578004254],[22.5040646004408,39.5411343003104],[22.5008114998614,39.5421495004918],[22.4973782996439,39.5432444004678],[22.4944147997424,39.5441633002618],[22.4906343000563,39.5453379001023],[22.4878103004336,39.5462644001944],[22.4834309002358,39.5476801998596],[22.4792965002604,39.5490049001043],[22.4754517997775,39.5502368001205],[22.4706471002933,39.552051700298],[22.4682080997368,39.5525827003781],[22.4642873999843,39.5534290005411],[22.4602059997123,39.5543101000959],[22.4562204002738,39.5551704004173],[22.4525314002876,39.5559667004449],[22.4489413003226,39.556741700243],[22.445405199886,39.5575049000669],[22.4417624999678,39.5582912001375],[22.4384944002181,39.5590022002989],[22.4340990001268,39.5599494001154],[22.4305142002219,39.5607253000613],[22.4262938997458,39.5616387001422],[22.4213011002276,39.5627192998888],[22.4187988995975,39.5632608999076],[22.4159890996445,39.565252200138],[22.4133653003627,39.5671117000979],[22.4104410999582,39.5691840003911],[22.4076316997555,39.5711859999459],[22.4051031003342,39.5729878999611],[22.4027431003187,39.5746695005105],[22.3999604995559,39.5766523000518],[22.3973393997114,39.5785091000248],[22.394433400073,39.580567800298],[22.3917951001858,39.5824368003263],[22.3898727000879,39.5846667000708],[22.387747899675,39.5871243999681],[22.3854472001463,39.5898198000895],[22.3833138998742,39.5922990002712],[22.3808972997076,39.5951073005041],[22.3761853997854,39.6005633000744],[22.3742450001442,39.6028208002134],[22.3725085001061,39.604841100115],[22.3704689004064,39.6072051004704],[22.3682058995769,39.6098278005366],[22.3658363998773,39.6125739004163],[22.3635853996417,39.6151876999003],[22.3616484998368,39.6174367003337],[22.359547399676,39.6198761003564],[22.3570645999612,39.6227588003124],[22.3570996001213,39.6242115005228],[22.3571822002116,39.6276403004432],[22.3572410003369,39.6302112001069],[22.3573139004188,39.633032400022],[22.3573813001163,39.6364728001195],[22.3574733001778,39.6389888002938],[22.357550799634,39.6420675003738],[22.3576239000402,39.6453469004272],[22.3576943001107,39.6485078002011],[22.3577643004309,39.6516492004152],[22.3578358000393,39.6548551004329],[22.3579046999233,39.6579496001477],[22.3573416996836,39.6609808999237],[22.3567153996574,39.6643533003271],[22.3561450997077,39.6674235004121],[22.3555725000709,39.6705062004848],[22.3549597996398,39.6738044003387],[22.3544213997641,39.6767483001323],[22.3538882999487,39.6795719002975],[22.3533656996422,39.6823850999657],[22.3527928996811,39.6854679999674],[22.352323999764,39.687991900492],[22.3518569000708,39.6905055002528],[22.3513145997102,39.6934238999739],[22.3509039995568,39.695763200567],[22.3503307001323,39.6989828001503],[22.3481600003,39.7016709001231],[22.3460615995767,39.7043488002043],[22.343880199911,39.7070904001133],[22.3417299996334,39.7098324004019],[22.3396029004317,39.712515500296],[22.3374684997234,39.7152075999052],[22.335334799701,39.7178987003134],[22.3332973999754,39.7204684001641],[22.3313229999989,39.7229583003082],[22.3292193998268,39.7256577000734],[22.3274709000931,39.7278664998932],[22.3254490996124,39.7304204000554],[22.3233465001634,39.7330764999434],[22.3212263000231,39.7357651000427],[22.3194212001384,39.7380819003816],[22.31700899992,39.7411324000718],[22.3138292000712,39.7451571001864],[22.3114579001477,39.7481557998987],[22.3095085002856,39.7506207999237],[22.307500000261,39.753160500186],[22.3055002004198,39.7556889003618],[22.303519399947,39.758193399977],[22.3014780000234,39.7607744000146],[22.2994830995939,39.7632964999643],[22.2972474003625,39.7661229002555],[22.2956328996249,39.7692761003148],[22.293785400157,39.7728840001485],[22.2921347997214,39.7761074004904],[22.2907437998265,39.7788236001624],[22.2893593001409,39.7815269999316],[22.2878885999173,39.7843987000824],[22.2863445998614,39.7874133004354],[22.2849930997879,39.7900520001089],[22.2833376996536,39.7932840000042],[22.2820461998545,39.7958052001447],[22.2804495998455,39.798922000362],[22.2790739997695,39.8016073002291],[22.277183600357,39.8052974000958],[22.2726048002172,39.808878600535],[22.2694182998346,39.8114131002839],[22.2669044004446,39.8134160001151],[22.2641420000976,39.8155975004831],[22.259226000248,39.8195155000776],[22.2568194998401,39.8214118004472],[22.2532168001049,39.8242352004368],[22.2502561002522,39.8266013002198],[22.2465093996786,39.8295954002259],[22.242579200242,39.8300993003641],[22.2402362996579,39.8304301999315],[22.2352701001536,39.8311316005559],[22.2324532996296,39.8315294004223],[22.2291251996054,39.8319994000825],[22.2254016998207,39.8323682004379],[22.2211483997326,39.8327894005145],[22.2185225001896,39.8330495003537],[22.2157519000207,39.8333238999981],[22.2102938001347,39.8338645002372],[22.2083868995687,39.8340533004944],[22.2035778001362,39.8345296002036],[22.1987304998463,39.8349730002822],[22.1946101998276,39.8359898005566],[22.1913765998763,39.8367290002109],[22.1871541003244,39.8376986002904],[22.1838051998098,39.8384689000511],[22.1772916001263,39.8399588004792],[22.1749250999013,39.8413571000882],[22.1729829000363,39.8425047002508],[22.1690967997953,39.8448008003559],[22.1651241001643,39.8471480005723],[22.1626052995661,39.8486361002327],[22.1589893999861,39.8507643999356],[22.1561978996137,39.8524074002008],[22.1524818001504,39.8545946000501],[22.1487230998813,39.8568067002747],[22.1458218999414,39.858514099991],[22.1423065999951,39.8605829001915],[22.1392978995635,39.8617966003516],[22.1350973000398,39.8634910004532],[22.1305288996961,39.8653338002706],[22.1250290003017,39.8675523002231],[22.121432000377,39.8690031999214],[22.1183935001325,39.8702266999802],[22.1143724001723,39.8718459002486],[22.111164599836,39.8731376000813],[22.1070742999545,39.8747845003756],[22.1045426004472,39.8758039001831],[22.1023634995703,39.8783287999092],[22.1005438999786,39.8804400003465],[22.0982481995744,39.8831036004658],[22.0952460002505,39.8865866001561],[22.0936469002301,39.888404399946],[22.09155679994,39.8907525004997],[22.0897780000318,39.8927117004982],[22.087432099973,39.8952952002333],[22.0850201000789,39.8979515002994],[22.0825899003172,39.90064360005],[22.0805333000007,39.9029252002972],[22.0758098001333,39.9046455002767],[22.0708256999003,39.9063928004789],[22.0668524999077,39.9078380004176],[22.0637870996119,39.9089305004128],[22.0593796001121,39.9105012002123],[22.0565736997457,39.9115012002754],[22.0527988998701,39.9128464001448],[22.0499794996216,39.9138512001124],[22.04629109971,39.9151656001584],[22.0406594003954,39.9156705001622],[22.0369858002282,39.9159998000299],[22.032682199874,39.9163856004524],[22.0294181003223,39.9166781999904],[22.0254746004296,39.9170318003361],[22.022797199573,39.9173073000248],[22.0188225002922,39.917669300593],[22.0145255995734,39.9181013004301],[22.0106739003162,39.9184427999269],[22.0066400999745,39.9187927003645],[22.0030941998164,39.9193234999546],[21.9982877001084,39.9200640003669],[21.9940497998392,39.9219401000293],[21.9919041001212,39.9228925005467],[21.9898521997903,39.9238592999442],[21.9859743999825,39.9255893002143],[21.9827496996408,39.9270186999313],[21.9786486002129,39.9288761005917],[21.9762782004014,39.9299380001661],[21.9723961003583,39.9316770001026],[21.9700481997514,39.9327310001563],[21.9660771000199,39.9345136003249],[21.963161500086,39.9355316000366],[21.9599696996432,39.9366114005876],[21.9568073998744,39.9376725003348],[21.952708999884,39.9390895000272],[21.9489056003447,39.9404220999957],[21.945467000354,39.9416272005555],[21.9419371998025,39.9427932002333],[21.9393060001993,39.943714500223],[21.9356151999893,39.9449627004319],[21.930731400251,39.9466596000444],[21.9282766998383,39.947512500145],[21.9243982002429,39.9488038000474],[21.9213431997432,39.9498361005713],[21.9184356999182,39.9507983000818],[21.9143291998188,39.9522089005104],[21.9109121001062,39.9536584000237],[21.9062554995747,39.9561170001942],[21.9027736573812,39.9579907386785],[21.9020634996232,39.9583729002321],[21.8989217003075,39.960043399988],[21.8945745002211,39.9623547003596],[21.8908971998931,39.9642892003289],[21.8873887999066,39.9661702001514],[21.8834397996294,39.968270800507],[21.878940200355,39.9706642000635],[21.8768719003802,39.9717677003141],[21.8729718996085,39.9735191004604],[21.8692295001685,39.9751660001108],[21.8651477998593,39.9786864003576],[21.8608669996454,39.983766999965],[21.8576830998856,39.9870346003726],[21.8565513995957,39.9881957004148],[21.8534936996585,39.9925255999679],[21.8508221998351,39.9963065002455],[21.8491028998398,40.0017639003103],[21.8477134998443,40.0062264004163],[21.846297300409,40.0106455002585],[21.8450930000745,40.014517900015],[21.8438967001359,40.018363300367],[21.842941799972,40.0214711999541],[21.8420353001374,40.0243076999328],[21.8414236004295,40.0263144003622],[21.8385403003199,40.0289885003839],[21.8344767001653,40.0328311001897],[21.8309307002943,40.0361671003932],[21.8281091000717,40.0388215005316],[21.8259150000245,40.0408668003429],[21.8228548000759,40.0437395001035],[21.8224363998509,40.0469241999952],[21.8220287003575,40.0500144000773],[21.8217041004178,40.0526814001454],[21.8211971999676,40.0564344002466],[21.8208726000279,40.0589759001156],[21.8204488000297,40.0622769002591],[21.8201108996339,40.0650543001589],[21.8196281000844,40.0686588006073],[21.8192687003089,40.0715140005882],[21.8187965996945,40.0750504002255],[21.8184344995832,40.0779422003827],[21.818032199863,40.0809776005214],[21.8174043996503,40.0861675003728],[21.8200036003647,40.0885110004935],[21.8220554997974,40.0903413999871],[21.8253438996759,40.0933043000993],[21.8252258996751,40.0962241005797],[21.8251052002369,40.0990349999762],[21.8249976997452,40.1024900003198],[21.8211004999205,40.1062976999389],[21.8187402995807,40.1087040002189],[21.8178095003176,40.1135698004864],[21.8171630995886,40.1168866001038],[21.8163075000946,40.1214257005483],[21.8147089004358,40.1243566005734],[21.812278800387,40.1288439002026],[21.8109377001095,40.131333500277],[21.8093874001686,40.1342003999811],[21.8083949001202,40.1360624002319],[21.8060108998152,40.1403986001311],[21.804015299598,40.1441097999845],[21.8023093997718,40.1473124002431],[21.8008503003918,40.1510354999523],[21.7993646000996,40.1542253003553],[21.7980285995579,40.1570940003514],[21.7968162000128,40.159780900565],[21.795271299845,40.1631016004705],[21.7939838002439,40.1658235999616],[21.7926642002443,40.1686931004632],[21.7911943004196,40.1717798004155],[21.7891343996928,40.1763090001236],[21.7878255004249,40.1791330004454],[21.7865111995872,40.1819978999849],[21.7850843003186,40.185034700609],[21.7833194000428,40.1888869003022],[21.7818120000466,40.1920956004875],[21.7802025999431,40.1955622003966],[21.7781642003926,40.1999260004541],[21.7764313996169,40.20366270015],[21.7754390001798,40.205805399962],[21.7743768995614,40.2081530005999],[21.7722042997923,40.2128109002453],[21.7713782000739,40.2145765005764],[21.7700016998859,40.2174999005173],[21.7688783000293,40.2200000004111],[21.7685618001985,40.2229327003382],[21.7683258001969,40.225279600017],[21.7679180998052,40.2290026001377],[21.767692799637,40.2315581999661],[21.7674084999176,40.2342366005977],[21.7671135003648,40.2373448004973],[21.766609199639,40.2419065001562],[21.7662980995814,40.245530300532],[21.7659977002555,40.2482859002016],[21.7656597001466,40.2514958000716],[21.765348600089,40.2544477001269],[21.7650212998136,40.2576532006441],[21.7646994999226,40.2607522000493],[21.7644472997032,40.2633271003344],[21.7640932997009,40.2667287001025],[21.7638518999262,40.2692255000368],[21.7635138998174,40.272700500148],[21.7630387000152,40.2769065003255],[21.7627563999456,40.2797857003112],[21.7624574001948,40.2828346004649],[21.7621786996746,40.285556800424],[21.7618183000742,40.2890766001756],[21.761541500389,40.2917806999867],[21.7612054999301,40.2950793002197],[21.7609034000933,40.2982590002911],[21.7605881004117,40.3013066999741],[21.7618255997842,40.3045532000726],[21.7627410998397,40.3069548006078],[21.7635627996099,40.3091103000283],[21.7647535003493,40.3122337005582],[21.7662100997179,40.3160811002245],[21.766880300412,40.3178512003391],[21.767967299635,40.3207653005838],[21.7696119002229,40.3250462006024],[21.7710617999561,40.3288199001505],[21.7718254999999,40.3308076000483],[21.773301900034,40.3346499004828],[21.7746193000594,40.3381010003388],[21.7758697998507,40.341376500466],[21.7776876998299,40.3461379005623],[21.778578000345,40.3484699004626],[21.7793890002818,40.3505938006058],[21.7806273000532,40.3538367000659],[21.781532800063,40.3562081004963],[21.7812834996054,40.3588555005178],[21.7810867002862,40.3608819001289],[21.7807471002779,40.3643644006539],[21.7805071000784,40.3668263003428],[21.7801884999864,40.3699854006507],[21.7799394995661,40.3725770000745],[21.7795722000059,40.376373300024],[21.7797468001578,40.3790325001784],[21.7800423000722,40.3826716001846],[21.7815045004366,40.3849866000135],[21.7817093998647,40.3884169005351],[21.7817628999298,40.3925049005916],[21.7817995997024,40.3955110006493],[21.7818355996874,40.3982327004189],[21.7819219996514,40.4016810003885],[21.7819650002075,40.4041775003446]]}},{"type":"Feature","properties":{"assetId":"GR-line-way-86577270","countryCode":"GR","assetType":"line","powerType":"line","osmType":"way","osmId":"86577270","actualVoltagesKv":[400],"actualVoltageKv":400,"gridClass":"400","displayClass":"400 kV sınıfı","name":"ΚΥΤ ΑΓΙΟΥ ΔΗΜΗΤΡΙΟΥ - ΚΥΤ ΛΑΡΙΣΑΣ","ref":null,"operator":"IPTO","from":null,"to":null,"displayLabel":"ΚΥΤ ΑΓΙΟΥ ΔΗΜΗΤΡΙΟΥ - ΚΥΤ ΛΑΡΙΣΑΣ","labelSource":"osm-name","voltageRaw":"400000","circuits":null,"cables":"6","frequency":null,"location":null,"sourceProvider":"ArcGIS OSM Europe","sourceFallback":null,"sourceLicense":"ODbL 1.0","osmTimestamp":"2022-10-25T14:34:15Z"},"geometry":{"type":"LineString","coordinates":[[21.9215622,40.3885794],[21.9211465,40.3878463],[21.9183355,40.3850925],[21.9156672,40.3830657],[21.9132023,40.3811928],[21.9105264,40.3791425],[21.9082062,40.3773822],[21.9055022,40.3750489],[21.9030726,40.3729165],[21.9001463,40.3703288],[21.8976592,40.3677235],[21.8992895,40.3639921],[21.9022454,40.3619324],[21.9065707,40.3596206],[21.906989,40.3573963],[21.907482,40.3547751],[21.9078906,40.3531455],[21.9080599,40.3517018],[21.9084982,40.3498745],[21.9081588,40.3468894],[21.9077914,40.3436569],[21.907475,40.3408742],[21.9071177,40.3377309],[21.906877,40.335613],[21.9063943,40.3313663],[21.906225,40.3298315],[21.9054441,40.325336],[21.9050189,40.3228493],[21.9045404,40.3200504],[21.9039331,40.3166198],[21.9038468,40.3145938],[21.90366,40.3102509],[21.9035504,40.3077023],[21.9034405,40.3051451],[21.9033345,40.3034174],[21.9026256,40.3005096],[21.9017852,40.2967084],[21.9007349,40.2927528],[21.8998755,40.2892299],[21.8988258,40.2848851],[21.8981181,40.2819553],[21.8973278,40.2787285],[21.8966983,40.2761581],[21.896178,40.2740334],[21.8951289,40.2697491],[21.8943667,40.2666368],[21.8934806,40.2630185],[21.8925677,40.2592904],[21.8914935,40.2549036],[21.8907147,40.2517226],[21.8901482,40.249409],[21.8890478,40.2463725],[21.8882753,40.2442392],[21.8869868,40.2407542],[21.8859793,40.2381666],[21.8835492,40.2345056],[21.8803778,40.2299019],[21.8770851,40.2249753],[21.8736669,40.2199163],[21.8719664,40.2173849],[21.8707497,40.2155624],[21.867338,40.2106097],[21.8658724,40.2083602],[21.8641515,40.2058492],[21.8623383,40.203182],[21.8607719,40.2007893],[21.8589963,40.1981752],[21.8558474,40.1935941],[21.8532027,40.1896479],[21.8512394,40.1867424],[21.8495968,40.1842871],[21.8465122,40.1797174],[21.8454511,40.1782014],[21.8440135,40.1760659],[21.8408968,40.1714383],[21.8380408,40.1672042],[21.8357898,40.1638669],[21.8328662,40.1594803],[21.831406,40.1559253],[21.8298434,40.1520611],[21.8286648,40.1494142],[21.8267615,40.1445801],[21.8243249,40.1386479],[21.8249713,40.1359289],[21.8256928,40.1329042],[21.8264869,40.1296967],[21.8300488,40.1266943],[21.8324092,40.1247378],[21.835247,40.1223709],[21.837603,40.1203941],[21.8405606,40.1179323],[21.8436208,40.1153849],[21.8496807,40.1116435],[21.8515505,40.1104868],[21.8556865,40.110744],[21.8586144,40.1109582],[21.8630303,40.1112581],[21.8667736,40.1115203],[21.8690964,40.1116597],[21.8732174,40.1119596],[21.8755713,40.1120946],[21.8779638,40.112271],[21.8800141,40.1124068],[21.8845889,40.1127223],[21.8868366,40.1127798],[21.8963648,40.1128991],[21.907012,40.1131532],[21.910205,40.111693],[21.9179985,40.1081519],[21.9220593,40.1063548],[21.9275203,40.1038643],[21.9304933,40.1025599],[21.9350101,40.0980523],[21.9372846,40.0958036],[21.9411994,40.0919006],[21.9430165,40.0900296],[21.9453688,40.0877436],[21.948546,40.0853424],[21.9504128,40.0839633],[21.9529085,40.0821146],[21.9569184,40.0790526],[21.9601612,40.0766186],[21.9629212,40.0745107],[21.9664873,40.0717828],[21.9681959,40.0704897],[21.9706367,40.0686444],[21.9742684,40.0684104],[21.9781293,40.0681766],[21.9834508,40.0678379],[21.9866587,40.0676162],[21.9911612,40.0673389],[21.9964133,40.0670048],[21.9997282,40.0668347],[22.0059214,40.0664656],[22.0108446,40.0661273],[22.0132172,40.0659736],[22.0166769,40.0657495],[22.0196959,40.0655539],[22.0256457,40.0650504],[22.0278748,40.0648841],[22.030333,40.0647007],[22.0326838,40.0645253],[22.0367715,40.0642621],[22.040586,40.0615318],[22.0420715,40.0604685],[22.0455447,40.0579309],[22.04694,40.0569115],[22.0512876,40.0537348],[22.0559117,40.0504251],[22.0604822,40.0471318],[22.0627138,40.0454809],[22.066426,40.0428444],[22.0683787,40.0413823],[22.0720801,40.0387785],[22.0747623,40.0368564],[22.078614,40.0340963],[22.0842423,40.029964],[22.0882699,40.0270067],[22.0918104,40.0244188],[22.0949218,40.0222251],[22.0979581,40.0200725],[22.1008457,40.018006],[22.1040306,40.0156848],[22.1079589,40.0128376],[22.112045,40.009867],[22.1167615,40.006478],[22.1185698,40.0051787],[22.1209945,40.0022041],[22.1238698,39.9989006],[22.1263589,39.9959914],[22.1296711,39.9920902],[22.1315012,39.9899346],[22.1352543,39.9855401],[22.1372135,39.9832459],[22.1394365,39.9806427],[22.1415332,39.9781874],[22.1433426,39.9760684],[22.1468884,39.9719158],[22.1495416,39.9688083],[22.1508921,39.9672265],[22.1537516,39.9638772],[22.1563975,39.9607793],[22.1583602,39.958905],[22.1616326,39.95578],[22.1632266,39.9542577],[22.1662745,39.9513468],[22.1681204,39.950896],[22.1694121,39.949651],[22.1717296,39.9474499],[22.1755625,39.9438093],[22.1787414,39.9407896],[22.1803906,39.9392231],[22.1831277,39.936623],[22.1878351,39.9321148],[22.1914595,39.9283681],[22.1964078,39.9232525],[22.1988763,39.9207291],[22.2029504,39.9165273],[22.2057927,39.9136055],[22.2079592,39.9113783],[22.2109406,39.9083132],[22.2122355,39.9069819],[22.2132428,39.9015257],[22.2135625,39.8996865],[22.2142159,39.8961453],[22.214851,39.8922727],[22.2154586,39.8887765],[22.2155225,39.8885614],[22.2161193,39.8854733],[22.217356,39.8829407],[22.2183259,39.8809543],[22.2196703,39.8781646],[22.220875,39.8756649],[22.2218963,39.873554],[22.2232626,39.8707302],[22.2242061,39.8687799],[22.225569,39.8659491],[22.2267667,39.8634613],[22.2282882,39.8603009],[22.2296563,39.8574591],[22.2311223,39.8544137],[22.2321766,39.8522234],[22.2333105,39.8498677],[22.2352548,39.8458282],[22.2368147,39.8425871],[22.2385771,39.8389251],[22.239669,39.8366563],[22.2405258,39.8348758],[22.2451859,39.8312056],[22.2469657,39.8298039],[22.2503288,39.8271056],[22.2532683,39.8247755],[22.2566903,39.8220627],[22.2594128,39.8199045],[22.264531,39.8158601],[22.26718,39.8137752],[22.2698207,39.8116709],[22.2728746,39.8092388],[22.2776268,39.8055526],[22.2795146,39.8018623],[22.2809316,39.799092],[22.2825937,39.7958426],[22.2835976,39.7938797],[22.2849577,39.7912205],[22.28667,39.7878725],[22.2884723,39.7843484],[22.2903501,39.7806763],[22.2918765,39.7776914],[22.2933309,39.774847],[22.2948708,39.7718353],[22.29635,39.7689423],[22.2977117,39.7662789],[22.2999367,39.7634664],[22.3017629,39.7611578],[22.3041798,39.7581208],[22.3057944,39.7560918],[22.3078791,39.7534547],[22.3099813,39.7507955],[22.3120297,39.7482041],[22.3142451,39.7454015],[22.3174341,39.741367],[22.3197776,39.738402],[22.3214226,39.7363007],[22.3239416,39.7331152],[22.3256464,39.7309591],[22.3277712,39.7282718],[22.3297486,39.7257709],[22.3318584,39.7231025],[22.3339244,39.7204893],[22.3359881,39.7178788],[22.3378741,39.7154931],[22.3400713,39.7127136],[22.342173,39.7100549],[22.3443083,39.7073281],[22.3464931,39.7045726],[22.3485723,39.7019501],[22.3508117,39.6991254],[22.3513479,39.6961288],[22.3519026,39.6930288],[22.3524534,39.6900757],[22.3528952,39.6877069],[22.3533328,39.6853603],[22.3538785,39.6824342],[22.3544077,39.6795961],[22.3549467,39.6767055],[22.3555197,39.6736323],[22.3561103,39.6704648],[22.3566965,39.6672987],[22.357265,39.6642283],[22.3578652,39.6609869],[22.35845,39.6578282],[22.3583765,39.6546276],[22.3583038,39.6514599],[22.3582284,39.6481738],[22.3581601,39.6451951],[22.3580822,39.6418026],[22.3580184,39.6392671],[22.3579219,39.6363751],[22.3578401,39.6327679],[22.357788,39.6302618],[22.3577311,39.6279587],[22.3576242,39.6242139],[22.3575982,39.6228717],[22.3600079,39.620068],[22.3619701,39.617785],[22.3642098,39.6151791],[22.366405,39.6126002],[22.3684204,39.6102761],[22.3706373,39.6076917],[22.372733,39.6052485],[22.3739208,39.6038555],[22.3760366,39.6013741],[22.3782223,39.5988369],[22.3813527,39.5952031],[22.383795,39.5923475],[22.3859204,39.5898623],[22.3879557,39.5874869],[22.3902924,39.5847597],[22.3921049,39.5826443],[22.394749,39.5807741],[22.3975791,39.5787724],[22.4001859,39.5769134],[22.4028012,39.5750582],[22.4053771,39.5732308],[22.4078626,39.5714581],[22.410942,39.5692618],[22.4137623,39.5672583],[22.4162327,39.5655034],[22.4189964,39.56354],[22.4213062,39.5630412],[22.4263662,39.5619484],[22.430731,39.5610057],[22.4341011,39.5602779],[22.4386282,39.5593002],[22.4418856,39.5585966],[22.4453609,39.5578458],[22.4492207,39.557012],[22.4528196,39.5562345],[22.4570304,39.5553153],[22.4608632,39.5544849],[22.4646078,39.5536957],[22.4683441,39.5529359],[22.4707814,39.5523023],[22.4755908,39.5504981],[22.4794303,39.5493023],[22.483436,39.5480547],[22.487951,39.5466583],[22.4909709,39.5457113],[22.4945806,39.5445779],[22.4976783,39.5436114],[22.5008868,39.5426104],[22.5043363,39.5415344],[22.5080608,39.5403646],[22.5117221,39.5392151],[22.5154226,39.5380503],[22.5170721,39.5373782]]}},{"type":"Feature","properties":{"assetId":"GR-line-way-92611146","countryCode":"GR","assetType":"line","powerType":"line","osmType":"way","osmId":"92611146","actualVoltagesKv":[150,400],"actualVoltageKv":400,"gridClass":"400","displayClass":"400 kV sınıfı","name":"ΚΥΤ ΑΡΓΥΡΟΥΠΟΛΗΣ - KYT ΠΑΛΛΗΝΗΣ","ref":null,"operator":"IPTO","from":null,"to":null,"displayLabel":"ΚΥΤ ΑΡΓΥΡΟΥΠΟΛΗΣ - KYT ΠΑΛΛΗΝΗΣ","labelSource":"osm-name","voltageRaw":"400000 (temp 150000)","circuits":null,"cables":"6","frequency":null,"location":null,"sourceProvider":"ArcGIS OSM Europe","sourceFallback":null,"sourceLicense":"ODbL 1.0","osmTimestamp":"2023-11-11T20:21:12Z"},"geometry":{"type":"LineString","coordinates":[[23.7596037,37.9192517],[23.7607965,37.9193383],[23.7651371,37.919609],[23.7683542,37.9221524],[23.7716624,37.9228756],[23.7759756,37.9238459],[23.7784763,37.924638],[23.7806739,37.9251265],[23.783859,37.9258347],[23.7867534,37.9265165],[23.7910973,37.9275398],[23.7943527,37.9283421],[23.8020621,37.9301675],[23.8049562,37.9308528],[23.8076283,37.9315321],[23.8085201,37.9317375],[23.8141553,37.9330357],[23.8180207,37.9339529],[23.8222089,37.9349467],[23.8269131,37.936063],[23.8290403,37.9386398],[23.8309799,37.9409765],[23.8328505,37.9432269],[23.8350744,37.9459022],[23.834617,37.9503208],[23.8344031,37.9524715],[23.8340499,37.956007],[23.8337871,37.9586274],[23.8334268,37.9619818],[23.8330426,37.9659306],[23.8337157,37.9695881],[23.8346108,37.9746159],[23.8350772,37.9772277],[23.835589,37.9800931],[23.8360719,37.9828293],[23.840103,37.9859108],[23.8422078,37.9874885],[23.8453315,37.989839],[23.8480087,37.9918581],[23.8496934,37.9927529],[23.8510268,37.9929066],[23.852196,37.9927739]]}},{"type":"Feature","properties":{"assetId":"GR-line-way-93119209","countryCode":"GR","assetType":"line","powerType":"line","osmType":"way","osmId":"93119209","actualVoltagesKv":[400],"actualVoltageKv":400,"gridClass":"400","displayClass":"400 kV sınıfı","name":"ΚΥΤ ΑΓΙΟΥ ΔΗΜΗΤΡΙΟΥ - ΚΥΤ ΘΕΣΣΑΛΟΝΙΚΗΣ","ref":null,"operator":null,"from":null,"to":null,"displayLabel":"ΚΥΤ ΑΓΙΟΥ ΔΗΜΗΤΡΙΟΥ - ΚΥΤ ΘΕΣΣΑΛΟΝΙΚΗΣ","labelSource":"osm-name","voltageRaw":"400000","circuits":null,"cables":"6","frequency":null,"location":null,"sourceProvider":"ArcGIS OSM Europe","sourceFallback":null,"sourceLicense":"ODbL 1.0","osmTimestamp":"2021-11-11T09:44:17Z"},"geometry":{"type":"LineString","coordinates":[[22.2840711004213,40.5727838002064],[22.281618800307,40.5703629002708],[22.2604257003099,40.5493462004223],[22.221650399873,40.5108063005655],[22.2159603998964,40.505202900618],[22.2128889997529,40.5021331004683],[22.2113063999876,40.5005513001398],[22.2087895999376,40.4980447001666],[22.2066962998484,40.4959775000279],[22.2035691996657,40.4939950999922],[22.2003145997981,40.4919597001281],[22.1979134003487,40.49045010044],[22.1952678995662,40.4887920004264],[22.192218200025,40.4868632004289],[22.188855399878,40.4847511004029],[22.1852299000026,40.4825060005619],[22.1841910001732,40.4791482004833],[22.1818692998298,40.4738195001865],[22.1795681996525,40.4684821002572],[22.178342099901,40.4661056002619],[22.1765698002022,40.4628582005691],[22.1740236000895,40.4581949001692],[22.1726974001676,40.4557313004663],[22.1726421995917,40.4506988005616],[22.1725910998251,40.4476912000364],[22.1725438996451,40.4447843000723],[22.1725102999586,40.4418966005315],[22.1724042996533,40.4396386002541],[22.1723972999806,40.4348165004382],[22.1733443003599,40.4306981004024],[22.1739196003325,40.4283134004976],[22.1746073002084,40.4251773002756],[22.1752386999704,40.422783600475],[22.1762563995591,40.4180073004296],[22.177446599937,40.4132485005072],[22.1753686996668,40.4112978001253],[22.1734304002866,40.4093463003654],[22.1718649996658,40.4078836001429],[22.1690025000466,40.4051030005654],[22.165863100131,40.4020810004622],[22.1637485998012,40.4000030004335],[22.1614186996359,40.3976801006578],[22.1556729996202,40.3921177000801],[22.1523184001935,40.3888700005902],[22.1483724002893,40.3850495000366],[22.1460667995525,40.3828339003607],[22.144485900298,40.3813147003964],[22.13978350006,40.3777828002579],[22.1368066997024,40.3755468006365],[22.1312724002225,40.3737989003607],[22.127091799892,40.3724785005989],[22.1235297004145,40.3713534001858],[22.1201885002585,40.37029810042],[22.1166555996209,40.369182200464],[22.1098452998738,40.3681241002525],[22.10745119981,40.3677522003108],[22.1044532001101,40.3672864002233],[22.0984555001993,40.366354500187],[22.0933267002386,40.3655577001546],[22.0862786002661,40.3644626005583],[22.0829925000748,40.3646995001374],[22.0764323999989,40.3651592004402],[22.0724535999087,40.3654381003858],[22.0671173996102,40.3652295001345],[22.0640792003013,40.3651154000708],[22.0583413003572,40.3648997003068],[22.0549785999232,40.3647734005673],[22.0522780000745,40.3646719006479],[22.0477620002579,40.3645022001237],[22.0443539995808,40.3643741001852],[22.0414874000507,40.3642664004701],[22.0377099995523,40.3641244006354],[22.0338652999678,40.3658030002333],[22.0289024996885,40.3679698004974],[22.0227088996722,40.3688650002612],[22.0162543004382,40.3697699005776],[22.0098495999233,40.3706053002682],[22.0047186997015,40.3712745006334],[21.9994492999242,40.3720231002522],[21.997537700271,40.3723735000336],[21.9943914003957,40.3730614005037],[21.9906521998564,40.3724808001193],[21.9868454001938,40.3718896004216],[21.9826109997609,40.3712321004013],[21.9749261999662,40.3700387001471],[21.9713144002972,40.3694816003702],[21.9672883003141,40.3688605002141],[21.9632431003514,40.3682365005889],[21.9591692001137,40.3676081004579],[21.9550712995866,40.3669760005618],[21.9510275000975,40.3663522004576],[21.9469933997185,40.3657299003693],[21.9428984995645,40.3650982003773],[21.9388744001295,40.3644774000045],[21.9349472998806,40.3638716002029],[21.9309821002839,40.3644133000763],[21.9267957004299,40.3649852000141],[21.922786200415,40.3655330003536],[21.9187987998543,40.3660777004917],[21.9147392996107,40.3666276000293],[21.9110695002154,40.3671382002915],[21.9101912002941,40.3684899006304],[21.9092910003445,40.3698752001792],[21.9109872998753,40.3723011005758],[21.9125976000906,40.3746158004646],[21.9142208998265,40.376948900646],[21.9157852997241,40.3791887002606],[21.9170159000352,40.3809505004022],[21.9194097997746,40.3843896999915],[21.9217102998773,40.387694500093],[21.9221744000958,40.3884513003303]]}},{"type":"Feature","properties":{"assetId":"GR-line-way-93119211","countryCode":"GR","assetType":"line","powerType":"line","osmType":"way","osmId":"93119211","actualVoltagesKv":[400],"actualVoltageKv":400,"gridClass":"400","displayClass":"400 kV sınıfı","name":"ΚΥΤ ΚΑΡΔΙΑΣ - ΚΥΤ ΑΓΙΟΥ ΔΗΜΗΤΡΙΟΥ","ref":null,"operator":"IPTO","from":null,"to":null,"displayLabel":"ΚΥΤ ΚΑΡΔΙΑΣ - ΚΥΤ ΑΓΙΟΥ ΔΗΜΗΤΡΙΟΥ","labelSource":"osm-name","voltageRaw":"400000","circuits":null,"cables":"6","frequency":"50","location":null,"sourceProvider":"ArcGIS OSM Europe","sourceFallback":null,"sourceLicense":"ODbL 1.0","osmTimestamp":"2022-08-31T05:31:39Z"},"geometry":{"type":"LineString","coordinates":[[21.7825279,40.4043337],[21.7828719,40.4031663],[21.7844503,40.4007313],[21.786587,40.3974944],[21.788226,40.3950113],[21.7898776,40.392483],[21.7919745,40.389273],[21.7936655,40.3867316],[21.7957242,40.3836208],[21.7978095,40.3824044],[21.8017788,40.3800648],[21.8035565,40.3790169],[21.8072624,40.3768324],[21.8102685,40.3750604],[21.8134779,40.3731718],[21.816361,40.3714753],[21.8192534,40.3697732],[21.8225884,40.3678107],[21.8258225,40.3659074],[21.8292137,40.3639116],[21.8323222,40.3620822],[21.8359426,40.3619787],[21.8398126,40.3618682],[21.8432275,40.3617595],[21.8465731,40.361653],[21.8502671,40.3615355],[21.8545209,40.3614236],[21.8586268,40.3612941],[21.8613432,40.3612085],[21.865143,40.3611017],[21.8685968,40.3615059],[21.8727805,40.3619955],[21.8758699,40.3623432],[21.879533,40.3627589],[21.8857279,40.363462],[21.8885115,40.3637738],[21.8934222,40.367142],[21.8966945,40.369359],[21.8986562,40.3707093],[21.9017301,40.3730435],[21.9047618,40.3753822],[21.9075232,40.3774514],[21.9094811,40.3789411],[21.9124393,40.3812056],[21.9150665,40.3832168],[21.9177748,40.3852742],[21.920576,40.3879692],[21.9210866,40.3888039]]}},{"type":"Feature","properties":{"assetId":"GR-line-way-93119213","countryCode":"GR","assetType":"line","powerType":"line","osmType":"way","osmId":"93119213","actualVoltagesKv":[400],"actualVoltageKv":400,"gridClass":"400","displayClass":"400 kV sınıfı","name":"KYT ΚΑΡΔΙΑΣ - ΚΥΤ ΑΜΥΝΤΑΙΟ","ref":null,"operator":"IPTO","from":null,"to":null,"displayLabel":"KYT ΚΑΡΔΙΑΣ - ΚΥΤ ΑΜΥΝΤΑΙΟ","labelSource":"osm-name","voltageRaw":"400000","circuits":null,"cables":"6","frequency":"50","location":null,"sourceProvider":"ArcGIS OSM Europe","sourceFallback":null,"sourceLicense":"ODbL 1.0","osmTimestamp":"2022-08-31T05:31:39Z"},"geometry":{"type":"LineString","coordinates":[[21.7831322,40.4044354],[21.7851254,40.4014032],[21.787409,40.3979039],[21.7891994,40.3949031],[21.7905197,40.3927006],[21.7926472,40.3891599],[21.7951947,40.3867639],[21.7985441,40.3835668],[21.8018912,40.3803936],[21.8038909,40.3792199],[21.8074395,40.3771371],[21.8102248,40.3755022],[21.8134458,40.3736052],[21.8167667,40.3716493],[21.8198939,40.3698074],[21.8231052,40.367916],[21.8264434,40.3659497],[21.8296541,40.3640585],[21.8324574,40.3624072],[21.835346,40.3624819],[21.8388195,40.3625716],[21.8422322,40.3626598],[21.8464782,40.3627695],[21.850525,40.3628742],[21.8539126,40.3629619],[21.8585788,40.3630826],[21.8622017,40.3643633],[21.8661138,40.3657462],[21.8698936,40.3670822],[21.8739661,40.3685218],[21.87728,40.3696931],[21.8819041,40.3695915],[21.8866757,40.3693853],[21.8902133,40.3692282],[21.8947966,40.3690513],[21.8983703,40.3709333],[21.9010669,40.3730272],[21.903919,40.3752417],[21.9062111,40.3770213],[21.9086537,40.3789213],[21.9120269,40.3815449],[21.9122955,40.3847206],[21.9125651,40.3879093],[21.9128151,40.3908652],[21.9130652,40.3938211],[21.9133116,40.3967348],[21.913594,40.4000738],[21.9137711,40.4021672],[21.9141067,40.406134],[21.9143747,40.4093024],[21.9145775,40.4116985],[21.9148631,40.4150744],[21.9151066,40.4179524],[21.9153387,40.4206949],[21.9155374,40.4230433],[21.9158711,40.4269868],[21.9161099,40.4298091],[21.9163867,40.4330799],[21.9165429,40.4349254],[21.9168438,40.4384801],[21.9170397,40.4407954],[21.9140846,40.4436031],[21.910316,40.4436024],[21.9073145,40.4436019],[21.9042205,40.4436014],[21.9009189,40.4436028],[21.8976346,40.4435684],[21.8955057,40.4457856],[21.8936199,40.4477495],[21.8915176,40.4499388],[21.8878638,40.4537437],[21.8857043,40.4559924],[21.8831927,40.4586076],[21.8807062,40.4612437],[21.8765793,40.4655599],[21.8735539,40.4687239],[21.8714891,40.4700867],[21.8661466,40.4737307],[21.863748,40.4753666],[21.8589176,40.478661],[21.8545295,40.4816536],[21.8516749,40.4836003],[21.8489174,40.4854808],[21.8456233,40.4877271],[21.8418362,40.4903095],[21.8374322,40.4933239],[21.8336303,40.4959261],[21.829768,40.4985493],[21.8241247,40.5024044],[21.8204828,40.5048911],[21.8168467,40.5073738],[21.8139156,40.509375],[21.8082685,40.5132304],[21.8043643,40.5158764],[21.8003363,40.5206456],[21.7974282,40.5240885],[21.7934928,40.5287585],[21.7902012,40.5326641],[21.7863588,40.5372232],[21.7827328,40.5415252],[21.7809472,40.5436435],[21.7765984,40.5488025],[21.774725,40.5497943],[21.7706977,40.5513648],[21.7675005,40.5519958],[21.7643338,40.5526208],[21.7605662,40.5533643],[21.7575496,40.5539597],[21.7535859,40.5547419],[21.7495147,40.5555417],[21.745736,40.5562893],[21.742124,40.5570039],[21.7399259,40.5596819],[21.7377414,40.5623028],[21.7359063,40.5645076],[21.7333346,40.5675874],[21.7311533,40.5702128],[21.7289341,40.5728839],[21.7271335,40.5750347],[21.7245894,40.5781178],[21.7227724,40.5802868],[21.7202456,40.583335],[21.7167672,40.5874114],[21.7142687,40.5904352],[21.712089,40.5930466],[21.7098305,40.5957445],[21.7071235,40.598995],[21.7049948,40.6015671],[21.7025257,40.6045283],[21.6998422,40.6077469],[21.6973316,40.6107439],[21.6942968,40.6143831],[21.6927977,40.6160926],[21.6890135,40.6172678],[21.6880186,40.6176108]]}},{"type":"Feature","properties":{"assetId":"GR-line-way-93126858-part-1","countryCode":"GR","assetType":"line","powerType":"line","osmType":"way","osmId":"93126858","actualVoltagesKv":[400],"actualVoltageKv":400,"gridClass":"400","displayClass":"400 kV sınıfı","name":"ΚΥΤ ΚΑΡΔΙΑΣ - ΚΥΤ ΤΡΙΚΑΛΩΝ","ref":null,"operator":null,"from":null,"to":null,"displayLabel":"ΚΥΤ ΚΑΡΔΙΑΣ - ΚΥΤ ΤΡΙΚΑΛΩΝ","labelSource":"osm-name","voltageRaw":"400000","circuits":null,"cables":"6","frequency":"50","location":null,"sourceProvider":"ArcGIS OSM Europe","sourceFallback":null,"sourceLicense":"ODbL 1.0","osmTimestamp":"2021-11-11T09:44:17Z"},"geometry":{"type":"LineString","coordinates":[[21.7522102225275,40.1206751534505],[21.7551990998357,40.1217696000166],[21.7643347003739,40.1250389004942],[21.7685136001936,40.1254573003357],[21.7724349997337,40.1258059003364],[21.7762275997266,40.1261546002072],[21.7794032996645,40.1264417001905],[21.7835018002663,40.1268232003273],[21.7876002002567,40.1272046001013],[21.7915992995773,40.1275799004618],[21.793975799848,40.1293477001675],[21.796821599786,40.1334964004762],[21.7988814996145,40.1401278999681],[21.7999114998344,40.1433676002665],[21.800547453013476,40.14538782247979]]}},{"type":"Feature","properties":{"assetId":"GR-line-way-93126858-part-2","countryCode":"GR","assetType":"line","powerType":"line","osmType":"way","osmId":"93126858","actualVoltagesKv":[400],"actualVoltageKv":400,"gridClass":"400","displayClass":"400 kV sınıfı","name":"ΚΥΤ ΚΑΡΔΙΑΣ - ΚΥΤ ΤΡΙΚΑΛΩΝ","ref":null,"operator":null,"from":null,"to":null,"displayLabel":"ΚΥΤ ΚΑΡΔΙΑΣ - ΚΥΤ ΤΡΙΚΑΛΩΝ","labelSource":"osm-name","voltageRaw":"400000","circuits":null,"cables":"6","frequency":"50","location":null,"sourceProvider":"ArcGIS OSM Europe","sourceFallback":null,"sourceLicense":"ODbL 1.0","osmTimestamp":"2021-11-11T09:44:17Z"},"geometry":{"type":"LineString","coordinates":[[21.75997163663249,40.30196229509548],[21.7598231,40.3034033],[21.760855979645136,40.30594376158299]]}},{"type":"Feature","properties":{"assetId":"GR-line-way-93126858-part-3","countryCode":"GR","assetType":"line","powerType":"line","osmType":"way","osmId":"93126858","actualVoltagesKv":[400],"actualVoltageKv":400,"gridClass":"400","displayClass":"400 kV sınıfı","name":"ΚΥΤ ΚΑΡΔΙΑΣ - ΚΥΤ ΤΡΙΚΑΛΩΝ","ref":null,"operator":null,"from":null,"to":null,"displayLabel":"ΚΥΤ ΚΑΡΔΙΑΣ - ΚΥΤ ΤΡΙΚΑΛΩΝ","labelSource":"osm-name","voltageRaw":"400000","circuits":null,"cables":"6","frequency":"50","location":null,"sourceProvider":"ArcGIS OSM Europe","sourceFallback":null,"sourceLicense":"ODbL 1.0","osmTimestamp":"2021-11-11T09:44:17Z"},"geometry":{"type":"LineString","coordinates":[[21.75997163663249,40.30196229509548],[21.7598230996073,40.3034033002331],[21.760855979645136,40.30594376158299]]}},{"type":"Feature","properties":{"assetId":"GR-line-way-93126858-part-4","countryCode":"GR","assetType":"line","powerType":"line","osmType":"way","osmId":"93126858","actualVoltagesKv":[400],"actualVoltageKv":400,"gridClass":"400","displayClass":"400 kV sınıfı","name":"ΚΥΤ ΚΑΡΔΙΑΣ - ΚΥΤ ΤΡΙΚΑΛΩΝ","ref":null,"operator":null,"from":null,"to":null,"displayLabel":"ΚΥΤ ΚΑΡΔΙΑΣ - ΚΥΤ ΤΡΙΚΑΛΩΝ","labelSource":"osm-name","voltageRaw":"400000","circuits":null,"cables":"6","frequency":"50","location":null,"sourceProvider":"ArcGIS OSM Europe","sourceFallback":null,"sourceLicense":"ODbL 1.0","osmTimestamp":"2021-11-11T09:44:17Z"},"geometry":{"type":"LineString","coordinates":[[21.760484835425324,40.29698044006716],[21.7604142,40.2977069],[21.7600836,40.3008761],[21.75997163663249,40.30196229509548]]}},{"type":"Feature","properties":{"assetId":"GR-line-way-93126858-part-5","countryCode":"GR","assetType":"line","powerType":"line","osmType":"way","osmId":"93126858","actualVoltagesKv":[400],"actualVoltageKv":400,"gridClass":"400","displayClass":"400 kV sınıfı","name":"ΚΥΤ ΚΑΡΔΙΑΣ - ΚΥΤ ΤΡΙΚΑΛΩΝ","ref":null,"operator":null,"from":null,"to":null,"displayLabel":"ΚΥΤ ΚΑΡΔΙΑΣ - ΚΥΤ ΤΡΙΚΑΛΩΝ","labelSource":"osm-name","voltageRaw":"400000","circuits":null,"cables":"6","frequency":"50","location":null,"sourceProvider":"ArcGIS OSM Europe","sourceFallback":null,"sourceLicense":"ODbL 1.0","osmTimestamp":"2021-11-11T09:44:17Z"},"geometry":{"type":"LineString","coordinates":[[21.760484835425324,40.29698044006716],[21.7604142000474,40.2977069003958],[21.7600836002599,40.3008761001746],[21.75997163663249,40.30196229509548]]}},{"type":"Feature","properties":{"assetId":"GR-line-way-93126858-part-6","countryCode":"GR","assetType":"line","powerType":"line","osmType":"way","osmId":"93126858","actualVoltagesKv":[400],"actualVoltageKv":400,"gridClass":"400","displayClass":"400 kV sınıfı","name":"ΚΥΤ ΚΑΡΔΙΑΣ - ΚΥΤ ΤΡΙΚΑΛΩΝ","ref":null,"operator":null,"from":null,"to":null,"displayLabel":"ΚΥΤ ΚΑΡΔΙΑΣ - ΚΥΤ ΤΡΙΚΑΛΩΝ","labelSource":"osm-name","voltageRaw":"400000","circuits":null,"cables":"6","frequency":"50","location":null,"sourceProvider":"ArcGIS OSM Europe","sourceFallback":null,"sourceLicense":"ODbL 1.0","osmTimestamp":"2021-11-11T09:44:17Z"},"geometry":{"type":"LineString","coordinates":[[21.761745364572423,40.284456195059306],[21.7616186998079,40.2856847005416],[21.761275399639,40.2890142006011],[21.7610248999304,40.2914432004777],[21.760693499744,40.2948344000235],[21.760484835425324,40.29698044006716]]}},{"type":"Feature","properties":{"assetId":"GR-line-way-93126858-part-7","countryCode":"GR","assetType":"line","powerType":"line","osmType":"way","osmId":"93126858","actualVoltagesKv":[400],"actualVoltageKv":400,"gridClass":"400","displayClass":"400 kV sınıfı","name":"ΚΥΤ ΚΑΡΔΙΑΣ - ΚΥΤ ΤΡΙΚΑΛΩΝ","ref":null,"operator":null,"from":null,"to":null,"displayLabel":"ΚΥΤ ΚΑΡΔΙΑΣ - ΚΥΤ ΤΡΙΚΑΛΩΝ","labelSource":"osm-name","voltageRaw":"400000","circuits":null,"cables":"6","frequency":"50","location":null,"sourceProvider":"ArcGIS OSM Europe","sourceFallback":null,"sourceLicense":"ODbL 1.0","osmTimestamp":"2021-11-11T09:44:17Z"},"geometry":{"type":"LineString","coordinates":[[21.761745364572423,40.284456195059306],[21.7616187,40.2856847],[21.7612754,40.2890142],[21.7610249,40.2914432],[21.7606935,40.2948344],[21.760484835425324,40.29698044006716]]}},{"type":"Feature","properties":{"assetId":"GR-line-way-93126858-part-8","countryCode":"GR","assetType":"line","powerType":"line","osmType":"way","osmId":"93126858","actualVoltagesKv":[400],"actualVoltageKv":400,"gridClass":"400","displayClass":"400 kV sınıfı","name":"ΚΥΤ ΚΑΡΔΙΑΣ - ΚΥΤ ΤΡΙΚΑΛΩΝ","ref":null,"operator":null,"from":null,"to":null,"displayLabel":"ΚΥΤ ΚΑΡΔΙΑΣ - ΚΥΤ ΤΡΙΚΑΛΩΝ","labelSource":"osm-name","voltageRaw":"400000","circuits":null,"cables":"6","frequency":"50","location":null,"sourceProvider":"ArcGIS OSM Europe","sourceFallback":null,"sourceLicense":"ODbL 1.0","osmTimestamp":"2021-11-11T09:44:17Z"},"geometry":{"type":"LineString","coordinates":[[21.760855979645136,40.30594376158299],[21.7614861003872,40.3074936002209],[21.76230267377024,40.30950174841232]]}},{"type":"Feature","properties":{"assetId":"GR-line-way-93126858-part-9","countryCode":"GR","assetType":"line","powerType":"line","osmType":"way","osmId":"93126858","actualVoltagesKv":[400],"actualVoltageKv":400,"gridClass":"400","displayClass":"400 kV sınıfı","name":"ΚΥΤ ΚΑΡΔΙΑΣ - ΚΥΤ ΤΡΙΚΑΛΩΝ","ref":null,"operator":null,"from":null,"to":null,"displayLabel":"ΚΥΤ ΚΑΡΔΙΑΣ - ΚΥΤ ΤΡΙΚΑΛΩΝ","labelSource":"osm-name","voltageRaw":"400000","circuits":null,"cables":"6","frequency":"50","location":null,"sourceProvider":"ArcGIS OSM Europe","sourceFallback":null,"sourceLicense":"ODbL 1.0","osmTimestamp":"2021-11-11T09:44:17Z"},"geometry":{"type":"LineString","coordinates":[[21.760855979645136,40.30594376158299],[21.7614861,40.3074936],[21.76230267377024,40.30950174841232]]}},{"type":"Feature","properties":{"assetId":"GR-line-way-93126858-part-10","countryCode":"GR","assetType":"line","powerType":"line","osmType":"way","osmId":"93126858","actualVoltagesKv":[400],"actualVoltageKv":400,"gridClass":"400","displayClass":"400 kV sınıfı","name":"ΚΥΤ ΚΑΡΔΙΑΣ - ΚΥΤ ΤΡΙΚΑΛΩΝ","ref":null,"operator":null,"from":null,"to":null,"displayLabel":"ΚΥΤ ΚΑΡΔΙΑΣ - ΚΥΤ ΤΡΙΚΑΛΩΝ","labelSource":"osm-name","voltageRaw":"400000","circuits":null,"cables":"6","frequency":"50","location":null,"sourceProvider":"ArcGIS OSM Europe","sourceFallback":null,"sourceLicense":"ODbL 1.0","osmTimestamp":"2021-11-11T09:44:17Z"},"geometry":{"type":"LineString","coordinates":[[21.76228675298781,40.279182888725146],[21.7622587,40.2794568],[21.7619322,40.2826441],[21.761745364572423,40.284456195059306]]}},{"type":"Feature","properties":{"assetId":"GR-line-way-93126858-part-11","countryCode":"GR","assetType":"line","powerType":"line","osmType":"way","osmId":"93126858","actualVoltagesKv":[400],"actualVoltageKv":400,"gridClass":"400","displayClass":"400 kV sınıfı","name":"ΚΥΤ ΚΑΡΔΙΑΣ - ΚΥΤ ΤΡΙΚΑΛΩΝ","ref":null,"operator":null,"from":null,"to":null,"displayLabel":"ΚΥΤ ΚΑΡΔΙΑΣ - ΚΥΤ ΤΡΙΚΑΛΩΝ","labelSource":"osm-name","voltageRaw":"400000","circuits":null,"cables":"6","frequency":"50","location":null,"sourceProvider":"ArcGIS OSM Europe","sourceFallback":null,"sourceLicense":"ODbL 1.0","osmTimestamp":"2021-11-11T09:44:17Z"},"geometry":{"type":"LineString","coordinates":[[21.76228675298781,40.279182888725146],[21.7622587000405,40.2794567999869],[21.761932200164,40.2826441003587],[21.761745364572423,40.284456195059306]]}},{"type":"Feature","properties":{"assetId":"GR-line-way-93126858-part-12","countryCode":"GR","assetType":"line","powerType":"line","osmType":"way","osmId":"93126858","actualVoltagesKv":[400],"actualVoltageKv":400,"gridClass":"400","displayClass":"400 kV sınıfı","name":"ΚΥΤ ΚΑΡΔΙΑΣ - ΚΥΤ ΤΡΙΚΑΛΩΝ","ref":null,"operator":null,"from":null,"to":null,"displayLabel":"ΚΥΤ ΚΑΡΔΙΑΣ - ΚΥΤ ΤΡΙΚΑΛΩΝ","labelSource":"osm-name","voltageRaw":"400000","circuits":null,"cables":"6","frequency":"50","location":null,"sourceProvider":"ArcGIS OSM Europe","sourceFallback":null,"sourceLicense":"ODbL 1.0","osmTimestamp":"2021-11-11T09:44:17Z"},"geometry":{"type":"LineString","coordinates":[[21.76280556674929,40.274160192745775],[21.7625536995933,40.2765764003326],[21.76228675298781,40.279182888725146]]}},{"type":"Feature","properties":{"assetId":"GR-line-way-93126858-part-13","countryCode":"GR","assetType":"line","powerType":"line","osmType":"way","osmId":"93126858","actualVoltagesKv":[400],"actualVoltageKv":400,"gridClass":"400","displayClass":"400 kV sınıfı","name":"ΚΥΤ ΚΑΡΔΙΑΣ - ΚΥΤ ΤΡΙΚΑΛΩΝ","ref":null,"operator":null,"from":null,"to":null,"displayLabel":"ΚΥΤ ΚΑΡΔΙΑΣ - ΚΥΤ ΤΡΙΚΑΛΩΝ","labelSource":"osm-name","voltageRaw":"400000","circuits":null,"cables":"6","frequency":"50","location":null,"sourceProvider":"ArcGIS OSM Europe","sourceFallback":null,"sourceLicense":"ODbL 1.0","osmTimestamp":"2021-11-11T09:44:17Z"},"geometry":{"type":"LineString","coordinates":[[21.76280556674929,40.274160192745775],[21.7625537,40.2765764],[21.76228675298781,40.279182888725146]]}},{"type":"Feature","properties":{"assetId":"GR-line-way-93126858-part-14","countryCode":"GR","assetType":"line","powerType":"line","osmType":"way","osmId":"93126858","actualVoltagesKv":[400],"actualVoltageKv":400,"gridClass":"400","displayClass":"400 kV sınıfı","name":"ΚΥΤ ΚΑΡΔΙΑΣ - ΚΥΤ ΤΡΙΚΑΛΩΝ","ref":null,"operator":null,"from":null,"to":null,"displayLabel":"ΚΥΤ ΚΑΡΔΙΑΣ - ΚΥΤ ΤΡΙΚΑΛΩΝ","labelSource":"osm-name","voltageRaw":"400000","circuits":null,"cables":"6","frequency":"50","location":null,"sourceProvider":"ArcGIS OSM Europe","sourceFallback":null,"sourceLicense":"ODbL 1.0","osmTimestamp":"2021-11-11T09:44:17Z"},"geometry":{"type":"LineString","coordinates":[[21.76230267377024,40.30950174841232],[21.7627495,40.3106006],[21.7636122,40.3127524],[21.7652149,40.3167499],[21.76523312164448,40.31679534305141]]}},{"type":"Feature","properties":{"assetId":"GR-line-way-93126858-part-15","countryCode":"GR","assetType":"line","powerType":"line","osmType":"way","osmId":"93126858","actualVoltagesKv":[400],"actualVoltageKv":400,"gridClass":"400","displayClass":"400 kV sınıfı","name":"ΚΥΤ ΚΑΡΔΙΑΣ - ΚΥΤ ΤΡΙΚΑΛΩΝ","ref":null,"operator":null,"from":null,"to":null,"displayLabel":"ΚΥΤ ΚΑΡΔΙΑΣ - ΚΥΤ ΤΡΙΚΑΛΩΝ","labelSource":"osm-name","voltageRaw":"400000","circuits":null,"cables":"6","frequency":"50","location":null,"sourceProvider":"ArcGIS OSM Europe","sourceFallback":null,"sourceLicense":"ODbL 1.0","osmTimestamp":"2021-11-11T09:44:17Z"},"geometry":{"type":"LineString","coordinates":[[21.76230267377024,40.30950174841232],[21.7627494999859,40.3106006003655],[21.7636121997639,40.3127524002645],[21.765214900232,40.3167499005944],[21.76523312164448,40.31679534305141]]}},{"type":"Feature","properties":{"assetId":"GR-line-way-93126858-part-16","countryCode":"GR","assetType":"line","powerType":"line","osmType":"way","osmId":"93126858","actualVoltagesKv":[400],"actualVoltageKv":400,"gridClass":"400","displayClass":"400 kV sınıfı","name":"ΚΥΤ ΚΑΡΔΙΑΣ - ΚΥΤ ΤΡΙΚΑΛΩΝ","ref":null,"operator":null,"from":null,"to":null,"displayLabel":"ΚΥΤ ΚΑΡΔΙΑΣ - ΚΥΤ ΤΡΙΚΑΛΩΝ","labelSource":"osm-name","voltageRaw":"400000","circuits":null,"cables":"6","frequency":"50","location":null,"sourceProvider":"ArcGIS OSM Europe","sourceFallback":null,"sourceLicense":"ODbL 1.0","osmTimestamp":"2021-11-11T09:44:17Z"},"geometry":{"type":"LineString","coordinates":[[21.763484829507572,40.26762922962023],[21.7632511,40.2699541],[21.7629829,40.272459],[21.76280556674929,40.274160192745775]]}},{"type":"Feature","properties":{"assetId":"GR-line-way-93126858-part-17","countryCode":"GR","assetType":"line","powerType":"line","osmType":"way","osmId":"93126858","actualVoltagesKv":[400],"actualVoltageKv":400,"gridClass":"400","displayClass":"400 kV sınıfı","name":"ΚΥΤ ΚΑΡΔΙΑΣ - ΚΥΤ ΤΡΙΚΑΛΩΝ","ref":null,"operator":null,"from":null,"to":null,"displayLabel":"ΚΥΤ ΚΑΡΔΙΑΣ - ΚΥΤ ΤΡΙΚΑΛΩΝ","labelSource":"osm-name","voltageRaw":"400000","circuits":null,"cables":"6","frequency":"50","location":null,"sourceProvider":"ArcGIS OSM Europe","sourceFallback":null,"sourceLicense":"ODbL 1.0","osmTimestamp":"2021-11-11T09:44:17Z"},"geometry":{"type":"LineString","coordinates":[[21.763484829507572,40.26762922962023],[21.7632511003759,40.2699541005393],[21.762982900263,40.2724589999898],[21.76280556674929,40.274160192745775]]}},{"type":"Feature","properties":{"assetId":"GR-line-way-93126858-part-18","countryCode":"GR","assetType":"line","powerType":"line","osmType":"way","osmId":"93126858","actualVoltagesKv":[400],"actualVoltageKv":400,"gridClass":"400","displayClass":"400 kV sınıfı","name":"ΚΥΤ ΚΑΡΔΙΑΣ - ΚΥΤ ΤΡΙΚΑΛΩΝ","ref":null,"operator":null,"from":null,"to":null,"displayLabel":"ΚΥΤ ΚΑΡΔΙΑΣ - ΚΥΤ ΤΡΙΚΑΛΩΝ","labelSource":"osm-name","voltageRaw":"400000","circuits":null,"cables":"6","frequency":"50","location":null,"sourceProvider":"ArcGIS OSM Europe","sourceFallback":null,"sourceLicense":"ODbL 1.0","osmTimestamp":"2021-11-11T09:44:17Z"},"geometry":{"type":"LineString","coordinates":[[21.76360581986506,40.266408962732655],[21.7635407998685,40.2670725002835],[21.763484829507572,40.26762922962023]]}},{"type":"Feature","properties":{"assetId":"GR-line-way-93126858-part-19","countryCode":"GR","assetType":"line","powerType":"line","osmType":"way","osmId":"93126858","actualVoltagesKv":[400],"actualVoltageKv":400,"gridClass":"400","displayClass":"400 kV sınıfı","name":"ΚΥΤ ΚΑΡΔΙΑΣ - ΚΥΤ ΤΡΙΚΑΛΩΝ","ref":null,"operator":null,"from":null,"to":null,"displayLabel":"ΚΥΤ ΚΑΡΔΙΑΣ - ΚΥΤ ΤΡΙΚΑΛΩΝ","labelSource":"osm-name","voltageRaw":"400000","circuits":null,"cables":"6","frequency":"50","location":null,"sourceProvider":"ArcGIS OSM Europe","sourceFallback":null,"sourceLicense":"ODbL 1.0","osmTimestamp":"2021-11-11T09:44:17Z"},"geometry":{"type":"LineString","coordinates":[[21.76360581986506,40.266408962732655],[21.7635408,40.2670725],[21.763484829507572,40.26762922962023]]}},{"type":"Feature","properties":{"assetId":"GR-line-way-93126858-part-20","countryCode":"GR","assetType":"line","powerType":"line","osmType":"way","osmId":"93126858","actualVoltagesKv":[400],"actualVoltageKv":400,"gridClass":"400","displayClass":"400 kV sınıfı","name":"ΚΥΤ ΚΑΡΔΙΑΣ - ΚΥΤ ΤΡΙΚΑΛΩΝ","ref":null,"operator":null,"from":null,"to":null,"displayLabel":"ΚΥΤ ΚΑΡΔΙΑΣ - ΚΥΤ ΤΡΙΚΑΛΩΝ","labelSource":"osm-name","voltageRaw":"400000","circuits":null,"cables":"6","frequency":"50","location":null,"sourceProvider":"ArcGIS OSM Europe","sourceFallback":null,"sourceLicense":"ODbL 1.0","osmTimestamp":"2021-11-11T09:44:17Z"},"geometry":{"type":"LineString","coordinates":[[21.764049546503465,40.2618833631175],[21.7638167,40.2642569],[21.76360581986506,40.266408962732655]]}},{"type":"Feature","properties":{"assetId":"GR-line-way-93126858-part-21","countryCode":"GR","assetType":"line","powerType":"line","osmType":"way","osmId":"93126858","actualVoltagesKv":[400],"actualVoltageKv":400,"gridClass":"400","displayClass":"400 kV sınıfı","name":"ΚΥΤ ΚΑΡΔΙΑΣ - ΚΥΤ ΤΡΙΚΑΛΩΝ","ref":null,"operator":null,"from":null,"to":null,"displayLabel":"ΚΥΤ ΚΑΡΔΙΑΣ - ΚΥΤ ΤΡΙΚΑΛΩΝ","labelSource":"osm-name","voltageRaw":"400000","circuits":null,"cables":"6","frequency":"50","location":null,"sourceProvider":"ArcGIS OSM Europe","sourceFallback":null,"sourceLicense":"ODbL 1.0","osmTimestamp":"2021-11-11T09:44:17Z"},"geometry":{"type":"LineString","coordinates":[[21.764049546503465,40.2618833631175],[21.7638167003401,40.2642568999622],[21.76360581986506,40.266408962732655]]}},{"type":"Feature","properties":{"assetId":"GR-line-way-93126858-part-22","countryCode":"GR","assetType":"line","powerType":"line","osmType":"way","osmId":"93126858","actualVoltagesKv":[400],"actualVoltageKv":400,"gridClass":"400","displayClass":"400 kV sınıfı","name":"ΚΥΤ ΚΑΡΔΙΑΣ - ΚΥΤ ΤΡΙΚΑΛΩΝ","ref":null,"operator":null,"from":null,"to":null,"displayLabel":"ΚΥΤ ΚΑΡΔΙΑΣ - ΚΥΤ ΤΡΙΚΑΛΩΝ","labelSource":"osm-name","voltageRaw":"400000","circuits":null,"cables":"6","frequency":"50","location":null,"sourceProvider":"ArcGIS OSM Europe","sourceFallback":null,"sourceLicense":"ODbL 1.0","osmTimestamp":"2021-11-11T09:44:17Z"},"geometry":{"type":"LineString","coordinates":[[21.76426444930797,40.25981477072118],[21.7641307998724,40.2610551001041],[21.764049546503465,40.2618833631175]]}},{"type":"Feature","properties":{"assetId":"GR-line-way-93126858-part-23","countryCode":"GR","assetType":"line","powerType":"line","osmType":"way","osmId":"93126858","actualVoltagesKv":[400],"actualVoltageKv":400,"gridClass":"400","displayClass":"400 kV sınıfı","name":"ΚΥΤ ΚΑΡΔΙΑΣ - ΚΥΤ ΤΡΙΚΑΛΩΝ","ref":null,"operator":null,"from":null,"to":null,"displayLabel":"ΚΥΤ ΚΑΡΔΙΑΣ - ΚΥΤ ΤΡΙΚΑΛΩΝ","labelSource":"osm-name","voltageRaw":"400000","circuits":null,"cables":"6","frequency":"50","location":null,"sourceProvider":"ArcGIS OSM Europe","sourceFallback":null,"sourceLicense":"ODbL 1.0","osmTimestamp":"2021-11-11T09:44:17Z"},"geometry":{"type":"LineString","coordinates":[[21.76426444930797,40.25981477072118],[21.7641308,40.2610551],[21.764049546503465,40.2618833631175]]}},{"type":"Feature","properties":{"assetId":"GR-line-way-93126858-part-24","countryCode":"GR","assetType":"line","powerType":"line","osmType":"way","osmId":"93126858","actualVoltagesKv":[400],"actualVoltageKv":400,"gridClass":"400","displayClass":"400 kV sınıfı","name":"ΚΥΤ ΚΑΡΔΙΑΣ - ΚΥΤ ΤΡΙΚΑΛΩΝ","ref":null,"operator":null,"from":null,"to":null,"displayLabel":"ΚΥΤ ΚΑΡΔΙΑΣ - ΚΥΤ ΤΡΙΚΑΛΩΝ","labelSource":"osm-name","voltageRaw":"400000","circuits":null,"cables":"6","frequency":"50","location":null,"sourceProvider":"ArcGIS OSM Europe","sourceFallback":null,"sourceLicense":"ODbL 1.0","osmTimestamp":"2021-11-11T09:44:17Z"},"geometry":{"type":"LineString","coordinates":[[21.764627841105234,40.25645662510499],[21.7644581,40.2580176],[21.76426444930797,40.25981477072118]]}},{"type":"Feature","properties":{"assetId":"GR-line-way-93126858-part-25","countryCode":"GR","assetType":"line","powerType":"line","osmType":"way","osmId":"93126858","actualVoltagesKv":[400],"actualVoltageKv":400,"gridClass":"400","displayClass":"400 kV sınıfı","name":"ΚΥΤ ΚΑΡΔΙΑΣ - ΚΥΤ ΤΡΙΚΑΛΩΝ","ref":null,"operator":null,"from":null,"to":null,"displayLabel":"ΚΥΤ ΚΑΡΔΙΑΣ - ΚΥΤ ΤΡΙΚΑΛΩΝ","labelSource":"osm-name","voltageRaw":"400000","circuits":null,"cables":"6","frequency":"50","location":null,"sourceProvider":"ArcGIS OSM Europe","sourceFallback":null,"sourceLicense":"ODbL 1.0","osmTimestamp":"2021-11-11T09:44:17Z"},"geometry":{"type":"LineString","coordinates":[[21.764627841105234,40.25645662510499],[21.7644581001479,40.2580176001924],[21.76426444930797,40.25981477072118]]}},{"type":"Feature","properties":{"assetId":"GR-line-way-93126858-part-26","countryCode":"GR","assetType":"line","powerType":"line","osmType":"way","osmId":"93126858","actualVoltagesKv":[400],"actualVoltageKv":400,"gridClass":"400","displayClass":"400 kV sınıfı","name":"ΚΥΤ ΚΑΡΔΙΑΣ - ΚΥΤ ΤΡΙΚΑΛΩΝ","ref":null,"operator":null,"from":null,"to":null,"displayLabel":"ΚΥΤ ΚΑΡΔΙΑΣ - ΚΥΤ ΤΡΙΚΑΛΩΝ","labelSource":"osm-name","voltageRaw":"400000","circuits":null,"cables":"6","frequency":"50","location":null,"sourceProvider":"ArcGIS OSM Europe","sourceFallback":null,"sourceLicense":"ODbL 1.0","osmTimestamp":"2021-11-11T09:44:17Z"},"geometry":{"type":"LineString","coordinates":[[21.765491082464703,40.24788117928264],[21.7654021998671,40.2486773005242],[21.7650910998095,40.2520977004104],[21.764785299812,40.2550086002887],[21.764627841105234,40.25645662510499]]}},{"type":"Feature","properties":{"assetId":"GR-line-way-93126858-part-27","countryCode":"GR","assetType":"line","powerType":"line","osmType":"way","osmId":"93126858","actualVoltagesKv":[400],"actualVoltageKv":400,"gridClass":"400","displayClass":"400 kV sınıfı","name":"ΚΥΤ ΚΑΡΔΙΑΣ - ΚΥΤ ΤΡΙΚΑΛΩΝ","ref":null,"operator":null,"from":null,"to":null,"displayLabel":"ΚΥΤ ΚΑΡΔΙΑΣ - ΚΥΤ ΤΡΙΚΑΛΩΝ","labelSource":"osm-name","voltageRaw":"400000","circuits":null,"cables":"6","frequency":"50","location":null,"sourceProvider":"ArcGIS OSM Europe","sourceFallback":null,"sourceLicense":"ODbL 1.0","osmTimestamp":"2021-11-11T09:44:17Z"},"geometry":{"type":"LineString","coordinates":[[21.765491082464703,40.24788117928264],[21.7654022,40.2486773],[21.7650911,40.2520977],[21.7647853,40.2550086],[21.764627841105234,40.25645662510499]]}},{"type":"Feature","properties":{"assetId":"GR-line-way-93126858-part-28","countryCode":"GR","assetType":"line","powerType":"line","osmType":"way","osmId":"93126858","actualVoltagesKv":[400],"actualVoltageKv":400,"gridClass":"400","displayClass":"400 kV sınıfı","name":"ΚΥΤ ΚΑΡΔΙΑΣ - ΚΥΤ ΤΡΙΚΑΛΩΝ","ref":null,"operator":null,"from":null,"to":null,"displayLabel":"ΚΥΤ ΚΑΡΔΙΑΣ - ΚΥΤ ΤΡΙΚΑΛΩΝ","labelSource":"osm-name","voltageRaw":"400000","circuits":null,"cables":"6","frequency":"50","location":null,"sourceProvider":"ArcGIS OSM Europe","sourceFallback":null,"sourceLicense":"ODbL 1.0","osmTimestamp":"2021-11-11T09:44:17Z"},"geometry":{"type":"LineString","coordinates":[[21.76523312164448,40.31679534305141],[21.7659122004033,40.3184889004162],[21.7674199004368,40.3222491002444],[21.768436225233014,40.324783563343814]]}},{"type":"Feature","properties":{"assetId":"GR-line-way-93126858-part-29","countryCode":"GR","assetType":"line","powerType":"line","osmType":"way","osmId":"93126858","actualVoltagesKv":[400],"actualVoltageKv":400,"gridClass":"400","displayClass":"400 kV sınıfı","name":"ΚΥΤ ΚΑΡΔΙΑΣ - ΚΥΤ ΤΡΙΚΑΛΩΝ","ref":null,"operator":null,"from":null,"to":null,"displayLabel":"ΚΥΤ ΚΑΡΔΙΑΣ - ΚΥΤ ΤΡΙΚΑΛΩΝ","labelSource":"osm-name","voltageRaw":"400000","circuits":null,"cables":"6","frequency":"50","location":null,"sourceProvider":"ArcGIS OSM Europe","sourceFallback":null,"sourceLicense":"ODbL 1.0","osmTimestamp":"2021-11-11T09:44:17Z"},"geometry":{"type":"LineString","coordinates":[[21.76523312164448,40.31679534305141],[21.7659122,40.3184889],[21.7674199,40.3222491],[21.768436225233014,40.324783563343814]]}},{"type":"Feature","properties":{"assetId":"GR-line-way-93126858-part-30","countryCode":"GR","assetType":"line","powerType":"line","osmType":"way","osmId":"93126858","actualVoltagesKv":[400],"actualVoltageKv":400,"gridClass":"400","displayClass":"400 kV sınıfı","name":"ΚΥΤ ΚΑΡΔΙΑΣ - ΚΥΤ ΤΡΙΚΑΛΩΝ","ref":null,"operator":null,"from":null,"to":null,"displayLabel":"ΚΥΤ ΚΑΡΔΙΑΣ - ΚΥΤ ΤΡΙΚΑΛΩΝ","labelSource":"osm-name","voltageRaw":"400000","circuits":null,"cables":"6","frequency":"50","location":null,"sourceProvider":"ArcGIS OSM Europe","sourceFallback":null,"sourceLicense":"ODbL 1.0","osmTimestamp":"2021-11-11T09:44:17Z"},"geometry":{"type":"LineString","coordinates":[[21.767384692636362,40.22909526122161],[21.7671295,40.2314927],[21.7668613,40.2344086],[21.7665502,40.2375045],[21.7660352,40.2424552],[21.7657348,40.2456982],[21.765491082464703,40.24788117928264]]}},{"type":"Feature","properties":{"assetId":"GR-line-way-93126858-part-31","countryCode":"GR","assetType":"line","powerType":"line","osmType":"way","osmId":"93126858","actualVoltagesKv":[400],"actualVoltageKv":400,"gridClass":"400","displayClass":"400 kV sınıfı","name":"ΚΥΤ ΚΑΡΔΙΑΣ - ΚΥΤ ΤΡΙΚΑΛΩΝ","ref":null,"operator":null,"from":null,"to":null,"displayLabel":"ΚΥΤ ΚΑΡΔΙΑΣ - ΚΥΤ ΤΡΙΚΑΛΩΝ","labelSource":"osm-name","voltageRaw":"400000","circuits":null,"cables":"6","frequency":"50","location":null,"sourceProvider":"ArcGIS OSM Europe","sourceFallback":null,"sourceLicense":"ODbL 1.0","osmTimestamp":"2021-11-11T09:44:17Z"},"geometry":{"type":"LineString","coordinates":[[21.767384692636362,40.22909526122161],[21.7671295002583,40.2314927002617],[21.7668613001454,40.2344086002557],[21.7665502000878,40.2375045001935],[21.766035200427,40.2424552000598],[21.7657348002027,40.2456982000111],[21.765491082464703,40.24788117928264]]}},{"type":"Feature","properties":{"assetId":"GR-line-way-93126858-part-32","countryCode":"GR","assetType":"line","powerType":"line","osmType":"way","osmId":"93126858","actualVoltagesKv":[400],"actualVoltageKv":400,"gridClass":"400","displayClass":"400 kV sınıfı","name":"ΚΥΤ ΚΑΡΔΙΑΣ - ΚΥΤ ΤΡΙΚΑΛΩΝ","ref":null,"operator":null,"from":null,"to":null,"displayLabel":"ΚΥΤ ΚΑΡΔΙΑΣ - ΚΥΤ ΤΡΙΚΑΛΩΝ","labelSource":"osm-name","voltageRaw":"400000","circuits":null,"cables":"6","frequency":"50","location":null,"sourceProvider":"ArcGIS OSM Europe","sourceFallback":null,"sourceLicense":"ODbL 1.0","osmTimestamp":"2021-11-11T09:44:17Z"},"geometry":{"type":"LineString","coordinates":[[21.76831461541507,40.220074486971974],[21.768036099806,40.2228385004797],[21.7678054995776,40.2252182005707],[21.7674084999176,40.2288716005233],[21.767384692636362,40.22909526122161]]}},{"type":"Feature","properties":{"assetId":"GR-line-way-93126858-part-33","countryCode":"GR","assetType":"line","powerType":"line","osmType":"way","osmId":"93126858","actualVoltagesKv":[400],"actualVoltageKv":400,"gridClass":"400","displayClass":"400 kV sınıfı","name":"ΚΥΤ ΚΑΡΔΙΑΣ - ΚΥΤ ΤΡΙΚΑΛΩΝ","ref":null,"operator":null,"from":null,"to":null,"displayLabel":"ΚΥΤ ΚΑΡΔΙΑΣ - ΚΥΤ ΤΡΙΚΑΛΩΝ","labelSource":"osm-name","voltageRaw":"400000","circuits":null,"cables":"6","frequency":"50","location":null,"sourceProvider":"ArcGIS OSM Europe","sourceFallback":null,"sourceLicense":"ODbL 1.0","osmTimestamp":"2021-11-11T09:44:17Z"},"geometry":{"type":"LineString","coordinates":[[21.76831461541507,40.220074486971974],[21.7680361,40.2228385],[21.7678055,40.2252182],[21.7674085,40.2288716],[21.767384692636362,40.22909526122161]]}},{"type":"Feature","properties":{"assetId":"GR-line-way-93126858-part-34","countryCode":"GR","assetType":"line","powerType":"line","osmType":"way","osmId":"93126858","actualVoltagesKv":[400],"actualVoltageKv":400,"gridClass":"400","displayClass":"400 kV sınıfı","name":"ΚΥΤ ΚΑΡΔΙΑΣ - ΚΥΤ ΤΡΙΚΑΛΩΝ","ref":null,"operator":null,"from":null,"to":null,"displayLabel":"ΚΥΤ ΚΑΡΔΙΑΣ - ΚΥΤ ΤΡΙΚΑΛΩΝ","labelSource":"osm-name","voltageRaw":"400000","circuits":null,"cables":"6","frequency":"50","location":null,"sourceProvider":"ArcGIS OSM Europe","sourceFallback":null,"sourceLicense":"ODbL 1.0","osmTimestamp":"2021-11-11T09:44:17Z"},"geometry":{"type":"LineString","coordinates":[[21.771168189256816,40.2137657719024],[21.7708364,40.2144577],[21.769468,40.2174753],[21.7683312,40.2199099],[21.76831461541507,40.220074486971974]]}},{"type":"Feature","properties":{"assetId":"GR-line-way-93126858-part-35","countryCode":"GR","assetType":"line","powerType":"line","osmType":"way","osmId":"93126858","actualVoltagesKv":[400],"actualVoltageKv":400,"gridClass":"400","displayClass":"400 kV sınıfı","name":"ΚΥΤ ΚΑΡΔΙΑΣ - ΚΥΤ ΤΡΙΚΑΛΩΝ","ref":null,"operator":null,"from":null,"to":null,"displayLabel":"ΚΥΤ ΚΑΡΔΙΑΣ - ΚΥΤ ΤΡΙΚΑΛΩΝ","labelSource":"osm-name","voltageRaw":"400000","circuits":null,"cables":"6","frequency":"50","location":null,"sourceProvider":"ArcGIS OSM Europe","sourceFallback":null,"sourceLicense":"ODbL 1.0","osmTimestamp":"2021-11-11T09:44:17Z"},"geometry":{"type":"LineString","coordinates":[[21.771168189256816,40.2137657719024],[21.7708364000749,40.2144577000321],[21.7694679999958,40.2174753001977],[21.7683311999701,40.2199099003828],[21.76831461541507,40.220074486971974]]}},{"type":"Feature","properties":{"assetId":"GR-line-way-93126858-part-36","countryCode":"GR","assetType":"line","powerType":"line","osmType":"way","osmId":"93126858","actualVoltagesKv":[400],"actualVoltageKv":400,"gridClass":"400","displayClass":"400 kV sınıfı","name":"ΚΥΤ ΚΑΡΔΙΑΣ - ΚΥΤ ΤΡΙΚΑΛΩΝ","ref":null,"operator":null,"from":null,"to":null,"displayLabel":"ΚΥΤ ΚΑΡΔΙΑΣ - ΚΥΤ ΤΡΙΚΑΛΩΝ","labelSource":"osm-name","voltageRaw":"400000","circuits":null,"cables":"6","frequency":"50","location":null,"sourceProvider":"ArcGIS OSM Europe","sourceFallback":null,"sourceLicense":"ODbL 1.0","osmTimestamp":"2021-11-11T09:44:17Z"},"geometry":{"type":"LineString","coordinates":[[21.768436225233014,40.324783563343814],[21.7688044,40.3257017],[21.7703627,40.3295876],[21.770848311487484,40.330798531894764]]}},{"type":"Feature","properties":{"assetId":"GR-line-way-93126858-part-37","countryCode":"GR","assetType":"line","powerType":"line","osmType":"way","osmId":"93126858","actualVoltagesKv":[400],"actualVoltageKv":400,"gridClass":"400","displayClass":"400 kV sınıfı","name":"ΚΥΤ ΚΑΡΔΙΑΣ - ΚΥΤ ΤΡΙΚΑΛΩΝ","ref":null,"operator":null,"from":null,"to":null,"displayLabel":"ΚΥΤ ΚΑΡΔΙΑΣ - ΚΥΤ ΤΡΙΚΑΛΩΝ","labelSource":"osm-name","voltageRaw":"400000","circuits":null,"cables":"6","frequency":"50","location":null,"sourceProvider":"ArcGIS OSM Europe","sourceFallback":null,"sourceLicense":"ODbL 1.0","osmTimestamp":"2021-11-11T09:44:17Z"},"geometry":{"type":"LineString","coordinates":[[21.768436225233014,40.324783563343814],[21.7688044001224,40.3257017006113],[21.7703626995609,40.3295876002332],[21.770848311487484,40.330798531894764]]}},{"type":"Feature","properties":{"assetId":"GR-line-way-93126858-part-38","countryCode":"GR","assetType":"line","powerType":"line","osmType":"way","osmId":"93126858","actualVoltagesKv":[400],"actualVoltageKv":400,"gridClass":"400","displayClass":"400 kV sınıfı","name":"ΚΥΤ ΚΑΡΔΙΑΣ - ΚΥΤ ΤΡΙΚΑΛΩΝ","ref":null,"operator":null,"from":null,"to":null,"displayLabel":"ΚΥΤ ΚΑΡΔΙΑΣ - ΚΥΤ ΤΡΙΚΑΛΩΝ","labelSource":"osm-name","voltageRaw":"400000","circuits":null,"cables":"6","frequency":"50","location":null,"sourceProvider":"ArcGIS OSM Europe","sourceFallback":null,"sourceLicense":"ODbL 1.0","osmTimestamp":"2021-11-11T09:44:17Z"},"geometry":{"type":"LineString","coordinates":[[21.770848311487484,40.330798531894764],[21.7710213003098,40.3312299002994],[21.772088187785897,40.333890126392774]]}},{"type":"Feature","properties":{"assetId":"GR-line-way-93126858-part-39","countryCode":"GR","assetType":"line","powerType":"line","osmType":"way","osmId":"93126858","actualVoltagesKv":[400],"actualVoltageKv":400,"gridClass":"400","displayClass":"400 kV sınıfı","name":"ΚΥΤ ΚΑΡΔΙΑΣ - ΚΥΤ ΤΡΙΚΑΛΩΝ","ref":null,"operator":null,"from":null,"to":null,"displayLabel":"ΚΥΤ ΚΑΡΔΙΑΣ - ΚΥΤ ΤΡΙΚΑΛΩΝ","labelSource":"osm-name","voltageRaw":"400000","circuits":null,"cables":"6","frequency":"50","location":null,"sourceProvider":"ArcGIS OSM Europe","sourceFallback":null,"sourceLicense":"ODbL 1.0","osmTimestamp":"2021-11-11T09:44:17Z"},"geometry":{"type":"LineString","coordinates":[[21.770848311487484,40.330798531894764],[21.7710213,40.3312299],[21.772088187785897,40.333890126392774]]}},{"type":"Feature","properties":{"assetId":"GR-line-way-93126858-part-40","countryCode":"GR","assetType":"line","powerType":"line","osmType":"way","osmId":"93126858","actualVoltagesKv":[400],"actualVoltageKv":400,"gridClass":"400","displayClass":"400 kV sınıfı","name":"ΚΥΤ ΚΑΡΔΙΑΣ - ΚΥΤ ΤΡΙΚΑΛΩΝ","ref":null,"operator":null,"from":null,"to":null,"displayLabel":"ΚΥΤ ΚΑΡΔΙΑΣ - ΚΥΤ ΤΡΙΚΑΛΩΝ","labelSource":"osm-name","voltageRaw":"400000","circuits":null,"cables":"6","frequency":"50","location":null,"sourceProvider":"ArcGIS OSM Europe","sourceFallback":null,"sourceLicense":"ODbL 1.0","osmTimestamp":"2021-11-11T09:44:17Z"},"geometry":{"type":"LineString","coordinates":[[21.775235238198817,40.2050429645506],[21.7748488995646,40.20592430006],[21.7738296997893,40.2081201999925],[21.7716731996266,40.2127126004921],[21.771168189256816,40.2137657719024]]}},{"type":"Feature","properties":{"assetId":"GR-line-way-93126858-part-41","countryCode":"GR","assetType":"line","powerType":"line","osmType":"way","osmId":"93126858","actualVoltagesKv":[400],"actualVoltageKv":400,"gridClass":"400","displayClass":"400 kV sınıfı","name":"ΚΥΤ ΚΑΡΔΙΑΣ - ΚΥΤ ΤΡΙΚΑΛΩΝ","ref":null,"operator":null,"from":null,"to":null,"displayLabel":"ΚΥΤ ΚΑΡΔΙΑΣ - ΚΥΤ ΤΡΙΚΑΛΩΝ","labelSource":"osm-name","voltageRaw":"400000","circuits":null,"cables":"6","frequency":"50","location":null,"sourceProvider":"ArcGIS OSM Europe","sourceFallback":null,"sourceLicense":"ODbL 1.0","osmTimestamp":"2021-11-11T09:44:17Z"},"geometry":{"type":"LineString","coordinates":[[21.775235238198817,40.2050429645506],[21.7748489,40.2059243],[21.7738297,40.2081202],[21.7716732,40.2127126],[21.771168189256816,40.2137657719024]]}},{"type":"Feature","properties":{"assetId":"GR-line-way-93126858-part-42","countryCode":"GR","assetType":"line","powerType":"line","osmType":"way","osmId":"93126858","actualVoltagesKv":[400],"actualVoltageKv":400,"gridClass":"400","displayClass":"400 kV sınıfı","name":"ΚΥΤ ΚΑΡΔΙΑΣ - ΚΥΤ ΤΡΙΚΑΛΩΝ","ref":null,"operator":null,"from":null,"to":null,"displayLabel":"ΚΥΤ ΚΑΡΔΙΑΣ - ΚΥΤ ΤΡΙΚΑΛΩΝ","labelSource":"osm-name","voltageRaw":"400000","circuits":null,"cables":"6","frequency":"50","location":null,"sourceProvider":"ArcGIS OSM Europe","sourceFallback":null,"sourceLicense":"ODbL 1.0","osmTimestamp":"2021-11-11T09:44:17Z"},"geometry":{"type":"LineString","coordinates":[[21.772088187785897,40.333890126392774],[21.772402,40.3346726],[21.7737825,40.3381113],[21.7752633,40.3417993],[21.7771127,40.3464056],[21.7779537,40.3485],[21.77803758969082,40.34870891815763]]}},{"type":"Feature","properties":{"assetId":"GR-line-way-93126858-part-43","countryCode":"GR","assetType":"line","powerType":"line","osmType":"way","osmId":"93126858","actualVoltagesKv":[400],"actualVoltageKv":400,"gridClass":"400","displayClass":"400 kV sınıfı","name":"ΚΥΤ ΚΑΡΔΙΑΣ - ΚΥΤ ΤΡΙΚΑΛΩΝ","ref":null,"operator":null,"from":null,"to":null,"displayLabel":"ΚΥΤ ΚΑΡΔΙΑΣ - ΚΥΤ ΤΡΙΚΑΛΩΝ","labelSource":"osm-name","voltageRaw":"400000","circuits":null,"cables":"6","frequency":"50","location":null,"sourceProvider":"ArcGIS OSM Europe","sourceFallback":null,"sourceLicense":"ODbL 1.0","osmTimestamp":"2021-11-11T09:44:17Z"},"geometry":{"type":"LineString","coordinates":[[21.772088187785897,40.333890126392774],[21.7724020001217,40.3346726004426],[21.7737824996093,40.3381113000481],[21.7752632995916,40.3417993001311],[21.7771126998946,40.3464056003422],[21.7779536999687,40.3484999999874],[21.77803758969082,40.34870891815763]]}},{"type":"Feature","properties":{"assetId":"GR-line-way-93126858-part-44","countryCode":"GR","assetType":"line","powerType":"line","osmType":"way","osmId":"93126858","actualVoltagesKv":[400],"actualVoltageKv":400,"gridClass":"400","displayClass":"400 kV sınıfı","name":"ΚΥΤ ΚΑΡΔΙΑΣ - ΚΥΤ ΤΡΙΚΑΛΩΝ","ref":null,"operator":null,"from":null,"to":null,"displayLabel":"ΚΥΤ ΚΑΡΔΙΑΣ - ΚΥΤ ΤΡΙΚΑΛΩΝ","labelSource":"osm-name","voltageRaw":"400000","circuits":null,"cables":"6","frequency":"50","location":null,"sourceProvider":"ArcGIS OSM Europe","sourceFallback":null,"sourceLicense":"ODbL 1.0","osmTimestamp":"2021-11-11T09:44:17Z"},"geometry":{"type":"LineString","coordinates":[[21.795306003691405,40.161734702808666],[21.7948475,40.1627203],[21.7936083,40.1654711],[21.7922297,40.1683324],[21.7907759,40.1715092],[21.7886248,40.1762066],[21.7872944,40.1790306],[21.7859372,40.1819651],[21.7845961,40.1848503],[21.7828634,40.1886083],[21.7813023,40.1919399],[21.779575,40.1956811],[21.7776116,40.1999178],[21.7756912,40.2040028],[21.775235238198817,40.2050429645506]]}},{"type":"Feature","properties":{"assetId":"GR-line-way-93126858-part-45","countryCode":"GR","assetType":"line","powerType":"line","osmType":"way","osmId":"93126858","actualVoltagesKv":[400],"actualVoltageKv":400,"gridClass":"400","displayClass":"400 kV sınıfı","name":"ΚΥΤ ΚΑΡΔΙΑΣ - ΚΥΤ ΤΡΙΚΑΛΩΝ","ref":null,"operator":null,"from":null,"to":null,"displayLabel":"ΚΥΤ ΚΑΡΔΙΑΣ - ΚΥΤ ΤΡΙΚΑΛΩΝ","labelSource":"osm-name","voltageRaw":"400000","circuits":null,"cables":"6","frequency":"50","location":null,"sourceProvider":"ArcGIS OSM Europe","sourceFallback":null,"sourceLicense":"ODbL 1.0","osmTimestamp":"2021-11-11T09:44:17Z"},"geometry":{"type":"LineString","coordinates":[[21.795306003691405,40.161734702808666],[21.7948474998468,40.1627203005803],[21.7936082999635,40.1654711001148],[21.7922297004127,40.1683324000842],[21.7907759001946,40.1715092006103],[21.7886247998051,40.1762066006049],[21.7872944002592,40.179030600384],[21.7859372003752,40.1819651004501],[21.7845961000976,40.1848503000664],[21.7828633999332,40.1886083005362],[21.7813023004459,40.1919399000297],[21.7795750000547,40.1956811006191],[21.7776115999489,40.1999178005092],[21.7756912003991,40.204002800191],[21.775235238198817,40.2050429645506]]}},{"type":"Feature","properties":{"assetId":"GR-line-way-93126858-part-46","countryCode":"GR","assetType":"line","powerType":"line","osmType":"way","osmId":"93126858","actualVoltagesKv":[400],"actualVoltageKv":400,"gridClass":"400","displayClass":"400 kV sınıfı","name":"ΚΥΤ ΚΑΡΔΙΑΣ - ΚΥΤ ΤΡΙΚΑΛΩΝ","ref":null,"operator":null,"from":null,"to":null,"displayLabel":"ΚΥΤ ΚΑΡΔΙΑΣ - ΚΥΤ ΤΡΙΚΑΛΩΝ","labelSource":"osm-name","voltageRaw":"400000","circuits":null,"cables":"6","frequency":"50","location":null,"sourceProvider":"ArcGIS OSM Europe","sourceFallback":null,"sourceLicense":"ODbL 1.0","osmTimestamp":"2021-11-11T09:44:17Z"},"geometry":{"type":"LineString","coordinates":[[21.77803758969082,40.34870891815763],[21.7789580002867,40.3510010999969],[21.779353153563097,40.351990366506826]]}},{"type":"Feature","properties":{"assetId":"GR-line-way-93126858-part-47","countryCode":"GR","assetType":"line","powerType":"line","osmType":"way","osmId":"93126858","actualVoltagesKv":[400],"actualVoltageKv":400,"gridClass":"400","displayClass":"400 kV sınıfı","name":"ΚΥΤ ΚΑΡΔΙΑΣ - ΚΥΤ ΤΡΙΚΑΛΩΝ","ref":null,"operator":null,"from":null,"to":null,"displayLabel":"ΚΥΤ ΚΑΡΔΙΑΣ - ΚΥΤ ΤΡΙΚΑΛΩΝ","labelSource":"osm-name","voltageRaw":"400000","circuits":null,"cables":"6","frequency":"50","location":null,"sourceProvider":"ArcGIS OSM Europe","sourceFallback":null,"sourceLicense":"ODbL 1.0","osmTimestamp":"2021-11-11T09:44:17Z"},"geometry":{"type":"LineString","coordinates":[[21.77803758969082,40.34870891815763],[21.778958,40.3510011],[21.779353153563097,40.351990366506826]]}},{"type":"Feature","properties":{"assetId":"GR-line-way-93126858-part-48","countryCode":"GR","assetType":"line","powerType":"line","osmType":"way","osmId":"93126858","actualVoltagesKv":[400],"actualVoltageKv":400,"gridClass":"400","displayClass":"400 kV sınıfı","name":"ΚΥΤ ΚΑΡΔΙΑΣ - ΚΥΤ ΤΡΙΚΑΛΩΝ","ref":null,"operator":null,"from":null,"to":null,"displayLabel":"ΚΥΤ ΚΑΡΔΙΑΣ - ΚΥΤ ΤΡΙΚΑΛΩΝ","labelSource":"osm-name","voltageRaw":"400000","circuits":null,"cables":"6","frequency":"50","location":null,"sourceProvider":"ArcGIS OSM Europe","sourceFallback":null,"sourceLicense":"ODbL 1.0","osmTimestamp":"2021-11-11T09:44:17Z"},"geometry":{"type":"LineString","coordinates":[[21.779353153563097,40.351990366506826],[21.7801298,40.3539347],[21.7810061,40.3561287],[21.7807523,40.358823],[21.78067596950627,40.35958874472477]]}},{"type":"Feature","properties":{"assetId":"GR-line-way-93126858-part-49","countryCode":"GR","assetType":"line","powerType":"line","osmType":"way","osmId":"93126858","actualVoltagesKv":[400],"actualVoltageKv":400,"gridClass":"400","displayClass":"400 kV sınıfı","name":"ΚΥΤ ΚΑΡΔΙΑΣ - ΚΥΤ ΤΡΙΚΑΛΩΝ","ref":null,"operator":null,"from":null,"to":null,"displayLabel":"ΚΥΤ ΚΑΡΔΙΑΣ - ΚΥΤ ΤΡΙΚΑΛΩΝ","labelSource":"osm-name","voltageRaw":"400000","circuits":null,"cables":"6","frequency":"50","location":null,"sourceProvider":"ArcGIS OSM Europe","sourceFallback":null,"sourceLicense":"ODbL 1.0","osmTimestamp":"2021-11-11T09:44:17Z"},"geometry":{"type":"LineString","coordinates":[[21.779353153563097,40.351990366506826],[21.7801297995742,40.3539347003508],[21.7810060998456,40.3561287006091],[21.7807522997267,40.3588230002125],[21.78067596950627,40.35958874472477]]}},{"type":"Feature","properties":{"assetId":"GR-line-way-93126858-part-50","countryCode":"GR","assetType":"line","powerType":"line","osmType":"way","osmId":"93126858","actualVoltagesKv":[400],"actualVoltageKv":400,"gridClass":"400","displayClass":"400 kV sınıfı","name":"ΚΥΤ ΚΑΡΔΙΑΣ - ΚΥΤ ΤΡΙΚΑΛΩΝ","ref":null,"operator":null,"from":null,"to":null,"displayLabel":"ΚΥΤ ΚΑΡΔΙΑΣ - ΚΥΤ ΤΡΙΚΑΛΩΝ","labelSource":"osm-name","voltageRaw":"400000","circuits":null,"cables":"6","frequency":"50","location":null,"sourceProvider":"ArcGIS OSM Europe","sourceFallback":null,"sourceLicense":"ODbL 1.0","osmTimestamp":"2021-11-11T09:44:17Z"},"geometry":{"type":"LineString","coordinates":[[21.779708000071686,40.38340020008261],[21.7811576,40.3850708],[21.781177,40.3880817],[21.78120216137978,40.390116096504684]]}},{"type":"Feature","properties":{"assetId":"GR-line-way-93126858-part-51","countryCode":"GR","assetType":"line","powerType":"line","osmType":"way","osmId":"93126858","actualVoltagesKv":[400],"actualVoltageKv":400,"gridClass":"400","displayClass":"400 kV sınıfı","name":"ΚΥΤ ΚΑΡΔΙΑΣ - ΚΥΤ ΤΡΙΚΑΛΩΝ","ref":null,"operator":null,"from":null,"to":null,"displayLabel":"ΚΥΤ ΚΑΡΔΙΑΣ - ΚΥΤ ΤΡΙΚΑΛΩΝ","labelSource":"osm-name","voltageRaw":"400000","circuits":null,"cables":"6","frequency":"50","location":null,"sourceProvider":"ArcGIS OSM Europe","sourceFallback":null,"sourceLicense":"ODbL 1.0","osmTimestamp":"2021-11-11T09:44:17Z"},"geometry":{"type":"LineString","coordinates":[[21.779708000071686,40.38340020008261],[21.7797080001241,40.3834002006138],[21.78115759982,40.3850708001572],[21.7811769998368,40.3880817000357],[21.78120216137978,40.390116096504684]]}},{"type":"Feature","properties":{"assetId":"GR-line-way-93126858-part-52","countryCode":"GR","assetType":"line","powerType":"line","osmType":"way","osmId":"93126858","actualVoltagesKv":[400],"actualVoltageKv":400,"gridClass":"400","displayClass":"400 kV sınıfı","name":"ΚΥΤ ΚΑΡΔΙΑΣ - ΚΥΤ ΤΡΙΚΑΛΩΝ","ref":null,"operator":null,"from":null,"to":null,"displayLabel":"ΚΥΤ ΚΑΡΔΙΑΣ - ΚΥΤ ΤΡΙΚΑΛΩΝ","labelSource":"osm-name","voltageRaw":"400000","circuits":null,"cables":"6","frequency":"50","location":null,"sourceProvider":"ArcGIS OSM Europe","sourceFallback":null,"sourceLicense":"ODbL 1.0","osmTimestamp":"2021-11-11T09:44:17Z"},"geometry":{"type":"LineString","coordinates":[[21.7801006681708,40.36542922410365],[21.7799709,40.3667506],[21.7796632,40.3698836],[21.7793881,40.3726849],[21.7790263,40.3763683],[21.7792819,40.3790818],[21.779708,40.3834002],[21.779708000071686,40.38340020008261]]}},{"type":"Feature","properties":{"assetId":"GR-line-way-93126858-part-53","countryCode":"GR","assetType":"line","powerType":"line","osmType":"way","osmId":"93126858","actualVoltagesKv":[400],"actualVoltageKv":400,"gridClass":"400","displayClass":"400 kV sınıfı","name":"ΚΥΤ ΚΑΡΔΙΑΣ - ΚΥΤ ΤΡΙΚΑΛΩΝ","ref":null,"operator":null,"from":null,"to":null,"displayLabel":"ΚΥΤ ΚΑΡΔΙΑΣ - ΚΥΤ ΤΡΙΚΑΛΩΝ","labelSource":"osm-name","voltageRaw":"400000","circuits":null,"cables":"6","frequency":"50","location":null,"sourceProvider":"ArcGIS OSM Europe","sourceFallback":null,"sourceLicense":"ODbL 1.0","osmTimestamp":"2021-11-11T09:44:17Z"},"geometry":{"type":"LineString","coordinates":[[21.7801006681708,40.36542922410365],[21.7799709001768,40.3667506000351],[21.7796632002425,40.3698836005966],[21.7793881001699,40.3726849000365],[21.779026300096,40.3763683002246],[21.7792819004387,40.3790818002312],[21.779708000071686,40.38340020008261]]}},{"type":"Feature","properties":{"assetId":"GR-line-way-93126858-part-54","countryCode":"GR","assetType":"line","powerType":"line","osmType":"way","osmId":"93126858","actualVoltagesKv":[400],"actualVoltageKv":400,"gridClass":"400","displayClass":"400 kV sınıfı","name":"ΚΥΤ ΚΑΡΔΙΑΣ - ΚΥΤ ΤΡΙΚΑΛΩΝ","ref":null,"operator":null,"from":null,"to":null,"displayLabel":"ΚΥΤ ΚΑΡΔΙΑΣ - ΚΥΤ ΤΡΙΚΑΛΩΝ","labelSource":"osm-name","voltageRaw":"400000","circuits":null,"cables":"6","frequency":"50","location":null,"sourceProvider":"ArcGIS OSM Europe","sourceFallback":null,"sourceLicense":"ODbL 1.0","osmTimestamp":"2021-11-11T09:44:17Z"},"geometry":{"type":"LineString","coordinates":[[21.78033166554182,40.36307688176702],[21.7802304998192,40.3641072000047],[21.7801006681708,40.36542922410365]]}},{"type":"Feature","properties":{"assetId":"GR-line-way-93126858-part-55","countryCode":"GR","assetType":"line","powerType":"line","osmType":"way","osmId":"93126858","actualVoltagesKv":[400],"actualVoltageKv":400,"gridClass":"400","displayClass":"400 kV sınıfı","name":"ΚΥΤ ΚΑΡΔΙΑΣ - ΚΥΤ ΤΡΙΚΑΛΩΝ","ref":null,"operator":null,"from":null,"to":null,"displayLabel":"ΚΥΤ ΚΑΡΔΙΑΣ - ΚΥΤ ΤΡΙΚΑΛΩΝ","labelSource":"osm-name","voltageRaw":"400000","circuits":null,"cables":"6","frequency":"50","location":null,"sourceProvider":"ArcGIS OSM Europe","sourceFallback":null,"sourceLicense":"ODbL 1.0","osmTimestamp":"2021-11-11T09:44:17Z"},"geometry":{"type":"LineString","coordinates":[[21.78033166554182,40.36307688176702],[21.7802305,40.3641072],[21.7801006681708,40.36542922410365]]}},{"type":"Feature","properties":{"assetId":"GR-line-way-93126858-part-56","countryCode":"GR","assetType":"line","powerType":"line","osmType":"way","osmId":"93126858","actualVoltagesKv":[400],"actualVoltageKv":400,"gridClass":"400","displayClass":"400 kV sınıfı","name":"ΚΥΤ ΚΑΡΔΙΑΣ - ΚΥΤ ΤΡΙΚΑΛΩΝ","ref":null,"operator":null,"from":null,"to":null,"displayLabel":"ΚΥΤ ΚΑΡΔΙΑΣ - ΚΥΤ ΤΡΙΚΑΛΩΝ","labelSource":"osm-name","voltageRaw":"400000","circuits":null,"cables":"6","frequency":"50","location":null,"sourceProvider":"ArcGIS OSM Europe","sourceFallback":null,"sourceLicense":"ODbL 1.0","osmTimestamp":"2021-11-11T09:44:17Z"},"geometry":{"type":"LineString","coordinates":[[21.78067596950627,40.35958874472477],[21.7805552,40.3608003],[21.78033166554182,40.36307688176702]]}},{"type":"Feature","properties":{"assetId":"GR-line-way-93126858-part-57","countryCode":"GR","assetType":"line","powerType":"line","osmType":"way","osmId":"93126858","actualVoltagesKv":[400],"actualVoltageKv":400,"gridClass":"400","displayClass":"400 kV sınıfı","name":"ΚΥΤ ΚΑΡΔΙΑΣ - ΚΥΤ ΤΡΙΚΑΛΩΝ","ref":null,"operator":null,"from":null,"to":null,"displayLabel":"ΚΥΤ ΚΑΡΔΙΑΣ - ΚΥΤ ΤΡΙΚΑΛΩΝ","labelSource":"osm-name","voltageRaw":"400000","circuits":null,"cables":"6","frequency":"50","location":null,"sourceProvider":"ArcGIS OSM Europe","sourceFallback":null,"sourceLicense":"ODbL 1.0","osmTimestamp":"2021-11-11T09:44:17Z"},"geometry":{"type":"LineString","coordinates":[[21.78067596950627,40.35958874472477],[21.7805552003702,40.3608003002879],[21.78033166554182,40.36307688176702]]}},{"type":"Feature","properties":{"assetId":"GR-line-way-93126858-part-58","countryCode":"GR","assetType":"line","powerType":"line","osmType":"way","osmId":"93126858","actualVoltagesKv":[400],"actualVoltageKv":400,"gridClass":"400","displayClass":"400 kV sınıfı","name":"ΚΥΤ ΚΑΡΔΙΑΣ - ΚΥΤ ΤΡΙΚΑΛΩΝ","ref":null,"operator":null,"from":null,"to":null,"displayLabel":"ΚΥΤ ΚΑΡΔΙΑΣ - ΚΥΤ ΤΡΙΚΑΛΩΝ","labelSource":"osm-name","voltageRaw":"400000","circuits":null,"cables":"6","frequency":"50","location":null,"sourceProvider":"ArcGIS OSM Europe","sourceFallback":null,"sourceLicense":"ODbL 1.0","osmTimestamp":"2021-11-11T09:44:17Z"},"geometry":{"type":"LineString","coordinates":[[21.78120216137978,40.390116096504684],[21.7812304001889,40.3923993004241],[21.781241912416714,40.39332907755094]]}},{"type":"Feature","properties":{"assetId":"GR-line-way-93126858-part-59","countryCode":"GR","assetType":"line","powerType":"line","osmType":"way","osmId":"93126858","actualVoltagesKv":[400],"actualVoltageKv":400,"gridClass":"400","displayClass":"400 kV sınıfı","name":"ΚΥΤ ΚΑΡΔΙΑΣ - ΚΥΤ ΤΡΙΚΑΛΩΝ","ref":null,"operator":null,"from":null,"to":null,"displayLabel":"ΚΥΤ ΚΑΡΔΙΑΣ - ΚΥΤ ΤΡΙΚΑΛΩΝ","labelSource":"osm-name","voltageRaw":"400000","circuits":null,"cables":"6","frequency":"50","location":null,"sourceProvider":"ArcGIS OSM Europe","sourceFallback":null,"sourceLicense":"ODbL 1.0","osmTimestamp":"2021-11-11T09:44:17Z"},"geometry":{"type":"LineString","coordinates":[[21.78120216137978,40.390116096504684],[21.7812304,40.3923993],[21.781241912416714,40.39332907755094]]}},{"type":"Feature","properties":{"assetId":"GR-line-way-93126858-part-60","countryCode":"GR","assetType":"line","powerType":"line","osmType":"way","osmId":"93126858","actualVoltagesKv":[400],"actualVoltageKv":400,"gridClass":"400","displayClass":"400 kV sınıfı","name":"ΚΥΤ ΚΑΡΔΙΑΣ - ΚΥΤ ΤΡΙΚΑΛΩΝ","ref":null,"operator":null,"from":null,"to":null,"displayLabel":"ΚΥΤ ΚΑΡΔΙΑΣ - ΚΥΤ ΤΡΙΚΑΛΩΝ","labelSource":"osm-name","voltageRaw":"400000","circuits":null,"cables":"6","frequency":"50","location":null,"sourceProvider":"ArcGIS OSM Europe","sourceFallback":null,"sourceLicense":"ODbL 1.0","osmTimestamp":"2021-11-11T09:44:17Z"},"geometry":{"type":"LineString","coordinates":[[21.781241912416714,40.39332907755094],[21.7812688,40.3955006],[21.78130762660157,40.39834825883386]]}},{"type":"Feature","properties":{"assetId":"GR-line-way-93126858-part-61","countryCode":"GR","assetType":"line","powerType":"line","osmType":"way","osmId":"93126858","actualVoltagesKv":[400],"actualVoltageKv":400,"gridClass":"400","displayClass":"400 kV sınıfı","name":"ΚΥΤ ΚΑΡΔΙΑΣ - ΚΥΤ ΤΡΙΚΑΛΩΝ","ref":null,"operator":null,"from":null,"to":null,"displayLabel":"ΚΥΤ ΚΑΡΔΙΑΣ - ΚΥΤ ΤΡΙΚΑΛΩΝ","labelSource":"osm-name","voltageRaw":"400000","circuits":null,"cables":"6","frequency":"50","location":null,"sourceProvider":"ArcGIS OSM Europe","sourceFallback":null,"sourceLicense":"ODbL 1.0","osmTimestamp":"2021-11-11T09:44:17Z"},"geometry":{"type":"LineString","coordinates":[[21.781241912416714,40.39332907755094],[21.7812687995741,40.395500600244],[21.78130762660157,40.39834825883386]]}},{"type":"Feature","properties":{"assetId":"GR-line-way-93126858-part-62","countryCode":"GR","assetType":"line","powerType":"line","osmType":"way","osmId":"93126858","actualVoltagesKv":[400],"actualVoltageKv":400,"gridClass":"400","displayClass":"400 kV sınıfı","name":"ΚΥΤ ΚΑΡΔΙΑΣ - ΚΥΤ ΤΡΙΚΑΛΩΝ","ref":null,"operator":null,"from":null,"to":null,"displayLabel":"ΚΥΤ ΚΑΡΔΙΑΣ - ΚΥΤ ΤΡΙΚΑΛΩΝ","labelSource":"osm-name","voltageRaw":"400000","circuits":null,"cables":"6","frequency":"50","location":null,"sourceProvider":"ArcGIS OSM Europe","sourceFallback":null,"sourceLicense":"ODbL 1.0","osmTimestamp":"2021-11-11T09:44:17Z"},"geometry":{"type":"LineString","coordinates":[[21.78130762660157,40.39834825883386],[21.7813137000669,40.3987936999824],[21.78132211573206,40.399359491623564]]}},{"type":"Feature","properties":{"assetId":"GR-line-way-93126858-part-63","countryCode":"GR","assetType":"line","powerType":"line","osmType":"way","osmId":"93126858","actualVoltagesKv":[400],"actualVoltageKv":400,"gridClass":"400","displayClass":"400 kV sınıfı","name":"ΚΥΤ ΚΑΡΔΙΑΣ - ΚΥΤ ΤΡΙΚΑΛΩΝ","ref":null,"operator":null,"from":null,"to":null,"displayLabel":"ΚΥΤ ΚΑΡΔΙΑΣ - ΚΥΤ ΤΡΙΚΑΛΩΝ","labelSource":"osm-name","voltageRaw":"400000","circuits":null,"cables":"6","frequency":"50","location":null,"sourceProvider":"ArcGIS OSM Europe","sourceFallback":null,"sourceLicense":"ODbL 1.0","osmTimestamp":"2021-11-11T09:44:17Z"},"geometry":{"type":"LineString","coordinates":[[21.78130762660157,40.39834825883386],[21.7813137,40.3987937],[21.78132211573206,40.399359491623564]]}},{"type":"Feature","properties":{"assetId":"GR-line-way-93126858-part-64","countryCode":"GR","assetType":"line","powerType":"line","osmType":"way","osmId":"93126858","actualVoltagesKv":[400],"actualVoltageKv":400,"gridClass":"400","displayClass":"400 kV sınıfı","name":"ΚΥΤ ΚΑΡΔΙΑΣ - ΚΥΤ ΤΡΙΚΑΛΩΝ","ref":null,"operator":null,"from":null,"to":null,"displayLabel":"ΚΥΤ ΚΑΡΔΙΑΣ - ΚΥΤ ΤΡΙΚΑΛΩΝ","labelSource":"osm-name","voltageRaw":"400000","circuits":null,"cables":"6","frequency":"50","location":null,"sourceProvider":"ArcGIS OSM Europe","sourceFallback":null,"sourceLicense":"ODbL 1.0","osmTimestamp":"2021-11-11T09:44:17Z"},"geometry":{"type":"LineString","coordinates":[[21.78132211573206,40.399359491623564],[21.7813567,40.4016846],[21.7813583,40.4041767]]}},{"type":"Feature","properties":{"assetId":"GR-line-way-93126858-part-65","countryCode":"GR","assetType":"line","powerType":"line","osmType":"way","osmId":"93126858","actualVoltagesKv":[400],"actualVoltageKv":400,"gridClass":"400","displayClass":"400 kV sınıfı","name":"ΚΥΤ ΚΑΡΔΙΑΣ - ΚΥΤ ΤΡΙΚΑΛΩΝ","ref":null,"operator":null,"from":null,"to":null,"displayLabel":"ΚΥΤ ΚΑΡΔΙΑΣ - ΚΥΤ ΤΡΙΚΑΛΩΝ","labelSource":"osm-name","voltageRaw":"400000","circuits":null,"cables":"6","frequency":"50","location":null,"sourceProvider":"ArcGIS OSM Europe","sourceFallback":null,"sourceLicense":"ODbL 1.0","osmTimestamp":"2021-11-11T09:44:17Z"},"geometry":{"type":"LineString","coordinates":[[21.78132211573206,40.399359491623564],[21.7813566997246,40.4016846000407],[21.7813582996241,40.4041766999955]]}},{"type":"Feature","properties":{"assetId":"GR-line-way-93126858-part-66","countryCode":"GR","assetType":"line","powerType":"line","osmType":"way","osmId":"93126858","actualVoltagesKv":[400],"actualVoltageKv":400,"gridClass":"400","displayClass":"400 kV sınıfı","name":"ΚΥΤ ΚΑΡΔΙΑΣ - ΚΥΤ ΤΡΙΚΑΛΩΝ","ref":null,"operator":null,"from":null,"to":null,"displayLabel":"ΚΥΤ ΚΑΡΔΙΑΣ - ΚΥΤ ΤΡΙΚΑΛΩΝ","labelSource":"osm-name","voltageRaw":"400000","circuits":null,"cables":"6","frequency":"50","location":null,"sourceProvider":"ArcGIS OSM Europe","sourceFallback":null,"sourceLicense":"ODbL 1.0","osmTimestamp":"2021-11-11T09:44:17Z"},"geometry":{"type":"LineString","coordinates":[[21.79802982990688,40.15594814599269],[21.7975135998971,40.1570504001125],[21.7963655996764,40.1594570001156],[21.795306003691405,40.161734702808666]]}},{"type":"Feature","properties":{"assetId":"GR-line-way-93126858-part-67","countryCode":"GR","assetType":"line","powerType":"line","osmType":"way","osmId":"93126858","actualVoltagesKv":[400],"actualVoltageKv":400,"gridClass":"400","displayClass":"400 kV sınıfı","name":"ΚΥΤ ΚΑΡΔΙΑΣ - ΚΥΤ ΤΡΙΚΑΛΩΝ","ref":null,"operator":null,"from":null,"to":null,"displayLabel":"ΚΥΤ ΚΑΡΔΙΑΣ - ΚΥΤ ΤΡΙΚΑΛΩΝ","labelSource":"osm-name","voltageRaw":"400000","circuits":null,"cables":"6","frequency":"50","location":null,"sourceProvider":"ArcGIS OSM Europe","sourceFallback":null,"sourceLicense":"ODbL 1.0","osmTimestamp":"2021-11-11T09:44:17Z"},"geometry":{"type":"LineString","coordinates":[[21.79802982990688,40.15594814599269],[21.7975136,40.1570504],[21.7963656,40.159457],[21.795306003691405,40.161734702808666]]}},{"type":"Feature","properties":{"assetId":"GR-line-way-93126858-part-68","countryCode":"GR","assetType":"line","powerType":"line","osmType":"way","osmId":"93126858","actualVoltagesKv":[400],"actualVoltageKv":400,"gridClass":"400","displayClass":"400 kV sınıfı","name":"ΚΥΤ ΚΑΡΔΙΑΣ - ΚΥΤ ΤΡΙΚΑΛΩΝ","ref":null,"operator":null,"from":null,"to":null,"displayLabel":"ΚΥΤ ΚΑΡΔΙΑΣ - ΚΥΤ ΤΡΙΚΑΛΩΝ","labelSource":"osm-name","voltageRaw":"400000","circuits":null,"cables":"6","frequency":"50","location":null,"sourceProvider":"ArcGIS OSM Europe","sourceFallback":null,"sourceLicense":"ODbL 1.0","osmTimestamp":"2021-11-11T09:44:17Z"},"geometry":{"type":"LineString","coordinates":[[21.800547453013476,40.14538782247979],[21.8013921,40.148071],[21.8003085,40.1509125],[21.7988923,40.1541066],[21.79802982990688,40.15594814599269]]}},{"type":"Feature","properties":{"assetId":"GR-line-way-93126858-part-69","countryCode":"GR","assetType":"line","powerType":"line","osmType":"way","osmId":"93126858","actualVoltagesKv":[400],"actualVoltageKv":400,"gridClass":"400","displayClass":"400 kV sınıfı","name":"ΚΥΤ ΚΑΡΔΙΑΣ - ΚΥΤ ΤΡΙΚΑΛΩΝ","ref":null,"operator":null,"from":null,"to":null,"displayLabel":"ΚΥΤ ΚΑΡΔΙΑΣ - ΚΥΤ ΤΡΙΚΑΛΩΝ","labelSource":"osm-name","voltageRaw":"400000","circuits":null,"cables":"6","frequency":"50","location":null,"sourceProvider":"ArcGIS OSM Europe","sourceFallback":null,"sourceLicense":"ODbL 1.0","osmTimestamp":"2021-11-11T09:44:17Z"},"geometry":{"type":"LineString","coordinates":[[21.800547453013476,40.14538782247979],[21.8013921003908,40.1480710001888],[21.8003085003928,40.1509125006012],[21.7988923000592,40.1541066000527],[21.79802982990688,40.15594814599269]]}},{"type":"Feature","properties":{"assetId":"GR-line-way-93126858-part-70","countryCode":"GR","assetType":"line","powerType":"line","osmType":"way","osmId":"93126858","actualVoltagesKv":[400],"actualVoltageKv":400,"gridClass":"400","displayClass":"400 kV sınıfı","name":"ΚΥΤ ΚΑΡΔΙΑΣ - ΚΥΤ ΤΡΙΚΑΛΩΝ","ref":null,"operator":null,"from":null,"to":null,"displayLabel":"ΚΥΤ ΚΑΡΔΙΑΣ - ΚΥΤ ΤΡΙΚΑΛΩΝ","labelSource":"osm-name","voltageRaw":"400000","circuits":null,"cables":"6","frequency":"50","location":null,"sourceProvider":"ArcGIS OSM Europe","sourceFallback":null,"sourceLicense":"ODbL 1.0","osmTimestamp":"2021-11-11T09:44:17Z"},"geometry":{"type":"LineString","coordinates":[[21.8828014,39.5590275],[21.8817723,39.5607725],[21.8806028,39.5624764],[21.8787575,39.5653217],[21.8769872,39.5680675],[21.8745732,39.5716486],[21.872524,39.5744025],[21.8706679,39.5773299],[21.868726,39.5802407],[21.8669879,39.5829115],[21.8650675,39.5858469],[21.8634474,39.5882695],[21.8605721,39.5910806],[21.857096,39.5913369],[21.8507123,39.5918081],[21.8465602,39.5921306],[21.8422687,39.5924447],[21.8381274,39.5927424],[21.8340397,39.5930648],[21.8296301,39.593379],[21.8249953,39.5937345],[21.820178,39.5940734],[21.8165731,39.5951482],[21.813215,39.5961899],[21.8097174,39.5972646],[21.8063271,39.5982814],[21.8024647,39.5994553],[21.798538,39.6006292],[21.7948151,39.6017617],[21.7907381,39.6030099],[21.7862213,39.6044069],[21.7810071,39.6059031],[21.7759109,39.6074984],[21.7715871,39.6088788],[21.7680413,39.6122098],[21.7654127,39.6147843],[21.7632562,39.6169084],[21.7608529,39.6192307],[21.758455,39.6215406],[21.757591,39.6223799],[21.755805,39.6241148],[21.7533588,39.6264369],[21.7508107,39.6289242],[21.7483109,39.6313412],[21.7457038,39.6338283],[21.7434239,39.6360468],[21.7409939,39.6384098],[21.7388535,39.6406777],[21.7359835,39.6434206],[21.7338002,39.6455479],[21.7317027,39.6475843],[21.7287415,39.6504136],[21.7260647,39.6530281],[21.7235273,39.655469],[21.7208344,39.6580585],[21.7183024,39.6604868],[21.7159635,39.6627044],[21.7141542,39.6645486],[21.7126885,39.6675875],[21.711495,39.6702612],[21.7095153,39.6742911],[21.7078363,39.677879],[21.7070638,39.6794789],[21.7063423,39.6809631],[21.7057953,39.6853124],[21.7055136,39.6880308],[21.7050496,39.6916386],[21.7047733,39.6941587],[21.7044086,39.6971966],[21.7040438,39.7001539],[21.7032847,39.7033278],[21.7030996,39.7061095],[21.7028985,39.7084598],[21.7026061,39.7123121],[21.7023513,39.7149283],[21.7020482,39.718739],[21.7017022,39.7228693],[21.7014367,39.7265042],[21.7012167,39.7291014],[21.7010075,39.7314344],[21.7006401,39.7360733],[21.7003075,39.7402356],[21.6999346,39.7446698],[21.6997147,39.7472147],[21.6993794,39.7514443],[21.6990575,39.75489],[21.6988483,39.7575273],[21.698564,39.7612079],[21.6972846,39.7639913],[21.696032,39.7667932],[21.694412,39.7704423],[21.6925481,39.7939397],[21.6919718,39.7974996],[21.6915296,39.8009907],[21.690978,39.8045292],[21.6901476,39.8100671],[21.6901074,39.810648],[21.689753,39.8157644],[21.6894463,39.8186215],[21.6890049,39.8243091],[21.6888132,39.8262854],[21.6886136,39.8293682],[21.6876904,39.8327472],[21.6870315,39.8353077],[21.6861076,39.839004],[21.6848533,39.8431639],[21.6805578,39.8460533],[21.6771326,39.848364],[21.6719231,39.8519594],[21.6668795,39.8552761],[21.664195,39.8570645],[21.66122,39.8591129],[21.6544755,39.8645461],[21.6518458,39.8666792],[21.6484456,39.8697748],[21.6454716,39.8724154],[21.6449478,39.8766465],[21.644498,39.8804175],[21.6439305,39.8846081],[21.6434157,39.8886703],[21.6427758,39.8936704],[21.6428976,39.8965658],[21.6429827,39.9005958],[21.6430351,39.9029115],[21.6430933,39.9057137],[21.6431322,39.9089486],[21.6426689,39.9137968],[21.6422044,39.9174763],[21.641703,39.9221839],[21.6413472,39.9253526],[21.6409898,39.9285409],[21.6406496,39.9314038],[21.6403358,39.9344556],[21.6399341,39.9376848],[21.6396002,39.9407839],[21.639274,39.9437295],[21.6389054,39.9470215],[21.6386309,39.9496004],[21.6382373,39.9528128],[21.6379118,39.9559141],[21.6373264,39.9619024],[21.638344,39.9648092],[21.6399259,39.9691206],[21.641948,39.9745434],[21.6430637,39.9775666],[21.6441349,39.9805428],[21.6454758,39.9840508],[21.6463632,39.9864718],[21.6476616,39.9900415],[21.6488085,39.9931003],[21.6498843,39.9960154],[21.6510158,39.9991157],[21.6519973,40.0017135],[21.6530756,40.0046801],[21.6539998,40.0070461],[21.6543524,40.0090805],[21.6549999,40.0125818],[21.655548,40.0157378],[21.6561652,40.0188844],[21.6567306,40.0219893],[21.6575962,40.0267834],[21.6579183,40.0284601],[21.6584817,40.0316055],[21.6591037,40.0349972],[21.6594506,40.0368505],[21.6603609,40.0416464],[21.6606455,40.0433801],[21.6613613,40.0470347],[21.6617756,40.0493869],[21.6624275,40.0530435],[21.6627997,40.0549076],[21.6634909,40.0586446],[21.6639277,40.0609563],[21.6646489,40.0648877],[21.6650628,40.0669578],[21.667901,40.0702544],[21.6701757,40.0729134],[21.672131,40.0751977],[21.6743706,40.0777617],[21.6762898,40.0799811],[21.6786878,40.0827394],[21.6820322,40.0866076],[21.6838389,40.0886687],[21.6866765,40.0919314],[21.6890083,40.0946646],[21.6913763,40.0973916],[21.6935193,40.0998782],[21.695009,40.1015903],[21.6971107,40.1040193],[21.7007073,40.1057164],[21.705192,40.1078459],[21.7087003,40.1095485],[21.7136785,40.1118994],[21.7178305,40.1123097],[21.7220738,40.1127281],[21.7260757,40.1131302],[21.7303296,40.1135609],[21.7335429,40.1138399],[21.7371746,40.1152553],[21.7441162,40.1177331],[21.749486,40.1196776],[21.7551991,40.1217696],[21.7643347,40.1250389],[21.7685136,40.1254573],[21.772435,40.1258059],[21.7762276,40.1261546],[21.7794033,40.1264417],[21.7835018,40.1268232],[21.7876002,40.1272046],[21.7915993,40.1275799],[21.7939758,40.1293477],[21.7968216,40.1334964],[21.7988815,40.1401279],[21.7999115,40.1433676],[21.800547453013476,40.14538782247979]]}},{"type":"Feature","properties":{"assetId":"GR-line-way-93383721","countryCode":"GR","assetType":"line","powerType":"line","osmType":"way","osmId":"93383721","actualVoltagesKv":[400],"actualVoltageKv":400,"gridClass":"400","displayClass":"400 kV sınıfı","name":"ΚΥΤ ΚΑΡΔΙΑΣ - ΑΗΣ ΚΑΡΔΙΑΣ","ref":null,"operator":null,"from":null,"to":null,"displayLabel":"ΚΥΤ ΚΑΡΔΙΑΣ - ΑΗΣ ΚΑΡΔΙΑΣ","labelSource":"osm-name","voltageRaw":"400000","circuits":null,"cables":"6","frequency":"50","location":null,"sourceProvider":"ArcGIS OSM Europe","sourceFallback":null,"sourceLicense":"ODbL 1.0","osmTimestamp":"2021-11-11T09:44:17Z"},"geometry":{"type":"LineString","coordinates":[[21.782742,40.4099398],[21.7811999,40.4073334]]}},{"type":"Feature","properties":{"assetId":"GR-line-way-973594141","countryCode":"GR","assetType":"line","powerType":"line","osmType":"way","osmId":"973594141","actualVoltagesKv":[400],"actualVoltageKv":400,"gridClass":"400","displayClass":"400 kV sınıfı","name":null,"ref":null,"operator":null,"from":null,"to":null,"displayLabel":"400 kV · OSM 973594141","labelSource":"generated-identifier","voltageRaw":"400000","circuits":null,"cables":"3","frequency":"50","location":null,"sourceProvider":"ArcGIS OSM Europe","sourceFallback":null,"sourceLicense":"ODbL 1.0","osmTimestamp":"2021-08-16T17:18:11Z"},"geometry":{"type":"LineString","coordinates":[[21.8830709001698,39.5560776000579],[21.8831550004466,39.556809900132]]}},{"type":"Feature","properties":{"assetId":"GR-line-way-973594142","countryCode":"GR","assetType":"line","powerType":"line","osmType":"way","osmId":"973594142","actualVoltagesKv":[400],"actualVoltageKv":400,"gridClass":"400","displayClass":"400 kV sınıfı","name":null,"ref":null,"operator":null,"from":null,"to":null,"displayLabel":"400 kV · OSM 973594142","labelSource":"generated-identifier","voltageRaw":"400000","circuits":null,"cables":"3","frequency":"50","location":null,"sourceProvider":"ArcGIS OSM Europe","sourceFallback":null,"sourceLicense":"ODbL 1.0","osmTimestamp":"2024-03-02T11:54:59Z"},"geometry":{"type":"LineString","coordinates":[[21.7813583,40.4041767],[21.7809813,40.4050774]]}},{"type":"Feature","properties":{"assetId":"GR-line-way-973594143","countryCode":"GR","assetType":"line","powerType":"line","osmType":"way","osmId":"973594143","actualVoltagesKv":[400],"actualVoltageKv":400,"gridClass":"400","displayClass":"400 kV sınıfı","name":null,"ref":null,"operator":null,"from":null,"to":null,"displayLabel":"400 kV · OSM 973594143","labelSource":"generated-identifier","voltageRaw":"400000","circuits":null,"cables":"3","frequency":"50","location":null,"sourceProvider":"ArcGIS OSM Europe","sourceFallback":null,"sourceLicense":"ODbL 1.0","osmTimestamp":"2024-03-02T11:54:59Z"},"geometry":{"type":"LineString","coordinates":[[21.7811293,40.4057243],[21.7812846,40.405154]]}},{"type":"Feature","properties":{"assetId":"GR-line-way-973594144","countryCode":"GR","assetType":"line","powerType":"line","osmType":"way","osmId":"973594144","actualVoltagesKv":[400],"actualVoltageKv":400,"gridClass":"400","displayClass":"400 kV sınıfı","name":null,"ref":null,"operator":null,"from":null,"to":null,"displayLabel":"400 kV · OSM 973594144","labelSource":"generated-identifier","voltageRaw":"400000","circuits":null,"cables":"3","frequency":"50","location":null,"sourceProvider":"ArcGIS OSM Europe","sourceFallback":null,"sourceLicense":"ODbL 1.0","osmTimestamp":"2024-03-02T11:54:59Z"},"geometry":{"type":"LineString","coordinates":[[21.781965,40.4041775],[21.7815832,40.4052033]]}},{"type":"Feature","properties":{"assetId":"GR-line-way-973594145","countryCode":"GR","assetType":"line","powerType":"line","osmType":"way","osmId":"973594145","actualVoltagesKv":[400],"actualVoltageKv":400,"gridClass":"400","displayClass":"400 kV sınıfı","name":null,"ref":null,"operator":null,"from":null,"to":null,"displayLabel":"400 kV · OSM 973594145","labelSource":"generated-identifier","voltageRaw":"400000","circuits":null,"cables":"3","frequency":"50","location":null,"sourceProvider":"ArcGIS OSM Europe","sourceFallback":null,"sourceLicense":"ODbL 1.0","osmTimestamp":"2024-03-02T11:54:59Z"},"geometry":{"type":"LineString","coordinates":[[21.7817316,40.4058194],[21.7818814,40.4052695]]}},{"type":"Feature","properties":{"assetId":"GR-line-way-973594146","countryCode":"GR","assetType":"line","powerType":"line","osmType":"way","osmId":"973594146","actualVoltagesKv":[400],"actualVoltageKv":400,"gridClass":"400","displayClass":"400 kV sınıfı","name":"ΚΑΔ","ref":null,"operator":null,"from":null,"to":null,"displayLabel":"ΚΑΔ","labelSource":"osm-name","voltageRaw":"400000","circuits":null,"cables":"3","frequency":"50","location":null,"sourceProvider":"ArcGIS OSM Europe","sourceFallback":null,"sourceLicense":"ODbL 1.0","osmTimestamp":"2024-03-02T11:54:59Z"},"geometry":{"type":"LineString","coordinates":[[21.7825279,40.4043337],[21.782154,40.4053247]]}},{"type":"Feature","properties":{"assetId":"GR-line-way-973594147","countryCode":"GR","assetType":"line","powerType":"line","osmType":"way","osmId":"973594147","actualVoltagesKv":[400],"actualVoltageKv":400,"gridClass":"400","displayClass":"400 kV sınıfı","name":"ΑΜΚ","ref":null,"operator":null,"from":null,"to":null,"displayLabel":"ΑΜΚ","labelSource":"osm-name","voltageRaw":"400000","circuits":null,"cables":"3","frequency":"50","location":null,"sourceProvider":"ArcGIS OSM Europe","sourceFallback":null,"sourceLicense":"ODbL 1.0","osmTimestamp":"2024-03-02T11:54:59Z"},"geometry":{"type":"LineString","coordinates":[[21.7825918,40.4059552],[21.7827365,40.4054236]]}},{"type":"Feature","properties":{"assetId":"GR-line-way-973594148","countryCode":"GR","assetType":"line","powerType":"line","osmType":"way","osmId":"973594148","actualVoltagesKv":[400],"actualVoltageKv":400,"gridClass":"400","displayClass":"400 kV sınıfı","name":null,"ref":null,"operator":null,"from":null,"to":null,"displayLabel":"400 kV · OSM 973594148","labelSource":"generated-identifier","voltageRaw":"400000","circuits":null,"cables":"3","frequency":"50","location":null,"sourceProvider":"ArcGIS OSM Europe","sourceFallback":null,"sourceLicense":"ODbL 1.0","osmTimestamp":"2024-03-02T11:54:59Z"},"geometry":{"type":"LineString","coordinates":[[21.782301,40.4059093],[21.7821378,40.4065088]]}},{"type":"Feature","properties":{"assetId":"GR-line-way-973594149","countryCode":"GR","assetType":"line","powerType":"line","osmType":"way","osmId":"973594149","actualVoltagesKv":[400],"actualVoltageKv":400,"gridClass":"400","displayClass":"400 kV sınıfı","name":null,"ref":null,"operator":null,"from":null,"to":null,"displayLabel":"400 kV · OSM 973594149","labelSource":"generated-identifier","voltageRaw":"400000","circuits":null,"cables":"3","frequency":"50","location":null,"sourceProvider":"ArcGIS OSM Europe","sourceFallback":null,"sourceLicense":"ODbL 1.0","osmTimestamp":"2024-03-02T11:54:59Z"},"geometry":{"type":"LineString","coordinates":[[21.7817316,40.4058194],[21.7815691,40.4064163]]}},{"type":"Feature","properties":{"assetId":"GR-line-way-973594150","countryCode":"GR","assetType":"line","powerType":"line","osmType":"way","osmId":"973594150","actualVoltagesKv":[400],"actualVoltageKv":400,"gridClass":"400","displayClass":"400 kV sınıfı","name":null,"ref":null,"operator":null,"from":null,"to":null,"displayLabel":"400 kV · OSM 973594150","labelSource":"generated-identifier","voltageRaw":"400000","circuits":null,"cables":"3","frequency":"50","location":null,"sourceProvider":"ArcGIS OSM Europe","sourceFallback":null,"sourceLicense":"ODbL 1.0","osmTimestamp":"2024-03-02T11:54:59Z"},"geometry":{"type":"LineString","coordinates":[[21.7818089,40.4073522],[21.7818434,40.4064655]]}},{"type":"Feature","properties":{"assetId":"GR-line-way-973594151","countryCode":"GR","assetType":"line","powerType":"line","osmType":"way","osmId":"973594151","actualVoltagesKv":[400],"actualVoltageKv":400,"gridClass":"400","displayClass":"400 kV sınıfı","name":"ΚΑΔ","ref":null,"operator":null,"from":null,"to":null,"displayLabel":"ΚΑΔ","labelSource":"osm-name","voltageRaw":"400000","circuits":null,"cables":"3","frequency":"50","location":null,"sourceProvider":"ArcGIS OSM Europe","sourceFallback":null,"sourceLicense":"ODbL 1.0","osmTimestamp":"2024-03-02T11:54:59Z"},"geometry":{"type":"LineString","coordinates":[[21.782301,40.4059093],[21.7824454,40.4053789]]}},{"type":"Feature","properties":{"assetId":"GR-line-way-973594152","countryCode":"GR","assetType":"line","powerType":"line","osmType":"way","osmId":"973594152","actualVoltagesKv":[400],"actualVoltageKv":400,"gridClass":"400","displayClass":"400 kV sınıfı","name":null,"ref":null,"operator":null,"from":null,"to":null,"displayLabel":"400 kV · OSM 973594152","labelSource":"generated-identifier","voltageRaw":"400000","circuits":null,"cables":"3","frequency":"50","location":null,"sourceProvider":"ArcGIS OSM Europe","sourceFallback":null,"sourceLicense":"ODbL 1.0","osmTimestamp":"2024-03-02T11:54:59Z"},"geometry":{"type":"LineString","coordinates":[[21.7811999,40.4073334],[21.7812728,40.4063433]]}},{"type":"Feature","properties":{"assetId":"GR-line-way-973594153","countryCode":"GR","assetType":"line","powerType":"line","osmType":"way","osmId":"973594153","actualVoltagesKv":[400],"actualVoltageKv":400,"gridClass":"400","displayClass":"400 kV sınıfı","name":"ΑΜΚ","ref":null,"operator":null,"from":null,"to":null,"displayLabel":"ΑΜΚ","labelSource":"osm-name","voltageRaw":"400000","circuits":null,"cables":"3","frequency":"50","location":null,"sourceProvider":"ArcGIS OSM Europe","sourceFallback":null,"sourceLicense":"ODbL 1.0","osmTimestamp":"2024-03-02T11:54:59Z"},"geometry":{"type":"LineString","coordinates":[[21.7831322,40.4044354],[21.7830157,40.4054735]]}},{"type":"Feature","properties":{"assetId":"GR-line-way-973594154","countryCode":"GR","assetType":"line","powerType":"line","osmType":"way","osmId":"973594154","actualVoltagesKv":[400],"actualVoltageKv":400,"gridClass":"400","displayClass":"400 kV sınıfı","name":null,"ref":null,"operator":null,"from":null,"to":null,"displayLabel":"400 kV · OSM 973594154","labelSource":"generated-identifier","voltageRaw":"400000","circuits":null,"cables":"3","frequency":"50","location":null,"sourceProvider":"ArcGIS OSM Europe","sourceFallback":null,"sourceLicense":"ODbL 1.0","osmTimestamp":"2024-03-02T11:54:59Z"},"geometry":{"type":"LineString","coordinates":[[21.7840971,40.4092503],[21.7834058,40.4086554]]}},{"type":"Feature","properties":{"assetId":"GR-line-way-973594155","countryCode":"GR","assetType":"line","powerType":"line","osmType":"way","osmId":"973594155","actualVoltagesKv":[400],"actualVoltageKv":400,"gridClass":"400","displayClass":"400 kV sınıfı","name":null,"ref":null,"operator":null,"from":null,"to":null,"displayLabel":"400 kV · OSM 973594155","labelSource":"generated-identifier","voltageRaw":"400000","circuits":null,"cables":"3","frequency":"50","location":null,"sourceProvider":"ArcGIS OSM Europe","sourceFallback":null,"sourceLicense":"ODbL 1.0","osmTimestamp":"2024-03-02T11:54:59Z"},"geometry":{"type":"LineString","coordinates":[[21.7834058,40.4086554],[21.7844309,40.4085927]]}},{"type":"Feature","properties":{"assetId":"GR-line-way-973594156","countryCode":"GR","assetType":"line","powerType":"line","osmType":"way","osmId":"973594156","actualVoltagesKv":[400],"actualVoltageKv":400,"gridClass":"400","displayClass":"400 kV sınıfı","name":null,"ref":null,"operator":null,"from":null,"to":null,"displayLabel":"400 kV · OSM 973594156","labelSource":"generated-identifier","voltageRaw":"400000","circuits":null,"cables":"3","frequency":"50","location":null,"sourceProvider":"ArcGIS OSM Europe","sourceFallback":null,"sourceLicense":"ODbL 1.0","osmTimestamp":"2024-03-02T11:54:59Z"},"geometry":{"type":"LineString","coordinates":[[21.7837432,40.4098956],[21.782742,40.4099398]]}},{"type":"Feature","properties":{"assetId":"GR-line-way-973594157","countryCode":"GR","assetType":"line","powerType":"line","osmType":"way","osmId":"973594157","actualVoltagesKv":[400],"actualVoltageKv":400,"gridClass":"400","displayClass":"400 kV sınıfı","name":null,"ref":null,"operator":null,"from":null,"to":null,"displayLabel":"400 kV · OSM 973594157","labelSource":"generated-identifier","voltageRaw":"400000","circuits":null,"cables":"3","frequency":"50","location":null,"sourceProvider":"ArcGIS OSM Europe","sourceFallback":null,"sourceLicense":"ODbL 1.0","osmTimestamp":"2024-03-02T11:54:59Z"},"geometry":{"type":"LineString","coordinates":[[21.782742,40.4099398],[21.7834162,40.4105223]]}}]}