{"type":"FeatureCollection","metadata":{"countryCode":"GR","layer":"substations","sourceProviders":["ArcGIS OSM Europe","OpenStreetMap Overpass API"],"license":"ODbL 1.0","attribution":"© OpenStreetMap contributors"},"features":[{"type":"Feature","properties":{"assetId":"GR-substation-node-13575975041","countryCode":"GR","assetType":"substation","powerType":"substation","osmType":"node","osmId":"13575975041","actualVoltagesKv":[150],"actualVoltageKv":150,"gridClass":"154","displayClass":"154 kV sınıfı","name":"Υ/Σ ΝΕΣΤΑΝΗ","ref":null,"operator":"IPTO","from":null,"to":null,"displayLabel":"Υ/Σ ΝΕΣΤΑΝΗ","labelSource":"osm-name","voltageRaw":"150000","circuits":null,"cables":null,"frequency":null,"location":null,"sourceProvider":"OpenStreetMap Overpass API","sourceFallback":"ArcGIS structures layer omits polygon/way substations","sourceLicense":"ODbL 1.0","osmTimestamp":"2026-02-18T12:22:55Z"},"geometry":{"type":"Point","coordinates":[22.4439055,37.6400913]}},{"type":"Feature","properties":{"assetId":"GR-substation-relation-18916482","countryCode":"GR","assetType":"substation","powerType":"substation","osmType":"relation","osmId":"18916482","actualVoltagesKv":[150,400],"actualVoltageKv":400,"gridClass":"400","displayClass":"400 kV sınıfı","name":"Κέντρο Υπερυψηλής Τάσης (ΚΥΤ) Φιλίππων","ref":null,"operator":null,"from":null,"to":null,"displayLabel":"Κέντρο Υπερυψηλής Τάσης (ΚΥΤ) Φιλίππων","labelSource":"osm-name","voltageRaw":"400000;150000","circuits":null,"cables":null,"frequency":null,"location":null,"sourceProvider":"OpenStreetMap Overpass API","sourceFallback":"ArcGIS structures layer omits polygon/way substations","sourceLicense":"ODbL 1.0","osmTimestamp":"2025-03-30T20:26:37Z"},"geometry":{"type":"Point","coordinates":[24.26174827873346,41.04678795]}},{"type":"Feature","properties":{"assetId":"GR-substation-way-1000743726","countryCode":"GR","assetType":"substation","powerType":"substation","osmType":"way","osmId":"1000743726","actualVoltagesKv":[400],"actualVoltageKv":400,"gridClass":"400","displayClass":"400 kV sınıfı","name":"ΚΥΤ ΑΡΓΥΡΟΥΠΟΛΗΣ","ref":null,"operator":"IPTO","from":null,"to":null,"displayLabel":"ΚΥΤ ΑΡΓΥΡΟΥΠΟΛΗΣ","labelSource":"osm-name","voltageRaw":"400000","circuits":null,"cables":null,"frequency":null,"location":null,"sourceProvider":"OpenStreetMap Overpass API","sourceFallback":"ArcGIS structures layer omits polygon/way substations","sourceLicense":"ODbL 1.0","osmTimestamp":"2022-07-08T20:28:41Z"},"geometry":{"type":"Point","coordinates":[23.75893389411827,37.9173835]}},{"type":"Feature","properties":{"assetId":"GR-substation-way-1001396029","countryCode":"GR","assetType":"substation","powerType":"substation","osmType":"way","osmId":"1001396029","actualVoltagesKv":[150],"actualVoltageKv":150,"gridClass":"154","displayClass":"154 kV sınıfı","name":"Υ/Σ ΠΛΑΤΑΝΙΣΤΟΣ","ref":null,"operator":"IPTO","from":null,"to":null,"displayLabel":"Υ/Σ ΠΛΑΤΑΝΙΣΤΟΣ","labelSource":"osm-name","voltageRaw":"150000","circuits":null,"cables":null,"frequency":null,"location":null,"sourceProvider":"OpenStreetMap Overpass API","sourceFallback":"ArcGIS structures layer omits polygon/way substations","sourceLicense":"ODbL 1.0","osmTimestamp":"2021-11-11T11:33:11Z"},"geometry":{"type":"Point","coordinates":[24.496475262436327,38.0492742]}},{"type":"Feature","properties":{"assetId":"GR-substation-way-1001442611","countryCode":"GR","assetType":"substation","powerType":"substation","osmType":"way","osmId":"1001442611","actualVoltagesKv":[150],"actualVoltageKv":150,"gridClass":"154","displayClass":"154 kV sınıfı","name":"Υ/Σ ΠΑΡΑΔΕΙΣΙ","ref":null,"operator":"IPTO","from":null,"to":null,"displayLabel":"Υ/Σ ΠΑΡΑΔΕΙΣΙ","labelSource":"osm-name","voltageRaw":"150000","circuits":null,"cables":null,"frequency":null,"location":null,"sourceProvider":"OpenStreetMap Overpass API","sourceFallback":"ArcGIS structures layer omits polygon/way substations","sourceLicense":"ODbL 1.0","osmTimestamp":"2021-11-11T12:47:03Z"},"geometry":{"type":"Point","coordinates":[24.39672230394781,38.07085185]}},{"type":"Feature","properties":{"assetId":"GR-substation-way-1001660166","countryCode":"GR","assetType":"substation","powerType":"substation","osmType":"way","osmId":"1001660166","actualVoltagesKv":[150],"actualVoltageKv":150,"gridClass":"154","displayClass":"154 kV sınıfı","name":"Υ/Σ ΠΕΤΑΛΑΣ","ref":null,"operator":"IPTO","from":null,"to":null,"displayLabel":"Υ/Σ ΠΕΤΑΛΑΣ","labelSource":"osm-name","voltageRaw":"150000","circuits":null,"cables":null,"frequency":null,"location":null,"sourceProvider":"OpenStreetMap Overpass API","sourceFallback":"ArcGIS structures layer omits polygon/way substations","sourceLicense":"ODbL 1.0","osmTimestamp":"2021-11-12T07:57:19Z"},"geometry":{"type":"Point","coordinates":[21.2650004538756,38.80258045]}},{"type":"Feature","properties":{"assetId":"GR-substation-way-1001663564","countryCode":"GR","assetType":"substation","powerType":"substation","osmType":"way","osmId":"1001663564","actualVoltagesKv":[150],"actualVoltageKv":150,"gridClass":"154","displayClass":"154 kV sınıfı","name":"Υ/Σ ΚΑΤΟΥΝΑ","ref":null,"operator":"IPTO","from":null,"to":null,"displayLabel":"Υ/Σ ΚΑΤΟΥΝΑ","labelSource":"osm-name","voltageRaw":"150000","circuits":null,"cables":null,"frequency":null,"location":null,"sourceProvider":"OpenStreetMap Overpass API","sourceFallback":"ArcGIS structures layer omits polygon/way substations","sourceLicense":"ODbL 1.0","osmTimestamp":"2021-11-12T08:06:26Z"},"geometry":{"type":"Point","coordinates":[21.093281963425113,38.80615675]}},{"type":"Feature","properties":{"assetId":"GR-substation-way-1001673751","countryCode":"GR","assetType":"substation","powerType":"substation","osmType":"way","osmId":"1001673751","actualVoltagesKv":[150],"actualVoltageKv":150,"gridClass":"154","displayClass":"154 kV sınıfı","name":"Υ/Σ ΘΕΡΜΟ","ref":null,"operator":"IPTO","from":null,"to":null,"displayLabel":"Υ/Σ ΘΕΡΜΟ","labelSource":"osm-name","voltageRaw":"150000","circuits":null,"cables":null,"frequency":null,"location":null,"sourceProvider":"OpenStreetMap Overpass API","sourceFallback":"ArcGIS structures layer omits polygon/way substations","sourceLicense":"ODbL 1.0","osmTimestamp":"2021-11-12T08:43:41Z"},"geometry":{"type":"Point","coordinates":[21.646013130162423,38.562786700000004]}},{"type":"Feature","properties":{"assetId":"GR-substation-way-1001687201","countryCode":"GR","assetType":"substation","powerType":"substation","osmType":"way","osmId":"1001687201","actualVoltagesKv":[150],"actualVoltageKv":150,"gridClass":"154","displayClass":"154 kV sınıfı","name":"Υ/Σ ΑΣΠΡΟΧΩΜΑΤΑ","ref":null,"operator":"IPTO","from":null,"to":null,"displayLabel":"Υ/Σ ΑΣΠΡΟΧΩΜΑΤΑ","labelSource":"osm-name","voltageRaw":"150000","circuits":null,"cables":null,"frequency":null,"location":null,"sourceProvider":"OpenStreetMap Overpass API","sourceFallback":"ArcGIS structures layer omits polygon/way substations","sourceLicense":"ODbL 1.0","osmTimestamp":"2023-05-08T09:50:15Z"},"geometry":{"type":"Point","coordinates":[22.739353464599176,38.4619512]}},{"type":"Feature","properties":{"assetId":"GR-substation-way-1005512890","countryCode":"GR","assetType":"substation","powerType":"substation","osmType":"way","osmId":"1005512890","actualVoltagesKv":[150],"actualVoltageKv":150,"gridClass":"154","displayClass":"154 kV sınıfı","name":"Υ/Σ ΓΡΕΒΕΝΩΝ","ref":null,"operator":"IPTO","from":null,"to":null,"displayLabel":"Υ/Σ ΓΡΕΒΕΝΩΝ","labelSource":"osm-name","voltageRaw":"150000","circuits":null,"cables":null,"frequency":null,"location":null,"sourceProvider":"OpenStreetMap Overpass API","sourceFallback":"ArcGIS structures layer omits polygon/way substations","sourceLicense":"ODbL 1.0","osmTimestamp":"2025-03-31T08:28:49Z"},"geometry":{"type":"Point","coordinates":[21.449958865240774,40.081230000000005]}},{"type":"Feature","properties":{"assetId":"GR-substation-way-1005802936","countryCode":"GR","assetType":"substation","powerType":"substation","osmType":"way","osmId":"1005802936","actualVoltagesKv":[150],"actualVoltageKv":150,"gridClass":"154","displayClass":"154 kV sınıfı","name":"Υ/Σ ΝΙΨΑΣ","ref":null,"operator":"IPTO","from":null,"to":null,"displayLabel":"Υ/Σ ΝΙΨΑΣ","labelSource":"osm-name","voltageRaw":"150000","circuits":null,"cables":null,"frequency":null,"location":null,"sourceProvider":"OpenStreetMap Overpass API","sourceFallback":"ArcGIS structures layer omits polygon/way substations","sourceLicense":"ODbL 1.0","osmTimestamp":"2025-03-30T20:08:25Z"},"geometry":{"type":"Point","coordinates":[25.98862887655555,40.95243135]}},{"type":"Feature","properties":{"assetId":"GR-substation-way-1005812374","countryCode":"GR","assetType":"substation","powerType":"substation","osmType":"way","osmId":"1005812374","actualVoltagesKv":[150],"actualVoltageKv":150,"gridClass":"154","displayClass":"154 kV sınıfı","name":"Υ/Σ ΣΑΠΚΑ","ref":null,"operator":"IPTO","from":null,"to":null,"displayLabel":"Υ/Σ ΣΑΠΚΑ","labelSource":"osm-name","voltageRaw":"150000","circuits":null,"cables":null,"frequency":null,"location":null,"sourceProvider":"OpenStreetMap Overpass API","sourceFallback":"ArcGIS structures layer omits polygon/way substations","sourceLicense":"ODbL 1.0","osmTimestamp":"2025-03-30T20:07:41Z"},"geometry":{"type":"Point","coordinates":[25.902292425399537,41.1499919]}},{"type":"Feature","properties":{"assetId":"GR-substation-way-1028435408","countryCode":"GR","assetType":"substation","powerType":"substation","osmType":"way","osmId":"1028435408","actualVoltagesKv":[150],"actualVoltageKv":150,"gridClass":"154","displayClass":"154 kV sınıfı","name":"Υ/Σ ΝΕΑΣ ΣΑΝΤΑΣ","ref":null,"operator":null,"from":null,"to":null,"displayLabel":"Υ/Σ ΝΕΑΣ ΣΑΝΤΑΣ","labelSource":"osm-name","voltageRaw":"150000","circuits":null,"cables":null,"frequency":null,"location":null,"sourceProvider":"OpenStreetMap Overpass API","sourceFallback":"ArcGIS structures layer omits polygon/way substations","sourceLicense":"ODbL 1.0","osmTimestamp":"2022-02-05T17:00:09Z"},"geometry":{"type":"Point","coordinates":[25.74307629086057,41.1012248]}},{"type":"Feature","properties":{"assetId":"GR-substation-way-1030675968","countryCode":"GR","assetType":"substation","powerType":"substation","osmType":"way","osmId":"1030675968","actualVoltagesKv":[150],"actualVoltageKv":150,"gridClass":"154","displayClass":"154 kV sınıfı","name":"ΤΕΡΜΑΤΙΚΟ ΑΝΤΙΣΤΑΘΜΙΣΗΣ","ref":null,"operator":"IPTO","from":null,"to":null,"displayLabel":"ΤΕΡΜΑΤΙΚΟ ΑΝΤΙΣΤΑΘΜΙΣΗΣ","labelSource":"osm-name","voltageRaw":"150000","circuits":null,"cables":null,"frequency":null,"location":"outdoor","sourceProvider":"OpenStreetMap Overpass API","sourceFallback":"ArcGIS structures layer omits polygon/way substations","sourceLicense":"ODbL 1.0","osmTimestamp":"2022-07-18T13:37:02Z"},"geometry":{"type":"Point","coordinates":[23.012412694455968,36.576943]}},{"type":"Feature","properties":{"assetId":"GR-substation-way-1042217838","countryCode":"GR","assetType":"substation","powerType":"substation","osmType":"way","osmId":"1042217838","actualVoltagesKv":[150],"actualVoltageKv":150,"gridClass":"154","displayClass":"154 kV sınıfı","name":"Υ/Σ ΛΥΓΕΡΗΣ","ref":null,"operator":"IPTO","from":null,"to":null,"displayLabel":"Υ/Σ ΛΥΓΕΡΗΣ","labelSource":"osm-name","voltageRaw":"150000","circuits":null,"cables":null,"frequency":null,"location":null,"sourceProvider":"OpenStreetMap Overpass API","sourceFallback":"ArcGIS structures layer omits polygon/way substations","sourceLicense":"ODbL 1.0","osmTimestamp":"2022-03-21T11:43:17Z"},"geometry":{"type":"Point","coordinates":[21.726234039831766,40.3319909]}},{"type":"Feature","properties":{"assetId":"GR-substation-way-1042621994","countryCode":"GR","assetType":"substation","powerType":"substation","osmType":"way","osmId":"1042621994","actualVoltagesKv":[150],"actualVoltageKv":150,"gridClass":"154","displayClass":"154 kV sınıfı","name":"Υ/Σ ΝΙΚΗΦΟΡΟΣ","ref":null,"operator":"IPTO","from":null,"to":null,"displayLabel":"Υ/Σ ΝΙΚΗΦΟΡΟΣ","labelSource":"osm-name","voltageRaw":"150000","circuits":null,"cables":null,"frequency":null,"location":null,"sourceProvider":"OpenStreetMap Overpass API","sourceFallback":"ArcGIS structures layer omits polygon/way substations","sourceLicense":"ODbL 1.0","osmTimestamp":"2024-08-23T16:27:25Z"},"geometry":{"type":"Point","coordinates":[24.33132348630265,41.1786498]}},{"type":"Feature","properties":{"assetId":"GR-substation-way-105184051","countryCode":"GR","assetType":"substation","powerType":"substation","osmType":"way","osmId":"105184051","actualVoltagesKv":[150,400],"actualVoltageKv":400,"gridClass":"400","displayClass":"400 kV sınıfı","name":"Κέντρο Υπερυψηλής Τάσης Αχελώου","ref":null,"operator":"ΔΕΗ","from":null,"to":null,"displayLabel":"Κέντρο Υπερυψηλής Τάσης Αχελώου","labelSource":"osm-name","voltageRaw":"400000;150000","circuits":null,"cables":null,"frequency":null,"location":"outdoor","sourceProvider":"OpenStreetMap Overpass API","sourceFallback":"ArcGIS structures layer omits polygon/way substations","sourceLicense":"ODbL 1.0","osmTimestamp":"2021-07-20T10:22:41Z"},"geometry":{"type":"Point","coordinates":[21.419427571565365,38.72016955]}},{"type":"Feature","properties":{"assetId":"GR-substation-way-1074487482","countryCode":"GR","assetType":"substation","powerType":"substation","osmType":"way","osmId":"1074487482","actualVoltagesKv":[150],"actualVoltageKv":150,"gridClass":"154","displayClass":"154 kV sınıfı","name":"Υ/Σ ΑΜΥΓΔΑΛΕΑ","ref":null,"operator":"IPTO","from":null,"to":null,"displayLabel":"Υ/Σ ΑΜΥΓΔΑΛΕΑ","labelSource":"osm-name","voltageRaw":"150000","circuits":null,"cables":null,"frequency":null,"location":null,"sourceProvider":"OpenStreetMap Overpass API","sourceFallback":"ArcGIS structures layer omits polygon/way substations","sourceLicense":"ODbL 1.0","osmTimestamp":"2022-06-30T14:50:18Z"},"geometry":{"type":"Point","coordinates":[24.565581328470373,38.1223319]}},{"type":"Feature","properties":{"assetId":"GR-substation-way-1144839139","countryCode":"GR","assetType":"substation","powerType":"substation","osmType":"way","osmId":"1144839139","actualVoltagesKv":[150],"actualVoltageKv":150,"gridClass":"154","displayClass":"154 kV sınıfı","name":"Υ/Σ ΕΑΒ","ref":null,"operator":"IPTO","from":null,"to":null,"displayLabel":"Υ/Σ ΕΑΒ","labelSource":"osm-name","voltageRaw":"150000","circuits":null,"cables":null,"frequency":null,"location":null,"sourceProvider":"OpenStreetMap Overpass API","sourceFallback":"ArcGIS structures layer omits polygon/way substations","sourceLicense":"ODbL 1.0","osmTimestamp":"2023-02-13T15:29:27Z"},"geometry":{"type":"Point","coordinates":[23.587189522292356,38.32457185]}},{"type":"Feature","properties":{"assetId":"GR-substation-way-1144839140","countryCode":"GR","assetType":"substation","powerType":"substation","osmType":"way","osmId":"1144839140","actualVoltagesKv":[150],"actualVoltageKv":150,"gridClass":"154","displayClass":"154 kV sınıfı","name":"Υ/Σ ΣΚΟΥΡΤΑ","ref":null,"operator":"IPTO","from":null,"to":null,"displayLabel":"Υ/Σ ΣΚΟΥΡΤΑ","labelSource":"osm-name","voltageRaw":"150000","circuits":null,"cables":null,"frequency":null,"location":null,"sourceProvider":"OpenStreetMap Overpass API","sourceFallback":"ArcGIS structures layer omits polygon/way substations","sourceLicense":"ODbL 1.0","osmTimestamp":"2023-02-13T15:29:27Z"},"geometry":{"type":"Point","coordinates":[23.547628145272746,38.195853150000005]}},{"type":"Feature","properties":{"assetId":"GR-substation-way-115027244","countryCode":"GR","assetType":"substation","powerType":"substation","osmType":"way","osmId":"115027244","actualVoltagesKv":[150],"actualVoltageKv":150,"gridClass":"154","displayClass":"154 kV sınıfı","name":"Υ/Σ ΟΙΝΟΦΥΤΑ","ref":null,"operator":"IPTO","from":null,"to":null,"displayLabel":"Υ/Σ ΟΙΝΟΦΥΤΑ","labelSource":"osm-name","voltageRaw":"150000","circuits":null,"cables":null,"frequency":null,"location":null,"sourceProvider":"OpenStreetMap Overpass API","sourceFallback":"ArcGIS structures layer omits polygon/way substations","sourceLicense":"ODbL 1.0","osmTimestamp":"2025-03-01T15:08:17Z"},"geometry":{"type":"Point","coordinates":[23.65252665403461,38.30219805]}},{"type":"Feature","properties":{"assetId":"GR-substation-way-118901247","countryCode":"GR","assetType":"substation","powerType":"substation","osmType":"way","osmId":"118901247","actualVoltagesKv":[150],"actualVoltageKv":150,"gridClass":"154","displayClass":"154 kV sınıfı","name":null,"ref":null,"operator":null,"from":null,"to":null,"displayLabel":"150 kV · OSM 118901247","labelSource":"generated-identifier","voltageRaw":"150000","circuits":null,"cables":null,"frequency":null,"location":null,"sourceProvider":"OpenStreetMap Overpass API","sourceFallback":"ArcGIS structures layer omits polygon/way substations","sourceLicense":"ODbL 1.0","osmTimestamp":"2025-03-30T20:13:43Z"},"geometry":{"type":"Point","coordinates":[25.487355100000002,41.064386549999995]}},{"type":"Feature","properties":{"assetId":"GR-substation-way-1195274023","countryCode":"GR","assetType":"substation","powerType":"substation","osmType":"way","osmId":"1195274023","actualVoltagesKv":[150],"actualVoltageKv":150,"gridClass":"154","displayClass":"154 kV sınıfı","name":"Naxos undersea cable substation","ref":null,"operator":"Independent Power Transmission Operator","from":null,"to":null,"displayLabel":"Naxos undersea cable substation","labelSource":"osm-name","voltageRaw":"150000","circuits":null,"cables":null,"frequency":null,"location":null,"sourceProvider":"OpenStreetMap Overpass API","sourceFallback":"ArcGIS structures layer omits polygon/way substations","sourceLicense":"ODbL 1.0","osmTimestamp":"2026-06-30T14:58:52Z"},"geometry":{"type":"Point","coordinates":[25.338573789331917,37.0793898]}},{"type":"Feature","properties":{"assetId":"GR-substation-way-120913153","countryCode":"GR","assetType":"substation","powerType":"substation","osmType":"way","osmId":"120913153","actualVoltagesKv":[150],"actualVoltageKv":150,"gridClass":"154","displayClass":"154 kV sınıfı","name":null,"ref":null,"operator":null,"from":null,"to":null,"displayLabel":"150 kV · OSM 120913153","labelSource":"generated-identifier","voltageRaw":"150000","circuits":null,"cables":null,"frequency":null,"location":null,"sourceProvider":"OpenStreetMap Overpass API","sourceFallback":"ArcGIS structures layer omits polygon/way substations","sourceLicense":"ODbL 1.0","osmTimestamp":"2025-03-30T12:18:17Z"},"geometry":{"type":"Point","coordinates":[21.442995528633965,37.71986355]}},{"type":"Feature","properties":{"assetId":"GR-substation-way-1223139473","countryCode":"GR","assetType":"substation","powerType":"substation","osmType":"way","osmId":"1223139473","actualVoltagesKv":[150],"actualVoltageKv":150,"gridClass":"154","displayClass":"154 kV sınıfı","name":"Ypato II","ref":null,"operator":"IPTO","from":null,"to":null,"displayLabel":"Ypato II","labelSource":"osm-name","voltageRaw":"150000","circuits":null,"cables":null,"frequency":null,"location":null,"sourceProvider":"OpenStreetMap Overpass API","sourceFallback":"ArcGIS structures layer omits polygon/way substations","sourceLicense":"ODbL 1.0","osmTimestamp":"2023-11-13T07:09:27Z"},"geometry":{"type":"Point","coordinates":[23.452131135455485,38.3799125]}},{"type":"Feature","properties":{"assetId":"GR-substation-way-1223139474","countryCode":"GR","assetType":"substation","powerType":"substation","osmType":"way","osmId":"1223139474","actualVoltagesKv":[150],"actualVoltageKv":150,"gridClass":"154","displayClass":"154 kV sınıfı","name":"Ypato I","ref":null,"operator":"IPTO","from":null,"to":null,"displayLabel":"Ypato I","labelSource":"osm-name","voltageRaw":"150000","circuits":null,"cables":null,"frequency":null,"location":null,"sourceProvider":"OpenStreetMap Overpass API","sourceFallback":"ArcGIS structures layer omits polygon/way substations","sourceLicense":"ODbL 1.0","osmTimestamp":"2023-11-13T07:09:27Z"},"geometry":{"type":"Point","coordinates":[23.455231334992632,38.37888795]}},{"type":"Feature","properties":{"assetId":"GR-substation-way-1255381990","countryCode":"GR","assetType":"substation","powerType":"substation","osmType":"way","osmId":"1255381990","actualVoltagesKv":[150],"actualVoltageKv":150,"gridClass":"154","displayClass":"154 kV sınıfı","name":null,"ref":null,"operator":null,"from":null,"to":null,"displayLabel":"150 kV · OSM 1255381990","labelSource":"generated-identifier","voltageRaw":"150000","circuits":null,"cables":null,"frequency":"50","location":"outdoor","sourceProvider":"OpenStreetMap Overpass API","sourceFallback":"ArcGIS structures layer omits polygon/way substations","sourceLicense":"ODbL 1.0","osmTimestamp":"2024-02-27T20:44:00Z"},"geometry":{"type":"Point","coordinates":[22.68865841008811,38.43639455]}},{"type":"Feature","properties":{"assetId":"GR-substation-way-1255385651","countryCode":"GR","assetType":"substation","powerType":"substation","osmType":"way","osmId":"1255385651","actualVoltagesKv":[400],"actualVoltageKv":400,"gridClass":"400","displayClass":"400 kV sınıfı","name":null,"ref":null,"operator":null,"from":null,"to":null,"displayLabel":"400 kV · OSM 1255385651","labelSource":"generated-identifier","voltageRaw":"400000","circuits":null,"cables":null,"frequency":"50","location":"outdoor","sourceProvider":"OpenStreetMap Overpass API","sourceFallback":"ArcGIS structures layer omits polygon/way substations","sourceLicense":"ODbL 1.0","osmTimestamp":"2024-02-27T20:54:44Z"},"geometry":{"type":"Point","coordinates":[22.94886923150674,38.23876785]}},{"type":"Feature","properties":{"assetId":"GR-substation-way-1256844049","countryCode":"GR","assetType":"substation","powerType":"substation","osmType":"way","osmId":"1256844049","actualVoltagesKv":[150],"actualVoltageKv":150,"gridClass":"154","displayClass":"154 kV sınıfı","name":"ΚΥΤ Καρδιάς","ref":null,"operator":"IPTO","from":null,"to":null,"displayLabel":"ΚΥΤ Καρδιάς","labelSource":"osm-name","voltageRaw":"150000","circuits":null,"cables":null,"frequency":"50","location":"outdoor","sourceProvider":"OpenStreetMap Overpass API","sourceFallback":"ArcGIS structures layer omits polygon/way substations","sourceLicense":"ODbL 1.0","osmTimestamp":"2024-10-06T19:59:02Z"},"geometry":{"type":"Point","coordinates":[21.779316103795445,40.4054153]}},{"type":"Feature","properties":{"assetId":"GR-substation-way-1256844098","countryCode":"GR","assetType":"substation","powerType":"substation","osmType":"way","osmId":"1256844098","actualVoltagesKv":[400],"actualVoltageKv":400,"gridClass":"400","displayClass":"400 kV sınıfı","name":"ΚΥΤ Καρδιάς","ref":null,"operator":"IPTO","from":null,"to":null,"displayLabel":"ΚΥΤ Καρδιάς","labelSource":"osm-name","voltageRaw":"400000","circuits":null,"cables":null,"frequency":"50","location":"outdoor","sourceProvider":"OpenStreetMap Overpass API","sourceFallback":"ArcGIS structures layer omits polygon/way substations","sourceLicense":"ODbL 1.0","osmTimestamp":"2024-10-06T19:59:02Z"},"geometry":{"type":"Point","coordinates":[21.78191125217692,40.4057982]}},{"type":"Feature","properties":{"assetId":"GR-substation-way-1264624717","countryCode":"GR","assetType":"substation","powerType":"substation","osmType":"way","osmId":"1264624717","actualVoltagesKv":[150],"actualVoltageKv":150,"gridClass":"154","displayClass":"154 kV sınıfı","name":null,"ref":null,"operator":null,"from":null,"to":null,"displayLabel":"150 kV · OSM 1264624717","labelSource":"generated-identifier","voltageRaw":"150000","circuits":null,"cables":null,"frequency":null,"location":null,"sourceProvider":"OpenStreetMap Overpass API","sourceFallback":"ArcGIS structures layer omits polygon/way substations","sourceLicense":"ODbL 1.0","osmTimestamp":"2025-03-30T20:14:26Z"},"geometry":{"type":"Point","coordinates":[23.869547730314217,41.3179212]}},{"type":"Feature","properties":{"assetId":"GR-substation-way-1265269317","countryCode":"GR","assetType":"substation","powerType":"substation","osmType":"way","osmId":"1265269317","actualVoltagesKv":[150],"actualVoltageKv":150,"gridClass":"154","displayClass":"154 kV sınıfı","name":null,"ref":null,"operator":null,"from":null,"to":null,"displayLabel":"150 kV · OSM 1265269317","labelSource":"generated-identifier","voltageRaw":"150000","circuits":null,"cables":null,"frequency":"50","location":"outdoor","sourceProvider":"OpenStreetMap Overpass API","sourceFallback":"ArcGIS structures layer omits polygon/way substations","sourceLicense":"ODbL 1.0","osmTimestamp":"2024-03-22T19:29:41Z"},"geometry":{"type":"Point","coordinates":[21.92416104781077,40.39205465]}},{"type":"Feature","properties":{"assetId":"GR-substation-way-1269324673","countryCode":"GR","assetType":"substation","powerType":"substation","osmType":"way","osmId":"1269324673","actualVoltagesKv":[150],"actualVoltageKv":150,"gridClass":"154","displayClass":"154 kV sınıfı","name":"ΖΕΥΞΗ ΚΑΛΛΙΣΤΗΡΙΟΥ","ref":null,"operator":"IPTO","from":null,"to":null,"displayLabel":"ΖΕΥΞΗ ΚΑΛΛΙΣΤΗΡΙΟΥ","labelSource":"osm-name","voltageRaw":"150000","circuits":null,"cables":null,"frequency":null,"location":null,"sourceProvider":"OpenStreetMap Overpass API","sourceFallback":"ArcGIS structures layer omits polygon/way substations","sourceLicense":"ODbL 1.0","osmTimestamp":"2024-04-05T09:24:05Z"},"geometry":{"type":"Point","coordinates":[23.608890462931036,38.0707211]}},{"type":"Feature","properties":{"assetId":"GR-substation-way-128088635","countryCode":"GR","assetType":"substation","powerType":"substation","osmType":"way","osmId":"128088635","actualVoltagesKv":[150],"actualVoltageKv":150,"gridClass":"154","displayClass":"154 kV sınıfı","name":null,"ref":null,"operator":null,"from":null,"to":null,"displayLabel":"150 kV · OSM 128088635","labelSource":"generated-identifier","voltageRaw":"150000","circuits":null,"cables":null,"frequency":null,"location":null,"sourceProvider":"OpenStreetMap Overpass API","sourceFallback":"ArcGIS structures layer omits polygon/way substations","sourceLicense":"ODbL 1.0","osmTimestamp":"2024-11-14T13:25:29Z"},"geometry":{"type":"Point","coordinates":[23.634045198098615,38.5586249]}},{"type":"Feature","properties":{"assetId":"GR-substation-way-128108969","countryCode":"GR","assetType":"substation","powerType":"substation","osmType":"way","osmId":"128108969","actualVoltagesKv":[150],"actualVoltageKv":150,"gridClass":"154","displayClass":"154 kV sınıfı","name":null,"ref":null,"operator":null,"from":null,"to":null,"displayLabel":"150 kV · OSM 128108969","labelSource":"generated-identifier","voltageRaw":"150000","circuits":null,"cables":null,"frequency":null,"location":null,"sourceProvider":"OpenStreetMap Overpass API","sourceFallback":"ArcGIS structures layer omits polygon/way substations","sourceLicense":"ODbL 1.0","osmTimestamp":"2025-03-30T11:55:55Z"},"geometry":{"type":"Point","coordinates":[28.15411629504041,36.2816864]}},{"type":"Feature","properties":{"assetId":"GR-substation-way-128342493","countryCode":"GR","assetType":"substation","powerType":"substation","osmType":"way","osmId":"128342493","actualVoltagesKv":[150],"actualVoltageKv":150,"gridClass":"154","displayClass":"154 kV sınıfı","name":"Υ/Σ ΝΑΥΠΑΚΤΟΥ","ref":null,"operator":null,"from":null,"to":null,"displayLabel":"Υ/Σ ΝΑΥΠΑΚΤΟΥ","labelSource":"osm-name","voltageRaw":"150000","circuits":null,"cables":null,"frequency":null,"location":null,"sourceProvider":"OpenStreetMap Overpass API","sourceFallback":"ArcGIS structures layer omits polygon/way substations","sourceLicense":"ODbL 1.0","osmTimestamp":"2021-11-12T08:50:04Z"},"geometry":{"type":"Point","coordinates":[21.851240214128644,38.40569225]}},{"type":"Feature","properties":{"assetId":"GR-substation-way-128870336","countryCode":"GR","assetType":"substation","powerType":"substation","osmType":"way","osmId":"128870336","actualVoltagesKv":[150],"actualVoltageKv":150,"gridClass":"154","displayClass":"154 kV sınıfı","name":null,"ref":null,"operator":null,"from":null,"to":null,"displayLabel":"150 kV · OSM 128870336","labelSource":"generated-identifier","voltageRaw":"150000","circuits":null,"cables":null,"frequency":null,"location":null,"sourceProvider":"OpenStreetMap Overpass API","sourceFallback":"ArcGIS structures layer omits polygon/way substations","sourceLicense":"ODbL 1.0","osmTimestamp":"2025-10-05T18:57:32Z"},"geometry":{"type":"Point","coordinates":[20.268246655635785,39.532785450000006]}},{"type":"Feature","properties":{"assetId":"GR-substation-way-129452806","countryCode":"GR","assetType":"substation","powerType":"substation","osmType":"way","osmId":"129452806","actualVoltagesKv":[150],"actualVoltageKv":150,"gridClass":"154","displayClass":"154 kV sınıfı","name":"ΛΑΡΙΣΑ 2","ref":null,"operator":"IPTO","from":null,"to":null,"displayLabel":"ΛΑΡΙΣΑ 2","labelSource":"osm-name","voltageRaw":"150000","circuits":null,"cables":null,"frequency":null,"location":null,"sourceProvider":"OpenStreetMap Overpass API","sourceFallback":"ArcGIS structures layer omits polygon/way substations","sourceLicense":"ODbL 1.0","osmTimestamp":"2022-08-30T21:58:20Z"},"geometry":{"type":"Point","coordinates":[22.445908302949015,39.6647994]}},{"type":"Feature","properties":{"assetId":"GR-substation-way-129452812","countryCode":"GR","assetType":"substation","powerType":"substation","osmType":"way","osmId":"129452812","actualVoltagesKv":[150],"actualVoltageKv":150,"gridClass":"154","displayClass":"154 kV sınıfı","name":"ΛΑΡΙΣΑ 4","ref":null,"operator":"IPTO","from":null,"to":null,"displayLabel":"ΛΑΡΙΣΑ 4","labelSource":"osm-name","voltageRaw":"150000","circuits":null,"cables":null,"frequency":null,"location":null,"sourceProvider":"OpenStreetMap Overpass API","sourceFallback":"ArcGIS structures layer omits polygon/way substations","sourceLicense":"ODbL 1.0","osmTimestamp":"2023-05-05T07:38:27Z"},"geometry":{"type":"Point","coordinates":[22.44708965375451,39.5798548]}},{"type":"Feature","properties":{"assetId":"GR-substation-way-1305933242","countryCode":"GR","assetType":"substation","powerType":"substation","osmType":"way","osmId":"1305933242","actualVoltagesKv":[500],"actualVoltageKv":500,"gridClass":"400","displayClass":"400 kV sınıfı","name":null,"ref":null,"operator":null,"from":null,"to":null,"displayLabel":"500 kV · OSM 1305933242","labelSource":"generated-identifier","voltageRaw":"500000","circuits":null,"cables":null,"frequency":"0","location":null,"sourceProvider":"OpenStreetMap Overpass API","sourceFallback":"ArcGIS structures layer omits polygon/way substations","sourceLicense":"ODbL 1.0","osmTimestamp":"2026-06-14T10:12:56Z"},"geometry":{"type":"Point","coordinates":[23.62037647589843,38.034904749999995]}},{"type":"Feature","properties":{"assetId":"GR-substation-way-1305933249","countryCode":"GR","assetType":"substation","powerType":"substation","osmType":"way","osmId":"1305933249","actualVoltagesKv":[150],"actualVoltageKv":150,"gridClass":"154","displayClass":"154 kV sınıfı","name":"ΚΥΤ ΚΟΥΜΟΥΝΔΟΥΡΟΥ","ref":null,"operator":"IPTO","from":null,"to":null,"displayLabel":"ΚΥΤ ΚΟΥΜΟΥΝΔΟΥΡΟΥ","labelSource":"osm-name","voltageRaw":"150000","circuits":null,"cables":null,"frequency":null,"location":"outdoor","sourceProvider":"OpenStreetMap Overpass API","sourceFallback":"ArcGIS structures layer omits polygon/way substations","sourceLicense":"ODbL 1.0","osmTimestamp":"2024-08-06T11:47:04Z"},"geometry":{"type":"Point","coordinates":[23.620521529113887,38.03252895]}},{"type":"Feature","properties":{"assetId":"GR-substation-way-131412085","countryCode":"GR","assetType":"substation","powerType":"substation","osmType":"way","osmId":"131412085","actualVoltagesKv":[150],"actualVoltageKv":150,"gridClass":"154","displayClass":"154 kV sınıfı","name":null,"ref":null,"operator":null,"from":null,"to":null,"displayLabel":"150 kV · OSM 131412085","labelSource":"generated-identifier","voltageRaw":"150000","circuits":null,"cables":null,"frequency":"50","location":"outdoor","sourceProvider":"OpenStreetMap Overpass API","sourceFallback":"ArcGIS structures layer omits polygon/way substations","sourceLicense":"ODbL 1.0","osmTimestamp":"2024-08-06T14:08:28Z"},"geometry":{"type":"Point","coordinates":[23.366947762418718,38.0008495]}},{"type":"Feature","properties":{"assetId":"GR-substation-way-1321679684","countryCode":"GR","assetType":"substation","powerType":"substation","osmType":"way","osmId":"1321679684","actualVoltagesKv":[150,400],"actualVoltageKv":400,"gridClass":"400","displayClass":"400 kV sınıfı","name":"ΚΥΤ Αθικίων","ref":null,"operator":null,"from":null,"to":null,"displayLabel":"ΚΥΤ Αθικίων","labelSource":"osm-name","voltageRaw":"400000;150000","circuits":null,"cables":null,"frequency":null,"location":null,"sourceProvider":"OpenStreetMap Overpass API","sourceFallback":"ArcGIS structures layer omits polygon/way substations","sourceLicense":"ODbL 1.0","osmTimestamp":"2026-04-21T01:42:53Z"},"geometry":{"type":"Point","coordinates":[22.899848522939514,37.832217299999996]}},{"type":"Feature","properties":{"assetId":"GR-substation-way-1333252168","countryCode":"GR","assetType":"substation","powerType":"substation","osmType":"way","osmId":"1333252168","actualVoltagesKv":[150],"actualVoltageKv":150,"gridClass":"154","displayClass":"154 kV sınıfı","name":null,"ref":null,"operator":null,"from":null,"to":null,"displayLabel":"150 kV · OSM 1333252168","labelSource":"generated-identifier","voltageRaw":"150000","circuits":null,"cables":null,"frequency":"50","location":null,"sourceProvider":"OpenStreetMap Overpass API","sourceFallback":"ArcGIS structures layer omits polygon/way substations","sourceLicense":"ODbL 1.0","osmTimestamp":"2024-11-12T16:19:48Z"},"geometry":{"type":"Point","coordinates":[21.4358773205047,40.791662349999996]}},{"type":"Feature","properties":{"assetId":"GR-substation-way-1333726536","countryCode":"GR","assetType":"substation","powerType":"substation","osmType":"way","osmId":"1333726536","actualVoltagesKv":[150],"actualVoltageKv":150,"gridClass":"154","displayClass":"154 kV sınıfı","name":null,"ref":null,"operator":null,"from":null,"to":null,"displayLabel":"150 kV · OSM 1333726536","labelSource":"generated-identifier","voltageRaw":"150000","circuits":null,"cables":null,"frequency":null,"location":null,"sourceProvider":"OpenStreetMap Overpass API","sourceFallback":"ArcGIS structures layer omits polygon/way substations","sourceLicense":"ODbL 1.0","osmTimestamp":"2024-11-14T13:31:17Z"},"geometry":{"type":"Point","coordinates":[22.56297619248176,40.0272889]}},{"type":"Feature","properties":{"assetId":"GR-substation-way-134685184","countryCode":"GR","assetType":"substation","powerType":"substation","osmType":"way","osmId":"134685184","actualVoltagesKv":[150],"actualVoltageKv":150,"gridClass":"154","displayClass":"154 kV sınıfı","name":null,"ref":null,"operator":null,"from":null,"to":null,"displayLabel":"150 kV · OSM 134685184","labelSource":"generated-identifier","voltageRaw":"150000","circuits":null,"cables":null,"frequency":null,"location":null,"sourceProvider":"OpenStreetMap Overpass API","sourceFallback":"ArcGIS structures layer omits polygon/way substations","sourceLicense":"ODbL 1.0","osmTimestamp":"2024-11-14T13:10:36Z"},"geometry":{"type":"Point","coordinates":[23.89564477367771,38.385022500000005]}},{"type":"Feature","properties":{"assetId":"GR-substation-way-134818165","countryCode":"GR","assetType":"substation","powerType":"substation","osmType":"way","osmId":"134818165","actualVoltagesKv":[150],"actualVoltageKv":150,"gridClass":"154","displayClass":"154 kV sınıfı","name":null,"ref":null,"operator":null,"from":null,"to":null,"displayLabel":"150 kV · OSM 134818165","labelSource":"generated-identifier","voltageRaw":"150000","circuits":null,"cables":null,"frequency":null,"location":null,"sourceProvider":"OpenStreetMap Overpass API","sourceFallback":"ArcGIS structures layer omits polygon/way substations","sourceLicense":"ODbL 1.0","osmTimestamp":"2025-03-30T13:45:48Z"},"geometry":{"type":"Point","coordinates":[24.069132943280405,38.3771305]}},{"type":"Feature","properties":{"assetId":"GR-substation-way-134819995","countryCode":"GR","assetType":"substation","powerType":"substation","osmType":"way","osmId":"134819995","actualVoltagesKv":[150],"actualVoltageKv":150,"gridClass":"154","displayClass":"154 kV sınıfı","name":"Υ/Σ ΤΙΤΑΝ ΒΟΙΩΤΙΑΣ","ref":null,"operator":"IPTO","from":null,"to":null,"displayLabel":"Υ/Σ ΤΙΤΑΝ ΒΟΙΩΤΙΑΣ","labelSource":"osm-name","voltageRaw":"150000","circuits":null,"cables":null,"frequency":null,"location":null,"sourceProvider":"OpenStreetMap Overpass API","sourceFallback":"ArcGIS structures layer omits polygon/way substations","sourceLicense":"ODbL 1.0","osmTimestamp":"2023-02-13T15:36:03Z"},"geometry":{"type":"Point","coordinates":[23.529566791889053,38.1302735]}},{"type":"Feature","properties":{"assetId":"GR-substation-way-134935126","countryCode":"GR","assetType":"substation","powerType":"substation","osmType":"way","osmId":"134935126","actualVoltagesKv":[150],"actualVoltageKv":150,"gridClass":"154","displayClass":"154 kV sınıfı","name":null,"ref":null,"operator":null,"from":null,"to":null,"displayLabel":"150 kV · OSM 134935126","labelSource":"generated-identifier","voltageRaw":"150000","circuits":null,"cables":null,"frequency":null,"location":null,"sourceProvider":"OpenStreetMap Overpass API","sourceFallback":"ArcGIS structures layer omits polygon/way substations","sourceLicense":"ODbL 1.0","osmTimestamp":"2024-08-06T14:08:01Z"},"geometry":{"type":"Point","coordinates":[23.51791229148583,38.06203595]}},{"type":"Feature","properties":{"assetId":"GR-substation-way-134949208","countryCode":"GR","assetType":"substation","powerType":"substation","osmType":"way","osmId":"134949208","actualVoltagesKv":[150],"actualVoltageKv":150,"gridClass":"154","displayClass":"154 kV sınıfı","name":"Υ/Σ ΒΑΓΙΑ","ref":null,"operator":"IPTO","from":null,"to":null,"displayLabel":"Υ/Σ ΒΑΓΙΑ","labelSource":"osm-name","voltageRaw":"150000","circuits":null,"cables":null,"frequency":null,"location":null,"sourceProvider":"OpenStreetMap Overpass API","sourceFallback":"ArcGIS structures layer omits polygon/way substations","sourceLicense":"ODbL 1.0","osmTimestamp":"2023-05-02T22:24:34Z"},"geometry":{"type":"Point","coordinates":[23.19022784010688,38.358181450000004]}},{"type":"Feature","properties":{"assetId":"GR-substation-way-135116234","countryCode":"GR","assetType":"substation","powerType":"substation","osmType":"way","osmId":"135116234","actualVoltagesKv":[150],"actualVoltageKv":150,"gridClass":"154","displayClass":"154 kV sınıfı","name":"Υ/Σ ΑΤΑΛΑΝΤΗΣ","ref":null,"operator":"IPTO","from":null,"to":null,"displayLabel":"Υ/Σ ΑΤΑΛΑΝΤΗΣ","labelSource":"osm-name","voltageRaw":"150000","circuits":null,"cables":null,"frequency":null,"location":null,"sourceProvider":"OpenStreetMap Overpass API","sourceFallback":"ArcGIS structures layer omits polygon/way substations","sourceLicense":"ODbL 1.0","osmTimestamp":"2022-05-02T20:49:28Z"},"geometry":{"type":"Point","coordinates":[23.067530420209124,38.6643839]}},{"type":"Feature","properties":{"assetId":"GR-substation-way-135170880","countryCode":"GR","assetType":"substation","powerType":"substation","osmType":"way","osmId":"135170880","actualVoltagesKv":[150],"actualVoltageKv":150,"gridClass":"154","displayClass":"154 kV sınıfı","name":"Υ/Σ ΚΑΜΜΕΝΑ ΒΟΥΡΛΑ","ref":null,"operator":"IPTO","from":null,"to":null,"displayLabel":"Υ/Σ ΚΑΜΜΕΝΑ ΒΟΥΡΛΑ","labelSource":"osm-name","voltageRaw":"150000","circuits":null,"cables":null,"frequency":null,"location":null,"sourceProvider":"OpenStreetMap Overpass API","sourceFallback":"ArcGIS structures layer omits polygon/way substations","sourceLicense":"ODbL 1.0","osmTimestamp":"2022-07-16T15:42:21Z"},"geometry":{"type":"Point","coordinates":[22.735671328875043,38.78188915]}},{"type":"Feature","properties":{"assetId":"GR-substation-way-135177715","countryCode":"GR","assetType":"substation","powerType":"substation","osmType":"way","osmId":"135177715","actualVoltagesKv":[150],"actualVoltageKv":150,"gridClass":"154","displayClass":"154 kV sınıfı","name":"ΥΠΟΣΤΑΘΜΟΣ ΛΑΜΙΑΣ","ref":null,"operator":null,"from":null,"to":null,"displayLabel":"ΥΠΟΣΤΑΘΜΟΣ ΛΑΜΙΑΣ","labelSource":"osm-name","voltageRaw":"150000","circuits":null,"cables":null,"frequency":null,"location":null,"sourceProvider":"OpenStreetMap Overpass API","sourceFallback":"ArcGIS structures layer omits polygon/way substations","sourceLicense":"ODbL 1.0","osmTimestamp":"2025-03-30T15:00:20Z"},"geometry":{"type":"Point","coordinates":[22.419199313343995,38.9252526]}},{"type":"Feature","properties":{"assetId":"GR-substation-way-135195221","countryCode":"GR","assetType":"substation","powerType":"substation","osmType":"way","osmId":"135195221","actualVoltagesKv":[150],"actualVoltageKv":150,"gridClass":"154","displayClass":"154 kV sınıfı","name":"Υ/Σ ΑΜΦΙΣΣΑΣ","ref":null,"operator":"IPTO","from":null,"to":null,"displayLabel":"Υ/Σ ΑΜΦΙΣΣΑΣ","labelSource":"osm-name","voltageRaw":"150000","circuits":null,"cables":null,"frequency":null,"location":null,"sourceProvider":"OpenStreetMap Overpass API","sourceFallback":"ArcGIS structures layer omits polygon/way substations","sourceLicense":"ODbL 1.0","osmTimestamp":"2025-03-30T14:59:51Z"},"geometry":{"type":"Point","coordinates":[22.40200691042689,38.49831195]}},{"type":"Feature","properties":{"assetId":"GR-substation-way-135234266","countryCode":"GR","assetType":"substation","powerType":"substation","osmType":"way","osmId":"135234266","actualVoltagesKv":[150],"actualVoltageKv":150,"gridClass":"154","displayClass":"154 kV sınıfı","name":null,"ref":null,"operator":null,"from":null,"to":null,"displayLabel":"150 kV · OSM 135234266","labelSource":"generated-identifier","voltageRaw":"150000","circuits":null,"cables":null,"frequency":null,"location":null,"sourceProvider":"OpenStreetMap Overpass API","sourceFallback":"ArcGIS structures layer omits polygon/way substations","sourceLicense":"ODbL 1.0","osmTimestamp":"2025-03-31T22:01:02Z"},"geometry":{"type":"Point","coordinates":[23.602576514655603,38.040775249999996]}},{"type":"Feature","properties":{"assetId":"GR-substation-way-135706289","countryCode":"GR","assetType":"substation","powerType":"substation","osmType":"way","osmId":"135706289","actualVoltagesKv":[150],"actualVoltageKv":150,"gridClass":"154","displayClass":"154 kV sınıfı","name":null,"ref":null,"operator":null,"from":null,"to":null,"displayLabel":"150 kV · OSM 135706289","labelSource":"generated-identifier","voltageRaw":"150000","circuits":null,"cables":null,"frequency":null,"location":null,"sourceProvider":"OpenStreetMap Overpass API","sourceFallback":"ArcGIS structures layer omits polygon/way substations","sourceLicense":"ODbL 1.0","osmTimestamp":"2024-03-02T11:54:59Z"},"geometry":{"type":"Point","coordinates":[22.117126862783195,40.3254553]}},{"type":"Feature","properties":{"assetId":"GR-substation-way-136369149","countryCode":"GR","assetType":"substation","powerType":"substation","osmType":"way","osmId":"136369149","actualVoltagesKv":[150],"actualVoltageKv":150,"gridClass":"154","displayClass":"154 kV sınıfı","name":"Υ/Σ ΒΙ.ΠΕ ΒΟΛΟΣ","ref":null,"operator":"IPTO","from":null,"to":null,"displayLabel":"Υ/Σ ΒΙ.ΠΕ ΒΟΛΟΣ","labelSource":"osm-name","voltageRaw":"150000","circuits":null,"cables":null,"frequency":null,"location":null,"sourceProvider":"OpenStreetMap Overpass API","sourceFallback":"ArcGIS structures layer omits polygon/way substations","sourceLicense":"ODbL 1.0","osmTimestamp":"2024-11-14T13:23:09Z"},"geometry":{"type":"Point","coordinates":[22.871112730841467,39.37268295]}},{"type":"Feature","properties":{"assetId":"GR-substation-way-136370140","countryCode":"GR","assetType":"substation","powerType":"substation","osmType":"way","osmId":"136370140","actualVoltagesKv":[150],"actualVoltageKv":150,"gridClass":"154","displayClass":"154 kV sınıfı","name":"Υ/Σ ΒΟΛΟΣ 2","ref":null,"operator":"IPTO","from":null,"to":null,"displayLabel":"Υ/Σ ΒΟΛΟΣ 2","labelSource":"osm-name","voltageRaw":"150000","circuits":null,"cables":null,"frequency":null,"location":null,"sourceProvider":"OpenStreetMap Overpass API","sourceFallback":"ArcGIS structures layer omits polygon/way substations","sourceLicense":"ODbL 1.0","osmTimestamp":"2024-11-14T13:24:44Z"},"geometry":{"type":"Point","coordinates":[22.966820703824403,39.3699071]}},{"type":"Feature","properties":{"assetId":"GR-substation-way-136450393","countryCode":"GR","assetType":"substation","powerType":"substation","osmType":"way","osmId":"136450393","actualVoltagesKv":[150],"actualVoltageKv":150,"gridClass":"154","displayClass":"154 kV sınıfı","name":"ΒΟΛΟΣ 1","ref":null,"operator":"IPTO","from":null,"to":null,"displayLabel":"ΒΟΛΟΣ 1","labelSource":"osm-name","voltageRaw":"150000","circuits":null,"cables":null,"frequency":null,"location":null,"sourceProvider":"OpenStreetMap Overpass API","sourceFallback":"ArcGIS structures layer omits polygon/way substations","sourceLicense":"ODbL 1.0","osmTimestamp":"2024-11-14T13:24:44Z"},"geometry":{"type":"Point","coordinates":[22.916784662244858,39.38010525]}},{"type":"Feature","properties":{"assetId":"GR-substation-way-136456617","countryCode":"GR","assetType":"substation","powerType":"substation","osmType":"way","osmId":"136456617","actualVoltagesKv":[150],"actualVoltageKv":150,"gridClass":"154","displayClass":"154 kV sınıfı","name":null,"ref":null,"operator":null,"from":null,"to":null,"displayLabel":"150 kV · OSM 136456617","labelSource":"generated-identifier","voltageRaw":"150000","circuits":null,"cables":null,"frequency":null,"location":null,"sourceProvider":"OpenStreetMap Overpass API","sourceFallback":"ArcGIS structures layer omits polygon/way substations","sourceLicense":"ODbL 1.0","osmTimestamp":"2024-11-14T13:24:44Z"},"geometry":{"type":"Point","coordinates":[23.252007321672384,39.17317485]}},{"type":"Feature","properties":{"assetId":"GR-substation-way-136543639","countryCode":"GR","assetType":"substation","powerType":"substation","osmType":"way","osmId":"136543639","actualVoltagesKv":[150],"actualVoltageKv":150,"gridClass":"154","displayClass":"154 kV sınıfı","name":"Υ/Σ ΤΣΙΓΚΕΛΙ","ref":null,"operator":"IPTO","from":null,"to":null,"displayLabel":"Υ/Σ ΤΣΙΓΚΕΛΙ","labelSource":"osm-name","voltageRaw":"150000","circuits":null,"cables":null,"frequency":null,"location":null,"sourceProvider":"OpenStreetMap Overpass API","sourceFallback":"ArcGIS structures layer omits polygon/way substations","sourceLicense":"ODbL 1.0","osmTimestamp":"2024-11-14T13:22:34Z"},"geometry":{"type":"Point","coordinates":[22.839922064471935,39.17148265]}},{"type":"Feature","properties":{"assetId":"GR-substation-way-136543640","countryCode":"GR","assetType":"substation","powerType":"substation","osmType":"way","osmId":"136543640","actualVoltagesKv":[150],"actualVoltageKv":150,"gridClass":"154","displayClass":"154 kV sınıfı","name":"Υ/Σ ΑΛΜΥΡΟΥ","ref":null,"operator":"IPTO","from":null,"to":null,"displayLabel":"Υ/Σ ΑΛΜΥΡΟΥ","labelSource":"osm-name","voltageRaw":"150000","circuits":null,"cables":null,"frequency":null,"location":null,"sourceProvider":"OpenStreetMap Overpass API","sourceFallback":"ArcGIS structures layer omits polygon/way substations","sourceLicense":"ODbL 1.0","osmTimestamp":"2024-11-14T13:21:49Z"},"geometry":{"type":"Point","coordinates":[22.786289633348126,39.1580745]}},{"type":"Feature","properties":{"assetId":"GR-substation-way-136549173","countryCode":"GR","assetType":"substation","powerType":"substation","osmType":"way","osmId":"136549173","actualVoltagesKv":[150],"actualVoltageKv":150,"gridClass":"154","displayClass":"154 kV sınıfı","name":"Υ/Σ ΑΙΔΗΨΟΥ","ref":null,"operator":"IPTO","from":null,"to":null,"displayLabel":"Υ/Σ ΑΙΔΗΨΟΥ","labelSource":"osm-name","voltageRaw":"150000","circuits":null,"cables":null,"frequency":null,"location":null,"sourceProvider":"OpenStreetMap Overpass API","sourceFallback":"ArcGIS structures layer omits polygon/way substations","sourceLicense":"ODbL 1.0","osmTimestamp":"2022-07-14T22:40:20Z"},"geometry":{"type":"Point","coordinates":[23.04958211860947,38.90346285]}},{"type":"Feature","properties":{"assetId":"GR-substation-way-136549175","countryCode":"GR","assetType":"substation","powerType":"substation","osmType":"way","osmId":"136549175","actualVoltagesKv":[150],"actualVoltageKv":150,"gridClass":"154","displayClass":"154 kV sınıfı","name":"Υ/Σ ΑΧΛΑΔΙΟΥ","ref":null,"operator":"IPTO","from":null,"to":null,"displayLabel":"Υ/Σ ΑΧΛΑΔΙΟΥ","labelSource":"osm-name","voltageRaw":"150000","circuits":null,"cables":null,"frequency":null,"location":null,"sourceProvider":"OpenStreetMap Overpass API","sourceFallback":"ArcGIS structures layer omits polygon/way substations","sourceLicense":"ODbL 1.0","osmTimestamp":"2025-03-21T11:16:17Z"},"geometry":{"type":"Point","coordinates":[22.79949462502219,38.896981249999996]}},{"type":"Feature","properties":{"assetId":"GR-substation-way-136549180","countryCode":"GR","assetType":"substation","powerType":"substation","osmType":"way","osmId":"136549180","actualVoltagesKv":[150],"actualVoltageKv":150,"gridClass":"154","displayClass":"154 kV sınıfı","name":null,"ref":null,"operator":null,"from":null,"to":null,"displayLabel":"150 kV · OSM 136549180","labelSource":"generated-identifier","voltageRaw":"150000","circuits":null,"cables":null,"frequency":null,"location":null,"sourceProvider":"OpenStreetMap Overpass API","sourceFallback":"ArcGIS structures layer omits polygon/way substations","sourceLicense":"ODbL 1.0","osmTimestamp":"2024-11-14T13:19:18Z"},"geometry":{"type":"Point","coordinates":[22.87696107104255,38.87657685]}},{"type":"Feature","properties":{"assetId":"GR-substation-way-1373013842","countryCode":"GR","assetType":"substation","powerType":"substation","osmType":"way","osmId":"1373013842","actualVoltagesKv":[150],"actualVoltageKv":150,"gridClass":"154","displayClass":"154 kV sınıfı","name":null,"ref":null,"operator":null,"from":null,"to":null,"displayLabel":"150 kV · OSM 1373013842","labelSource":"generated-identifier","voltageRaw":"150000","circuits":null,"cables":null,"frequency":null,"location":null,"sourceProvider":"OpenStreetMap Overpass API","sourceFallback":"ArcGIS structures layer omits polygon/way substations","sourceLicense":"ODbL 1.0","osmTimestamp":"2025-03-30T11:55:55Z"},"geometry":{"type":"Point","coordinates":[28.01914695327855,36.37757715]}},{"type":"Feature","properties":{"assetId":"GR-substation-way-1373013845","countryCode":"GR","assetType":"substation","powerType":"substation","osmType":"way","osmId":"1373013845","actualVoltagesKv":[150],"actualVoltageKv":150,"gridClass":"154","displayClass":"154 kV sınıfı","name":null,"ref":null,"operator":null,"from":null,"to":null,"displayLabel":"150 kV · OSM 1373013845","labelSource":"generated-identifier","voltageRaw":"150000","circuits":null,"cables":null,"frequency":null,"location":null,"sourceProvider":"OpenStreetMap Overpass API","sourceFallback":"ArcGIS structures layer omits polygon/way substations","sourceLicense":"ODbL 1.0","osmTimestamp":"2025-03-30T11:55:55Z"},"geometry":{"type":"Point","coordinates":[27.77683595762332,35.9179121]}},{"type":"Feature","properties":{"assetId":"GR-substation-way-1373016934","countryCode":"GR","assetType":"substation","powerType":"substation","osmType":"way","osmId":"1373016934","actualVoltagesKv":[150],"actualVoltageKv":150,"gridClass":"154","displayClass":"154 kV sınıfı","name":null,"ref":null,"operator":null,"from":null,"to":null,"displayLabel":"150 kV · OSM 1373016934","labelSource":"generated-identifier","voltageRaw":"150000","circuits":null,"cables":null,"frequency":null,"location":null,"sourceProvider":"OpenStreetMap Overpass API","sourceFallback":"ArcGIS structures layer omits polygon/way substations","sourceLicense":"ODbL 1.0","osmTimestamp":"2025-03-30T12:13:02Z"},"geometry":{"type":"Point","coordinates":[22.631560340124004,36.868406]}},{"type":"Feature","properties":{"assetId":"GR-substation-way-1373020388","countryCode":"GR","assetType":"substation","powerType":"substation","osmType":"way","osmId":"1373020388","actualVoltagesKv":[400],"actualVoltageKv":400,"gridClass":"400","displayClass":"400 kV sınıfı","name":null,"ref":null,"operator":null,"from":null,"to":null,"displayLabel":"400 kV · OSM 1373020388","labelSource":"generated-identifier","voltageRaw":"400000","circuits":null,"cables":null,"frequency":null,"location":null,"sourceProvider":"OpenStreetMap Overpass API","sourceFallback":"ArcGIS structures layer omits polygon/way substations","sourceLicense":"ODbL 1.0","osmTimestamp":"2025-03-30T12:36:40Z"},"geometry":{"type":"Point","coordinates":[21.760835780005003,38.345252650000006]}},{"type":"Feature","properties":{"assetId":"GR-substation-way-1373040854","countryCode":"GR","assetType":"substation","powerType":"substation","osmType":"way","osmId":"1373040854","actualVoltagesKv":[150],"actualVoltageKv":150,"gridClass":"154","displayClass":"154 kV sınıfı","name":null,"ref":null,"operator":null,"from":null,"to":null,"displayLabel":"150 kV · OSM 1373040854","labelSource":"generated-identifier","voltageRaw":"150000","circuits":null,"cables":null,"frequency":null,"location":null,"sourceProvider":"OpenStreetMap Overpass API","sourceFallback":"ArcGIS structures layer omits polygon/way substations","sourceLicense":"ODbL 1.0","osmTimestamp":"2025-03-30T12:50:59Z"},"geometry":{"type":"Point","coordinates":[20.998988175412087,38.795729249999994]}},{"type":"Feature","properties":{"assetId":"GR-substation-way-1373042716","countryCode":"GR","assetType":"substation","powerType":"substation","osmType":"way","osmId":"1373042716","actualVoltagesKv":[20,400],"actualVoltageKv":400,"gridClass":"400","displayClass":"400 kV sınıfı","name":null,"ref":null,"operator":null,"from":null,"to":null,"displayLabel":"400 kV · OSM 1373042716","labelSource":"generated-identifier","voltageRaw":"400000;20000","circuits":null,"cables":null,"frequency":null,"location":null,"sourceProvider":"OpenStreetMap Overpass API","sourceFallback":"ArcGIS structures layer omits polygon/way substations","sourceLicense":"ODbL 1.0","osmTimestamp":"2025-03-30T12:56:51Z"},"geometry":{"type":"Point","coordinates":[21.57304218305152,39.35922845]}},{"type":"Feature","properties":{"assetId":"GR-substation-way-1373171052","countryCode":"GR","assetType":"substation","powerType":"substation","osmType":"way","osmId":"1373171052","actualVoltagesKv":[150],"actualVoltageKv":150,"gridClass":"154","displayClass":"154 kV sınıfı","name":"Υ/Σ ΑΓΙΟΝΟΡΙ","ref":null,"operator":null,"from":null,"to":null,"displayLabel":"Υ/Σ ΑΓΙΟΝΟΡΙ","labelSource":"osm-name","voltageRaw":"150000","circuits":null,"cables":null,"frequency":null,"location":null,"sourceProvider":"OpenStreetMap Overpass API","sourceFallback":"ArcGIS structures layer omits polygon/way substations","sourceLicense":"ODbL 1.0","osmTimestamp":"2025-12-04T18:27:53Z"},"geometry":{"type":"Point","coordinates":[22.863969575992815,37.748576]}},{"type":"Feature","properties":{"assetId":"GR-substation-way-1373171259","countryCode":"GR","assetType":"substation","powerType":"substation","osmType":"way","osmId":"1373171259","actualVoltagesKv":[150],"actualVoltageKv":150,"gridClass":"154","displayClass":"154 kV sınıfı","name":null,"ref":null,"operator":null,"from":null,"to":null,"displayLabel":"150 kV · OSM 1373171259","labelSource":"generated-identifier","voltageRaw":"150000","circuits":null,"cables":null,"frequency":null,"location":null,"sourceProvider":"OpenStreetMap Overpass API","sourceFallback":"ArcGIS structures layer omits polygon/way substations","sourceLicense":"ODbL 1.0","osmTimestamp":"2025-03-30T19:53:45Z"},"geometry":{"type":"Point","coordinates":[23.284665834356776,37.518449849999996]}},{"type":"Feature","properties":{"assetId":"GR-substation-way-140248148","countryCode":"GR","assetType":"substation","powerType":"substation","osmType":"way","osmId":"140248148","actualVoltagesKv":[150,400],"actualVoltageKv":400,"gridClass":"400","displayClass":"400 kV sınıfı","name":"Κέντρο Υπερυψηλής Τάσης Αράχθου","ref":null,"operator":"Δ.Ε.Η.","from":null,"to":null,"displayLabel":"Κέντρο Υπερυψηλής Τάσης Αράχθου","labelSource":"osm-name","voltageRaw":"400000;150000","circuits":null,"cables":null,"frequency":"0;50","location":null,"sourceProvider":"OpenStreetMap Overpass API","sourceFallback":"ArcGIS structures layer omits polygon/way substations","sourceLicense":"ODbL 1.0","osmTimestamp":"2021-08-23T11:57:48Z"},"geometry":{"type":"Point","coordinates":[20.96459691956227,39.18402845]}},{"type":"Feature","properties":{"assetId":"GR-substation-way-140343651","countryCode":"GR","assetType":"substation","powerType":"substation","osmType":"way","osmId":"140343651","actualVoltagesKv":[150],"actualVoltageKv":150,"gridClass":"154","displayClass":"154 kV sınıfı","name":null,"ref":null,"operator":null,"from":null,"to":null,"displayLabel":"150 kV · OSM 140343651","labelSource":"generated-identifier","voltageRaw":"150000","circuits":null,"cables":null,"frequency":null,"location":null,"sourceProvider":"OpenStreetMap Overpass API","sourceFallback":"ArcGIS structures layer omits polygon/way substations","sourceLicense":"ODbL 1.0","osmTimestamp":"2025-03-30T14:52:26Z"},"geometry":{"type":"Point","coordinates":[23.857599177856088,40.80942505]}},{"type":"Feature","properties":{"assetId":"GR-substation-way-140465680","countryCode":"GR","assetType":"substation","powerType":"substation","osmType":"way","osmId":"140465680","actualVoltagesKv":[150],"actualVoltageKv":150,"gridClass":"154","displayClass":"154 kV sınıfı","name":"Υ/Σ ΔΡΑΜΑΣ","ref":null,"operator":"IPTO","from":null,"to":null,"displayLabel":"Υ/Σ ΔΡΑΜΑΣ","labelSource":"osm-name","voltageRaw":"150000","circuits":null,"cables":null,"frequency":null,"location":null,"sourceProvider":"OpenStreetMap Overpass API","sourceFallback":"ArcGIS structures layer omits polygon/way substations","sourceLicense":"ODbL 1.0","osmTimestamp":"2022-08-29T19:42:23Z"},"geometry":{"type":"Point","coordinates":[24.139252791418762,41.12588595]}},{"type":"Feature","properties":{"assetId":"GR-substation-way-140638157","countryCode":"GR","assetType":"substation","powerType":"substation","osmType":"way","osmId":"140638157","actualVoltagesKv":[150],"actualVoltageKv":150,"gridClass":"154","displayClass":"154 kV sınıfı","name":"Υ/Σ ΞΑΝΘΗΣ","ref":null,"operator":"IPTO","from":null,"to":null,"displayLabel":"Υ/Σ ΞΑΝΘΗΣ","labelSource":"osm-name","voltageRaw":"150000","circuits":null,"cables":null,"frequency":null,"location":null,"sourceProvider":"OpenStreetMap Overpass API","sourceFallback":"ArcGIS structures layer omits polygon/way substations","sourceLicense":"ODbL 1.0","osmTimestamp":"2022-08-16T21:53:00Z"},"geometry":{"type":"Point","coordinates":[24.874914989737718,41.1172154]}},{"type":"Feature","properties":{"assetId":"GR-substation-way-140638160","countryCode":"GR","assetType":"substation","powerType":"substation","osmType":"way","osmId":"140638160","actualVoltagesKv":[150],"actualVoltageKv":150,"gridClass":"154","displayClass":"154 kV sınıfı","name":null,"ref":null,"operator":null,"from":null,"to":null,"displayLabel":"150 kV · OSM 140638160","labelSource":"generated-identifier","voltageRaw":"150000","circuits":null,"cables":null,"frequency":null,"location":null,"sourceProvider":"OpenStreetMap Overpass API","sourceFallback":"ArcGIS structures layer omits polygon/way substations","sourceLicense":"ODbL 1.0","osmTimestamp":"2025-03-31T08:24:45Z"},"geometry":{"type":"Point","coordinates":[24.896861745217276,41.04683575]}},{"type":"Feature","properties":{"assetId":"GR-substation-way-140724364","countryCode":"GR","assetType":"substation","powerType":"substation","osmType":"way","osmId":"140724364","actualVoltagesKv":[150],"actualVoltageKv":150,"gridClass":"154","displayClass":"154 kV sınıfı","name":"Υ/Σ ΙΑΣΜΟΥ","ref":null,"operator":null,"from":null,"to":null,"displayLabel":"Υ/Σ ΙΑΣΜΟΥ","labelSource":"osm-name","voltageRaw":"150000","circuits":null,"cables":null,"frequency":null,"location":null,"sourceProvider":"OpenStreetMap Overpass API","sourceFallback":"ArcGIS structures layer omits polygon/way substations","sourceLicense":"ODbL 1.0","osmTimestamp":"2025-03-30T20:13:43Z"},"geometry":{"type":"Point","coordinates":[25.172176790960677,41.119309799999996]}},{"type":"Feature","properties":{"assetId":"GR-substation-way-141029834","countryCode":"GR","assetType":"substation","powerType":"substation","osmType":"way","osmId":"141029834","actualVoltagesKv":[150],"actualVoltageKv":150,"gridClass":"154","displayClass":"154 kV sınıfı","name":"Υ/Σ ΚΟΜΟΤΗΝΗΣ","ref":null,"operator":null,"from":null,"to":null,"displayLabel":"Υ/Σ ΚΟΜΟΤΗΝΗΣ","labelSource":"osm-name","voltageRaw":"150000","circuits":null,"cables":null,"frequency":null,"location":null,"sourceProvider":"OpenStreetMap Overpass API","sourceFallback":"ArcGIS structures layer omits polygon/way substations","sourceLicense":"ODbL 1.0","osmTimestamp":"2025-03-30T20:13:43Z"},"geometry":{"type":"Point","coordinates":[25.38599478239911,41.112206549999996]}},{"type":"Feature","properties":{"assetId":"GR-substation-way-141113249","countryCode":"GR","assetType":"substation","powerType":"substation","osmType":"way","osmId":"141113249","actualVoltagesKv":[150],"actualVoltageKv":150,"gridClass":"154","displayClass":"154 kV sınıfı","name":"Υ/Σ ΑΛΕΞΑΝΔΡΟΥΠΟΛΗΣ","ref":null,"operator":null,"from":null,"to":null,"displayLabel":"Υ/Σ ΑΛΕΞΑΝΔΡΟΥΠΟΛΗΣ","labelSource":"osm-name","voltageRaw":"150000","circuits":null,"cables":null,"frequency":null,"location":null,"sourceProvider":"OpenStreetMap Overpass API","sourceFallback":"ArcGIS structures layer omits polygon/way substations","sourceLicense":"ODbL 1.0","osmTimestamp":"2025-03-30T20:12:07Z"},"geometry":{"type":"Point","coordinates":[25.871996629476282,40.8664152]}},{"type":"Feature","properties":{"assetId":"GR-substation-way-141220249","countryCode":"GR","assetType":"substation","powerType":"substation","osmType":"way","osmId":"141220249","actualVoltagesKv":[150,400],"actualVoltageKv":400,"gridClass":"400","displayClass":"400 kV sınıfı","name":"Κέντρο Υπερυψηλής Τάσης (ΚΥΤ) Νέας Σάντας","ref":null,"operator":null,"from":null,"to":null,"displayLabel":"Κέντρο Υπερυψηλής Τάσης (ΚΥΤ) Νέας Σάντας","labelSource":"osm-name","voltageRaw":"400000;150000","circuits":null,"cables":null,"frequency":null,"location":null,"sourceProvider":"OpenStreetMap Overpass API","sourceFallback":"ArcGIS structures layer omits polygon/way substations","sourceLicense":"ODbL 1.0","osmTimestamp":"2025-03-30T20:04:28Z"},"geometry":{"type":"Point","coordinates":[25.74689443219349,41.1003906]}},{"type":"Feature","properties":{"assetId":"GR-substation-way-141220252","countryCode":"GR","assetType":"substation","powerType":"substation","osmType":"way","osmId":"141220252","actualVoltagesKv":[150],"actualVoltageKv":150,"gridClass":"154","displayClass":"154 kV sınıfı","name":"Υ/Σ ΚΕΡΒΕΡΟΥ","ref":null,"operator":null,"from":null,"to":null,"displayLabel":"Υ/Σ ΚΕΡΒΕΡΟΥ","labelSource":"osm-name","voltageRaw":"150000","circuits":null,"cables":null,"frequency":null,"location":null,"sourceProvider":"OpenStreetMap Overpass API","sourceFallback":"ArcGIS structures layer omits polygon/way substations","sourceLicense":"ODbL 1.0","osmTimestamp":"2025-03-30T20:07:41Z"},"geometry":{"type":"Point","coordinates":[25.846411549999996,41.155315099999996]}},{"type":"Feature","properties":{"assetId":"GR-substation-way-141297725","countryCode":"GR","assetType":"substation","powerType":"substation","osmType":"way","osmId":"141297725","actualVoltagesKv":[150],"actualVoltageKv":150,"gridClass":"154","displayClass":"154 kV sınıfı","name":"Υ/Σ ΠΑΤΡΙΑΡΧΗ","ref":null,"operator":null,"from":null,"to":null,"displayLabel":"Υ/Σ ΠΑΤΡΙΑΡΧΗ","labelSource":"osm-name","voltageRaw":"150000","circuits":null,"cables":null,"frequency":null,"location":null,"sourceProvider":"OpenStreetMap Overpass API","sourceFallback":"ArcGIS structures layer omits polygon/way substations","sourceLicense":"ODbL 1.0","osmTimestamp":"2025-03-30T20:10:34Z"},"geometry":{"type":"Point","coordinates":[25.898497703567713,41.2873348]}},{"type":"Feature","properties":{"assetId":"GR-substation-way-141514344","countryCode":"GR","assetType":"substation","powerType":"substation","osmType":"way","osmId":"141514344","actualVoltagesKv":[150],"actualVoltageKv":150,"gridClass":"154","displayClass":"154 kV sınıfı","name":null,"ref":null,"operator":"Οργανισμός Σιδηροδρόμων Ελλάδος","from":null,"to":null,"displayLabel":"Οργανισμός Σιδηροδρόμων Ελλάδος · 150 kV · OSM 141514344","labelSource":"generated-identifier","voltageRaw":"150000","circuits":null,"cables":null,"frequency":null,"location":null,"sourceProvider":"OpenStreetMap Overpass API","sourceFallback":"ArcGIS structures layer omits polygon/way substations","sourceLicense":"ODbL 1.0","osmTimestamp":"2025-03-31T08:27:46Z"},"geometry":{"type":"Point","coordinates":[22.78867836100978,40.69900775]}},{"type":"Feature","properties":{"assetId":"GR-substation-way-141514346","countryCode":"GR","assetType":"substation","powerType":"substation","osmType":"way","osmId":"141514346","actualVoltagesKv":[150],"actualVoltageKv":150,"gridClass":"154","displayClass":"154 kV sınıfı","name":null,"ref":null,"operator":"Οργανισμός Σιδηροδρόμων Ελλάδος","from":null,"to":null,"displayLabel":"Οργανισμός Σιδηροδρόμων Ελλάδος · 150 kV · OSM 141514346","labelSource":"generated-identifier","voltageRaw":"150000","circuits":null,"cables":null,"frequency":null,"location":null,"sourceProvider":"OpenStreetMap Overpass API","sourceFallback":"ArcGIS structures layer omits polygon/way substations","sourceLicense":"ODbL 1.0","osmTimestamp":"2025-03-31T08:27:46Z"},"geometry":{"type":"Point","coordinates":[22.78525898359674,40.67773645]}},{"type":"Feature","properties":{"assetId":"GR-substation-way-141533837","countryCode":"GR","assetType":"substation","powerType":"substation","osmType":"way","osmId":"141533837","actualVoltagesKv":[150],"actualVoltageKv":150,"gridClass":"154","displayClass":"154 kV sınıfı","name":"Υ/Σ ΔΙΔΥΜΟΤΕΙΧΟΥ","ref":null,"operator":"IPTO","from":null,"to":null,"displayLabel":"Υ/Σ ΔΙΔΥΜΟΤΕΙΧΟΥ","labelSource":"osm-name","voltageRaw":"150000","circuits":null,"cables":null,"frequency":null,"location":null,"sourceProvider":"OpenStreetMap Overpass API","sourceFallback":"ArcGIS structures layer omits polygon/way substations","sourceLicense":"ODbL 1.0","osmTimestamp":"2025-03-30T20:09:37Z"},"geometry":{"type":"Point","coordinates":[26.492998490037884,41.3306283]}},{"type":"Feature","properties":{"assetId":"GR-substation-way-141533838","countryCode":"GR","assetType":"substation","powerType":"substation","osmType":"way","osmId":"141533838","actualVoltagesKv":[150],"actualVoltageKv":150,"gridClass":"154","displayClass":"154 kV sınıfı","name":"Υ/Σ ΟΡΕΣΤΙΑΔΑΣ","ref":null,"operator":"IPTO","from":null,"to":null,"displayLabel":"Υ/Σ ΟΡΕΣΤΙΑΔΑΣ","labelSource":"osm-name","voltageRaw":"150000","circuits":null,"cables":null,"frequency":null,"location":null,"sourceProvider":"OpenStreetMap Overpass API","sourceFallback":"ArcGIS structures layer omits polygon/way substations","sourceLicense":"ODbL 1.0","osmTimestamp":"2025-03-30T20:09:12Z"},"geometry":{"type":"Point","coordinates":[26.434727000000002,41.5171052]}},{"type":"Feature","properties":{"assetId":"GR-substation-way-141558060","countryCode":"GR","assetType":"substation","powerType":"substation","osmType":"way","osmId":"141558060","actualVoltagesKv":[150],"actualVoltageKv":150,"gridClass":"154","displayClass":"154 kV sınıfı","name":null,"ref":null,"operator":"ΔΕΗ","from":null,"to":null,"displayLabel":"ΔΕΗ · 150 kV · OSM 141558060","labelSource":"generated-identifier","voltageRaw":"150000","circuits":null,"cables":null,"frequency":null,"location":null,"sourceProvider":"OpenStreetMap Overpass API","sourceFallback":"ArcGIS structures layer omits polygon/way substations","sourceLicense":"ODbL 1.0","osmTimestamp":"2021-12-14T17:57:34Z"},"geometry":{"type":"Point","coordinates":[25.757372182035,35.028910100000004]}},{"type":"Feature","properties":{"assetId":"GR-substation-way-141685890","countryCode":"GR","assetType":"substation","powerType":"substation","osmType":"way","osmId":"141685890","actualVoltagesKv":[150],"actualVoltageKv":150,"gridClass":"154","displayClass":"154 kV sınıfı","name":null,"ref":null,"operator":null,"from":null,"to":null,"displayLabel":"150 kV · OSM 141685890","labelSource":"generated-identifier","voltageRaw":"150000","circuits":null,"cables":null,"frequency":null,"location":null,"sourceProvider":"OpenStreetMap Overpass API","sourceFallback":"ArcGIS structures layer omits polygon/way substations","sourceLicense":"ODbL 1.0","osmTimestamp":"2024-11-14T13:17:58Z"},"geometry":{"type":"Point","coordinates":[24.869290062204822,37.79780515]}},{"type":"Feature","properties":{"assetId":"GR-substation-way-141685891","countryCode":"GR","assetType":"substation","powerType":"substation","osmType":"way","osmId":"141685891","actualVoltagesKv":[150],"actualVoltageKv":150,"gridClass":"154","displayClass":"154 kV sınıfı","name":null,"ref":null,"operator":null,"from":null,"to":null,"displayLabel":"150 kV · OSM 141685891","labelSource":"generated-identifier","voltageRaw":"150000","circuits":null,"cables":null,"frequency":null,"location":null,"sourceProvider":"OpenStreetMap Overpass API","sourceFallback":"ArcGIS structures layer omits polygon/way substations","sourceLicense":"ODbL 1.0","osmTimestamp":"2025-03-31T08:37:31Z"},"geometry":{"type":"Point","coordinates":[24.954700654687755,37.68996695]}},{"type":"Feature","properties":{"assetId":"GR-substation-way-141707154","countryCode":"GR","assetType":"substation","powerType":"substation","osmType":"way","osmId":"141707154","actualVoltagesKv":[150],"actualVoltageKv":150,"gridClass":"154","displayClass":"154 kV sınıfı","name":"Υποσταθμός ΔΕΗ","ref":null,"operator":null,"from":null,"to":null,"displayLabel":"Υποσταθμός ΔΕΗ","labelSource":"osm-name","voltageRaw":"150000","circuits":null,"cables":null,"frequency":null,"location":null,"sourceProvider":"OpenStreetMap Overpass API","sourceFallback":"ArcGIS structures layer omits polygon/way substations","sourceLicense":"ODbL 1.0","osmTimestamp":"2023-08-06T15:31:26Z"},"geometry":{"type":"Point","coordinates":[24.9772962,37.66922105]}},{"type":"Feature","properties":{"assetId":"GR-substation-way-141710434","countryCode":"GR","assetType":"substation","powerType":"substation","osmType":"way","osmId":"141710434","actualVoltagesKv":[150],"actualVoltageKv":150,"gridClass":"154","displayClass":"154 kV sınıfı","name":"Υ/Σ ΜΥΡΤΙΑ","ref":null,"operator":"IPTO","from":null,"to":null,"displayLabel":"Υ/Σ ΜΥΡΤΙΑ","labelSource":"osm-name","voltageRaw":"150000","circuits":null,"cables":null,"frequency":null,"location":null,"sourceProvider":"OpenStreetMap Overpass API","sourceFallback":"ArcGIS structures layer omits polygon/way substations","sourceLicense":"ODbL 1.0","osmTimestamp":"2022-08-31T05:53:33Z"},"geometry":{"type":"Point","coordinates":[24.197734472992174,38.2551897]}},{"type":"Feature","properties":{"assetId":"GR-substation-way-141710436","countryCode":"GR","assetType":"substation","powerType":"substation","osmType":"way","osmId":"141710436","actualVoltagesKv":[150],"actualVoltageKv":150,"gridClass":"154","displayClass":"154 kV sınıfı","name":"Υ/Σ ΠΟΛΥΠΟΤΑΜΟΣ","ref":null,"operator":"IPTO","from":null,"to":null,"displayLabel":"Υ/Σ ΠΟΛΥΠΟΤΑΜΟΣ","labelSource":"osm-name","voltageRaw":"150000","circuits":null,"cables":null,"frequency":null,"location":null,"sourceProvider":"OpenStreetMap Overpass API","sourceFallback":"ArcGIS structures layer omits polygon/way substations","sourceLicense":"ODbL 1.0","osmTimestamp":"2025-03-02T23:34:30Z"},"geometry":{"type":"Point","coordinates":[24.20928772831084,38.2105114]}},{"type":"Feature","properties":{"assetId":"GR-substation-way-141711380","countryCode":"GR","assetType":"substation","powerType":"substation","osmType":"way","osmId":"141711380","actualVoltagesKv":[150],"actualVoltageKv":150,"gridClass":"154","displayClass":"154 kV sınıfı","name":null,"ref":null,"operator":null,"from":null,"to":null,"displayLabel":"150 kV · OSM 141711380","labelSource":"generated-identifier","voltageRaw":"150000","circuits":null,"cables":null,"frequency":null,"location":null,"sourceProvider":"OpenStreetMap Overpass API","sourceFallback":"ArcGIS structures layer omits polygon/way substations","sourceLicense":"ODbL 1.0","osmTimestamp":"2025-03-30T13:44:05Z"},"geometry":{"type":"Point","coordinates":[24.053268449350263,38.3891464]}},{"type":"Feature","properties":{"assetId":"GR-substation-way-141758401","countryCode":"GR","assetType":"substation","powerType":"substation","osmType":"way","osmId":"141758401","actualVoltagesKv":[150],"actualVoltageKv":150,"gridClass":"154","displayClass":"154 kV sınıfı","name":null,"ref":null,"operator":null,"from":null,"to":null,"displayLabel":"150 kV · OSM 141758401","labelSource":"generated-identifier","voltageRaw":"150000","circuits":null,"cables":null,"frequency":null,"location":null,"sourceProvider":"OpenStreetMap Overpass API","sourceFallback":"ArcGIS structures layer omits polygon/way substations","sourceLicense":"ODbL 1.0","osmTimestamp":"2025-03-30T12:18:38Z"},"geometry":{"type":"Point","coordinates":[21.422533662338147,38.08732555]}},{"type":"Feature","properties":{"assetId":"GR-substation-way-141764452","countryCode":"GR","assetType":"substation","powerType":"substation","osmType":"way","osmId":"141764452","actualVoltagesKv":[150],"actualVoltageKv":150,"gridClass":"154","displayClass":"154 kV sınıfı","name":null,"ref":null,"operator":null,"from":null,"to":null,"displayLabel":"150 kV · OSM 141764452","labelSource":"generated-identifier","voltageRaw":"150000","circuits":null,"cables":null,"frequency":null,"location":null,"sourceProvider":"OpenStreetMap Overpass API","sourceFallback":"ArcGIS structures layer omits polygon/way substations","sourceLicense":"ODbL 1.0","osmTimestamp":"2025-03-30T20:00:26Z"},"geometry":{"type":"Point","coordinates":[20.90751205429167,37.7708404]}},{"type":"Feature","properties":{"assetId":"GR-substation-way-142066771","countryCode":"GR","assetType":"substation","powerType":"substation","osmType":"way","osmId":"142066771","actualVoltagesKv":[150],"actualVoltageKv":150,"gridClass":"154","displayClass":"154 kV sınıfı","name":null,"ref":null,"operator":null,"from":null,"to":null,"displayLabel":"150 kV · OSM 142066771","labelSource":"generated-identifier","voltageRaw":"150000","circuits":null,"cables":null,"frequency":null,"location":null,"sourceProvider":"OpenStreetMap Overpass API","sourceFallback":"ArcGIS structures layer omits polygon/way substations","sourceLicense":"ODbL 1.0","osmTimestamp":"2025-03-30T12:36:40Z"},"geometry":{"type":"Point","coordinates":[22.06905849602972,37.415749000000005]}},{"type":"Feature","properties":{"assetId":"GR-substation-way-142174862","countryCode":"GR","assetType":"substation","powerType":"substation","osmType":"way","osmId":"142174862","actualVoltagesKv":[150],"actualVoltageKv":150,"gridClass":"154","displayClass":"154 kV sınıfı","name":"Υ/Σ ΑΡΓΟΣ Ι","ref":null,"operator":null,"from":null,"to":null,"displayLabel":"Υ/Σ ΑΡΓΟΣ Ι","labelSource":"osm-name","voltageRaw":"150000","circuits":null,"cables":null,"frequency":null,"location":null,"sourceProvider":"OpenStreetMap Overpass API","sourceFallback":"ArcGIS structures layer omits polygon/way substations","sourceLicense":"ODbL 1.0","osmTimestamp":"2026-04-21T01:00:38Z"},"geometry":{"type":"Point","coordinates":[22.772944350767887,37.62228075]}},{"type":"Feature","properties":{"assetId":"GR-substation-way-142174863","countryCode":"GR","assetType":"substation","powerType":"substation","osmType":"way","osmId":"142174863","actualVoltagesKv":[150],"actualVoltageKv":150,"gridClass":"154","displayClass":"154 kV sınıfı","name":"Υ/Σ ΑΡΓΟΣ ΙΙ","ref":null,"operator":null,"from":null,"to":null,"displayLabel":"Υ/Σ ΑΡΓΟΣ ΙΙ","labelSource":"osm-name","voltageRaw":"150000","circuits":null,"cables":null,"frequency":null,"location":null,"sourceProvider":"OpenStreetMap Overpass API","sourceFallback":"ArcGIS structures layer omits polygon/way substations","sourceLicense":"ODbL 1.0","osmTimestamp":"2026-06-27T17:56:21Z"},"geometry":{"type":"Point","coordinates":[22.71836540204187,37.6507768]}},{"type":"Feature","properties":{"assetId":"GR-substation-way-142180032","countryCode":"GR","assetType":"substation","powerType":"substation","osmType":"way","osmId":"142180032","actualVoltagesKv":[150],"actualVoltageKv":150,"gridClass":"154","displayClass":"154 kV sınıfı","name":"Υ/Σ Αχλαδόκαμπος","ref":null,"operator":null,"from":null,"to":null,"displayLabel":"Υ/Σ Αχλαδόκαμπος","labelSource":"osm-name","voltageRaw":"150000","circuits":null,"cables":null,"frequency":null,"location":null,"sourceProvider":"OpenStreetMap Overpass API","sourceFallback":"ArcGIS structures layer omits polygon/way substations","sourceLicense":"ODbL 1.0","osmTimestamp":"2026-04-21T01:34:23Z"},"geometry":{"type":"Point","coordinates":[22.61376172434681,37.517900499999996]}},{"type":"Feature","properties":{"assetId":"GR-substation-way-142656551","countryCode":"GR","assetType":"substation","powerType":"substation","osmType":"way","osmId":"142656551","actualVoltagesKv":[150],"actualVoltageKv":150,"gridClass":"154","displayClass":"154 kV sınıfı","name":"Υ/Σ ΑΙΓΑΛΕΩ","ref":null,"operator":"IPTO","from":null,"to":null,"displayLabel":"Υ/Σ ΑΙΓΑΛΕΩ","labelSource":"osm-name","voltageRaw":"150000","circuits":null,"cables":null,"frequency":null,"location":null,"sourceProvider":"OpenStreetMap Overpass API","sourceFallback":"ArcGIS structures layer omits polygon/way substations","sourceLicense":"ODbL 1.0","osmTimestamp":"2024-04-05T11:01:16Z"},"geometry":{"type":"Point","coordinates":[23.65767727742999,38.0028711]}},{"type":"Feature","properties":{"assetId":"GR-substation-way-143520210","countryCode":"GR","assetType":"substation","powerType":"substation","osmType":"way","osmId":"143520210","actualVoltagesKv":[150],"actualVoltageKv":150,"gridClass":"154","displayClass":"154 kV sınıfı","name":null,"ref":null,"operator":null,"from":null,"to":null,"displayLabel":"150 kV · OSM 143520210","labelSource":"generated-identifier","voltageRaw":"150000","circuits":null,"cables":null,"frequency":null,"location":null,"sourceProvider":"OpenStreetMap Overpass API","sourceFallback":"ArcGIS structures layer omits polygon/way substations","sourceLicense":"ODbL 1.0","osmTimestamp":"2021-08-12T19:06:36Z"},"geometry":{"type":"Point","coordinates":[21.363989224229933,38.7385023]}},{"type":"Feature","properties":{"assetId":"GR-substation-way-143622720","countryCode":"GR","assetType":"substation","powerType":"substation","osmType":"way","osmId":"143622720","actualVoltagesKv":[150],"actualVoltageKv":150,"gridClass":"154","displayClass":"154 kV sınıfı","name":null,"ref":null,"operator":null,"from":null,"to":null,"displayLabel":"150 kV · OSM 143622720","labelSource":"generated-identifier","voltageRaw":"150000","circuits":null,"cables":null,"frequency":null,"location":null,"sourceProvider":"OpenStreetMap Overpass API","sourceFallback":"ArcGIS structures layer omits polygon/way substations","sourceLicense":"ODbL 1.0","osmTimestamp":"2021-08-17T20:55:45Z"},"geometry":{"type":"Point","coordinates":[21.498451766048724,38.882863900000004]}},{"type":"Feature","properties":{"assetId":"GR-substation-way-1448342653","countryCode":"GR","assetType":"substation","powerType":"substation","osmType":"way","osmId":"1448342653","actualVoltagesKv":[400],"actualVoltageKv":400,"gridClass":"400","displayClass":"400 kV sınıfı","name":null,"ref":null,"operator":null,"from":null,"to":null,"displayLabel":"400 kV · OSM 1448342653","labelSource":"generated-identifier","voltageRaw":"400000","circuits":null,"cables":null,"frequency":null,"location":null,"sourceProvider":"OpenStreetMap Overpass API","sourceFallback":"ArcGIS structures layer omits polygon/way substations","sourceLicense":"ODbL 1.0","osmTimestamp":"2025-11-20T12:32:10Z"},"geometry":{"type":"Point","coordinates":[22.666140203807963,40.78260915]}},{"type":"Feature","properties":{"assetId":"GR-substation-way-1480112505","countryCode":"GR","assetType":"substation","powerType":"substation","osmType":"way","osmId":"1480112505","actualVoltagesKv":[150],"actualVoltageKv":150,"gridClass":"154","displayClass":"154 kV sınıfı","name":"Υ/Σ ΝΕΣΤΑΝΗ","ref":null,"operator":"IPTO","from":null,"to":null,"displayLabel":"Υ/Σ ΝΕΣΤΑΝΗ","labelSource":"osm-name","voltageRaw":"150000","circuits":null,"cables":null,"frequency":null,"location":null,"sourceProvider":"OpenStreetMap Overpass API","sourceFallback":"ArcGIS structures layer omits polygon/way substations","sourceLicense":"ODbL 1.0","osmTimestamp":"2026-02-18T12:22:55Z"},"geometry":{"type":"Point","coordinates":[22.443810123941542,37.64011905]}},{"type":"Feature","properties":{"assetId":"GR-substation-way-148881241","countryCode":"GR","assetType":"substation","powerType":"substation","osmType":"way","osmId":"148881241","actualVoltagesKv":[150],"actualVoltageKv":150,"gridClass":"154","displayClass":"154 kV sınıfı","name":"Υ/Σ ΑΓΙΑΣ","ref":null,"operator":null,"from":null,"to":null,"displayLabel":"Υ/Σ ΑΓΙΑΣ","labelSource":"osm-name","voltageRaw":"150000","circuits":null,"cables":null,"frequency":null,"location":null,"sourceProvider":"OpenStreetMap Overpass API","sourceFallback":"ArcGIS structures layer omits polygon/way substations","sourceLicense":"ODbL 1.0","osmTimestamp":"2024-11-14T13:30:39Z"},"geometry":{"type":"Point","coordinates":[22.68096911046976,39.68675815]}},{"type":"Feature","properties":{"assetId":"GR-substation-way-148899591","countryCode":"GR","assetType":"substation","powerType":"substation","osmType":"way","osmId":"148899591","actualVoltagesKv":[20,150],"actualVoltageKv":150,"gridClass":"154","displayClass":"154 kV sınıfı","name":"Υ/Σ Κατερίνης","ref":null,"operator":"ΑΔΜΗΕ","from":null,"to":null,"displayLabel":"Υ/Σ Κατερίνης","labelSource":"osm-name","voltageRaw":"150000;20000","circuits":null,"cables":null,"frequency":null,"location":"outdoor","sourceProvider":"OpenStreetMap Overpass API","sourceFallback":"ArcGIS structures layer omits polygon/way substations","sourceLicense":"ODbL 1.0","osmTimestamp":"2018-06-01T21:35:04Z"},"geometry":{"type":"Point","coordinates":[22.5202724405765,40.287507500000004]}},{"type":"Feature","properties":{"assetId":"GR-substation-way-148899598","countryCode":"GR","assetType":"substation","powerType":"substation","osmType":"way","osmId":"148899598","actualVoltagesKv":[150],"actualVoltageKv":150,"gridClass":"154","displayClass":"154 kV sınıfı","name":null,"ref":null,"operator":null,"from":null,"to":null,"displayLabel":"150 kV · OSM 148899598","labelSource":"generated-identifier","voltageRaw":"150000","circuits":null,"cables":null,"frequency":null,"location":null,"sourceProvider":"OpenStreetMap Overpass API","sourceFallback":"ArcGIS structures layer omits polygon/way substations","sourceLicense":"ODbL 1.0","osmTimestamp":"2025-03-31T08:32:51Z"},"geometry":{"type":"Point","coordinates":[22.451330434755825,40.611268499999994]}},{"type":"Feature","properties":{"assetId":"GR-substation-way-1489283728","countryCode":"GR","assetType":"substation","powerType":"substation","osmType":"way","osmId":"1489283728","actualVoltagesKv":[150,500],"actualVoltageKv":500,"gridClass":"400","displayClass":"400 kV sınıfı","name":"Damasta Converter Station","ref":null,"operator":null,"from":null,"to":null,"displayLabel":"Damasta Converter Station","labelSource":"osm-name","voltageRaw":"500000;150000","circuits":null,"cables":null,"frequency":null,"location":null,"sourceProvider":"OpenStreetMap Overpass API","sourceFallback":"ArcGIS structures layer omits polygon/way substations","sourceLicense":"ODbL 1.0","osmTimestamp":"2026-03-15T22:40:38Z"},"geometry":{"type":"Point","coordinates":[24.936582217094735,35.363802899999996]}},{"type":"Feature","properties":{"assetId":"GR-substation-way-149026599","countryCode":"GR","assetType":"substation","powerType":"substation","osmType":"way","osmId":"149026599","actualVoltagesKv":[150],"actualVoltageKv":150,"gridClass":"154","displayClass":"154 kV sınıfı","name":"Σταθμός Ηλεκτρικού Ρεύματος του Άγρα","ref":null,"operator":null,"from":null,"to":null,"displayLabel":"Σταθμός Ηλεκτρικού Ρεύματος του Άγρα","labelSource":"osm-name","voltageRaw":"150000","circuits":null,"cables":null,"frequency":null,"location":null,"sourceProvider":"OpenStreetMap Overpass API","sourceFallback":"ArcGIS structures layer omits polygon/way substations","sourceLicense":"ODbL 1.0","osmTimestamp":"2025-03-31T08:30:00Z"},"geometry":{"type":"Point","coordinates":[22.022882581148664,40.8064535]}},{"type":"Feature","properties":{"assetId":"GR-substation-way-149069221","countryCode":"GR","assetType":"substation","powerType":"substation","osmType":"way","osmId":"149069221","actualVoltagesKv":[150],"actualVoltageKv":150,"gridClass":"154","displayClass":"154 kV sınıfı","name":null,"ref":null,"operator":null,"from":null,"to":null,"displayLabel":"150 kV · OSM 149069221","labelSource":"generated-identifier","voltageRaw":"150000","circuits":null,"cables":null,"frequency":null,"location":null,"sourceProvider":"OpenStreetMap Overpass API","sourceFallback":"ArcGIS structures layer omits polygon/way substations","sourceLicense":"ODbL 1.0","osmTimestamp":"2024-11-14T13:31:54Z"},"geometry":{"type":"Point","coordinates":[22.209730545055343,40.496044]}},{"type":"Feature","properties":{"assetId":"GR-substation-way-149468818","countryCode":"GR","assetType":"substation","powerType":"substation","osmType":"way","osmId":"149468818","actualVoltagesKv":[150],"actualVoltageKv":150,"gridClass":"154","displayClass":"154 kV sınıfı","name":null,"ref":null,"operator":null,"from":null,"to":null,"displayLabel":"150 kV · OSM 149468818","labelSource":"generated-identifier","voltageRaw":"150000","circuits":null,"cables":null,"frequency":"50","location":null,"sourceProvider":"OpenStreetMap Overpass API","sourceFallback":"ArcGIS structures layer omits polygon/way substations","sourceLicense":"ODbL 1.0","osmTimestamp":"2024-11-12T16:19:48Z"},"geometry":{"type":"Point","coordinates":[21.435133496214533,40.79203265]}},{"type":"Feature","properties":{"assetId":"GR-substation-way-149481032","countryCode":"GR","assetType":"substation","powerType":"substation","osmType":"way","osmId":"149481032","actualVoltagesKv":[150],"actualVoltageKv":150,"gridClass":"154","displayClass":"154 kV sınıfı","name":null,"ref":null,"operator":null,"from":null,"to":null,"displayLabel":"150 kV · OSM 149481032","labelSource":"generated-identifier","voltageRaw":"150000","circuits":null,"cables":null,"frequency":null,"location":null,"sourceProvider":"OpenStreetMap Overpass API","sourceFallback":"ArcGIS structures layer omits polygon/way substations","sourceLicense":"ODbL 1.0","osmTimestamp":"2025-03-30T14:39:50Z"},"geometry":{"type":"Point","coordinates":[21.289946599640018,40.47511205]}},{"type":"Feature","properties":{"assetId":"GR-substation-way-149672244","countryCode":"GR","assetType":"substation","powerType":"substation","osmType":"way","osmId":"149672244","actualVoltagesKv":[150,400],"actualVoltageKv":400,"gridClass":"400","displayClass":"400 kV sınıfı","name":"Κέντρο Υπερυψηλής Τάσης Τρικάλων","ref":null,"operator":null,"from":null,"to":null,"displayLabel":"Κέντρο Υπερυψηλής Τάσης Τρικάλων","labelSource":"osm-name","voltageRaw":"400000;150000","circuits":null,"cables":null,"frequency":null,"location":null,"sourceProvider":"OpenStreetMap Overpass API","sourceFallback":"ArcGIS structures layer omits polygon/way substations","sourceLicense":"ODbL 1.0","osmTimestamp":"2024-03-22T16:37:52Z"},"geometry":{"type":"Point","coordinates":[21.88251207067728,39.55799865]}},{"type":"Feature","properties":{"assetId":"GR-substation-way-149816570","countryCode":"GR","assetType":"substation","powerType":"substation","osmType":"way","osmId":"149816570","actualVoltagesKv":[150],"actualVoltageKv":150,"gridClass":"154","displayClass":"154 kV sınıfı","name":null,"ref":null,"operator":null,"from":null,"to":null,"displayLabel":"150 kV · OSM 149816570","labelSource":"generated-identifier","voltageRaw":"150000","circuits":null,"cables":null,"frequency":null,"location":null,"sourceProvider":"OpenStreetMap Overpass API","sourceFallback":"ArcGIS structures layer omits polygon/way substations","sourceLicense":"ODbL 1.0","osmTimestamp":"2025-03-30T19:50:00Z"},"geometry":{"type":"Point","coordinates":[23.163336595620386,37.5115364]}},{"type":"Feature","properties":{"assetId":"GR-substation-way-149922042","countryCode":"GR","assetType":"substation","powerType":"substation","osmType":"way","osmId":"149922042","actualVoltagesKv":[150],"actualVoltageKv":150,"gridClass":"154","displayClass":"154 kV sınıfı","name":null,"ref":null,"operator":null,"from":null,"to":null,"displayLabel":"150 kV · OSM 149922042","labelSource":"generated-identifier","voltageRaw":"150000","circuits":null,"cables":null,"frequency":null,"location":null,"sourceProvider":"OpenStreetMap Overpass API","sourceFallback":"ArcGIS structures layer omits polygon/way substations","sourceLicense":"ODbL 1.0","osmTimestamp":"2024-11-14T13:12:59Z"},"geometry":{"type":"Point","coordinates":[23.1786501,37.3894412]}},{"type":"Feature","properties":{"assetId":"GR-substation-way-149922043","countryCode":"GR","assetType":"substation","powerType":"substation","osmType":"way","osmId":"149922043","actualVoltagesKv":[150],"actualVoltageKv":150,"gridClass":"154","displayClass":"154 kV sınıfı","name":null,"ref":"ΥΣ Μέθανα","operator":"ΑΔΜΗΕ ΑΕ","from":null,"to":null,"displayLabel":"ΥΣ Μέθανα","labelSource":"osm-ref","voltageRaw":"150000","circuits":null,"cables":null,"frequency":null,"location":null,"sourceProvider":"OpenStreetMap Overpass API","sourceFallback":"ArcGIS structures layer omits polygon/way substations","sourceLicense":"ODbL 1.0","osmTimestamp":"2024-11-14T13:12:41Z"},"geometry":{"type":"Point","coordinates":[23.355206094995225,37.5227882]}},{"type":"Feature","properties":{"assetId":"GR-substation-way-1501615795","countryCode":"GR","assetType":"substation","powerType":"substation","osmType":"way","osmId":"1501615795","actualVoltagesKv":[150],"actualVoltageKv":150,"gridClass":"154","displayClass":"154 kV sınıfı","name":"Υ/Σ Κόριτσα","ref":null,"operator":null,"from":null,"to":null,"displayLabel":"Υ/Σ Κόριτσα","labelSource":"osm-name","voltageRaw":"150000","circuits":null,"cables":null,"frequency":null,"location":null,"sourceProvider":"OpenStreetMap Overpass API","sourceFallback":"ArcGIS structures layer omits polygon/way substations","sourceLicense":"ODbL 1.0","osmTimestamp":"2026-04-21T00:49:21Z"},"geometry":{"type":"Point","coordinates":[22.47025312441251,37.4831923]}},{"type":"Feature","properties":{"assetId":"GR-substation-way-1526359765","countryCode":"GR","assetType":"substation","powerType":"substation","osmType":"way","osmId":"1526359765","actualVoltagesKv":[150],"actualVoltageKv":150,"gridClass":"154","displayClass":"154 kV sınıfı","name":"Υ/Σ ΚΑΡΑΤΖΑ","ref":null,"operator":"IPTO","from":null,"to":null,"displayLabel":"Υ/Σ ΚΑΡΑΤΖΑ","labelSource":"osm-name","voltageRaw":"150000","circuits":null,"cables":null,"frequency":null,"location":null,"sourceProvider":"OpenStreetMap Overpass API","sourceFallback":"ArcGIS structures layer omits polygon/way substations","sourceLicense":"ODbL 1.0","osmTimestamp":"2026-06-05T09:20:15Z"},"geometry":{"type":"Point","coordinates":[23.225200199922362,37.5194598]}},{"type":"Feature","properties":{"assetId":"GR-substation-way-159413450","countryCode":"GR","assetType":"substation","powerType":"substation","osmType":"way","osmId":"159413450","actualVoltagesKv":[150],"actualVoltageKv":150,"gridClass":"154","displayClass":"154 kV sınıfı","name":null,"ref":null,"operator":null,"from":null,"to":null,"displayLabel":"150 kV · OSM 159413450","labelSource":"generated-identifier","voltageRaw":"150000","circuits":null,"cables":null,"frequency":null,"location":null,"sourceProvider":"OpenStreetMap Overpass API","sourceFallback":"ArcGIS structures layer omits polygon/way substations","sourceLicense":"ODbL 1.0","osmTimestamp":"2025-03-31T08:30:42Z"},"geometry":{"type":"Point","coordinates":[22.540524168258834,40.95967505]}},{"type":"Feature","properties":{"assetId":"GR-substation-way-159413451","countryCode":"GR","assetType":"substation","powerType":"substation","osmType":"way","osmId":"159413451","actualVoltagesKv":[150],"actualVoltageKv":150,"gridClass":"154","displayClass":"154 kV sınıfı","name":null,"ref":null,"operator":"Οργανισμός Σιδηροδρόμων Ελλάδος","from":null,"to":null,"displayLabel":"Οργανισμός Σιδηροδρόμων Ελλάδος · 150 kV · OSM 159413451","labelSource":"generated-identifier","voltageRaw":"150000","circuits":null,"cables":null,"frequency":null,"location":null,"sourceProvider":"OpenStreetMap Overpass API","sourceFallback":"ArcGIS structures layer omits polygon/way substations","sourceLicense":"ODbL 1.0","osmTimestamp":"2025-03-31T08:30:42Z"},"geometry":{"type":"Point","coordinates":[22.59808548433461,40.97882295]}},{"type":"Feature","properties":{"assetId":"GR-substation-way-159413454","countryCode":"GR","assetType":"substation","powerType":"substation","osmType":"way","osmId":"159413454","actualVoltagesKv":[150],"actualVoltageKv":150,"gridClass":"154","displayClass":"154 kV sınıfı","name":null,"ref":null,"operator":null,"from":null,"to":null,"displayLabel":"150 kV · OSM 159413454","labelSource":"generated-identifier","voltageRaw":"150000","circuits":null,"cables":null,"frequency":null,"location":null,"sourceProvider":"OpenStreetMap Overpass API","sourceFallback":"ArcGIS structures layer omits polygon/way substations","sourceLicense":"ODbL 1.0","osmTimestamp":"2025-03-31T08:31:45Z"},"geometry":{"type":"Point","coordinates":[22.8864914129461,41.00699445]}},{"type":"Feature","properties":{"assetId":"GR-substation-way-159414165","countryCode":"GR","assetType":"substation","powerType":"substation","osmType":"way","osmId":"159414165","actualVoltagesKv":[150],"actualVoltageKv":150,"gridClass":"154","displayClass":"154 kV sınıfı","name":null,"ref":null,"operator":null,"from":null,"to":null,"displayLabel":"150 kV · OSM 159414165","labelSource":"generated-identifier","voltageRaw":"150000","circuits":null,"cables":null,"frequency":null,"location":null,"sourceProvider":"OpenStreetMap Overpass API","sourceFallback":"ArcGIS structures layer omits polygon/way substations","sourceLicense":"ODbL 1.0","osmTimestamp":"2025-03-30T20:14:42Z"},"geometry":{"type":"Point","coordinates":[23.53836054957922,41.057890799999996]}},{"type":"Feature","properties":{"assetId":"GR-substation-way-170599418","countryCode":"GR","assetType":"substation","powerType":"substation","osmType":"way","osmId":"170599418","actualVoltagesKv":[150],"actualVoltageKv":150,"gridClass":"154","displayClass":"154 kV sınıfı","name":null,"ref":null,"operator":null,"from":null,"to":null,"displayLabel":"150 kV · OSM 170599418","labelSource":"generated-identifier","voltageRaw":"150000","circuits":null,"cables":null,"frequency":null,"location":null,"sourceProvider":"OpenStreetMap Overpass API","sourceFallback":"ArcGIS structures layer omits polygon/way substations","sourceLicense":"ODbL 1.0","osmTimestamp":"2025-03-30T14:51:14Z"},"geometry":{"type":"Point","coordinates":[23.328907323785323,40.4608362]}},{"type":"Feature","properties":{"assetId":"GR-substation-way-171506480","countryCode":"GR","assetType":"substation","powerType":"substation","osmType":"way","osmId":"171506480","actualVoltagesKv":[400],"actualVoltageKv":400,"gridClass":"400","displayClass":"400 kV sınıfı","name":"KYT AMYNTAIO","ref":null,"operator":"IPTO","from":null,"to":null,"displayLabel":"KYT AMYNTAIO","labelSource":"osm-name","voltageRaw":"400000","circuits":null,"cables":null,"frequency":null,"location":null,"sourceProvider":"OpenStreetMap Overpass API","sourceFallback":"ArcGIS structures layer omits polygon/way substations","sourceLicense":"ODbL 1.0","osmTimestamp":"2022-09-07T20:37:19Z"},"geometry":{"type":"Point","coordinates":[21.687103739415218,40.6179007]}},{"type":"Feature","properties":{"assetId":"GR-substation-way-178234508","countryCode":"GR","assetType":"substation","powerType":"substation","osmType":"way","osmId":"178234508","actualVoltagesKv":[150],"actualVoltageKv":150,"gridClass":"154","displayClass":"154 kV sınıfı","name":null,"ref":null,"operator":null,"from":null,"to":null,"displayLabel":"150 kV · OSM 178234508","labelSource":"generated-identifier","voltageRaw":"150000","circuits":null,"cables":null,"frequency":null,"location":null,"sourceProvider":"OpenStreetMap Overpass API","sourceFallback":"ArcGIS structures layer omits polygon/way substations","sourceLicense":"ODbL 1.0","osmTimestamp":"2025-03-30T12:36:40Z"},"geometry":{"type":"Point","coordinates":[22.11039897023904,37.41815295]}},{"type":"Feature","properties":{"assetId":"GR-substation-way-188687492","countryCode":"GR","assetType":"substation","powerType":"substation","osmType":"way","osmId":"188687492","actualVoltagesKv":[150],"actualVoltageKv":150,"gridClass":"154","displayClass":"154 kV sınıfı","name":null,"ref":null,"operator":null,"from":null,"to":null,"displayLabel":"150 kV · OSM 188687492","labelSource":"generated-identifier","voltageRaw":"150000","circuits":null,"cables":null,"frequency":null,"location":null,"sourceProvider":"OpenStreetMap Overpass API","sourceFallback":"ArcGIS structures layer omits polygon/way substations","sourceLicense":"ODbL 1.0","osmTimestamp":"2024-03-22T19:01:29Z"},"geometry":{"type":"Point","coordinates":[22.68898625649724,38.3583749]}},{"type":"Feature","properties":{"assetId":"GR-substation-way-190884236","countryCode":"GR","assetType":"substation","powerType":"substation","osmType":"way","osmId":"190884236","actualVoltagesKv":[150],"actualVoltageKv":150,"gridClass":"154","displayClass":"154 kV sınıfı","name":null,"ref":null,"operator":null,"from":null,"to":null,"displayLabel":"150 kV · OSM 190884236","labelSource":"generated-identifier","voltageRaw":"150000","circuits":null,"cables":null,"frequency":null,"location":null,"sourceProvider":"OpenStreetMap Overpass API","sourceFallback":"ArcGIS structures layer omits polygon/way substations","sourceLicense":"ODbL 1.0","osmTimestamp":"2019-10-02T08:32:08Z"},"geometry":{"type":"Point","coordinates":[25.05122885404331,35.33978215]}},{"type":"Feature","properties":{"assetId":"GR-substation-way-219975140","countryCode":"GR","assetType":"substation","powerType":"substation","osmType":"way","osmId":"219975140","actualVoltagesKv":[150],"actualVoltageKv":150,"gridClass":"154","displayClass":"154 kV sınıfı","name":null,"ref":null,"operator":"ΥΗΣ Πλαστήρα","from":null,"to":null,"displayLabel":"ΥΗΣ Πλαστήρα · 150 kV · OSM 219975140","labelSource":"generated-identifier","voltageRaw":"150000","circuits":null,"cables":null,"frequency":null,"location":null,"sourceProvider":"OpenStreetMap Overpass API","sourceFallback":"ArcGIS structures layer omits polygon/way substations","sourceLicense":"ODbL 1.0","osmTimestamp":"2024-11-14T13:38:22Z"},"geometry":{"type":"Point","coordinates":[21.8124039,39.3267659]}},{"type":"Feature","properties":{"assetId":"GR-substation-way-221615410","countryCode":"GR","assetType":"substation","powerType":"substation","osmType":"way","osmId":"221615410","actualVoltagesKv":[150],"actualVoltageKv":150,"gridClass":"154","displayClass":"154 kV sınıfı","name":null,"ref":null,"operator":null,"from":null,"to":null,"displayLabel":"150 kV · OSM 221615410","labelSource":"generated-identifier","voltageRaw":"150000","circuits":null,"cables":null,"frequency":null,"location":null,"sourceProvider":"OpenStreetMap Overpass API","sourceFallback":"ArcGIS structures layer omits polygon/way substations","sourceLicense":"ODbL 1.0","osmTimestamp":"2025-03-30T12:18:17Z"},"geometry":{"type":"Point","coordinates":[21.758273936923032,36.95227965]}},{"type":"Feature","properties":{"assetId":"GR-substation-way-226771009","countryCode":"GR","assetType":"substation","powerType":"substation","osmType":"way","osmId":"226771009","actualVoltagesKv":[150],"actualVoltageKv":150,"gridClass":"154","displayClass":"154 kV sınıfı","name":null,"ref":null,"operator":null,"from":null,"to":null,"displayLabel":"150 kV · OSM 226771009","labelSource":"generated-identifier","voltageRaw":"150000","circuits":null,"cables":null,"frequency":null,"location":null,"sourceProvider":"OpenStreetMap Overpass API","sourceFallback":"ArcGIS structures layer omits polygon/way substations","sourceLicense":"ODbL 1.0","osmTimestamp":"2025-03-30T11:55:55Z"},"geometry":{"type":"Point","coordinates":[28.177970006622747,36.4002579]}},{"type":"Feature","properties":{"assetId":"GR-substation-way-232346869","countryCode":"GR","assetType":"substation","powerType":"substation","osmType":"way","osmId":"232346869","actualVoltagesKv":[150],"actualVoltageKv":150,"gridClass":"154","displayClass":"154 kV sınıfı","name":"Υ/Σ ΠΑΝΟΡΑΜΑ","ref":null,"operator":"IPTO","from":null,"to":null,"displayLabel":"Υ/Σ ΠΑΝΟΡΑΜΑ","labelSource":"osm-name","voltageRaw":"150000","circuits":null,"cables":null,"frequency":null,"location":null,"sourceProvider":"OpenStreetMap Overpass API","sourceFallback":"ArcGIS structures layer omits polygon/way substations","sourceLicense":"ODbL 1.0","osmTimestamp":"2023-02-08T12:54:07Z"},"geometry":{"type":"Point","coordinates":[23.427876742563626,38.21181035]}},{"type":"Feature","properties":{"assetId":"GR-substation-way-245324275","countryCode":"GR","assetType":"substation","powerType":"substation","osmType":"way","osmId":"245324275","actualVoltagesKv":[150],"actualVoltageKv":150,"gridClass":"154","displayClass":"154 kV sınıfı","name":null,"ref":null,"operator":null,"from":null,"to":null,"displayLabel":"150 kV · OSM 245324275","labelSource":"generated-identifier","voltageRaw":"150000","circuits":null,"cables":null,"frequency":null,"location":null,"sourceProvider":"OpenStreetMap Overpass API","sourceFallback":"ArcGIS structures layer omits polygon/way substations","sourceLicense":"ODbL 1.0","osmTimestamp":"2025-03-14T17:13:24Z"},"geometry":{"type":"Point","coordinates":[23.937479605682846,35.482323550000004]}},{"type":"Feature","properties":{"assetId":"GR-substation-way-245676793","countryCode":"GR","assetType":"substation","powerType":"substation","osmType":"way","osmId":"245676793","actualVoltagesKv":[150],"actualVoltageKv":150,"gridClass":"154","displayClass":"154 kV sınıfı","name":null,"ref":null,"operator":null,"from":null,"to":null,"displayLabel":"150 kV · OSM 245676793","labelSource":"generated-identifier","voltageRaw":"150000","circuits":null,"cables":null,"frequency":null,"location":null,"sourceProvider":"OpenStreetMap Overpass API","sourceFallback":"ArcGIS structures layer omits polygon/way substations","sourceLicense":"ODbL 1.0","osmTimestamp":"2025-05-13T19:43:31Z"},"geometry":{"type":"Point","coordinates":[25.155590588284884,35.333805850000005]}},{"type":"Feature","properties":{"assetId":"GR-substation-way-248889404","countryCode":"GR","assetType":"substation","powerType":"substation","osmType":"way","osmId":"248889404","actualVoltagesKv":[150],"actualVoltageKv":150,"gridClass":"154","displayClass":"154 kV sınıfı","name":"Υ/Σ ΣΤΥΛΙΔΑΣ","ref":null,"operator":"IPTO","from":null,"to":null,"displayLabel":"Υ/Σ ΣΤΥΛΙΔΑΣ","labelSource":"osm-name","voltageRaw":"150000","circuits":null,"cables":null,"frequency":null,"location":null,"sourceProvider":"OpenStreetMap Overpass API","sourceFallback":"ArcGIS structures layer omits polygon/way substations","sourceLicense":"ODbL 1.0","osmTimestamp":"2025-04-07T13:28:44Z"},"geometry":{"type":"Point","coordinates":[22.581299040800324,38.907505549999996]}},{"type":"Feature","properties":{"assetId":"GR-substation-way-248906656","countryCode":"GR","assetType":"substation","powerType":"substation","osmType":"way","osmId":"248906656","actualVoltagesKv":[150],"actualVoltageKv":150,"gridClass":"154","displayClass":"154 kV sınıfı","name":"Υ/Σ ΛΕΟΝΤΑΡΙ","ref":null,"operator":"IPTO","from":null,"to":null,"displayLabel":"Υ/Σ ΛΕΟΝΤΑΡΙ","labelSource":"osm-name","voltageRaw":"150000","circuits":null,"cables":null,"frequency":null,"location":null,"sourceProvider":"OpenStreetMap Overpass API","sourceFallback":"ArcGIS structures layer omits polygon/way substations","sourceLicense":"ODbL 1.0","osmTimestamp":"2024-11-14T13:38:39Z"},"geometry":{"type":"Point","coordinates":[22.160594232357468,39.1761091]}},{"type":"Feature","properties":{"assetId":"GR-substation-way-249108719","countryCode":"GR","assetType":"substation","powerType":"substation","osmType":"way","osmId":"249108719","actualVoltagesKv":[150],"actualVoltageKv":150,"gridClass":"154","displayClass":"154 kV sınıfı","name":null,"ref":null,"operator":null,"from":null,"to":null,"displayLabel":"150 kV · OSM 249108719","labelSource":"generated-identifier","voltageRaw":"150000","circuits":null,"cables":null,"frequency":null,"location":null,"sourceProvider":"OpenStreetMap Overpass API","sourceFallback":"ArcGIS structures layer omits polygon/way substations","sourceLicense":"ODbL 1.0","osmTimestamp":"2021-08-12T19:06:36Z"},"geometry":{"type":"Point","coordinates":[20.791489552203686,38.9144225]}},{"type":"Feature","properties":{"assetId":"GR-substation-way-249115247","countryCode":"GR","assetType":"substation","powerType":"substation","osmType":"way","osmId":"249115247","actualVoltagesKv":[150],"actualVoltageKv":150,"gridClass":"154","displayClass":"154 kV sınıfı","name":"Υ/Σ ΑΜΦΙΛΟΧΙΑΣ","ref":null,"operator":null,"from":null,"to":null,"displayLabel":"Υ/Σ ΑΜΦΙΛΟΧΙΑΣ","labelSource":"osm-name","voltageRaw":"150000","circuits":null,"cables":null,"frequency":null,"location":null,"sourceProvider":"OpenStreetMap Overpass API","sourceFallback":"ArcGIS structures layer omits polygon/way substations","sourceLicense":"ODbL 1.0","osmTimestamp":"2021-11-12T08:15:04Z"},"geometry":{"type":"Point","coordinates":[21.182147244385817,38.7960853]}},{"type":"Feature","properties":{"assetId":"GR-substation-way-249200397","countryCode":"GR","assetType":"substation","powerType":"substation","osmType":"way","osmId":"249200397","actualVoltagesKv":[150],"actualVoltageKv":150,"gridClass":"154","displayClass":"154 kV sınıfı","name":null,"ref":null,"operator":null,"from":null,"to":null,"displayLabel":"150 kV · OSM 249200397","labelSource":"generated-identifier","voltageRaw":"150000","circuits":null,"cables":null,"frequency":null,"location":null,"sourceProvider":"OpenStreetMap Overpass API","sourceFallback":"ArcGIS structures layer omits polygon/way substations","sourceLicense":"ODbL 1.0","osmTimestamp":"2021-08-12T19:06:36Z"},"geometry":{"type":"Point","coordinates":[20.500783154792323,38.19437515]}},{"type":"Feature","properties":{"assetId":"GR-substation-way-249200399","countryCode":"GR","assetType":"substation","powerType":"substation","osmType":"way","osmId":"249200399","actualVoltagesKv":[150],"actualVoltageKv":150,"gridClass":"154","displayClass":"154 kV sınıfı","name":null,"ref":null,"operator":null,"from":null,"to":null,"displayLabel":"150 kV · OSM 249200399","labelSource":"generated-identifier","voltageRaw":"150000","circuits":null,"cables":null,"frequency":null,"location":null,"sourceProvider":"OpenStreetMap Overpass API","sourceFallback":"ArcGIS structures layer omits polygon/way substations","sourceLicense":"ODbL 1.0","osmTimestamp":"2021-08-12T19:06:36Z"},"geometry":{"type":"Point","coordinates":[20.51770388670564,38.2939808]}},{"type":"Feature","properties":{"assetId":"GR-substation-way-249200400","countryCode":"GR","assetType":"substation","powerType":"substation","osmType":"way","osmId":"249200400","actualVoltagesKv":[150],"actualVoltageKv":150,"gridClass":"154","displayClass":"154 kV sınıfı","name":null,"ref":null,"operator":null,"from":null,"to":null,"displayLabel":"150 kV · OSM 249200400","labelSource":"generated-identifier","voltageRaw":"150000","circuits":null,"cables":null,"frequency":null,"location":null,"sourceProvider":"OpenStreetMap Overpass API","sourceFallback":"ArcGIS structures layer omits polygon/way substations","sourceLicense":"ODbL 1.0","osmTimestamp":"2021-08-12T19:06:36Z"},"geometry":{"type":"Point","coordinates":[20.662568150611868,38.7474431]}},{"type":"Feature","properties":{"assetId":"GR-substation-way-249407518","countryCode":"GR","assetType":"substation","powerType":"substation","osmType":"way","osmId":"249407518","actualVoltagesKv":[150],"actualVoltageKv":150,"gridClass":"154","displayClass":"154 kV sınıfı","name":null,"ref":null,"operator":null,"from":null,"to":null,"displayLabel":"150 kV · OSM 249407518","labelSource":"generated-identifier","voltageRaw":"150000","circuits":null,"cables":null,"frequency":null,"location":null,"sourceProvider":"OpenStreetMap Overpass API","sourceFallback":"ArcGIS structures layer omits polygon/way substations","sourceLicense":"ODbL 1.0","osmTimestamp":"2025-03-30T15:02:16Z"},"geometry":{"type":"Point","coordinates":[20.231255244265252,39.416907888270984]}},{"type":"Feature","properties":{"assetId":"GR-substation-way-249407519","countryCode":"GR","assetType":"substation","powerType":"substation","osmType":"way","osmId":"249407519","actualVoltagesKv":[150],"actualVoltageKv":150,"gridClass":"154","displayClass":"154 kV sınıfı","name":null,"ref":null,"operator":"ΔΕΗ","from":null,"to":null,"displayLabel":"ΔΕΗ · 150 kV · OSM 249407519","labelSource":"generated-identifier","voltageRaw":"150000","circuits":null,"cables":null,"frequency":null,"location":null,"sourceProvider":"OpenStreetMap Overpass API","sourceFallback":"ArcGIS structures layer omits polygon/way substations","sourceLicense":"ODbL 1.0","osmTimestamp":"2025-03-30T13:09:18Z"},"geometry":{"type":"Point","coordinates":[20.724862,38.9945425]}},{"type":"Feature","properties":{"assetId":"GR-substation-way-249407521","countryCode":"GR","assetType":"substation","powerType":"substation","osmType":"way","osmId":"249407521","actualVoltagesKv":[150],"actualVoltageKv":150,"gridClass":"154","displayClass":"154 kV sınıfı","name":"Υδροηλεκτρικό Εργοστάσιο Λάδωνα","ref":null,"operator":"ΔΕΗ","from":null,"to":null,"displayLabel":"Υδροηλεκτρικό Εργοστάσιο Λάδωνα","labelSource":"osm-name","voltageRaw":"150000","circuits":null,"cables":null,"frequency":null,"location":null,"sourceProvider":"OpenStreetMap Overpass API","sourceFallback":"ArcGIS structures layer omits polygon/way substations","sourceLicense":"ODbL 1.0","osmTimestamp":"2025-03-30T12:36:40Z"},"geometry":{"type":"Point","coordinates":[21.884494390135764,37.75068455]}},{"type":"Feature","properties":{"assetId":"GR-substation-way-249407522","countryCode":"GR","assetType":"substation","powerType":"substation","osmType":"way","osmId":"249407522","actualVoltagesKv":[150],"actualVoltageKv":150,"gridClass":"154","displayClass":"154 kV sınıfı","name":null,"ref":null,"operator":null,"from":null,"to":null,"displayLabel":"150 kV · OSM 249407522","labelSource":"generated-identifier","voltageRaw":"150000","circuits":null,"cables":null,"frequency":null,"location":null,"sourceProvider":"OpenStreetMap Overpass API","sourceFallback":"ArcGIS structures layer omits polygon/way substations","sourceLicense":"ODbL 1.0","osmTimestamp":"2025-03-30T13:07:46Z"},"geometry":{"type":"Point","coordinates":[20.53119774369612,39.299805199999994]}},{"type":"Feature","properties":{"assetId":"GR-substation-way-249407528","countryCode":"GR","assetType":"substation","powerType":"substation","osmType":"way","osmId":"249407528","actualVoltagesKv":[150],"actualVoltageKv":150,"gridClass":"154","displayClass":"154 kV sınıfı","name":null,"ref":null,"operator":null,"from":null,"to":null,"displayLabel":"150 kV · OSM 249407528","labelSource":"generated-identifier","voltageRaw":"150000","circuits":null,"cables":null,"frequency":null,"location":null,"sourceProvider":"OpenStreetMap Overpass API","sourceFallback":"ArcGIS structures layer omits polygon/way substations","sourceLicense":"ODbL 1.0","osmTimestamp":"2025-03-30T13:09:18Z"},"geometry":{"type":"Point","coordinates":[20.807592646532644,38.9635574]}},{"type":"Feature","properties":{"assetId":"GR-substation-way-249414224","countryCode":"GR","assetType":"substation","powerType":"substation","osmType":"way","osmId":"249414224","actualVoltagesKv":[150,400],"actualVoltageKv":400,"gridClass":"400","displayClass":"400 kV sınıfı","name":null,"ref":null,"operator":null,"from":null,"to":null,"displayLabel":"400 kV · OSM 249414224","labelSource":"generated-identifier","voltageRaw":"400000;150000","circuits":null,"cables":null,"frequency":null,"location":null,"sourceProvider":"OpenStreetMap Overpass API","sourceFallback":"ArcGIS structures layer omits polygon/way substations","sourceLicense":"ODbL 1.0","osmTimestamp":"2025-03-30T12:36:40Z"},"geometry":{"type":"Point","coordinates":[22.061990611730636,37.427811750000004]}},{"type":"Feature","properties":{"assetId":"GR-substation-way-249627639","countryCode":"GR","assetType":"substation","powerType":"substation","osmType":"way","osmId":"249627639","actualVoltagesKv":[150],"actualVoltageKv":150,"gridClass":"154","displayClass":"154 kV sınıfı","name":"Ύ/Σ ΚΥΠΑΡΙΣΣΙΑ","ref":null,"operator":null,"from":null,"to":null,"displayLabel":"Ύ/Σ ΚΥΠΑΡΙΣΣΙΑ","labelSource":"osm-name","voltageRaw":"150000","circuits":null,"cables":null,"frequency":null,"location":null,"sourceProvider":"OpenStreetMap Overpass API","sourceFallback":"ArcGIS structures layer omits polygon/way substations","sourceLicense":"ODbL 1.0","osmTimestamp":"2025-03-30T12:18:17Z"},"geometry":{"type":"Point","coordinates":[21.70577926851974,37.3023347]}},{"type":"Feature","properties":{"assetId":"GR-substation-way-251087902","countryCode":"GR","assetType":"substation","powerType":"substation","osmType":"way","osmId":"251087902","actualVoltagesKv":[150],"actualVoltageKv":150,"gridClass":"154","displayClass":"154 kV sınıfı","name":"Scala Substation","ref":null,"operator":null,"from":null,"to":null,"displayLabel":"Scala Substation","labelSource":"osm-name","voltageRaw":"150000","circuits":null,"cables":null,"frequency":null,"location":null,"sourceProvider":"OpenStreetMap Overpass API","sourceFallback":"ArcGIS structures layer omits polygon/way substations","sourceLicense":"ODbL 1.0","osmTimestamp":"2025-03-30T12:13:02Z"},"geometry":{"type":"Point","coordinates":[22.632233392633726,36.86760135]}},{"type":"Feature","properties":{"assetId":"GR-substation-way-251907258","countryCode":"GR","assetType":"substation","powerType":"substation","osmType":"way","osmId":"251907258","actualVoltagesKv":[150],"actualVoltageKv":150,"gridClass":"154","displayClass":"154 kV sınıfı","name":"Υ/Σ ΚΟΡΩΝΕΙΑΣ","ref":null,"operator":null,"from":null,"to":null,"displayLabel":"Υ/Σ ΚΟΡΩΝΕΙΑΣ","labelSource":"osm-name","voltageRaw":"150000","circuits":null,"cables":null,"frequency":null,"location":null,"sourceProvider":"OpenStreetMap Overpass API","sourceFallback":"ArcGIS structures layer omits polygon/way substations","sourceLicense":"ODbL 1.0","osmTimestamp":"2021-11-12T13:27:20Z"},"geometry":{"type":"Point","coordinates":[22.91340475985983,38.32869155]}},{"type":"Feature","properties":{"assetId":"GR-substation-way-252077527","countryCode":"GR","assetType":"substation","powerType":"substation","osmType":"way","osmId":"252077527","actualVoltagesKv":[150,400],"actualVoltageKv":400,"gridClass":"400","displayClass":"400 kV sınıfı","name":"Κέντρο Υπερυψηλής Τάσης (ΚΥΤ) Μελίτη","ref":null,"operator":null,"from":null,"to":null,"displayLabel":"Κέντρο Υπερυψηλής Τάσης (ΚΥΤ) Μελίτη","labelSource":"osm-name","voltageRaw":"400000;150000","circuits":null,"cables":null,"frequency":"50","location":null,"sourceProvider":"OpenStreetMap Overpass API","sourceFallback":"ArcGIS structures layer omits polygon/way substations","sourceLicense":"ODbL 1.0","osmTimestamp":"2025-11-30T21:33:40Z"},"geometry":{"type":"Point","coordinates":[21.597455199673384,40.8106365]}},{"type":"Feature","properties":{"assetId":"GR-substation-way-253903008","countryCode":"GR","assetType":"substation","powerType":"substation","osmType":"way","osmId":"253903008","actualVoltagesKv":[400],"actualVoltageKv":400,"gridClass":"400","displayClass":"400 kV sınıfı","name":null,"ref":null,"operator":null,"from":null,"to":null,"displayLabel":"400 kV · OSM 253903008","labelSource":"generated-identifier","voltageRaw":"400000","circuits":null,"cables":null,"frequency":null,"location":null,"sourceProvider":"OpenStreetMap Overpass API","sourceFallback":"ArcGIS structures layer omits polygon/way substations","sourceLicense":"ODbL 1.0","osmTimestamp":"2024-02-27T20:44:00Z"},"geometry":{"type":"Point","coordinates":[22.68925404359745,38.35647335]}},{"type":"Feature","properties":{"assetId":"GR-substation-way-254057187","countryCode":"GR","assetType":"substation","powerType":"substation","osmType":"way","osmId":"254057187","actualVoltagesKv":[150],"actualVoltageKv":150,"gridClass":"154","displayClass":"154 kV sınıfı","name":"Υποσταθμός (Υ/Σ) Ζάρακα","ref":null,"operator":"IPTO","from":null,"to":null,"displayLabel":"Υποσταθμός (Υ/Σ) Ζάρακα","labelSource":"osm-name","voltageRaw":"150000","circuits":null,"cables":null,"frequency":null,"location":null,"sourceProvider":"OpenStreetMap Overpass API","sourceFallback":"ArcGIS structures layer omits polygon/way substations","sourceLicense":"ODbL 1.0","osmTimestamp":"2023-04-24T10:10:51Z"},"geometry":{"type":"Point","coordinates":[22.872344457767312,36.82805055]}},{"type":"Feature","properties":{"assetId":"GR-substation-way-254057189","countryCode":"GR","assetType":"substation","powerType":"substation","osmType":"way","osmId":"254057189","actualVoltagesKv":[150],"actualVoltageKv":150,"gridClass":"154","displayClass":"154 kV sınıfı","name":"Υποσταθμός (Υ/Σ) Μολάων","ref":null,"operator":"Ανεξάρτητος Διαχειριστής Μεταφοράς Ηλεκτρικής Ενέργειας (ΑΔΜΗΕ) Α.Ε.","from":null,"to":null,"displayLabel":"Υποσταθμός (Υ/Σ) Μολάων","labelSource":"osm-name","voltageRaw":"150000","circuits":null,"cables":null,"frequency":null,"location":"outdoor","sourceProvider":"OpenStreetMap Overpass API","sourceFallback":"ArcGIS structures layer omits polygon/way substations","sourceLicense":"ODbL 1.0","osmTimestamp":"2025-03-30T12:14:24Z"},"geometry":{"type":"Point","coordinates":[22.89210394218472,36.79034105]}},{"type":"Feature","properties":{"assetId":"GR-substation-way-254371184","countryCode":"GR","assetType":"substation","powerType":"substation","osmType":"way","osmId":"254371184","actualVoltagesKv":[150],"actualVoltageKv":150,"gridClass":"154","displayClass":"154 kV sınıfı","name":null,"ref":null,"operator":null,"from":null,"to":null,"displayLabel":"150 kV · OSM 254371184","labelSource":"generated-identifier","voltageRaw":"150000","circuits":null,"cables":null,"frequency":null,"location":null,"sourceProvider":"OpenStreetMap Overpass API","sourceFallback":"ArcGIS structures layer omits polygon/way substations","sourceLicense":"ODbL 1.0","osmTimestamp":"2025-03-30T12:13:19Z"},"geometry":{"type":"Point","coordinates":[22.433195932714177,37.0442984]}},{"type":"Feature","properties":{"assetId":"GR-substation-way-254371220","countryCode":"GR","assetType":"substation","powerType":"substation","osmType":"way","osmId":"254371220","actualVoltagesKv":[150],"actualVoltageKv":150,"gridClass":"154","displayClass":"154 kV sınıfı","name":null,"ref":null,"operator":null,"from":null,"to":null,"displayLabel":"150 kV · OSM 254371220","labelSource":"generated-identifier","voltageRaw":"150000","circuits":null,"cables":null,"frequency":null,"location":null,"sourceProvider":"OpenStreetMap Overpass API","sourceFallback":"ArcGIS structures layer omits polygon/way substations","sourceLicense":"ODbL 1.0","osmTimestamp":"2025-03-31T08:50:05Z"},"geometry":{"type":"Point","coordinates":[22.508631801118973,36.92609965]}},{"type":"Feature","properties":{"assetId":"GR-substation-way-254406007","countryCode":"GR","assetType":"substation","powerType":"substation","osmType":"way","osmId":"254406007","actualVoltagesKv":[150],"actualVoltageKv":150,"gridClass":"154","displayClass":"154 kV sınıfı","name":null,"ref":null,"operator":null,"from":null,"to":null,"displayLabel":"150 kV · OSM 254406007","labelSource":"generated-identifier","voltageRaw":"150000","circuits":null,"cables":null,"frequency":null,"location":null,"sourceProvider":"OpenStreetMap Overpass API","sourceFallback":"ArcGIS structures layer omits polygon/way substations","sourceLicense":"ODbL 1.0","osmTimestamp":"2025-03-30T12:18:17Z"},"geometry":{"type":"Point","coordinates":[22.06423560158124,37.06285845]}},{"type":"Feature","properties":{"assetId":"GR-substation-way-255599054","countryCode":"GR","assetType":"substation","powerType":"substation","osmType":"way","osmId":"255599054","actualVoltagesKv":[150],"actualVoltageKv":150,"gridClass":"154","displayClass":"154 kV sınıfı","name":null,"ref":null,"operator":null,"from":null,"to":null,"displayLabel":"150 kV · OSM 255599054","labelSource":"generated-identifier","voltageRaw":"150000","circuits":null,"cables":null,"frequency":null,"location":null,"sourceProvider":"OpenStreetMap Overpass API","sourceFallback":"ArcGIS structures layer omits polygon/way substations","sourceLicense":"ODbL 1.0","osmTimestamp":"2019-10-02T08:32:08Z"},"geometry":{"type":"Point","coordinates":[26.104531051012046,35.19688085]}},{"type":"Feature","properties":{"assetId":"GR-substation-way-255599059","countryCode":"GR","assetType":"substation","powerType":"substation","osmType":"way","osmId":"255599059","actualVoltagesKv":[150],"actualVoltageKv":150,"gridClass":"154","displayClass":"154 kV sınıfı","name":null,"ref":null,"operator":null,"from":null,"to":null,"displayLabel":"150 kV · OSM 255599059","labelSource":"generated-identifier","voltageRaw":"150000","circuits":null,"cables":null,"frequency":null,"location":null,"sourceProvider":"OpenStreetMap Overpass API","sourceFallback":"ArcGIS structures layer omits polygon/way substations","sourceLicense":"ODbL 1.0","osmTimestamp":"2019-10-02T08:32:08Z"},"geometry":{"type":"Point","coordinates":[26.137539785432175,35.00414345]}},{"type":"Feature","properties":{"assetId":"GR-substation-way-258215899","countryCode":"GR","assetType":"substation","powerType":"substation","osmType":"way","osmId":"258215899","actualVoltagesKv":[150],"actualVoltageKv":150,"gridClass":"154","displayClass":"154 kV sınıfı","name":null,"ref":null,"operator":null,"from":null,"to":null,"displayLabel":"150 kV · OSM 258215899","labelSource":"generated-identifier","voltageRaw":"150000","circuits":null,"cables":null,"frequency":null,"location":null,"sourceProvider":"OpenStreetMap Overpass API","sourceFallback":"ArcGIS structures layer omits polygon/way substations","sourceLicense":"ODbL 1.0","osmTimestamp":"2025-03-30T12:43:53Z"},"geometry":{"type":"Point","coordinates":[21.387725234601376,39.1575686]}},{"type":"Feature","properties":{"assetId":"GR-substation-way-275303236","countryCode":"GR","assetType":"substation","powerType":"substation","osmType":"way","osmId":"275303236","actualVoltagesKv":[150],"actualVoltageKv":150,"gridClass":"154","displayClass":"154 kV sınıfı","name":"Υδροηλεκτρικός σταθμός Γλύστρας","ref":null,"operator":null,"from":null,"to":null,"displayLabel":"Υδροηλεκτρικός σταθμός Γλύστρας","labelSource":"osm-name","voltageRaw":"150000","circuits":null,"cables":null,"frequency":"50","location":"outdoor","sourceProvider":"OpenStreetMap Overpass API","sourceFallback":"ArcGIS structures layer omits polygon/way substations","sourceLicense":"ODbL 1.0","osmTimestamp":"2025-03-30T12:43:53Z"},"geometry":{"type":"Point","coordinates":[21.27406288780145,39.3916393]}},{"type":"Feature","properties":{"assetId":"GR-substation-way-281501120","countryCode":"GR","assetType":"substation","powerType":"substation","osmType":"way","osmId":"281501120","actualVoltagesKv":[150],"actualVoltageKv":150,"gridClass":"154","displayClass":"154 kV sınıfı","name":null,"ref":null,"operator":null,"from":null,"to":null,"displayLabel":"150 kV · OSM 281501120","labelSource":"generated-identifier","voltageRaw":"150000","circuits":null,"cables":null,"frequency":null,"location":null,"sourceProvider":"OpenStreetMap Overpass API","sourceFallback":"ArcGIS structures layer omits polygon/way substations","sourceLicense":"ODbL 1.0","osmTimestamp":"2025-03-30T11:55:55Z"},"geometry":{"type":"Point","coordinates":[27.921386848590238,36.03548285]}},{"type":"Feature","properties":{"assetId":"GR-substation-way-302950604","countryCode":"GR","assetType":"substation","powerType":"substation","osmType":"way","osmId":"302950604","actualVoltagesKv":[150,400],"actualVoltageKv":400,"gridClass":"400","displayClass":"400 kV sınıfı","name":"Κέντρο Υψηλής Τάσης Λαγκαδά","ref":null,"operator":null,"from":null,"to":null,"displayLabel":"Κέντρο Υψηλής Τάσης Λαγκαδά","labelSource":"osm-name","voltageRaw":"400000;150000","circuits":null,"cables":null,"frequency":null,"location":null,"sourceProvider":"OpenStreetMap Overpass API","sourceFallback":"ArcGIS structures layer omits polygon/way substations","sourceLicense":"ODbL 1.0","osmTimestamp":"2025-03-30T20:23:21Z"},"geometry":{"type":"Point","coordinates":[23.047364947385446,40.790238450000004]}},{"type":"Feature","properties":{"assetId":"GR-substation-way-314415757","countryCode":"GR","assetType":"substation","powerType":"substation","osmType":"way","osmId":"314415757","actualVoltagesKv":[150],"actualVoltageKv":150,"gridClass":"154","displayClass":"154 kV sınıfı","name":null,"ref":null,"operator":null,"from":null,"to":null,"displayLabel":"150 kV · OSM 314415757","labelSource":"generated-identifier","voltageRaw":"150000","circuits":null,"cables":null,"frequency":null,"location":null,"sourceProvider":"OpenStreetMap Overpass API","sourceFallback":"ArcGIS structures layer omits polygon/way substations","sourceLicense":"ODbL 1.0","osmTimestamp":"2023-08-06T15:35:34Z"},"geometry":{"type":"Point","coordinates":[24.945580586811566,37.4717778]}},{"type":"Feature","properties":{"assetId":"GR-substation-way-32126439","countryCode":"GR","assetType":"substation","powerType":"substation","osmType":"way","osmId":"32126439","actualVoltagesKv":[150],"actualVoltageKv":150,"gridClass":"154","displayClass":"154 kV sınıfı","name":"Υποσταθμός Αγίου Δημητρίου","ref":null,"operator":"ΑΔΜΗΕ","from":null,"to":null,"displayLabel":"Υποσταθμός Αγίου Δημητρίου","labelSource":"osm-name","voltageRaw":"150000","circuits":null,"cables":null,"frequency":null,"location":null,"sourceProvider":"OpenStreetMap Overpass API","sourceFallback":"ArcGIS structures layer omits polygon/way substations","sourceLicense":"ODbL 1.0","osmTimestamp":"2024-01-29T20:41:20Z"},"geometry":{"type":"Point","coordinates":[22.94128554302008,40.6420209]}},{"type":"Feature","properties":{"assetId":"GR-substation-way-32357326","countryCode":"GR","assetType":"substation","powerType":"substation","osmType":"way","osmId":"32357326","actualVoltagesKv":[400],"actualVoltageKv":400,"gridClass":"400","displayClass":"400 kV sınıfı","name":"ΚΥΤ ΑΛΙΒΕΡΙΟΥ","ref":null,"operator":"IPTO","from":null,"to":null,"displayLabel":"ΚΥΤ ΑΛΙΒΕΡΙΟΥ","labelSource":"osm-name","voltageRaw":"400000","circuits":null,"cables":null,"frequency":null,"location":null,"sourceProvider":"OpenStreetMap Overpass API","sourceFallback":"ArcGIS structures layer omits polygon/way substations","sourceLicense":"ODbL 1.0","osmTimestamp":"2022-07-15T22:24:21Z"},"geometry":{"type":"Point","coordinates":[24.056305998356066,38.391719300000005]}},{"type":"Feature","properties":{"assetId":"GR-substation-way-339977319","countryCode":"GR","assetType":"substation","powerType":"substation","osmType":"way","osmId":"339977319","actualVoltagesKv":[150],"actualVoltageKv":150,"gridClass":"154","displayClass":"154 kV sınıfı","name":null,"ref":null,"operator":null,"from":null,"to":null,"displayLabel":"150 kV · OSM 339977319","labelSource":"generated-identifier","voltageRaw":"150000","circuits":null,"cables":null,"frequency":null,"location":null,"sourceProvider":"OpenStreetMap Overpass API","sourceFallback":"ArcGIS structures layer omits polygon/way substations","sourceLicense":"ODbL 1.0","osmTimestamp":"2025-03-30T11:43:14Z"},"geometry":{"type":"Point","coordinates":[23.697378887342055,35.49111955]}},{"type":"Feature","properties":{"assetId":"GR-substation-way-345656987","countryCode":"GR","assetType":"substation","powerType":"substation","osmType":"way","osmId":"345656987","actualVoltagesKv":[150],"actualVoltageKv":150,"gridClass":"154","displayClass":"154 kV sınıfı","name":null,"ref":null,"operator":null,"from":null,"to":null,"displayLabel":"150 kV · OSM 345656987","labelSource":"generated-identifier","voltageRaw":"150000","circuits":null,"cables":null,"frequency":null,"location":null,"sourceProvider":"OpenStreetMap Overpass API","sourceFallback":"ArcGIS structures layer omits polygon/way substations","sourceLicense":"ODbL 1.0","osmTimestamp":"2024-11-14T13:31:35Z"},"geometry":{"type":"Point","coordinates":[22.54354445611592,40.21647795]}},{"type":"Feature","properties":{"assetId":"GR-substation-way-366929712","countryCode":"GR","assetType":"substation","powerType":"substation","osmType":"way","osmId":"366929712","actualVoltagesKv":[150],"actualVoltageKv":150,"gridClass":"154","displayClass":"154 kV sınıfı","name":"Υ/Σ ΘΗΣΑΥΡΟΥ","ref":null,"operator":null,"from":null,"to":null,"displayLabel":"Υ/Σ ΘΗΣΑΥΡΟΥ","labelSource":"osm-name","voltageRaw":"150000","circuits":null,"cables":null,"frequency":null,"location":null,"sourceProvider":"OpenStreetMap Overpass API","sourceFallback":"ArcGIS structures layer omits polygon/way substations","sourceLicense":"ODbL 1.0","osmTimestamp":"2022-03-22T12:31:15Z"},"geometry":{"type":"Point","coordinates":[24.374517548387054,41.36266635]}},{"type":"Feature","properties":{"assetId":"GR-substation-way-366930187","countryCode":"GR","assetType":"substation","powerType":"substation","osmType":"way","osmId":"366930187","actualVoltagesKv":[150],"actualVoltageKv":150,"gridClass":"154","displayClass":"154 kV sınıfı","name":"Υ/Σ ΠΛΑΤΑΝΟΒΡΥΣΗΣ","ref":null,"operator":null,"from":null,"to":null,"displayLabel":"Υ/Σ ΠΛΑΤΑΝΟΒΡΥΣΗΣ","labelSource":"osm-name","voltageRaw":"150000","circuits":null,"cables":null,"frequency":null,"location":null,"sourceProvider":"OpenStreetMap Overpass API","sourceFallback":"ArcGIS structures layer omits polygon/way substations","sourceLicense":"ODbL 1.0","osmTimestamp":"2022-03-22T12:31:15Z"},"geometry":{"type":"Point","coordinates":[24.4599297,41.3340588]}},{"type":"Feature","properties":{"assetId":"GR-substation-way-369696423","countryCode":"GR","assetType":"substation","powerType":"substation","osmType":"way","osmId":"369696423","actualVoltagesKv":[150],"actualVoltageKv":150,"gridClass":"154","displayClass":"154 kV sınıfı","name":null,"ref":null,"operator":null,"from":null,"to":null,"displayLabel":"150 kV · OSM 369696423","labelSource":"generated-identifier","voltageRaw":"150000","circuits":null,"cables":null,"frequency":null,"location":null,"sourceProvider":"OpenStreetMap Overpass API","sourceFallback":"ArcGIS structures layer omits polygon/way substations","sourceLicense":"ODbL 1.0","osmTimestamp":"2019-10-02T08:32:08Z"},"geometry":{"type":"Point","coordinates":[25.00060334636205,35.14835785]}},{"type":"Feature","properties":{"assetId":"GR-substation-way-371592851","countryCode":"GR","assetType":"substation","powerType":"substation","osmType":"way","osmId":"371592851","actualVoltagesKv":[150],"actualVoltageKv":150,"gridClass":"154","displayClass":"154 kV sınıfı","name":"Υ/Σ ΝΙΚΗΤΗ","ref":null,"operator":"IPTO","from":null,"to":null,"displayLabel":"Υ/Σ ΝΙΚΗΤΗ","labelSource":"osm-name","voltageRaw":"150000","circuits":null,"cables":null,"frequency":null,"location":null,"sourceProvider":"OpenStreetMap Overpass API","sourceFallback":"ArcGIS structures layer omits polygon/way substations","sourceLicense":"ODbL 1.0","osmTimestamp":"2023-11-01T18:23:55Z"},"geometry":{"type":"Point","coordinates":[23.697126281097816,40.2245394]}},{"type":"Feature","properties":{"assetId":"GR-substation-way-376915180","countryCode":"GR","assetType":"substation","powerType":"substation","osmType":"way","osmId":"376915180","actualVoltagesKv":[150],"actualVoltageKv":150,"gridClass":"154","displayClass":"154 kV sınıfı","name":null,"ref":null,"operator":null,"from":null,"to":null,"displayLabel":"150 kV · OSM 376915180","labelSource":"generated-identifier","voltageRaw":"150000","circuits":null,"cables":null,"frequency":null,"location":null,"sourceProvider":"OpenStreetMap Overpass API","sourceFallback":"ArcGIS structures layer omits polygon/way substations","sourceLicense":"ODbL 1.0","osmTimestamp":"2019-10-02T08:32:08Z"},"geometry":{"type":"Point","coordinates":[24.03754018777546,35.4892773]}},{"type":"Feature","properties":{"assetId":"GR-substation-way-492414876","countryCode":"GR","assetType":"substation","powerType":"substation","osmType":"way","osmId":"492414876","actualVoltagesKv":[150],"actualVoltageKv":150,"gridClass":"154","displayClass":"154 kV sınıfı","name":"Υ/Σ ΣΤΑΓΕΙΡΑ","ref":null,"operator":"IPTO","from":null,"to":null,"displayLabel":"Υ/Σ ΣΤΑΓΕΙΡΑ","labelSource":"osm-name","voltageRaw":"150000","circuits":null,"cables":null,"frequency":null,"location":"outdoor","sourceProvider":"OpenStreetMap Overpass API","sourceFallback":"ArcGIS structures layer omits polygon/way substations","sourceLicense":"ODbL 1.0","osmTimestamp":"2022-09-13T21:14:38Z"},"geometry":{"type":"Point","coordinates":[23.73465353496723,40.52196645]}},{"type":"Feature","properties":{"assetId":"GR-substation-way-492809796","countryCode":"GR","assetType":"substation","powerType":"substation","osmType":"way","osmId":"492809796","actualVoltagesKv":[150],"actualVoltageKv":150,"gridClass":"154","displayClass":"154 kV sınıfı","name":"Υποσταθμός Αγίου Μάμα","ref":null,"operator":"IPTO","from":null,"to":null,"displayLabel":"Υποσταθμός Αγίου Μάμα","labelSource":"osm-name","voltageRaw":"150000","circuits":null,"cables":null,"frequency":null,"location":"outdoor","sourceProvider":"OpenStreetMap Overpass API","sourceFallback":"ArcGIS structures layer omits polygon/way substations","sourceLicense":"ODbL 1.0","osmTimestamp":"2022-09-13T21:29:15Z"},"geometry":{"type":"Point","coordinates":[23.33902331715796,40.26752745]}},{"type":"Feature","properties":{"assetId":"GR-substation-way-493548152","countryCode":"GR","assetType":"substation","powerType":"substation","osmType":"way","osmId":"493548152","actualVoltagesKv":[150],"actualVoltageKv":150,"gridClass":"154","displayClass":"154 kV sınıfı","name":"Υ/Σ ΛΕΥΚΑ","ref":null,"operator":"IPTO","from":null,"to":null,"displayLabel":"Υ/Σ ΛΕΥΚΑ","labelSource":"osm-name","voltageRaw":"150000","circuits":null,"cables":null,"frequency":null,"location":null,"sourceProvider":"OpenStreetMap Overpass API","sourceFallback":"ArcGIS structures layer omits polygon/way substations","sourceLicense":"ODbL 1.0","osmTimestamp":"2026-01-05T08:28:55Z"},"geometry":{"type":"Point","coordinates":[21.819572509126168,38.40650895]}},{"type":"Feature","properties":{"assetId":"GR-substation-way-51408420","countryCode":"GR","assetType":"substation","powerType":"substation","osmType":"way","osmId":"51408420","actualVoltagesKv":[150,400],"actualVoltageKv":400,"gridClass":"400","displayClass":"400 kV sınıfı","name":"ΚΥΤ ΚΟΥΜΟΥΝΔΟΥΡΟΥ","ref":null,"operator":"IPTO","from":null,"to":null,"displayLabel":"ΚΥΤ ΚΟΥΜΟΥΝΔΟΥΡΟΥ","labelSource":"osm-name","voltageRaw":"400000;150000","circuits":null,"cables":null,"frequency":null,"location":"outdoor","sourceProvider":"OpenStreetMap Overpass API","sourceFallback":"ArcGIS structures layer omits polygon/way substations","sourceLicense":"ODbL 1.0","osmTimestamp":"2025-03-31T22:01:02Z"},"geometry":{"type":"Point","coordinates":[23.62374210004304,38.03305535]}},{"type":"Feature","properties":{"assetId":"GR-substation-way-549736075","countryCode":"GR","assetType":"substation","powerType":"substation","osmType":"way","osmId":"549736075","actualVoltagesKv":[150],"actualVoltageKv":150,"gridClass":"154","displayClass":"154 kV sınıfı","name":null,"ref":null,"operator":null,"from":null,"to":null,"displayLabel":"150 kV · OSM 549736075","labelSource":"generated-identifier","voltageRaw":"150000","circuits":null,"cables":null,"frequency":null,"location":null,"sourceProvider":"OpenStreetMap Overpass API","sourceFallback":"ArcGIS structures layer omits polygon/way substations","sourceLicense":"ODbL 1.0","osmTimestamp":"2025-03-30T12:45:14Z"},"geometry":{"type":"Point","coordinates":[21.09280703036027,39.78344735]}},{"type":"Feature","properties":{"assetId":"GR-substation-way-55099563","countryCode":"GR","assetType":"substation","powerType":"substation","osmType":"way","osmId":"55099563","actualVoltagesKv":[150,400],"actualVoltageKv":400,"gridClass":"400","displayClass":"400 kV sınıfı","name":"Κέντρο Υπερυψηλής Τάσης Θεσσαλονίκης (ΚΥΤ)","ref":null,"operator":"ΑΔΜΗΕ","from":null,"to":null,"displayLabel":"Κέντρο Υπερυψηλής Τάσης Θεσσαλονίκης (ΚΥΤ)","labelSource":"osm-name","voltageRaw":"400000;150000","circuits":null,"cables":null,"frequency":null,"location":null,"sourceProvider":"OpenStreetMap Overpass API","sourceFallback":"ArcGIS structures layer omits polygon/way substations","sourceLicense":"ODbL 1.0","osmTimestamp":"2024-08-03T14:39:24Z"},"geometry":{"type":"Point","coordinates":[22.924118022999853,40.691451400000005]}},{"type":"Feature","properties":{"assetId":"GR-substation-way-586064500","countryCode":"GR","assetType":"substation","powerType":"substation","osmType":"way","osmId":"586064500","actualVoltagesKv":[150],"actualVoltageKv":150,"gridClass":"154","displayClass":"154 kV sınıfı","name":"ΛΑΡΙΣΑ 1","ref":null,"operator":"IPTO","from":null,"to":null,"displayLabel":"ΛΑΡΙΣΑ 1","labelSource":"osm-name","voltageRaw":"150000","circuits":null,"cables":null,"frequency":null,"location":null,"sourceProvider":"OpenStreetMap Overpass API","sourceFallback":"ArcGIS structures layer omits polygon/way substations","sourceLicense":"ODbL 1.0","osmTimestamp":"2025-06-10T15:25:44Z"},"geometry":{"type":"Point","coordinates":[22.39296629936362,39.62759560000001]}},{"type":"Feature","properties":{"assetId":"GR-substation-way-592861211","countryCode":"GR","assetType":"substation","powerType":"substation","osmType":"way","osmId":"592861211","actualVoltagesKv":[150],"actualVoltageKv":150,"gridClass":"154","displayClass":"154 kV sınıfı","name":"Υποσταθμός Κιθαιρώνα","ref":null,"operator":null,"from":null,"to":null,"displayLabel":"Υποσταθμός Κιθαιρώνα","labelSource":"osm-name","voltageRaw":"150000","circuits":null,"cables":null,"frequency":null,"location":null,"sourceProvider":"OpenStreetMap Overpass API","sourceFallback":"ArcGIS structures layer omits polygon/way substations","sourceLicense":"ODbL 1.0","osmTimestamp":"2022-09-05T11:14:46Z"},"geometry":{"type":"Point","coordinates":[23.214436189421026,38.1852914]}},{"type":"Feature","properties":{"assetId":"GR-substation-way-677142353","countryCode":"GR","assetType":"substation","powerType":"substation","osmType":"way","osmId":"677142353","actualVoltagesKv":[150],"actualVoltageKv":150,"gridClass":"154","displayClass":"154 kV sınıfı","name":"Υ/Σ ΚΑΛΛΙΣΤΗΡΙ","ref":null,"operator":"IPTO","from":null,"to":null,"displayLabel":"Υ/Σ ΚΑΛΛΙΣΤΗΡΙ","labelSource":"osm-name","voltageRaw":"150000","circuits":null,"cables":null,"frequency":null,"location":null,"sourceProvider":"OpenStreetMap Overpass API","sourceFallback":"ArcGIS structures layer omits polygon/way substations","sourceLicense":"ODbL 1.0","osmTimestamp":"2023-02-08T13:06:02Z"},"geometry":{"type":"Point","coordinates":[23.642480166564425,38.064977400000004]}},{"type":"Feature","properties":{"assetId":"GR-substation-way-697504345","countryCode":"GR","assetType":"substation","powerType":"substation","osmType":"way","osmId":"697504345","actualVoltagesKv":[150],"actualVoltageKv":150,"gridClass":"154","displayClass":"154 kV sınıfı","name":"Αιολικό πάρκο Κασιδιάρης","ref":null,"operator":"ΕΛ.ΤΕΧ. ΑΝΕΜΟΣ","from":null,"to":null,"displayLabel":"Αιολικό πάρκο Κασιδιάρης","labelSource":"osm-name","voltageRaw":"150000","circuits":null,"cables":null,"frequency":null,"location":null,"sourceProvider":"OpenStreetMap Overpass API","sourceFallback":"ArcGIS structures layer omits polygon/way substations","sourceLicense":"ODbL 1.0","osmTimestamp":"2025-03-30T12:48:21Z"},"geometry":{"type":"Point","coordinates":[20.537361188709525,39.8096427]}},{"type":"Feature","properties":{"assetId":"GR-substation-way-703463329","countryCode":"GR","assetType":"substation","powerType":"substation","osmType":"way","osmId":"703463329","actualVoltagesKv":[150],"actualVoltageKv":150,"gridClass":"154","displayClass":"154 kV sınıfı","name":null,"ref":null,"operator":null,"from":null,"to":null,"displayLabel":"150 kV · OSM 703463329","labelSource":"generated-identifier","voltageRaw":"150000","circuits":null,"cables":null,"frequency":null,"location":null,"sourceProvider":"OpenStreetMap Overpass API","sourceFallback":"ArcGIS structures layer omits polygon/way substations","sourceLicense":"ODbL 1.0","osmTimestamp":"2019-10-02T08:32:08Z"},"geometry":{"type":"Point","coordinates":[24.891746552454883,35.0523951]}},{"type":"Feature","properties":{"assetId":"GR-substation-way-72180968","countryCode":"GR","assetType":"substation","powerType":"substation","osmType":"way","osmId":"72180968","actualVoltagesKv":[150],"actualVoltageKv":150,"gridClass":"154","displayClass":"154 kV sınıfı","name":"Υποσταθμός Λαγκαδά (Λητής)","ref":null,"operator":null,"from":null,"to":null,"displayLabel":"Υποσταθμός Λαγκαδά (Λητής)","labelSource":"osm-name","voltageRaw":"150000","circuits":null,"cables":null,"frequency":null,"location":null,"sourceProvider":"OpenStreetMap Overpass API","sourceFallback":"ArcGIS structures layer omits polygon/way substations","sourceLicense":"ODbL 1.0","osmTimestamp":"2025-03-31T08:25:14Z"},"geometry":{"type":"Point","coordinates":[22.992710227328242,40.7544391]}},{"type":"Feature","properties":{"assetId":"GR-substation-way-782257560","countryCode":"GR","assetType":"substation","powerType":"substation","osmType":"way","osmId":"782257560","actualVoltagesKv":[150],"actualVoltageKv":150,"gridClass":"154","displayClass":"154 kV sınıfı","name":null,"ref":null,"operator":null,"from":null,"to":null,"displayLabel":"150 kV · OSM 782257560","labelSource":"generated-identifier","voltageRaw":"150000","circuits":null,"cables":null,"frequency":null,"location":null,"sourceProvider":"OpenStreetMap Overpass API","sourceFallback":"ArcGIS structures layer omits polygon/way substations","sourceLicense":"ODbL 1.0","osmTimestamp":"2025-03-30T20:17:37Z"},"geometry":{"type":"Point","coordinates":[23.379802633300976,41.2142141]}},{"type":"Feature","properties":{"assetId":"GR-substation-way-814937262","countryCode":"GR","assetType":"substation","powerType":"substation","osmType":"way","osmId":"814937262","actualVoltagesKv":[400],"actualVoltageKv":400,"gridClass":"400","displayClass":"400 kV sınıfı","name":null,"ref":null,"operator":null,"from":null,"to":null,"displayLabel":"400 kV · OSM 814937262","labelSource":"generated-identifier","voltageRaw":"400000","circuits":null,"cables":null,"frequency":null,"location":null,"sourceProvider":"OpenStreetMap Overpass API","sourceFallback":"ArcGIS structures layer omits polygon/way substations","sourceLicense":"ODbL 1.0","osmTimestamp":"2025-03-30T12:36:40Z"},"geometry":{"type":"Point","coordinates":[21.801780591119496,38.283730750000004]}},{"type":"Feature","properties":{"assetId":"GR-substation-way-827171392","countryCode":"GR","assetType":"substation","powerType":"substation","osmType":"way","osmId":"827171392","actualVoltagesKv":[150],"actualVoltageKv":150,"gridClass":"154","displayClass":"154 kV sınıfı","name":"Υ/Σ ΑΙΣΥΜΗ","ref":null,"operator":null,"from":null,"to":null,"displayLabel":"Υ/Σ ΑΙΣΥΜΗ","labelSource":"osm-name","voltageRaw":"150000","circuits":null,"cables":null,"frequency":null,"location":null,"sourceProvider":"OpenStreetMap Overpass API","sourceFallback":"ArcGIS structures layer omits polygon/way substations","sourceLicense":"ODbL 1.0","osmTimestamp":"2025-03-30T20:07:41Z"},"geometry":{"type":"Point","coordinates":[25.980985413044703,41.0558551]}},{"type":"Feature","properties":{"assetId":"GR-substation-way-85518393","countryCode":"GR","assetType":"substation","powerType":"substation","osmType":"way","osmId":"85518393","actualVoltagesKv":[400],"actualVoltageKv":400,"gridClass":"400","displayClass":"400 kV sınıfı","name":"Κέντρο Υπερυψηλής Τάσης Διστόμου","ref":null,"operator":null,"from":null,"to":null,"displayLabel":"Κέντρο Υπερυψηλής Τάσης Διστόμου","labelSource":"osm-name","voltageRaw":"400000","circuits":null,"cables":null,"frequency":null,"location":null,"sourceProvider":"OpenStreetMap Overpass API","sourceFallback":"ArcGIS structures layer omits polygon/way substations","sourceLicense":"ODbL 1.0","osmTimestamp":"2024-02-27T20:44:00Z"},"geometry":{"type":"Point","coordinates":[22.687740066872596,38.4376862]}},{"type":"Feature","properties":{"assetId":"GR-substation-way-85526073","countryCode":"GR","assetType":"substation","powerType":"substation","osmType":"way","osmId":"85526073","actualVoltagesKv":[400],"actualVoltageKv":400,"gridClass":"400","displayClass":"400 kV sınıfı","name":"ΚΥΤ ΛΑΡΙΜΝΑΣ","ref":null,"operator":"IPTO","from":null,"to":null,"displayLabel":"ΚΥΤ ΛΑΡΙΜΝΑΣ","labelSource":"osm-name","voltageRaw":"400000","circuits":null,"cables":null,"frequency":null,"location":null,"sourceProvider":"OpenStreetMap Overpass API","sourceFallback":"ArcGIS structures layer omits polygon/way substations","sourceLicense":"ODbL 1.0","osmTimestamp":"2022-11-15T14:01:30Z"},"geometry":{"type":"Point","coordinates":[23.16762972853438,38.52636855]}},{"type":"Feature","properties":{"assetId":"GR-substation-way-85585500","countryCode":"GR","assetType":"substation","powerType":"substation","osmType":"way","osmId":"85585500","actualVoltagesKv":[400],"actualVoltageKv":400,"gridClass":"400","displayClass":"400 kV sınıfı","name":"ΚΥΤ ΑΧΑΡΝΩΝ","ref":null,"operator":"IPTO","from":null,"to":null,"displayLabel":"ΚΥΤ ΑΧΑΡΝΩΝ","labelSource":"osm-name","voltageRaw":"400000","circuits":null,"cables":null,"frequency":null,"location":null,"sourceProvider":"OpenStreetMap Overpass API","sourceFallback":"ArcGIS structures layer omits polygon/way substations","sourceLicense":"ODbL 1.0","osmTimestamp":"2025-02-05T17:11:47Z"},"geometry":{"type":"Point","coordinates":[23.734433252907415,38.10110795]}},{"type":"Feature","properties":{"assetId":"GR-substation-way-85612093","countryCode":"GR","assetType":"substation","powerType":"substation","osmType":"way","osmId":"85612093","actualVoltagesKv":[400],"actualVoltageKv":400,"gridClass":"400","displayClass":"400 kV sınıfı","name":"ΚΥΤ ΑΓΙΟΥ ΣΤΕΦΑΝΟΥ","ref":null,"operator":"IPTO","from":null,"to":null,"displayLabel":"ΚΥΤ ΑΓΙΟΥ ΣΤΕΦΑΝΟΥ","labelSource":"osm-name","voltageRaw":"400000","circuits":null,"cables":null,"frequency":null,"location":null,"sourceProvider":"OpenStreetMap Overpass API","sourceFallback":"ArcGIS structures layer omits polygon/way substations","sourceLicense":"ODbL 1.0","osmTimestamp":"2022-05-29T11:55:43Z"},"geometry":{"type":"Point","coordinates":[23.835709031851316,38.13255265]}},{"type":"Feature","properties":{"assetId":"GR-substation-way-85646787","countryCode":"GR","assetType":"substation","powerType":"substation","osmType":"way","osmId":"85646787","actualVoltagesKv":[400],"actualVoltageKv":400,"gridClass":"400","displayClass":"400 kV sınıfı","name":"ΚΥΤ ΠΑΛΛΗΝΗΣ","ref":null,"operator":"IPTO","from":null,"to":null,"displayLabel":"ΚΥΤ ΠΑΛΛΗΝΗΣ","labelSource":"osm-name","voltageRaw":"400000","circuits":null,"cables":null,"frequency":null,"location":null,"sourceProvider":"OpenStreetMap Overpass API","sourceFallback":"ArcGIS structures layer omits polygon/way substations","sourceLicense":"ODbL 1.0","osmTimestamp":"2022-07-10T21:45:51Z"},"geometry":{"type":"Point","coordinates":[23.852060490015774,37.9936056]}},{"type":"Feature","properties":{"assetId":"GR-substation-way-85682590","countryCode":"GR","assetType":"substation","powerType":"substation","osmType":"way","osmId":"85682590","actualVoltagesKv":[150,400],"actualVoltageKv":400,"gridClass":"400","displayClass":"400 kV sınıfı","name":"Κέντρο Υπερυψηλής Τάσης Αργυρούπολης","ref":null,"operator":null,"from":null,"to":null,"displayLabel":"Κέντρο Υπερυψηλής Τάσης Αργυρούπολης","labelSource":"osm-name","voltageRaw":"400000;150000","circuits":null,"cables":null,"frequency":"50","location":null,"sourceProvider":"OpenStreetMap Overpass API","sourceFallback":"ArcGIS structures layer omits polygon/way substations","sourceLicense":"ODbL 1.0","osmTimestamp":"2015-07-18T01:21:49Z"},"geometry":{"type":"Point","coordinates":[23.758754247115558,37.918193200000005]}},{"type":"Feature","properties":{"assetId":"GR-substation-way-85705637","countryCode":"GR","assetType":"substation","powerType":"substation","osmType":"way","osmId":"85705637","actualVoltagesKv":[150,400],"actualVoltageKv":400,"gridClass":"400","displayClass":"400 kV sınıfı","name":null,"ref":null,"operator":null,"from":null,"to":null,"displayLabel":"400 kV · OSM 85705637","labelSource":"generated-identifier","voltageRaw":"400000;150000","circuits":null,"cables":null,"frequency":null,"location":null,"sourceProvider":"OpenStreetMap Overpass API","sourceFallback":"ArcGIS structures layer omits polygon/way substations","sourceLicense":"ODbL 1.0","osmTimestamp":"2015-01-11T11:06:05Z"},"geometry":{"type":"Point","coordinates":[24.06701298364745,37.747625400000004]}},{"type":"Feature","properties":{"assetId":"GR-substation-way-860237027","countryCode":"GR","assetType":"substation","powerType":"substation","osmType":"way","osmId":"860237027","actualVoltagesKv":[150],"actualVoltageKv":150,"gridClass":"154","displayClass":"154 kV sınıfı","name":null,"ref":null,"operator":null,"from":null,"to":null,"displayLabel":"150 kV · OSM 860237027","labelSource":"generated-identifier","voltageRaw":"150000","circuits":null,"cables":null,"frequency":null,"location":null,"sourceProvider":"OpenStreetMap Overpass API","sourceFallback":"ArcGIS structures layer omits polygon/way substations","sourceLicense":"ODbL 1.0","osmTimestamp":"2025-03-30T14:44:03Z"},"geometry":{"type":"Point","coordinates":[22.244560232849224,40.47491085]}},{"type":"Feature","properties":{"assetId":"GR-substation-way-860343502","countryCode":"GR","assetType":"substation","powerType":"substation","osmType":"way","osmId":"860343502","actualVoltagesKv":[150],"actualVoltageKv":150,"gridClass":"154","displayClass":"154 kV sınıfı","name":null,"ref":null,"operator":null,"from":null,"to":null,"displayLabel":"150 kV · OSM 860343502","labelSource":"generated-identifier","voltageRaw":"150000","circuits":null,"cables":null,"frequency":null,"location":null,"sourceProvider":"OpenStreetMap Overpass API","sourceFallback":"ArcGIS structures layer omits polygon/way substations","sourceLicense":"ODbL 1.0","osmTimestamp":"2025-03-30T14:51:38Z"},"geometry":{"type":"Point","coordinates":[23.404676214073987,40.060719750000004]}},{"type":"Feature","properties":{"assetId":"GR-substation-way-860345370","countryCode":"GR","assetType":"substation","powerType":"substation","osmType":"way","osmId":"860345370","actualVoltagesKv":[150],"actualVoltageKv":150,"gridClass":"154","displayClass":"154 kV sınıfı","name":null,"ref":null,"operator":null,"from":null,"to":null,"displayLabel":"150 kV · OSM 860345370","labelSource":"generated-identifier","voltageRaw":"150000","circuits":null,"cables":null,"frequency":"50","location":"outdoor","sourceProvider":"OpenStreetMap Overpass API","sourceFallback":"ArcGIS structures layer omits polygon/way substations","sourceLicense":"ODbL 1.0","osmTimestamp":"2024-02-27T20:44:00Z"},"geometry":{"type":"Point","coordinates":[22.687652618948945,38.364266099999995]}},{"type":"Feature","properties":{"assetId":"GR-substation-way-86466243","countryCode":"GR","assetType":"substation","powerType":"substation","osmType":"way","osmId":"86466243","actualVoltagesKv":[150],"actualVoltageKv":150,"gridClass":"154","displayClass":"154 kV sınıfı","name":"Υ/Σ Νέα Μάκρη","ref":null,"operator":"ΑΔΜΗΕ ΑΕ","from":null,"to":null,"displayLabel":"Υ/Σ Νέα Μάκρη","labelSource":"osm-name","voltageRaw":"150000","circuits":null,"cables":null,"frequency":null,"location":null,"sourceProvider":"OpenStreetMap Overpass API","sourceFallback":"ArcGIS structures layer omits polygon/way substations","sourceLicense":"ODbL 1.0","osmTimestamp":"2024-11-14T13:18:39Z"},"geometry":{"type":"Point","coordinates":[23.961295914587577,38.0900111]}},{"type":"Feature","properties":{"assetId":"GR-substation-way-86577898","countryCode":"GR","assetType":"substation","powerType":"substation","osmType":"way","osmId":"86577898","actualVoltagesKv":[150,400],"actualVoltageKv":400,"gridClass":"400","displayClass":"400 kV sınıfı","name":"ΚΥΤ ΛΑΡΙΣΑΣ","ref":null,"operator":"IPTO","from":null,"to":null,"displayLabel":"ΚΥΤ ΛΑΡΙΣΑΣ","labelSource":"osm-name","voltageRaw":"400000;150000","circuits":null,"cables":null,"frequency":null,"location":null,"sourceProvider":"OpenStreetMap Overpass API","sourceFallback":"ArcGIS structures layer omits polygon/way substations","sourceLicense":"ODbL 1.0","osmTimestamp":"2026-04-23T19:53:43Z"},"geometry":{"type":"Point","coordinates":[22.517557656191013,39.5371553]}},{"type":"Feature","properties":{"assetId":"GR-substation-way-865784718","countryCode":"GR","assetType":"substation","powerType":"substation","osmType":"way","osmId":"865784718","actualVoltagesKv":[150],"actualVoltageKv":150,"gridClass":"154","displayClass":"154 kV sınıfı","name":null,"ref":null,"operator":null,"from":null,"to":null,"displayLabel":"150 kV · OSM 865784718","labelSource":"generated-identifier","voltageRaw":"150000","circuits":null,"cables":null,"frequency":null,"location":null,"sourceProvider":"OpenStreetMap Overpass API","sourceFallback":"ArcGIS structures layer omits polygon/way substations","sourceLicense":"ODbL 1.0","osmTimestamp":"2025-03-30T13:45:48Z"},"geometry":{"type":"Point","coordinates":[24.13813297393854,38.2196923]}},{"type":"Feature","properties":{"assetId":"GR-substation-way-866132649","countryCode":"GR","assetType":"substation","powerType":"substation","osmType":"way","osmId":"866132649","actualVoltagesKv":[150],"actualVoltageKv":150,"gridClass":"154","displayClass":"154 kV sınıfı","name":null,"ref":null,"operator":null,"from":null,"to":null,"displayLabel":"150 kV · OSM 866132649","labelSource":"generated-identifier","voltageRaw":"150000","circuits":null,"cables":null,"frequency":"50","location":"outdoor","sourceProvider":"OpenStreetMap Overpass API","sourceFallback":"ArcGIS structures layer omits polygon/way substations","sourceLicense":"ODbL 1.0","osmTimestamp":"2024-03-02T12:08:21Z"},"geometry":{"type":"Point","coordinates":[21.729311889772916,40.4814001]}},{"type":"Feature","properties":{"assetId":"GR-substation-way-866132663","countryCode":"GR","assetType":"substation","powerType":"substation","osmType":"way","osmId":"866132663","actualVoltagesKv":[150],"actualVoltageKv":150,"gridClass":"154","displayClass":"154 kV sınıfı","name":null,"ref":null,"operator":null,"from":null,"to":null,"displayLabel":"150 kV · OSM 866132663","labelSource":"generated-identifier","voltageRaw":"150000","circuits":null,"cables":null,"frequency":null,"location":null,"sourceProvider":"OpenStreetMap Overpass API","sourceFallback":"ArcGIS structures layer omits polygon/way substations","sourceLicense":"ODbL 1.0","osmTimestamp":"2025-03-31T08:27:19Z"},"geometry":{"type":"Point","coordinates":[22.815774358110495,40.7058282]}},{"type":"Feature","properties":{"assetId":"GR-substation-way-876010388","countryCode":"GR","assetType":"substation","powerType":"substation","osmType":"way","osmId":"876010388","actualVoltagesKv":[150],"actualVoltageKv":150,"gridClass":"154","displayClass":"154 kV sınıfı","name":"Υ/Σ ΑΙΤΩΛΙΚΟ","ref":null,"operator":"IPTO","from":null,"to":null,"displayLabel":"Υ/Σ ΑΙΤΩΛΙΚΟ","labelSource":"osm-name","voltageRaw":"150000","circuits":null,"cables":null,"frequency":null,"location":null,"sourceProvider":"OpenStreetMap Overpass API","sourceFallback":"ArcGIS structures layer omits polygon/way substations","sourceLicense":"ODbL 1.0","osmTimestamp":"2024-07-12T08:01:43Z"},"geometry":{"type":"Point","coordinates":[21.3794839968793,38.4382709]}},{"type":"Feature","properties":{"assetId":"GR-substation-way-885849048","countryCode":"GR","assetType":"substation","powerType":"substation","osmType":"way","osmId":"885849048","actualVoltagesKv":[150],"actualVoltageKv":150,"gridClass":"154","displayClass":"154 kV sınıfı","name":"Υ/Σ ΜΟΛΥΚΡΕΙΟ","ref":null,"operator":"IPTO","from":null,"to":null,"displayLabel":"Υ/Σ ΜΟΛΥΚΡΕΙΟ","labelSource":"osm-name","voltageRaw":"150000","circuits":null,"cables":null,"frequency":null,"location":null,"sourceProvider":"OpenStreetMap Overpass API","sourceFallback":"ArcGIS structures layer omits polygon/way substations","sourceLicense":"ODbL 1.0","osmTimestamp":"2025-02-01T16:01:26Z"},"geometry":{"type":"Point","coordinates":[21.745960412932234,38.3501248]}},{"type":"Feature","properties":{"assetId":"GR-substation-way-885849049","countryCode":"GR","assetType":"substation","powerType":"substation","osmType":"way","osmId":"885849049","actualVoltagesKv":[150],"actualVoltageKv":150,"gridClass":"154","displayClass":"154 kV sınıfı","name":"Υ/Σ ΑΝΤΙΡΡΙΟ","ref":null,"operator":"IPTO","from":null,"to":null,"displayLabel":"Υ/Σ ΑΝΤΙΡΡΙΟ","labelSource":"osm-name","voltageRaw":"150000","circuits":null,"cables":null,"frequency":null,"location":null,"sourceProvider":"OpenStreetMap Overpass API","sourceFallback":"ArcGIS structures layer omits polygon/way substations","sourceLicense":"ODbL 1.0","osmTimestamp":"2022-07-31T10:44:31Z"},"geometry":{"type":"Point","coordinates":[21.73678251297065,38.35202185]}},{"type":"Feature","properties":{"assetId":"GR-substation-way-886443232","countryCode":"GR","assetType":"substation","powerType":"substation","osmType":"way","osmId":"886443232","actualVoltagesKv":[150],"actualVoltageKv":150,"gridClass":"154","displayClass":"154 kV sınıfı","name":"S/S KOUNOUPIAS","ref":null,"operator":"IPTO","from":null,"to":null,"displayLabel":"S/S KOUNOUPIAS","labelSource":"osm-name","voltageRaw":"150000","circuits":null,"cables":null,"frequency":null,"location":null,"sourceProvider":"OpenStreetMap Overpass API","sourceFallback":"ArcGIS structures layer omits polygon/way substations","sourceLicense":"ODbL 1.0","osmTimestamp":"2022-10-31T20:59:57Z"},"geometry":{"type":"Point","coordinates":[22.839217484963566,37.0442955]}},{"type":"Feature","properties":{"assetId":"GR-substation-way-902822260","countryCode":"GR","assetType":"substation","powerType":"substation","osmType":"way","osmId":"902822260","actualVoltagesKv":[150],"actualVoltageKv":150,"gridClass":"154","displayClass":"154 kV sınıfı","name":"Υ/Σ ΣΤΟΥΠΠΑΙΟΙ","ref":null,"operator":"IPTO","from":null,"to":null,"displayLabel":"Υ/Σ ΣΤΟΥΠΠΑΙΟΙ","labelSource":"osm-name","voltageRaw":"150000","circuits":null,"cables":null,"frequency":null,"location":null,"sourceProvider":"OpenStreetMap Overpass API","sourceFallback":"ArcGIS structures layer omits polygon/way substations","sourceLicense":"ODbL 1.0","osmTimestamp":"2022-04-28T14:57:23Z"},"geometry":{"type":"Point","coordinates":[24.312225495744336,38.1126611]}},{"type":"Feature","properties":{"assetId":"GR-substation-way-909243621","countryCode":"GR","assetType":"substation","powerType":"substation","osmType":"way","osmId":"909243621","actualVoltagesKv":[150],"actualVoltageKv":150,"gridClass":"154","displayClass":"154 kV sınıfı","name":"Υ/Σ Αγιωργίτικο","ref":null,"operator":null,"from":null,"to":null,"displayLabel":"Υ/Σ Αγιωργίτικο","labelSource":"osm-name","voltageRaw":"150000","circuits":null,"cables":null,"frequency":null,"location":null,"sourceProvider":"OpenStreetMap Overpass API","sourceFallback":"ArcGIS structures layer omits polygon/way substations","sourceLicense":"ODbL 1.0","osmTimestamp":"2026-04-21T00:49:21Z"},"geometry":{"type":"Point","coordinates":[22.510440038874034,37.499834500000006]}},{"type":"Feature","properties":{"assetId":"GR-substation-way-92321227","countryCode":"GR","assetType":"substation","powerType":"substation","osmType":"way","osmId":"92321227","actualVoltagesKv":[150],"actualVoltageKv":150,"gridClass":"154","displayClass":"154 kV sınıfı","name":null,"ref":null,"operator":null,"from":null,"to":null,"displayLabel":"150 kV · OSM 92321227","labelSource":"generated-identifier","voltageRaw":"150000","circuits":null,"cables":null,"frequency":"50","location":"outdoor","sourceProvider":"OpenStreetMap Overpass API","sourceFallback":"ArcGIS structures layer omits polygon/way substations","sourceLicense":"ODbL 1.0","osmTimestamp":"2024-08-06T14:06:25Z"},"geometry":{"type":"Point","coordinates":[23.569590057273338,38.050268200000005]}},{"type":"Feature","properties":{"assetId":"GR-substation-way-92352843","countryCode":"GR","assetType":"substation","powerType":"substation","osmType":"way","osmId":"92352843","actualVoltagesKv":[150],"actualVoltageKv":150,"gridClass":"154","displayClass":"154 kV sınıfı","name":"Υ/Σ Κόρινθος","ref":null,"operator":null,"from":null,"to":null,"displayLabel":"Υ/Σ Κόρινθος","labelSource":"osm-name","voltageRaw":"150000","circuits":null,"cables":null,"frequency":null,"location":null,"sourceProvider":"OpenStreetMap Overpass API","sourceFallback":"ArcGIS structures layer omits polygon/way substations","sourceLicense":"ODbL 1.0","osmTimestamp":"2026-04-21T01:47:01Z"},"geometry":{"type":"Point","coordinates":[22.929502306675477,37.92508975]}},{"type":"Feature","properties":{"assetId":"GR-substation-way-92367033","countryCode":"GR","assetType":"substation","powerType":"substation","osmType":"way","osmId":"92367033","actualVoltagesKv":[150],"actualVoltageKv":150,"gridClass":"154","displayClass":"154 kV sınıfı","name":"Υποσαταθμός ΤΙΤΑΝ Θεσσαλονίκης","ref":null,"operator":null,"from":null,"to":null,"displayLabel":"Υποσαταθμός ΤΙΤΑΝ Θεσσαλονίκης","labelSource":"osm-name","voltageRaw":"150000","circuits":null,"cables":null,"frequency":null,"location":null,"sourceProvider":"OpenStreetMap Overpass API","sourceFallback":"ArcGIS structures layer omits polygon/way substations","sourceLicense":"ODbL 1.0","osmTimestamp":"2025-03-31T08:27:19Z"},"geometry":{"type":"Point","coordinates":[22.951848189808338,40.701946]}},{"type":"Feature","properties":{"assetId":"GR-substation-way-92421824","countryCode":"GR","assetType":"substation","powerType":"substation","osmType":"way","osmId":"92421824","actualVoltagesKv":[150],"actualVoltageKv":150,"gridClass":"154","displayClass":"154 kV sınıfı","name":null,"ref":null,"operator":null,"from":null,"to":null,"displayLabel":"150 kV · OSM 92421824","labelSource":"generated-identifier","voltageRaw":"150000","circuits":null,"cables":null,"frequency":null,"location":null,"sourceProvider":"OpenStreetMap Overpass API","sourceFallback":"ArcGIS structures layer omits polygon/way substations","sourceLicense":"ODbL 1.0","osmTimestamp":"2025-03-31T08:27:19Z"},"geometry":{"type":"Point","coordinates":[22.82127049819266,40.696620300000006]}},{"type":"Feature","properties":{"assetId":"GR-substation-way-92421826","countryCode":"GR","assetType":"substation","powerType":"substation","osmType":"way","osmId":"92421826","actualVoltagesKv":[150],"actualVoltageKv":150,"gridClass":"154","displayClass":"154 kV sınıfı","name":"Κέντρο Υψηλής Τάσης Ευόσμου","ref":null,"operator":"Δ.Ε.Η.","from":null,"to":null,"displayLabel":"Κέντρο Υψηλής Τάσης Ευόσμου","labelSource":"osm-name","voltageRaw":"150000","circuits":null,"cables":null,"frequency":null,"location":null,"sourceProvider":"OpenStreetMap Overpass API","sourceFallback":"ArcGIS structures layer omits polygon/way substations","sourceLicense":"ODbL 1.0","osmTimestamp":"2023-10-28T21:14:22Z"},"geometry":{"type":"Point","coordinates":[22.901253671203285,40.672369]}},{"type":"Feature","properties":{"assetId":"GR-substation-way-92508651","countryCode":"GR","assetType":"substation","powerType":"substation","osmType":"way","osmId":"92508651","actualVoltagesKv":[150],"actualVoltageKv":150,"gridClass":"154","displayClass":"154 kV sınıfı","name":"Υποσταθμός Δόξας","ref":null,"operator":null,"from":null,"to":null,"displayLabel":"Υποσταθμός Δόξας","labelSource":"osm-name","voltageRaw":"150000","circuits":null,"cables":null,"frequency":null,"location":null,"sourceProvider":"OpenStreetMap Overpass API","sourceFallback":"ArcGIS structures layer omits polygon/way substations","sourceLicense":"ODbL 1.0","osmTimestamp":"2023-10-27T14:11:10Z"},"geometry":{"type":"Point","coordinates":[22.968255750706216,40.62696215]}},{"type":"Feature","properties":{"assetId":"GR-substation-way-92611154","countryCode":"GR","assetType":"substation","powerType":"substation","osmType":"way","osmId":"92611154","actualVoltagesKv":[150],"actualVoltageKv":150,"gridClass":"154","displayClass":"154 kV sınıfı","name":null,"ref":null,"operator":null,"from":null,"to":null,"displayLabel":"150 kV · OSM 92611154","labelSource":"generated-identifier","voltageRaw":"150000","circuits":null,"cables":null,"frequency":null,"location":null,"sourceProvider":"OpenStreetMap Overpass API","sourceFallback":"ArcGIS structures layer omits polygon/way substations","sourceLicense":"ODbL 1.0","osmTimestamp":"2024-11-14T13:14:32Z"},"geometry":{"type":"Point","coordinates":[23.77530698182025,37.8748407]}},{"type":"Feature","properties":{"assetId":"GR-substation-way-92611161","countryCode":"GR","assetType":"substation","powerType":"substation","osmType":"way","osmId":"92611161","actualVoltagesKv":[150],"actualVoltageKv":150,"gridClass":"154","displayClass":"154 kV sınıfı","name":null,"ref":null,"operator":null,"from":null,"to":null,"displayLabel":"150 kV · OSM 92611161","labelSource":"generated-identifier","voltageRaw":"150000","circuits":null,"cables":null,"frequency":null,"location":null,"sourceProvider":"OpenStreetMap Overpass API","sourceFallback":"ArcGIS structures layer omits polygon/way substations","sourceLicense":"ODbL 1.0","osmTimestamp":"2024-11-14T13:14:13Z"},"geometry":{"type":"Point","coordinates":[23.797234266569916,37.84441755]}},{"type":"Feature","properties":{"assetId":"GR-substation-way-93061385","countryCode":"GR","assetType":"substation","powerType":"substation","osmType":"way","osmId":"93061385","actualVoltagesKv":[150],"actualVoltageKv":150,"gridClass":"154","displayClass":"154 kV sınıfı","name":"Υ/Σ ΕΛΒΑΛ","ref":null,"operator":"IPTO","from":null,"to":null,"displayLabel":"Υ/Σ ΕΛΒΑΛ","labelSource":"osm-name","voltageRaw":"150000","circuits":null,"cables":null,"frequency":null,"location":null,"sourceProvider":"OpenStreetMap Overpass API","sourceFallback":"ArcGIS structures layer omits polygon/way substations","sourceLicense":"ODbL 1.0","osmTimestamp":"2023-02-13T15:29:27Z"},"geometry":{"type":"Point","coordinates":[23.619510141861173,38.313734100000005]}},{"type":"Feature","properties":{"assetId":"GR-substation-way-93119207","countryCode":"GR","assetType":"substation","powerType":"substation","osmType":"way","osmId":"93119207","actualVoltagesKv":[400],"actualVoltageKv":400,"gridClass":"400","displayClass":"400 kV sınıfı","name":"ΚΥΤ ΑΓΙΟΥ ΔΗΜΗΤΡΙΟΥ","ref":null,"operator":"IPTO","from":null,"to":null,"displayLabel":"ΚΥΤ ΑΓΙΟΥ ΔΗΜΗΤΡΙΟΥ","labelSource":"osm-name","voltageRaw":"400000","circuits":null,"cables":null,"frequency":null,"location":null,"sourceProvider":"OpenStreetMap Overpass API","sourceFallback":"ArcGIS structures layer omits polygon/way substations","sourceLicense":"ODbL 1.0","osmTimestamp":"2025-02-21T00:59:36Z"},"geometry":{"type":"Point","coordinates":[21.9218275917452,40.38914515]}},{"type":"Feature","properties":{"assetId":"GR-substation-way-93645374","countryCode":"GR","assetType":"substation","powerType":"substation","osmType":"way","osmId":"93645374","actualVoltagesKv":[150],"actualVoltageKv":150,"gridClass":"154","displayClass":"154 kV sınıfı","name":"Υ/Σ ΡΟΥΦ","ref":null,"operator":"IPTO","from":null,"to":null,"displayLabel":"Υ/Σ ΡΟΥΦ","labelSource":"osm-name","voltageRaw":"150000","circuits":null,"cables":null,"frequency":null,"location":null,"sourceProvider":"OpenStreetMap Overpass API","sourceFallback":"ArcGIS structures layer omits polygon/way substations","sourceLicense":"ODbL 1.0","osmTimestamp":"2024-04-05T09:34:13Z"},"geometry":{"type":"Point","coordinates":[23.685885323573356,37.979507350000006]}},{"type":"Feature","properties":{"assetId":"GR-substation-way-93885376","countryCode":"GR","assetType":"substation","powerType":"substation","osmType":"way","osmId":"93885376","actualVoltagesKv":[150],"actualVoltageKv":150,"gridClass":"154","displayClass":"154 kV sınıfı","name":null,"ref":null,"operator":null,"from":null,"to":null,"displayLabel":"150 kV · OSM 93885376","labelSource":"generated-identifier","voltageRaw":"150000","circuits":null,"cables":null,"frequency":null,"location":null,"sourceProvider":"OpenStreetMap Overpass API","sourceFallback":"ArcGIS structures layer omits polygon/way substations","sourceLicense":"ODbL 1.0","osmTimestamp":"2025-03-31T08:37:31Z"},"geometry":{"type":"Point","coordinates":[24.695728884680538,37.938353]}},{"type":"Feature","properties":{"assetId":"GR-substation-way-93906290","countryCode":"GR","assetType":"substation","powerType":"substation","osmType":"way","osmId":"93906290","actualVoltagesKv":[150],"actualVoltageKv":150,"gridClass":"154","displayClass":"154 kV sınıfı","name":"Υ/Σ ΚΑΡΥΣΤΟΣ","ref":null,"operator":"IPTO","from":null,"to":null,"displayLabel":"Υ/Σ ΚΑΡΥΣΤΟΣ","labelSource":"osm-name","voltageRaw":"150000","circuits":null,"cables":null,"frequency":null,"location":null,"sourceProvider":"OpenStreetMap Overpass API","sourceFallback":"ArcGIS structures layer omits polygon/way substations","sourceLicense":"ODbL 1.0","osmTimestamp":"2022-07-14T23:06:15Z"},"geometry":{"type":"Point","coordinates":[24.385635772067296,38.0284262]}},{"type":"Feature","properties":{"assetId":"GR-substation-way-93906327","countryCode":"GR","assetType":"substation","powerType":"substation","osmType":"way","osmId":"93906327","actualVoltagesKv":[150],"actualVoltageKv":150,"gridClass":"154","displayClass":"154 kV sınıfı","name":"Υ/Σ ΛΙΒΑΔΙ","ref":null,"operator":"IPTO","from":null,"to":null,"displayLabel":"Υ/Σ ΛΙΒΑΔΙ","labelSource":"osm-name","voltageRaw":"150000","circuits":null,"cables":null,"frequency":null,"location":null,"sourceProvider":"OpenStreetMap Overpass API","sourceFallback":"ArcGIS structures layer omits polygon/way substations","sourceLicense":"ODbL 1.0","osmTimestamp":"2022-08-30T07:29:17Z"},"geometry":{"type":"Point","coordinates":[24.55484113465759,37.992428000000004]}},{"type":"Feature","properties":{"assetId":"GR-substation-way-96020492","countryCode":"GR","assetType":"substation","powerType":"substation","osmType":"way","osmId":"96020492","actualVoltagesKv":[150],"actualVoltageKv":150,"gridClass":"154","displayClass":"154 kV sınıfı","name":null,"ref":null,"operator":null,"from":null,"to":null,"displayLabel":"150 kV · OSM 96020492","labelSource":"generated-identifier","voltageRaw":"150000","circuits":null,"cables":null,"frequency":null,"location":null,"sourceProvider":"OpenStreetMap Overpass API","sourceFallback":"ArcGIS structures layer omits polygon/way substations","sourceLicense":"ODbL 1.0","osmTimestamp":"2025-03-30T12:40:32Z"},"geometry":{"type":"Point","coordinates":[21.849390688188695,38.3324608]}},{"type":"Feature","properties":{"assetId":"GR-substation-way-96040696","countryCode":"GR","assetType":"substation","powerType":"substation","osmType":"way","osmId":"96040696","actualVoltagesKv":[150],"actualVoltageKv":150,"gridClass":"154","displayClass":"154 kV sınıfı","name":null,"ref":null,"operator":null,"from":null,"to":null,"displayLabel":"150 kV · OSM 96040696","labelSource":"generated-identifier","voltageRaw":"150000","circuits":null,"cables":null,"frequency":null,"location":null,"sourceProvider":"OpenStreetMap Overpass API","sourceFallback":"ArcGIS structures layer omits polygon/way substations","sourceLicense":"ODbL 1.0","osmTimestamp":"2025-03-30T12:21:55Z"},"geometry":{"type":"Point","coordinates":[21.77378243815354,38.29356]}},{"type":"Feature","properties":{"assetId":"GR-substation-way-96314286","countryCode":"GR","assetType":"substation","powerType":"substation","osmType":"way","osmId":"96314286","actualVoltagesKv":[150],"actualVoltageKv":150,"gridClass":"154","displayClass":"154 kV sınıfı","name":null,"ref":null,"operator":null,"from":null,"to":null,"displayLabel":"150 kV · OSM 96314286","labelSource":"generated-identifier","voltageRaw":"150000","circuits":null,"cables":null,"frequency":null,"location":null,"sourceProvider":"OpenStreetMap Overpass API","sourceFallback":"ArcGIS structures layer omits polygon/way substations","sourceLicense":"ODbL 1.0","osmTimestamp":"2025-03-30T12:21:02Z"},"geometry":{"type":"Point","coordinates":[21.732724534724284,38.2129716]}},{"type":"Feature","properties":{"assetId":"GR-substation-way-96314289","countryCode":"GR","assetType":"substation","powerType":"substation","osmType":"way","osmId":"96314289","actualVoltagesKv":[150],"actualVoltageKv":150,"gridClass":"154","displayClass":"154 kV sınıfı","name":null,"ref":null,"operator":null,"from":null,"to":null,"displayLabel":"150 kV · OSM 96314289","labelSource":"generated-identifier","voltageRaw":"150000","circuits":null,"cables":null,"frequency":null,"location":null,"sourceProvider":"OpenStreetMap Overpass API","sourceFallback":"ArcGIS structures layer omits polygon/way substations","sourceLicense":"ODbL 1.0","osmTimestamp":"2025-03-30T12:21:17Z"},"geometry":{"type":"Point","coordinates":[21.74869868080776,38.23228495]}},{"type":"Feature","properties":{"assetId":"GR-substation-way-96327236","countryCode":"GR","assetType":"substation","powerType":"substation","osmType":"way","osmId":"96327236","actualVoltagesKv":[150],"actualVoltageKv":150,"gridClass":"154","displayClass":"154 kV sınıfı","name":"Υ/Σ ΠΑΝΑΧΑΪΚΟ","ref":null,"operator":"IPTO","from":null,"to":null,"displayLabel":"Υ/Σ ΠΑΝΑΧΑΪΚΟ","labelSource":"osm-name","voltageRaw":"150000","circuits":null,"cables":null,"frequency":null,"location":null,"sourceProvider":"OpenStreetMap Overpass API","sourceFallback":"ArcGIS structures layer omits polygon/way substations","sourceLicense":"ODbL 1.0","osmTimestamp":"2022-09-21T06:48:34Z"},"geometry":{"type":"Point","coordinates":[21.821403946165496,38.235039099999995]}},{"type":"Feature","properties":{"assetId":"GR-substation-way-963762450","countryCode":"GR","assetType":"substation","powerType":"substation","osmType":"way","osmId":"963762450","actualVoltagesKv":[150],"actualVoltageKv":150,"gridClass":"154","displayClass":"154 kV sınıfı","name":"ΥΠΟΣΤΑΘΜΟΣ ΔΕΣΦΙΝΑ","ref":null,"operator":"IPTO","from":null,"to":null,"displayLabel":"ΥΠΟΣΤΑΘΜΟΣ ΔΕΣΦΙΝΑ","labelSource":"osm-name","voltageRaw":"150000","circuits":null,"cables":null,"frequency":null,"location":null,"sourceProvider":"OpenStreetMap Overpass API","sourceFallback":"ArcGIS structures layer omits polygon/way substations","sourceLicense":"ODbL 1.0","osmTimestamp":"2022-05-02T21:01:59Z"},"geometry":{"type":"Point","coordinates":[22.57238166204089,38.3149479]}},{"type":"Feature","properties":{"assetId":"GR-substation-way-96759614","countryCode":"GR","assetType":"substation","powerType":"substation","osmType":"way","osmId":"96759614","actualVoltagesKv":[150],"actualVoltageKv":150,"gridClass":"154","displayClass":"154 kV sınıfı","name":null,"ref":null,"operator":null,"from":null,"to":null,"displayLabel":"150 kV · OSM 96759614","labelSource":"generated-identifier","voltageRaw":"150000","circuits":null,"cables":null,"frequency":null,"location":null,"sourceProvider":"OpenStreetMap Overpass API","sourceFallback":"ArcGIS structures layer omits polygon/way substations","sourceLicense":"ODbL 1.0","osmTimestamp":"2025-03-30T12:18:53Z"},"geometry":{"type":"Point","coordinates":[21.63367215545299,38.10714375]}},{"type":"Feature","properties":{"assetId":"GR-substation-way-972630278","countryCode":"GR","assetType":"substation","powerType":"substation","osmType":"way","osmId":"972630278","actualVoltagesKv":[150],"actualVoltageKv":150,"gridClass":"154","displayClass":"154 kV sınıfı","name":"Υ/Σ ΔΟΛΙΑΝΑ","ref":null,"operator":"IPTO","from":null,"to":null,"displayLabel":"Υ/Σ ΔΟΛΙΑΝΑ","labelSource":"osm-name","voltageRaw":"150000","circuits":null,"cables":null,"frequency":null,"location":null,"sourceProvider":"OpenStreetMap Overpass API","sourceFallback":"ArcGIS structures layer omits polygon/way substations","sourceLicense":"ODbL 1.0","osmTimestamp":"2022-08-01T19:41:35Z"},"geometry":{"type":"Point","coordinates":[20.604905507434456,39.89339515]}},{"type":"Feature","properties":{"assetId":"GR-substation-way-972652089","countryCode":"GR","assetType":"substation","powerType":"substation","osmType":"way","osmId":"972652089","actualVoltagesKv":[150],"actualVoltageKv":150,"gridClass":"154","displayClass":"154 kV sınıfı","name":null,"ref":null,"operator":null,"from":null,"to":null,"displayLabel":"150 kV · OSM 972652089","labelSource":"generated-identifier","voltageRaw":"150000","circuits":null,"cables":null,"frequency":null,"location":null,"sourceProvider":"OpenStreetMap Overpass API","sourceFallback":"ArcGIS structures layer omits polygon/way substations","sourceLicense":"ODbL 1.0","osmTimestamp":"2025-08-21T15:45:38Z"},"geometry":{"type":"Point","coordinates":[20.11098031680681,39.38660075]}},{"type":"Feature","properties":{"assetId":"GR-substation-way-996651768","countryCode":"GR","assetType":"substation","powerType":"substation","osmType":"way","osmId":"996651768","actualVoltagesKv":[150],"actualVoltageKv":150,"gridClass":"154","displayClass":"154 kV sınıfı","name":"ΛΑΡΙΣΑ 3","ref":null,"operator":"IPTO","from":null,"to":null,"displayLabel":"ΛΑΡΙΣΑ 3","labelSource":"osm-name","voltageRaw":"150000","circuits":null,"cables":null,"frequency":null,"location":"outdoor","sourceProvider":"OpenStreetMap Overpass API","sourceFallback":"ArcGIS structures layer omits polygon/way substations","sourceLicense":"ODbL 1.0","osmTimestamp":"2021-10-26T14:56:45Z"},"geometry":{"type":"Point","coordinates":[22.364877863711065,39.6485726]}},{"type":"Feature","properties":{"assetId":"GR-substation-way-999740794","countryCode":"GR","assetType":"substation","powerType":"substation","osmType":"way","osmId":"999740794","actualVoltagesKv":[150],"actualVoltageKv":150,"gridClass":"154","displayClass":"154 kV sınıfı","name":"ΟΣΕ 8 (ΛΑΡΙΣΑ)","ref":null,"operator":null,"from":null,"to":null,"displayLabel":"ΟΣΕ 8 (ΛΑΡΙΣΑ)","labelSource":"osm-name","voltageRaw":"150000","circuits":null,"cables":null,"frequency":null,"location":null,"sourceProvider":"OpenStreetMap Overpass API","sourceFallback":"ArcGIS structures layer omits polygon/way substations","sourceLicense":"ODbL 1.0","osmTimestamp":"2021-11-05T23:56:00Z"},"geometry":{"type":"Point","coordinates":[22.392943971492763,39.5966779]}}]}